time_since_decode_start_s,live_requests,decoded_token_mass,mean_decoded_len
0.0,128,1,0.0078125
0.1887738755904138,128,2,0.015625
0.18928362894803286,128,3,0.0234375
0.18938262155279517,128,4,0.03125
0.18945922376587987,128,5,0.0390625
0.18952964479103684,128,6,0.046875
0.1895949267782271,128,7,0.0546875
0.19029354397207499,128,8,0.0625
0.1903798757120967,128,9,0.0703125
0.19046852877363563,128,10,0.078125
0.19054349092766643,128,11,0.0859375
0.19061523163691163,128,12,0.09375
0.19067849358543754,128,13,0.1015625
0.19073797576129436,128,14,0.109375
0.19080286659300327,128,15,0.1171875
0.1908643888309598,128,16,0.125
0.19092835998162627,128,17,0.1328125
0.19098943192511797,128,18,0.140625
0.19120870670303702,128,19,0.1484375
0.3644522950053215,128,20,0.15625
0.36478189285844564,128,21,0.1640625
0.3648566249758005,128,22,0.171875
0.3649132866412401,128,23,0.1796875
0.3649638877250254,128,24,0.1875
0.3655300117097795,128,25,0.1953125
0.36559919361025095,128,26,0.203125
0.36565202474594116,128,27,0.2109375
0.36570236599072814,128,28,0.21875
0.3657496967352927,128,29,0.2265625
0.3657973390072584,128,30,0.234375
0.3658479996956885,128,31,0.2421875
0.3658957607112825,128,32,0.25
0.36594900162890553,128,33,0.2578125
0.3659976436756551,128,34,0.265625
0.36605824483558536,128,35,0.2734375
0.36654714681208134,128,36,0.28125
0.3666099989786744,128,37,0.2890625
0.3666609497740865,128,38,0.296875
0.3667047806084156,128,39,0.3046875
0.3667482528835535,128,40,0.3125
0.36679457360878587,128,41,0.3203125
0.366837034933269,128,42,0.328125
0.36687940591946244,128,43,0.3359375
0.36718252301216125,128,44,0.34375
0.36724097467958927,128,45,0.3515625
0.3672859058715403,128,46,0.359375
0.36732923658564687,128,47,0.3671875
0.36737928772345185,128,48,0.375
0.5219289190135896,128,49,0.3828125
0.5223795799538493,128,50,0.390625
0.5224693026393652,128,51,0.3984375
0.5225376239977777,128,52,0.40625
0.5226004156284034,128,53,0.4140625
0.5232510617934167,128,54,0.421875
0.5233308738097548,128,55,0.4296875
0.5234023258090019,128,56,0.4375
0.5234658475965261,128,57,0.4453125
0.5235308986157179,128,58,0.453125
0.5235910597257316,128,59,0.4609375
0.5236732619814575,128,60,0.46875
0.5237414636649191,128,61,0.4765625
0.5238007656298578,128,62,0.484375
0.5238588168285787,128,63,0.4921875
0.5239158286713064,128,64,0.5
0.5244624316692352,128,65,0.5078125
0.5245397635735571,128,66,0.515625
0.5246085459366441,128,67,0.5234375
0.5246691866777837,128,68,0.53125
0.5247284588404,128,69,0.5390625
0.524784809909761,128,70,0.546875
0.5248381518758833,128,71,0.5546875
0.5248957728035748,128,72,0.5625
0.6773428115993738,128,73,0.5703125
0.677690889686346,128,74,0.578125
0.6777706216089427,128,75,0.5859375
0.6778346039354801,128,76,0.59375
0.6779216355644166,128,77,0.6015625
0.6785922828130424,128,78,0.609375
0.678672544658184,128,79,0.6171875
0.6787445358932018,128,80,0.625
0.6788060879334807,128,81,0.6328125
0.6788617498241365,128,82,0.640625
0.6789153106510639,128,83,0.6484375
0.6789738517254591,128,84,0.65625
0.6790366037748754,128,85,0.6640625
0.6791236959397793,128,86,0.671875
0.6791826467961073,128,87,0.6796875
0.6792437587864697,128,88,0.6875
0.6799150155857205,128,89,0.6953125
0.6799858277663589,128,90,0.703125
0.6800565598532557,128,91,0.7109375
0.680122290737927,128,92,0.71875
0.6801791829057038,128,93,0.7265625
0.6802339139394462,128,94,0.734375
0.680287784896791,128,95,0.7421875
0.6803415068425238,128,96,0.75
0.6803925079293549,128,97,0.7578125
0.6804547687061131,128,98,0.765625
0.6805110708810389,128,99,0.7734375
0.7978211208246648,128,100,0.78125
0.7984114359132946,128,101,0.7890625
0.7985014379955828,128,102,0.796875
0.7985712299123406,128,103,0.8046875
0.7986346515826881,128,104,0.8125
0.7987043629400432,128,105,0.8203125
0.7987633948214352,128,106,0.828125
0.7988257957622409,128,107,0.8359375
0.7994009307585657,128,108,0.84375
0.7994831129908562,128,109,0.8515625
0.7995453448966146,128,110,0.859375
0.7996106259524822,128,111,0.8671875
0.7996712969616055,128,112,0.875
0.7997293788939714,128,113,0.8828125
0.7997829797677696,128,114,0.890625
0.7998392316512764,128,115,0.8984375
0.8005547598004341,128,116,0.90625
0.8006401215679944,128,117,0.9140625
0.8007039027288556,128,118,0.921875
0.8007628945633769,128,119,0.9296875
0.8008223958313465,128,120,0.9375
0.800878687761724,128,121,0.9453125
0.8035962958820164,128,122,0.953125
0.8036893079988658,128,123,0.9609375
0.8037491496652365,128,124,0.96875
0.8038109205663204,128,125,0.9765625
0.8038639519363642,128,126,0.984375
0.8039156035520136,128,127,0.9921875
1.2683916366659105,128,191,1.4921875
1.2688122475519776,128,255,1.9921875
1.2689085197634995,128,319,2.4921875
1.2689858418889344,128,383,2.9921875
1.2691122046671808,128,447,3.4921875
1.2691970369778574,128,511,3.9921875
1.2697877315804362,128,575,4.4921875
1.2698792037554085,128,639,4.9921875
1.269952445756644,128,703,5.4921875
1.2700570588931441,128,767,5.9921875
1.2701476910151541,128,831,6.4921875
1.2702240026555955,128,895,6.9921875
1.2702917139977217,128,959,7.4921875
1.2703574858605862,128,1023,7.9921875
1.2704267376102507,128,1087,8.4921875
1.2704975795932114,128,1151,8.9921875
1.2709442009218037,128,1215,9.4921875
1.2710348428227007,128,1279,9.9921875
1.2711319546215236,128,1343,10.4921875
1.2712010969407856,128,1407,10.9921875
1.2712722388096154,128,1471,11.4921875
1.2713400209322572,128,1535,11.9921875
1.2719211247749627,128,1599,12.4921875
1.2720095068216324,128,1663,12.9921875
1.272098718676716,128,1727,13.4921875
1.272175520658493,128,1791,13.9921875
1.2722413926385343,128,1855,14.4921875
1.2723049549385905,128,1919,14.9921875
1.2723664757795632,128,1983,15.4921875
1.2724266177974641,128,2047,15.9921875
1.2724933195859194,128,2111,16.4921875
1.2725724019110203,128,2175,16.9921875
1.2734301928430796,128,2239,17.4921875
1.2735177045688033,128,2303,17.9921875
1.2735877367667854,128,2367,18.4921875
1.2736558886244893,128,2431,18.9921875
1.273719449993223,128,2495,19.4921875
1.2737922319211066,128,2559,19.9921875
1.2738589840009809,128,2623,20.4921875
1.2739243949763477,128,2687,20.9921875
1.2739872969686985,128,2751,21.4921875
1.2740771686658263,128,2815,21.9921875
1.2741495706140995,128,2879,22.4921875
1.2742151715792716,128,2943,22.9921875
1.274288633838296,128,3007,23.4921875
1.274352835956961,128,3071,23.9921875
1.274420216679573,128,3135,24.4921875
1.2744865389540792,128,3199,24.9921875
1.2753900620155036,128,3263,25.4921875
1.275475853588432,128,3327,25.9921875
1.2755440957844257,128,3391,26.4921875
1.2756166667677462,128,3455,26.9921875
1.275682988576591,128,3519,27.4921875
1.275753610767424,128,3583,27.9921875
1.2758198329247534,128,3647,28.4921875
1.2758838636800647,128,3711,28.9921875
1.2759466655552387,128,3775,29.4921875
1.2760088867507875,128,3839,29.9921875
1.2760897185653448,128,3903,30.4921875
1.2761555407196283,128,3967,30.9921875
1.2762183416634798,128,4031,31.4921875
1.2762834136374295,128,4095,31.9921875
1.2763515156693757,128,4159,32.4921875
1.2764132777228951,128,4223,32.9921875
1.2779112947173417,128,4287,33.4921875
1.2779992166906595,128,4351,33.9921875
1.278086818754673,128,4415,34.4921875
1.2781602907925844,128,4479,34.9921875
1.2782282829284668,128,4543,35.4921875
1.278295564930886,128,4607,35.9921875
1.2783667659386992,128,4671,36.4921875
1.2784330979920924,128,4735,36.9921875
1.2784975096583366,128,4799,37.4921875
1.2785587506368756,128,4863,37.9921875
1.2786311227828264,128,4927,38.4921875
1.2786971149034798,128,4991,38.9921875
1.2787580755539238,128,5055,39.4921875
1.2788178068585694,128,5119,39.9921875
1.2788860686123371,128,5183,40.4921875
1.278961860574782,128,5247,40.9921875
1.2790306629613042,128,5311,41.4921875
1.2791155949234962,128,5375,41.9921875
1.2791796666570008,128,5439,42.4921875
1.2792495577596128,128,5503,42.9921875
1.2793128597550094,128,5567,43.4921875
1.2793762809596956,128,5631,43.9921875
1.2794398027472198,128,5695,44.4921875
1.2795008546672761,128,5759,44.9921875
1.2795604658313096,128,5823,45.4921875
1.2796208867803216,128,5887,45.9921875
1.2796837789937854,128,5951,46.4921875
1.2797456406988204,128,6015,46.9921875
1.2798054218292236,128,6079,47.4921875
1.2798696737736464,128,6143,47.9921875
1.2799310246482491,128,6207,48.4921875
1.2799908369779587,128,6271,48.9921875
1.2816632688045502,128,6335,49.4921875
1.28175254072994,128,6399,49.9921875
1.2818235019221902,128,6463,50.4921875
1.2818908039480448,128,6527,50.9921875
1.2819540258497,128,6591,51.4921875
1.2820163578726351,128,6655,51.9921875
1.2820948585867882,128,6719,52.4921875
1.2821676805615425,128,6783,52.9921875
1.2822414329275489,128,6847,53.4921875
1.2823056746274233,128,6911,53.9921875
1.2823735857382417,128,6975,54.4921875
1.2824360677041113,128,7039,54.9921875
1.2824965887703001,128,7103,55.4921875
1.2825576909817755,128,7167,55.9921875
1.282617261633277,128,7231,56.4921875
1.2826767140068114,128,7295,56.9921875
1.2827381156384945,128,7359,57.4921875
1.2827993067912757,128,7423,57.9921875
1.2828584788367152,128,7487,58.4921875
1.282919290009886,128,7551,58.9921875
1.2829776806756854,128,7615,59.4921875
1.2830578428693116,128,7679,59.9921875
1.2831242149695754,128,7743,60.4921875
1.2831825157627463,128,7807,60.9921875
1.2832390978001058,128,7871,61.4921875
1.2833005986176431,128,7935,61.9921875
1.2833668808452785,128,7999,62.4921875
1.2834281725808978,128,8063,62.9921875
1.2834881939925253,128,8127,63.4921875
1.2835474158637226,128,8191,63.9921875
1.2836045869626105,128,8255,64.4921875
1.7509053908288479,128,8319,64.9921875
1.7513667326420546,128,8383,65.4921875
1.7514713546261191,128,8447,65.9921875
1.7515530069358647,128,8511,66.4921875
1.751631478779018,128,8575,66.9921875
1.75171017087996,128,8639,67.4921875
1.7523115859366953,128,8703,67.9921875
1.752408348955214,128,8767,68.4921875
1.7524879407137632,128,8831,68.9921875
1.7525795325636864,128,8895,69.4921875
1.752662304788828,128,8959,69.9921875
1.7527402569539845,128,9023,70.4921875
1.7528130388818681,128,9087,70.9921875
1.752887790556997,128,9151,71.4921875
1.752963031642139,128,9215,71.9921875
1.7530353139154613,128,9279,72.4921875
1.7534871459938586,128,9343,72.9921875
1.75358222797513,128,9407,73.4921875
1.7536664898507297,128,9471,73.9921875
1.7537450515665114,128,9535,74.4921875
1.7538267336785793,128,9599,74.9921875
1.7539035859517753,128,9663,75.4921875
1.7545102308504283,128,9727,75.9921875
1.7546049635857344,128,9791,76.4921875
1.7546903658658266,128,9855,76.9921875
1.7547683767043054,128,9919,77.4921875
1.7548445099964738,128,9983,77.9921875
1.754920250736177,128,10047,78.4921875
1.754992462694645,128,10111,78.9921875
1.75508813560009,128,10175,79.4921875
1.7551672379486263,128,10239,79.9921875
1.7552542495541275,128,10303,80.4921875
1.7561112507246435,128,10367,80.9921875
1.756213303655386,128,10431,81.4921875
1.7562963259406388,128,10495,81.9921875
1.7563750077970326,128,10559,82.4921875
1.756449889857322,128,10623,82.9921875
1.7565260916016996,128,10687,83.4921875
1.756599002983421,128,10751,83.9921875
1.75667197490111,128,10815,84.4921875
1.7567475568503141,128,10879,84.9921875
1.7568306187167764,128,10943,85.4921875
1.7569071906618774,128,11007,85.9921875
1.7569838427007198,128,11071,86.4921875
1.7570710647851229,128,11135,86.9921875
1.7571556367911398,128,11199,87.4921875
1.7572300885803998,128,11263,87.9921875
1.757301490753889,128,11327,88.4921875
1.7581653529778123,128,11391,88.9921875
1.7582606947980821,128,11455,89.4921875
1.7583512468263507,128,11519,89.9921875
1.758434308692813,128,11583,90.4921875
1.7585087809711695,128,11647,90.9921875
1.7585834227502346,128,11711,91.4921875
1.7586541147902608,128,11775,91.9921875
1.7587267667986453,128,11839,92.4921875
1.758800407871604,128,11903,92.9921875
1.758873269893229,128,11967,93.4921875
1.7589439819566905,128,12031,93.9921875
1.7590153738856316,128,12095,94.4921875
1.7591090556234121,128,12159,94.9921875
1.7591803376562893,128,12223,95.4921875
1.7592501495964825,128,12287,95.9921875
1.759319830685854,128,12351,96.4921875
1.7607920579612255,128,12415,96.9921875
1.7608881699852645,128,12479,97.4921875
1.7609690916724503,128,12543,97.9921875
1.7610617349855602,128,12607,98.4921875
1.7611374165862799,128,12671,98.9921875
1.7612100685946643,128,12735,99.4921875
1.7612881199456751,128,12799,99.9921875
1.7613620618358254,128,12863,100.4921875
1.761436193715781,128,12927,100.9921875
1.7615096056833863,128,12991,101.4921875
1.7615912579931319,128,13055,101.9921875
1.7616680096834898,128,13119,102.4921875
1.7617388018406928,128,13183,102.9921875
1.7618101527914405,128,13247,103.4921875
1.761880214791745,128,13311,103.9921875
1.7619572868570685,128,13375,104.4921875
1.7620285786688328,128,13439,104.9921875
1.762117460835725,128,13503,105.4921875
1.7621892429888248,128,13567,105.9921875
1.7622583648189902,128,13631,106.4921875
1.7623275858350098,128,13695,106.9921875
1.7623991379514337,128,13759,107.4921875
1.76247313991189,128,13823,107.9921875
1.7625459819100797,128,13887,108.4921875
1.762617103755474,128,13951,108.9921875
1.7626890549436212,128,14015,109.4921875
1.7627620766870677,128,14079,109.9921875
1.7628336888737977,128,14143,110.4921875
1.7629050607793033,128,14207,110.9921875
1.7629747027531266,128,14271,111.4921875
1.763143036980182,128,14335,111.9921875
1.7632342986762524,128,14399,112.4921875
1.7646821145899594,128,14463,112.9921875
1.7647817078977823,128,14527,113.4921875
1.7648650999180973,128,14591,113.9921875
1.7649429719895124,128,14655,114.4921875
1.7650165339000523,128,14719,114.9921875
1.76510997582227,128,14783,115.4921875
1.7651891876012087,128,14847,115.9921875
1.7652647397480905,128,14911,116.4921875
1.765349991619587,128,14975,116.9921875
1.7654325836338103,128,15039,117.4921875
1.7655169158242643,128,15103,117.9921875
1.7655963078141212,128,15167,118.4921875
1.7656702199019492,128,15231,118.9921875
1.7657436919398606,128,15295,119.4921875
1.7658163239248097,128,15359,119.9921875
1.7658877749927342,128,15423,120.4921875
1.7659576069563627,128,15487,120.9921875
1.766027478966862,128,15551,121.4921875
1.766114890575409,128,15615,121.9921875
1.7661869027651846,128,15679,122.4921875
1.7662578448653221,128,15743,122.9921875
1.7663340368308127,128,15807,123.4921875
1.766405957750976,128,15871,123.9921875
1.7664788495749235,128,15935,124.4921875
1.7665528217330575,128,15999,124.9921875
1.7666262439452112,128,16063,125.4921875
1.7666964358650148,128,16127,125.9921875
1.7667735279537737,128,16191,126.4921875
1.7668455387465656,128,16255,126.9921875
1.7669158806093037,128,16319,127.4921875
1.766988632734865,128,16383,127.9921875
2.232643535826355,128,16447,128.4921875
2.233015044592321,128,16511,128.9921875
2.23318106867373,128,16575,129.4921875
2.2332785516045988,128,16639,129.9921875
2.23338085366413,128,16703,130.4921875
2.2340039699338377,128,16767,130.9921875
2.234139912761748,128,16831,131.4921875
2.234231794718653,128,16895,131.9921875
2.234317507594824,128,16959,132.4921875
2.234415909741074,128,17023,132.9921875
2.2345111817121506,128,17087,133.4921875
2.2346020149998367,128,17151,133.9921875
2.234686776995659,128,17215,134.4921875
2.234770238865167,128,17279,134.9921875
2.23485470097512,128,17343,135.4921875
2.2349378829821944,128,17407,135.9921875
2.235241730697453,128,17471,136.4921875
2.235345122870058,128,17535,136.9921875
2.2360927215777338,128,17599,137.4921875
2.236200734972954,128,17663,137.9921875
2.236294686794281,128,17727,138.4921875
2.2363838888704777,128,17791,138.9921875
2.236469470895827,128,17855,139.4921875
2.236552652902901,128,17919,139.9921875
2.236641715746373,128,17983,140.4921875
2.2367254379205406,128,18047,140.9921875
2.236806859727949,128,18111,141.4921875
2.236887201666832,128,18175,141.9921875
2.236969533842057,128,18239,142.4921875
2.237064185552299,128,18303,142.9921875
2.2371538588777184,128,18367,143.4921875
2.237252360675484,128,18431,143.9921875
2.2381183127872646,128,18495,144.4921875
2.2382386359386146,128,18559,144.9921875
2.238332607783377,128,18623,145.4921875
2.2384202596731484,128,18687,145.9921875
2.2385136019438505,128,18751,146.4921875
2.2385985548608005,128,18815,146.9921875
2.238680976908654,128,18879,147.4921875
2.2387650390155613,128,18943,147.9921875
2.2388490908779204,128,19007,148.4921875
2.2389400228857994,128,19071,148.9921875
2.2390255448408425,128,19135,149.4921875
2.2391273379325867,128,19199,149.9921875
2.2392141898162663,128,19263,150.4921875
2.239306441973895,128,19327,150.9921875
2.2393906037323177,128,19391,151.4921875
2.239474725909531,128,19455,151.9921875
2.240345707628876,128,19519,152.4921875
2.2404533405788243,128,19583,152.9921875
2.2405557530000806,128,19647,153.4921875
2.2406502957455814,128,19711,153.9921875
2.240740557666868,128,19775,154.4921875
2.240828599780798,128,19839,154.9921875
2.2409199830144644,128,19903,155.4921875
2.2410040046088398,128,19967,155.9921875
2.241105356719345,128,20031,156.4921875
2.2411903887987137,128,20095,156.9921875
2.2412706217728555,128,20159,157.4921875
2.2413522927090526,128,20223,157.9921875
2.2414300148375332,128,20287,158.4921875
2.241506866645068,128,20351,158.9921875
2.241588968783617,128,20415,159.4921875
2.2416702318005264,128,20479,159.9921875
2.2432128796353936,128,20543,160.4921875
2.2433195929042995,128,20607,160.9921875
2.243408194743097,128,20671,161.4921875
2.2434896966442466,128,20735,161.9921875
2.24357016896829,128,20799,162.4921875
2.2436523009091616,128,20863,162.9921875
2.2437394526787102,128,20927,163.4921875
2.2438235147856176,128,20991,163.9921875
2.2439074367284775,128,21055,164.4921875
2.243988508824259,128,21119,164.9921875
2.244104941841215,128,21183,165.4921875
2.244195403996855,128,21247,165.9921875
2.244276776909828,128,21311,166.4921875
2.2443573479540646,128,21375,166.9921875
2.2444373299367726,128,21439,167.4921875
2.244525122921914,128,21503,167.9921875
2.2446073750033975,128,21567,168.4921875
2.2446877169422805,128,21631,168.9921875
2.244769668672234,128,21695,169.4921875
2.244849140755832,128,21759,169.9921875
2.244927462656051,128,21823,170.4921875
2.245007374789566,128,21887,170.9921875
2.2451036665588617,128,21951,171.4921875
2.2451856187544763,128,22015,171.9921875
2.245265160687268,128,22079,172.4921875
2.2453428828157485,128,22143,172.9921875
2.2454244545660913,128,22207,173.4921875
2.245506166946143,128,22271,173.9921875
2.245586228556931,128,22335,174.4921875
2.245666730683297,128,22399,174.9921875
2.2457462628372014,128,22463,175.4921875
2.2458255947567523,128,22527,175.9921875
2.247270560823381,128,22591,176.4921875
2.247376643586904,128,22655,176.9921875
2.2474747565574944,128,22719,177.4921875
2.2475614878349006,128,22783,177.9921875
2.247645861003548,128,22847,178.4921875
2.2477294327691197,128,22911,178.9921875
2.2478222749195993,128,22975,179.4921875
2.2479084068909287,128,23039,179.9921875
2.247998669743538,128,23103,180.4921875
2.2481076517142355,128,23167,180.9921875
2.248203994706273,128,23231,181.4921875
2.248289316892624,128,23295,181.9921875
2.248372738715261,128,23359,182.4921875
2.2484607407823205,128,23423,182.9921875
2.2485430729575455,128,23487,183.4921875
2.2486271946690977,128,23551,183.9921875
2.2487106169573963,128,23615,184.4921875
2.248790228739381,128,23679,184.9921875
2.248881421983242,128,23743,185.4921875
2.248965713661164,128,23807,185.9921875
2.2490611458197236,128,23871,186.4921875
2.2491555279120803,128,23935,186.9921875
2.2492388295941055,128,23999,187.4921875
2.2493196916766465,128,24063,187.9921875
2.2493991646915674,128,24127,188.4921875
2.2494791466742754,128,24191,188.9921875
2.249560297932476,128,24255,189.4921875
2.249645320698619,128,24319,189.9921875
2.2497231629677117,128,24383,190.4921875
2.249800754711032,128,24447,190.9921875
2.2498785168863833,128,24511,191.4921875
2.7223172686062753,128,24575,191.9921875
2.722706258762628,128,24639,192.4921875
2.7228262815624475,128,24703,192.9921875
2.722927353810519,128,24767,193.4921875
2.723095287568867,128,24831,193.9921875
2.7239302690140903,128,24895,194.4921875
2.724071392789483,128,24959,194.9921875
2.7241802946664393,128,25023,195.4921875
2.724277827888727,128,25087,195.9921875
2.724386890884489,128,25151,196.4921875
2.7244887626729906,128,25215,196.9921875
2.7245829557068646,128,25279,197.4921875
2.7246791776269674,128,25343,197.9921875
2.72477482073009,128,25407,198.4921875
2.7248699530027807,128,25471,198.9921875
2.7249657046049833,128,25535,199.4921875
2.725698663853109,128,25599,199.9921875
2.72581876674667,128,25663,200.4921875
2.725922288838774,128,25727,200.9921875
2.72602237155661,128,25791,201.4921875
2.7261450346559286,128,25855,201.9921875
2.7262430768460035,128,25919,202.4921875
2.726338288746774,128,25983,202.9921875
2.7264305516146123,128,26047,203.4921875
2.7265318436548114,128,26111,203.9921875
2.7266274569556117,128,26175,204.4921875
2.726721878629178,128,26239,204.9921875
2.7268126606941223,128,26303,205.4921875
2.7269057636149228,128,26367,205.9921875
2.7279021786525846,128,26431,206.4921875
2.728021241724491,128,26495,206.9921875
2.728158164769411,128,26559,207.4921875
2.728274237830192,128,26623,207.9921875
2.7283795597031713,128,26687,208.4921875
2.728482572827488,128,26751,208.9921875
2.7285775747150183,128,26815,209.4921875
2.7286807377822697,128,26879,209.9921875
2.728776649571955,128,26943,210.4921875
2.7288670716807246,128,27007,210.9921875
2.7289609648287296,128,27071,211.4921875
2.729069477878511,128,27135,211.9921875
2.7291760495863855,128,27199,212.4921875
2.7292724028229713,128,27263,212.9921875
2.729370794724673,128,27327,213.4921875
2.7294645379297435,128,27391,213.9921875
2.7295682597905397,128,27455,214.4921875
2.729663211852312,128,27519,214.9921875
2.729757754597813,128,27583,215.4921875
2.7306717676110566,128,27647,215.9921875
2.730789170600474,128,27711,216.4921875
2.730901793576777,128,27775,216.9921875
2.7310114759020507,128,27839,217.4921875
2.73112729890272,128,27903,217.9921875
2.7312284517101943,128,27967,218.4921875
2.7313332739286125,128,28031,218.9921875
2.731429256964475,128,28095,219.4921875
2.7315247589722276,128,28159,219.9921875
2.7316154409199953,128,28223,220.4921875
2.731704222969711,128,28287,220.9921875
2.7317936359904706,128,28351,221.4921875
2.7318814578466117,128,28415,221.9921875
2.73196958983317,128,28479,222.4921875
2.7320759729482234,128,28543,222.9921875
2.732171644922346,128,28607,223.4921875
2.7336974828504026,128,28671,223.9921875
2.7338161058723927,128,28735,224.4921875
2.7339177685789764,128,28799,224.9921875
2.734012190718204,128,28863,225.4921875
2.7341323238797486,128,28927,225.9921875
2.7342293770052493,128,28991,226.4921875
2.734329368919134,128,29055,226.9921875
2.734420190565288,128,29119,227.4921875
2.7345138639211655,128,29183,227.9921875
2.734603235963732,128,29247,228.4921875
2.7347070178948343,128,29311,228.9921875
2.7348097609356046,128,29375,229.4921875
2.7349010426551104,128,29439,229.9921875
2.734991635661572,128,29503,230.4921875
2.7350992378778756,128,29567,230.9921875
2.7352057807147503,128,29631,231.4921875
2.735297163017094,128,29695,231.9921875
2.735387194901705,128,29759,232.4921875
2.7354764975607395,128,29823,232.9921875
2.7355670100077987,128,29887,233.4921875
2.7356551117263734,128,29951,233.9921875
2.735748434904963,128,30015,234.4921875
2.735835386905819,128,30079,234.9921875
2.7359234988689423,128,30143,235.4921875
2.736011720728129,128,30207,235.9921875
2.7361195436678827,128,30271,236.4921875
2.736213615629822,128,30335,236.9921875
2.736306477803737,128,30399,237.4921875
2.7363981106318533,128,30463,237.9921875
2.7364904526621103,128,30527,238.4921875
2.7365792049095035,128,30591,238.9921875
2.7366674980148673,128,30655,239.4921875
2.738132253754884,128,30719,239.9921875
2.738256296608597,128,30783,240.4921875
2.7383550899103284,128,30847,240.9921875
2.7384482617489994,128,30911,241.4921875
2.738542153965682,128,30975,241.9921875
2.73863407690078,128,31039,242.4921875
2.7387377889826894,128,31103,242.9921875
2.738833541981876,128,31167,243.4921875
2.7389333439059556,128,31231,243.9921875
2.739031845703721,128,31295,244.4921875
2.739151179790497,128,31359,244.9921875
2.739248071797192,128,31423,245.4921875
2.7393413735553622,128,31487,245.9921875
2.7394389868713915,128,31551,246.4921875
2.739532168954611,128,31615,246.9921875
2.7396234208717942,128,31679,247.4921875
2.7397159337997437,128,31743,247.9921875
2.7398065659217536,128,31807,248.4921875
2.739908018615097,128,31871,248.9921875
2.7400031206198037,128,31935,249.4921875
2.740111463703215,128,31999,249.9921875
2.74021315574646,128,32063,250.4921875
2.7403176086954772,128,32127,250.9921875
2.740412571001798,128,32191,251.4921875
2.740502872969955,128,32255,251.9921875
2.740592864807695,128,32319,252.4921875
2.7406836776062846,128,32383,252.9921875
2.7407829095609486,128,32447,253.4921875
2.7408731225878,128,32511,253.9921875
2.740959924645722,128,32575,254.4921875
2.741057996638119,128,32639,254.9921875
3.2214062777347863,128,32703,255.4921875
3.2219957718625665,128,32767,255.9921875
3.2221595966257155,128,32831,256.4921875
3.222278769593686,128,32895,256.9921875
3.2224127729423344,128,32959,257.4921875
3.222535915672779,128,33023,257.9921875
3.222650178708136,128,33087,258.4921875
3.222760690841824,128,33151,258.9921875
3.2236091727390885,128,33215,259.4921875
3.223755775950849,128,33279,259.9921875
3.223878789693117,128,33343,260.4921875
3.2239905716851354,128,33407,260.9921875
3.2241160357370973,128,33471,261.4921875
3.2242268878035247,128,33535,261.9921875
3.224334000609815,128,33599,262.4921875
3.2244530436582863,128,33663,262.9921875
3.22539036674425,128,33727,263.4921875
3.2255228105932474,128,33791,263.9921875
3.2256385628134012,128,33855,264.4921875
3.225752695929259,128,33919,264.9921875
3.225868608802557,128,33983,265.4921875
3.2259788517840207,128,34047,265.9921875
3.226103204768151,128,34111,266.4921875
3.2262164778076112,128,34175,266.9921875
3.2263288907706738,128,34239,267.4921875
3.2264366326853633,128,34303,267.9921875
3.22653811564669,128,34367,268.4921875
3.226641407702118,128,34431,268.9921875
3.226744600571692,128,34495,269.4921875
3.226849613711238,128,34559,269.9921875
3.2269540959969163,128,34623,270.4921875
3.2270917296409607,128,34687,270.9921875
3.22807639464736,128,34751,271.4921875
3.2282228977419436,128,34815,271.9921875
3.2283425107598305,128,34879,272.4921875
3.2284577139653265,128,34943,272.9921875
3.228578836657107,128,35007,273.4921875
3.228687619790435,128,35071,273.9921875
3.2287948518060148,128,35135,274.4921875
3.228911534883082,128,35199,274.9921875
3.229019097983837,128,35263,275.4921875
3.2291508805938065,128,35327,275.9921875
3.229262343607843,128,35391,276.4921875
3.2293741069734097,128,35455,276.9921875
3.229482978582382,128,35519,277.4921875
3.2295984816737473,128,35583,277.9921875
3.229706064797938,128,35647,278.4921875
3.2298129675909877,128,35711,278.9921875
3.2314123576506972,128,35775,279.4921875
3.231546360999346,128,35839,279.9921875
3.2316742036491632,128,35903,280.4921875
3.2317951070144773,128,35967,280.9921875
3.231907879933715,128,36031,281.4921875
3.2320236628875136,128,36095,281.9921875
3.232162505853921,128,36159,282.4921875
3.2322762487456203,128,36223,282.9921875
3.2323890617117286,128,36287,283.4921875
3.23249498475343,128,36351,283.9921875
3.2325996067374945,128,36415,284.4921875
3.2327042198739946,128,36479,284.9921875
3.2328082527965307,128,36543,285.4921875
3.2329106046818197,128,36607,285.9921875
3.2330139479599893,128,36671,286.4921875
3.23313545063138,128,36735,286.9921875
3.23324090288952,128,36799,287.4921875
3.233344945590943,128,36863,287.9921875
3.2334526288323104,128,36927,288.4921875
3.23355430085212,128,36991,288.9921875
3.233658323995769,128,37055,289.4921875
3.23376377671957,128,37119,289.9921875
3.2338762786239386,128,37183,290.4921875
3.233981851954013,128,37247,290.9921875
3.2341059148311615,128,37311,291.4921875
3.2342108776792884,128,37375,291.9921875
3.234328650869429,128,37439,292.4921875
3.234442613553256,128,37503,292.9921875
3.234544675797224,128,37567,293.4921875
3.234648678917438,128,37631,293.9921875
3.2347500608302653,128,37695,294.4921875
3.2364464038982987,128,37759,294.9921875
3.2365776267834008,128,37823,295.4921875
3.236691178753972,128,37887,295.9921875
3.236797181889415,128,37951,296.4921875
3.236899674870074,128,38015,296.9921875
3.236999386921525,128,38079,297.4921875
3.2371214595623314,128,38143,297.9921875
3.2372261825948954,128,38207,298.4921875
3.237326134927571,128,38271,298.9921875
3.2374282679520547,128,38335,299.4921875
3.2375287106260657,128,38399,299.9921875
3.237631762865931,128,38463,300.4921875
3.237734615802765,128,38527,300.9921875
3.237839857582003,128,38591,301.4921875
3.237942290958017,128,38655,301.9921875
3.2380580538883805,128,38719,302.4921875
3.238161915913224,128,38783,302.9921875
3.2382647986523807,128,38847,303.4921875
3.2383789317682385,128,38911,303.9921875
3.238485713955015,128,38975,304.4921875
3.2385978968814015,128,39039,304.9921875
3.238702249713242,128,39103,305.4921875
3.2388032316230237,128,39167,305.9921875
3.238910794723779,128,39231,306.4921875
3.239014016930014,128,39295,306.9921875
3.239139030687511,128,39359,307.4921875
3.2392483935691416,128,39423,307.9921875
3.2393594556488097,128,39487,308.4921875
3.2394622387364507,128,39551,308.9921875
3.239561020862311,128,39615,309.4921875
3.2396672535687685,128,39679,309.9921875
3.2397684357129037,128,39743,310.4921875
3.239867768716067,128,39807,310.9921875
3.2407567109912634,128,39871,311.4921875
3.240883153863251,128,39935,311.9921875
3.241002516821027,128,39999,312.4921875
3.2411297005601227,128,40063,312.9921875
3.2412363225594163,128,40127,313.4921875
3.2413458158262074,128,40191,313.9921875
3.241460118908435,128,40255,314.4921875
3.2415631907060742,128,40319,314.9921875
3.2416615136899054,128,40383,315.4921875
3.241760585922748,128,40447,315.9921875
3.2418601289391518,128,40511,316.4921875
3.2419649907387793,128,40575,316.9921875
3.242078883573413,128,40639,317.4921875
3.242179356981069,128,40703,317.9921875
3.242277188692242,128,40767,318.4921875
3.890955274924636,128,40831,318.9921875
3.891556449700147,128,40895,319.4921875
3.8917096736840904,128,40959,319.9921875
3.8918414865620434,128,41023,320.4921875
3.8919809898361564,128,41087,320.9921875
3.8921360736712813,128,41151,321.4921875
3.892263986635953,128,41215,321.9921875
3.8929174835793674,128,41279,322.4921875
3.8930796277709305,128,41343,322.9921875
3.8932246109470725,128,41407,323.4921875
3.893357884604484,128,41471,323.9921875
3.893482277635485,128,41535,324.4921875
3.8936012205667794,128,41599,324.9921875
3.893716203980148,128,41663,325.4921875
3.8938341066241264,128,41727,325.9921875
3.893964479677379,128,41791,326.4921875
3.8951499797403812,128,41855,326.9921875
3.8952969727106392,128,41919,327.4921875
3.8954250956885517,128,41983,327.9921875
3.8955480186268687,128,42047,328.4921875
3.8956748419441283,128,42111,328.9921875
3.895799005869776,128,42175,329.4921875
3.895919748581946,128,42239,329.9921875
3.8960363306105137,128,42303,330.4921875
3.896171764936298,128,42367,330.9921875
3.8962885877117515,128,42431,331.4921875
3.896406651008874,128,42495,331.9921875
3.8965280037373304,128,42559,332.4921875
3.896644766908139,128,42623,332.9921875
3.896760049741715,128,42687,333.4921875
3.896887192968279,128,42751,333.9921875
3.8970103058964014,128,42815,334.4921875
3.8980163908563554,128,42879,334.9921875
3.8981848447583616,128,42943,335.4921875
3.8983124387450516,128,43007,335.9921875
3.8984307306818664,128,43071,336.4921875
3.8985546939074993,128,43135,336.9921875
3.898667426779866,128,43199,337.4921875
3.8987803398631513,128,43263,337.9921875
3.8989013228565454,128,43327,338.4921875
3.8990154559724033,128,43391,338.9921875
3.89915514877066,128,43455,339.4921875
3.899273502640426,128,43519,339.9921875
3.8993951748125255,128,43583,340.4921875
3.8995110876858234,128,43647,340.9921875
3.899636751972139,128,43711,341.4921875
3.899753523990512,128,43775,341.9921875
3.8998701968230307,128,43839,342.4921875
3.901524658780545,128,43903,342.9921875
3.9016678920015693,128,43967,343.4921875
3.901813175994903,128,44031,343.9921875
3.901943878736347,128,44095,344.4921875
3.9020869326777756,128,44159,344.9921875
3.902216275688261,128,44223,345.4921875
3.902348368894309,128,44287,345.9921875
3.9024694520048797,128,44351,346.4921875
3.902602125890553,128,44415,346.9921875
3.9027177579700947,128,44479,347.4921875
3.9028320210054517,128,44543,347.9921875
3.902942543849349,128,44607,348.4921875
3.9030717168934643,128,44671,348.9921875
3.9031885098665953,128,44735,349.4921875
3.903302362654358,128,44799,349.9921875
3.903414335567504,128,44863,350.4921875
3.9035297189839184,128,44927,350.9921875
3.9036452919244766,128,44991,351.4921875
3.9037630348466337,128,45055,351.9921875
3.903875606600195,128,45119,352.4921875
3.903986629564315,128,45183,352.9921875
3.9041158528998494,128,45247,353.4921875
3.9042495666071773,128,45311,353.9921875
3.9043639400042593,128,45375,354.4921875
3.904477061703801,128,45439,354.9921875
3.904585914686322,128,45503,355.4921875
3.9047097875736654,128,45567,355.9921875
3.9048307705670595,128,45631,356.4921875
3.9049440938979387,128,45695,356.9921875
3.9050724767148495,128,45759,357.4921875
3.9051869898103178,128,45823,357.9921875
3.905309922993183,128,45887,358.4921875
3.906938253901899,128,45951,358.9921875
3.907092927955091,128,46015,359.4921875
3.9072169209830463,128,46079,359.9921875
3.907339653931558,128,46143,360.4921875
3.907454986590892,128,46207,360.9921875
3.907576179597527,128,46271,361.4921875
3.907688622828573,128,46335,361.9921875
3.907808355987072,128,46399,362.4921875
3.9079237077385187,128,46463,362.9921875
3.9080370608717203,128,46527,363.4921875
3.908171924762428,128,46591,363.9921875
3.908288807608187,128,46655,364.4921875
3.908403950743377,128,46719,364.9921875
3.9085188028402627,128,46783,365.4921875
3.9086318858899176,128,46847,365.9921875
3.9087424487806857,128,46911,366.4921875
3.9088561316020787,128,46975,366.9921875
3.9089825046248734,128,47039,367.4921875
3.9091105978004634,128,47103,367.9921875
3.9092400609515607,128,47167,368.4921875
3.9093616236932576,128,47231,368.9921875
3.9094759565778077,128,47295,369.4921875
3.909601960796863,128,47359,369.9921875
3.9097194839268923,128,47423,370.4921875
3.909842326771468,128,47487,370.9921875
3.909963309764862,128,47551,371.4921875
3.9101096829399467,128,47615,371.9921875
3.9102328857406974,128,47679,372.4921875
3.9103448786772788,128,47743,372.9921875
3.9104634318500757,128,47807,373.4921875
3.9105731146410108,128,47871,373.9921875
3.910684147849679,128,47935,374.4921875
3.911600071005523,128,47999,374.9921875
3.9117372538894415,128,48063,375.4921875
3.911872626747936,128,48127,375.9921875
3.911994129884988,128,48191,376.4921875
3.912129853852093,128,48255,376.9921875
3.912254056893289,128,48319,377.4921875
3.912384490016848,128,48383,377.9921875
3.912499782629311,128,48447,378.4921875
3.9126234059222043,128,48511,378.9921875
3.9127339189872146,128,48575,379.4921875
3.9128459417261183,128,48639,379.9921875
3.912964944727719,128,48703,380.4921875
3.9130887277424335,128,48767,380.9921875
3.9132063798606396,128,48831,381.4921875
3.913318602833897,128,48895,381.9921875
4.996096503920853,128,48951,382.4296875
4.996096503920853,128,48951,382.4296875
5.035670592915267,127,48511,381.9763779527559
5.106477290857583,127,48575,382.4803149606299
5.10688903182745,127,48639,382.98425196850394
5.1070902165956795,127,48703,383.48818897637796
5.107253590598702,127,48767,383.99212598425197
5.108057570643723,127,48831,384.496062992126
5.1082156747579575,127,48895,385.0
5.10835245763883,127,48959,385.503937007874
5.108484421856701,127,49023,386.00787401574803
5.108631175011396,127,49087,386.51181102362204
5.108771678991616,127,49151,387.01574803149606
5.1088963015936315,127,49215,387.5196850393701
5.109023994766176,127,49279,388.0236220472441
5.109175698831677,127,49343,388.5275590551181
5.109299881849438,127,49407,389.0314960629921
5.1094298348762095,127,49471,389.53543307086613
5.1095665586180985,127,49535,390.03937007874015
5.110804029740393,127,49599,390.54330708661416
5.110960493795574,127,49663,391.0472440944882
5.111110566649586,127,49727,391.5511811023622
5.1112506608478725,127,49791,392.0551181102362
5.111389103811234,127,49855,392.5590551181102
5.111518576741219,127,49919,393.06299212598424
5.11165024060756,127,49983,393.56692913385825
5.111777433659881,127,50047,394.07086614173227
5.111909046769142,127,50111,394.5748031496063
5.112067790701985,127,50175,395.0787401574803
5.112201473675668,127,50239,395.5826771653543
5.112333917990327,127,50303,396.0866141732283
5.112460820935667,127,50367,396.59055118110234
5.112585103604943,127,50431,397.09448818897636
5.112727297935635,127,50495,397.59842519685037
5.112867880612612,127,50559,398.1023622047244
5.113945427816361,127,50623,398.6062992125984
5.114126562606543,127,50687,399.1102362204724
5.114267485681921,127,50751,399.61417322834643
5.114400619640946,127,50815,400.11811023622045
5.114533552899957,127,50879,400.62204724409446
5.114673316013068,127,50943,401.12598425196853
5.114803029689938,127,51007,401.62992125984255
5.114927582908422,127,51071,402.13385826771656
5.115089576691389,127,51135,402.6377952755906
5.115225319750607,127,51199,403.1417322834646
5.1153529225848615,127,51263,403.6456692913386
5.115487296599895,127,51327,404.1496062992126
5.115614889655262,127,51391,404.65354330708664
5.115751132834703,127,51455,405.15748031496065
5.115876636002213,127,51519,405.66141732283467
5.116002268623561,127,51583,406.1653543307087
5.117027444764972,127,51647,406.6692913385827
5.117195968981832,127,51711,407.1732283464567
5.117322272621095,127,51775,407.6771653543307
5.117464915849268,127,51839,408.18110236220474
5.117605428677052,127,51903,408.68503937007875
5.117740002926439,127,51967,409.18897637795277
5.117873145733029,127,52031,409.6929133858268
5.118011959828436,127,52095,410.1968503937008
5.118166602682322,127,52159,410.7007874015748
5.118297046981752,127,52223,411.20472440944883
5.11842046957463,127,52287,411.70866141732284
5.118555002845824,127,52351,412.21259842519686
5.118681955616921,127,52415,412.7165354330709
5.118802778888494,127,52479,413.2204724409449
5.118925181683153,127,52543,413.7244094488189
5.119078965857625,127,52607,414.2283464566929
5.120201353915036,127,52671,414.73228346456693
5.12035427801311,127,52735,415.23622047244095
5.1204874608665705,127,52799,415.74015748031496
5.120613204780966,127,52863,416.244094488189
5.120738947764039,127,52927,416.748031496063
5.120863620657474,127,52991,417.251968503937
5.120988003909588,127,53055,417.755905511811
5.121133027598262,127,53119,418.25984251968504
5.121255050878972,127,53183,418.76377952755905
5.121392633765936,127,53247,419.26771653543307
5.121526057831943,127,53311,419.7716535433071
5.1216495097614825,127,53375,420.2755905511811
5.121768852695823,127,53439,420.7795275590551
5.1219038865529,127,53503,421.2834645669291
5.122026129625738,127,53567,421.78740157480314
5.122174813877791,127,53631,422.29133858267716
5.123915696982294,127,53695,422.79527559055117
5.124126991722733,127,53759,423.2992125984252
5.124278845731169,127,53823,423.8031496062992
5.124410938937217,127,53887,424.3070866141732
5.124547242652625,127,53951,424.81102362204723
5.124675655737519,127,54015,425.31496062992125
5.124799388926476,127,54079,425.81889763779526
5.124930922873318,127,54143,426.3228346456693
5.125073215924203,127,54207,426.8267716535433
5.1252019088715315,127,54271,427.3307086614173
5.125325912609696,127,54335,427.8346456692913
5.125452495645732,127,54399,428.33858267716533
5.125579348765314,127,54463,428.84251968503935
5.125700911972672,127,54527,429.34645669291336
5.125821604859084,127,54591,429.8503937007874
5.1259406679309905,127,54655,430.3543307086614
5.126071710605174,127,54719,430.8582677165354
5.126213394571096,127,54783,431.3622047244094
5.126343157608062,127,54847,431.86614173228344
5.126484170556068,127,54911,432.37007874015745
5.126611333806068,127,54975,432.87401574803147
5.126733107957989,127,55039,433.37795275590554
5.126867530867457,127,55103,433.88188976377955
5.1269939239136875,127,55167,434.38582677165357
5.12714315764606,127,55231,434.8897637795276
5.127273820806295,127,55295,435.3937007874016
5.1274054339155555,127,55359,435.8976377952756
5.127529727760702,127,55423,436.40157480314963
5.127654610667378,127,55487,436.90551181102364
5.1277808039449155,127,55551,437.40944881889766
5.127902536652982,127,55615,437.9133858267717
5.1280198795720935,127,55679,438.4173228346457
5.128952312748879,127,55743,438.9212598425197
5.129118516575545,127,55807,439.4251968503937
5.129266590811312,127,55871,439.92913385826773
5.129399973899126,127,55935,440.43307086614175
5.129525246564299,127,55999,440.93700787401576
5.129657420795411,127,56063,441.4409448818898
5.129794113803655,127,56127,441.9448818897638
5.129917657002807,127,56191,442.4488188976378
5.130058800801635,127,56255,442.9527559055118
5.130182673688978,127,56319,443.45669291338584
5.130303696729243,127,56383,443.96062992125985
5.1304289498366416,127,56447,444.46456692913387
5.130545102991164,127,56511,444.9685039370079
5.130660285707563,127,56575,445.4724409448819
6.0319280116818845,127,56639,445.9763779527559
6.102135685738176,127,56703,446.4803149606299
6.102629208005965,127,56767,446.98425196850394
6.102798032574356,127,56831,447.48818897637796
6.1029645767994225,127,56895,447.99212598425197
6.103154421783984,127,56959,448.496062992126
6.103915689978749,127,57023,449.0
6.104112225584686,127,57087,449.503937007874
6.104264598805457,127,57151,450.00787401574803
6.104419452603906,127,57215,450.51181102362204
6.10456868680194,127,57279,451.01574803149606
6.104704489931464,127,57343,451.5196850393701
6.104841673746705,127,57407,452.0236220472441
6.104976226575673,127,57471,452.5275590551181
6.105119970627129,127,57535,453.0314960629921
6.105278663802892,127,57599,453.53543307086613
6.105426567606628,127,57663,454.03937007874015
6.1065525957383215,127,57727,454.54330708661416
6.106728540733457,127,57791,455.0472440944882
6.106880754698068,127,57855,455.5511811023622
6.107031578663737,127,57919,456.0551181102362
6.107197371777147,127,57983,456.5590551181102
6.107335215900093,127,58047,457.06299212598424
6.107472469564527,127,58111,457.56692913385825
6.107604632619768,127,58175,458.07086614173227
6.10774477571249,127,58239,458.5748031496063
6.107891449704766,127,58303,459.0787401574803
6.10802449285984,127,58367,459.5826771653543
6.108183136675507,127,58431,460.0866141732283
6.1083204708993435,127,58495,460.59055118110234
6.108464173972607,127,58559,461.09448818897636
6.10861276788637,127,58623,461.59842519685037
6.108761090785265,127,58687,462.1023622047244
6.110133295878768,127,58751,462.6062992125984
6.110313239973038,127,58815,463.1102362204724
6.110462443903089,127,58879,463.61417322834643
6.110602736938745,127,58943,464.11811023622045
6.110739590600133,127,59007,464.62204724409446
6.110887034796178,127,59071,465.12598425196853
6.111025767866522,127,59135,465.62992125984255
6.111187401693314,127,59199,466.13385826771656
6.111333295702934,127,59263,466.6377952755906
6.111469428986311,127,59327,467.1417322834646
6.1116040726192296,127,59391,467.6456692913386
6.111748335883021,127,59455,468.1496062992126
6.111882388591766,127,59519,468.65354330708664
6.112025802955031,127,59583,469.15748031496065
6.1121787265874445,127,59647,469.66141732283467
6.1123155895620584,127,59711,470.1653543307087
6.113698614761233,127,59775,470.6692913385827
6.113864878658205,127,59839,471.1732283464567
6.114020832814276,127,59903,471.6771653543307
6.1141928266733885,127,59967,472.18110236220474
6.11434105085209,127,60031,472.68503937007875
6.114483253564686,127,60095,473.18897637795277
6.114623597823083,127,60159,473.6929133858268
6.1147747919894755,127,60223,474.1968503937008
6.114924605935812,127,60287,474.7007874015748
6.115076099988073,127,60351,475.20472440944883
6.115219852887094,127,60415,475.70866141732284
6.115367846563458,127,60479,476.21259842519686
6.1155025297775865,127,60543,476.7165354330709
6.115633012726903,127,60607,477.2204724409449
6.115765916649252,127,60671,477.7244094488189
6.115899219643325,127,60735,478.2283464566929
6.116033212747425,127,60799,478.73228346456693
6.116180946584791,127,60863,479.23622047244095
6.1163175497204065,127,60927,479.74015748031496
6.116453863680363,127,60991,480.244094488189
6.116588216740638,127,61055,480.748031496063
6.116726889740676,127,61119,481.251968503937
6.1183633506298065,127,61183,481.755905511811
6.11853072559461,127,61247,482.25984251968504
6.118667928967625,127,61311,482.76377952755905
6.118823602795601,127,61375,483.26771653543307
6.118970546871424,127,61439,483.7716535433071
6.119117899797857,127,61503,484.2755905511811
6.119254213757813,127,61567,484.7795275590551
6.119404887780547,127,61631,485.2834645669291
6.119546370580792,127,61695,485.78740157480314
6.119692474603653,127,61759,486.29133858267716
6.119822487700731,127,61823,486.79527559055117
6.119969341903925,127,61887,487.2992125984252
6.120125074870884,127,61951,487.8031496062992
6.120262008626014,127,62015,488.3070866141732
6.120407112874091,127,62079,488.81102362204723
6.12054042564705,127,62143,489.31496062992125
6.120671888813376,127,62207,489.81889763779526
6.120813722722232,127,62271,490.3228346456693
6.120944445952773,127,62335,490.8267716535433
6.12108792969957,127,62399,491.3307086614173
6.121224142611027,127,62463,491.8346456692913
6.121354495640844,127,62527,492.33858267716533
6.121487359981984,127,62591,492.84251968503935
6.121671624016017,127,62655,493.34645669291336
6.121851188596338,127,62719,493.8503937007874
6.12198891164735,127,62783,494.3543307086614
6.1237325156107545,127,62847,494.8582677165354
6.123924500774592,127,62911,495.3622047244094
6.124086193740368,127,62975,495.86614173228344
6.124243297614157,127,63039,496.37007874015745
6.124384121969342,127,63103,496.87401574803147
6.124521164689213,127,63167,497.37795275590554
6.124668058939278,127,63231,497.88188976377955
6.124810611829162,127,63295,498.38582677165357
6.124959115870297,127,63359,498.8897637795276
6.125120609998703,127,63423,499.3937007874016
6.125274603720754,127,63487,499.8976377952756
6.125418667681515,127,63551,500.40157480314963
6.125555080827326,127,63615,500.90551181102364
6.125694684684277,127,63679,501.40944881889766
6.125826687552035,127,63743,501.9133858267717
6.125957720912993,127,63807,502.4173228346457
6.126107584685087,127,63871,502.9212598425197
6.126245487947017,127,63935,503.4251968503937
6.126395421568304,127,63999,503.92913385826773
6.126539895776659,127,64063,504.43307086614175
6.126674758736044,127,64127,504.93700787401576
6.126809992827475,127,64191,505.4409448818898
6.126959285698831,127,64255,505.9448818897638
6.127104469574988,127,64319,506.4488188976378
6.127251232974231,127,64383,506.9527559055118
6.127383886836469,127,64447,507.45669291338584
6.127511369995773,127,64511,507.96062992125985
6.12764763366431,127,64575,508.46456692913387
6.127774005755782,127,64639,508.9685039370079
6.1278976197354496,127,64703,509.4724409448819
6.351792042609304,127,64737,509.74015748031496
6.351792042609304,127,64737,509.74015748031496
6.392027218826115,126,64229,509.75396825396825
6.392027218826115,126,64229,509.75396825396825
6.5445329886861145,125,63741,509.928
6.613970382604748,125,63805,510.44
6.614485305733979,125,63869,510.952
6.614657029975206,125,63933,511.464
6.614823794923723,125,63997,511.976
6.614987408742309,125,64061,512.488
6.6157783777453005,125,64125,513.0
6.6159634427167475,125,64189,513.512
6.6161354766227305,125,64253,514.024
6.616300930734724,125,64317,514.536
6.616459714714438,125,64381,515.048
6.616602168884128,125,64445,515.56
6.61675111297518,125,64509,516.072
6.616891845595092,125,64573,516.584
6.617027889937162,125,64637,517.096
6.617208203766495,125,64701,517.608
6.61736392788589,125,64765,518.12
6.617804838810116,125,64829,518.632
6.617970642633736,125,64893,519.144
6.618141447659582,125,64957,519.656
6.619377867784351,125,65021,520.168
6.6195551129058,125,65085,520.68
6.619707996957004,125,65149,521.192
6.619856349658221,125,65213,521.704
6.620021094568074,125,65277,522.216
6.620193688664585,125,65341,522.728
6.620349792763591,125,65405,523.24
6.6204888159409165,125,65469,523.752
6.6206370098516345,125,65533,524.264
6.620782322715968,125,65597,524.776
6.620929386932403,125,65661,525.288
6.621116691734642,125,65725,525.8
6.621280505787581,125,65789,526.312
6.621436299756169,125,65853,526.824
6.621599313803017,125,65917,527.336
6.621742737945169,125,65981,527.848
6.621885520871729,125,66045,528.36
6.622027304954827,125,66109,528.872
6.622211488895118,125,66173,529.384
6.6223588129505515,125,66237,529.896
6.622496095951647,125,66301,530.408
6.623483010567725,125,66365,530.92
6.623661454766989,125,66429,531.432
6.6238278187811375,125,66493,531.944
6.623975402675569,125,66557,532.456
6.624142346903682,125,66621,532.968
6.624291510786861,125,66685,533.48
6.624434714671224,125,66749,533.992
6.624576787929982,125,66813,534.504
6.62722530355677,125,66877,535.016
6.627395228948444,125,66941,535.528
6.627556002698839,125,67005,536.04
6.62771687656641,125,67069,536.552
6.627878060564399,125,67133,537.064
6.62802713457495,125,67197,537.576
6.6281934985890985,125,67261,538.088
6.628353712614626,125,67325,538.6
6.628497075755149,125,67389,539.112
6.628652639687061,125,67453,539.624
6.628796213772148,125,67517,540.136
6.628938186913729,125,67581,540.648
6.6291020307689905,125,67645,541.16
6.629242344759405,125,67709,541.672
6.629383257590234,125,67773,542.184
6.629523671697825,125,67837,542.696
6.629666064865887,125,67901,543.208
6.629806628916413,125,67965,543.72
6.629946982953697,125,68029,544.232
6.630104305688292,125,68093,544.744
6.6302545899525285,125,68157,545.256
6.6304019638337195,125,68221,545.768
6.630540006794035,125,68285,546.28
6.6306794709526,125,68349,546.792
6.630822723731399,125,68413,547.304
6.6309575275518,125,68477,547.816
6.631128721870482,125,68541,548.328
6.631283575668931,125,68605,548.84
6.631432319991291,125,68669,549.352
6.631571072619408,125,68733,549.864
6.631721766665578,125,68797,550.376
6.631866470910609,125,68861,550.888
6.632006813772023,125,68925,551.4
6.632161667570472,125,68989,551.912
6.632318291813135,125,69053,552.424
6.6324674459174275,125,69117,552.936
6.632608868647367,125,69181,553.448
6.632746201939881,125,69245,553.96
6.632895575836301,125,69309,554.472
6.6330342795699835,125,69373,554.984
6.633208803832531,125,69437,555.496
6.633355357684195,125,69501,556.008
6.633500740863383,125,69565,556.52
6.633641344960779,125,69629,557.032
6.633776688016951,125,69693,557.544
6.633915212005377,125,69757,558.056
6.63406928582117,125,69821,558.568
6.634213148616254,125,69885,559.08
6.635862909723073,125,69949,559.592
6.636051254812628,125,70013,560.104
6.636226958595216,125,70077,560.616
6.636372592765838,125,70141,561.128
6.636524776928127,125,70205,561.64
6.6366828409954906,125,70269,562.152
6.636830743867904,125,70333,562.664
6.636972907930613,125,70397,563.176
6.637127551715821,125,70461,563.688
6.637286515906453,125,70525,564.2
6.637434889562428,125,70589,564.712
6.637595642823726,125,70653,565.224
6.637739616911858,125,70717,565.736
6.637885040603578,125,70781,566.248
6.638025313615799,125,70845,566.76
6.6381896287202835,125,70909,567.272
6.638333341572434,125,70973,567.784
6.638472535647452,125,71037,568.296
6.638631168752909,125,71101,568.808
6.638778772670776,125,71165,569.32
6.638924746774137,125,71229,569.832
6.639097200706601,125,71293,570.344
6.639259794726968,125,71357,570.856
6.6394002586603165,125,71421,571.368
6.639538021758199,125,71485,571.88
6.639681215863675,125,71549,572.392
6.639832158572972,125,71613,572.904
6.639970982912928,125,71677,573.416
6.714021172840148,125,71692,573.536
6.714021172840148,125,71692,573.536
7.070766045711935,124,71164,573.9032258064516
7.135910452809185,124,71228,574.4193548387096
7.136460667010397,124,71292,574.9354838709677
7.136643041856587,124,71356,575.4516129032259
7.136826675850898,124,71420,575.9677419354839
7.137015620712191,124,71484,576.483870967742
7.13782988069579,124,71548,577.0
7.138029655907303,124,71612,577.516129032258
7.138217190746218,124,71676,578.0322580645161
7.1383900246582925,124,71740,578.5483870967741
7.1385566387325525,124,71804,579.0645161290323
7.138710552826524,124,71868,579.5806451612904
7.138863036874682,124,71932,580.0967741935484
7.139013250824064,124,71996,580.6129032258065
7.139182984828949,124,72060,581.1290322580645
7.139359378721565,124,72124,581.6451612903226
7.139524622820318,124,72188,582.1612903225806
7.139994454570115,124,72252,582.6774193548387
7.140192669816315,124,72316,583.1935483870968
7.1403538435697556,124,72380,583.7096774193549
7.14164364663884,124,72444,584.2258064516129
7.141824780963361,124,72508,584.741935483871
7.141983574721962,124,72572,585.258064516129
7.142153758555651,124,72636,585.7741935483871
7.142327643930912,124,72700,586.2903225806451
7.1424923576414585,124,72764,586.8064516129032
7.142653141636401,124,72828,587.3225806451613
7.142811715602875,124,72892,587.8387096774194
7.142965448554605,124,72956,588.3548387096774
7.143135693855584,124,73020,588.8709677419355
7.143295747693628,124,73084,589.3870967741935
7.143463641870767,124,73148,589.9032258064516
7.143630355596542,124,73212,590.4193548387096
7.143795769661665,124,73276,590.9354838709677
7.143959253560752,124,73340,591.4516129032259
7.144133508671075,124,73404,591.9677419354839
7.1442891620099545,124,73468,592.483870967742
7.144454977009445,124,73532,593.0
7.144605039618909,124,73596,593.516129032258
7.144757163710892,124,73660,594.0322580645161
7.144920957740396,124,73724,594.5483870967741
7.145918092690408,124,73788,595.0645161290323
7.146131178829819,124,73852,595.5806451612904
7.146302042994648,124,73916,596.0967741935484
7.146468606777489,124,73980,596.6129032258065
7.146624080836773,124,74044,597.1290322580645
7.146780504845083,124,74108,597.6451612903226
7.146933618932962,124,74172,598.1612903225806
7.1470976928249,124,74236,598.6774193548387
7.149736178573221,124,74300,599.1935483870968
7.149918712675571,124,74364,599.7096774193549
7.150110767688602,124,74428,600.2258064516129
7.150290611665696,124,74492,600.741935483871
7.150450135581195,124,74556,601.258064516129
7.150611630640924,124,74620,601.7741935483871
7.150787164922804,124,74684,602.2903225806451
7.150948378723115,124,74748,602.8064516129032
7.151134323794395,124,74812,603.3225806451613
7.151295176707208,124,74876,603.8387096774194
7.151447170879692,124,74940,604.3548387096774
7.151614395901561,124,75004,604.8709677419355
7.151766738854349,124,75068,605.3870967741935
7.151912382803857,124,75132,605.9032258064516
7.1520765968598425,124,75196,606.4193548387096
7.152235230896622,124,75260,606.9354838709677
7.152407204732299,124,75324,607.4516129032259
7.152561408933252,124,75388,607.9677419354839
7.152730452828109,124,75452,608.483870967742
7.1528840768150985,124,75516,609.0
7.1530337505973876,124,75580,609.516129032258
7.153203804977238,124,75644,610.0322580645161
7.153357578907162,124,75708,610.5483870967741
7.153504002839327,124,75772,611.0645161290323
7.153651375789195,124,75836,611.5806451612904
7.153804589994252,124,75900,612.0967741935484
7.153953253757209,124,75964,612.6129032258065
7.154135087970644,124,76028,613.1290322580645
7.154308402910829,124,76092,613.6451612903226
7.154461216647178,124,76156,614.1612903225806
7.154626520816237,124,76220,614.6774193548387
7.154774054884911,124,76284,615.1935483870968
7.154923477675766,124,76348,615.7096774193549
7.155079041607678,124,76412,616.2258064516129
7.155246235895902,124,76476,616.741935483871
7.1553969900123775,124,76540,617.258064516129
7.155543153639883,124,76604,617.7741935483871
7.1557000377215445,124,76668,618.2903225806451
7.155842390842736,124,76732,618.8064516129032
7.156005624681711,124,76796,619.3225806451613
7.156172089744359,124,76860,619.8387096774194
7.156322432681918,124,76924,620.3548387096774
7.156474536750466,124,76988,620.8709677419355
7.1566326706670225,124,77052,621.3870967741935
7.156783284619451,124,77116,621.9032258064516
7.156931127887219,124,77180,622.4193548387096
7.15709026157856,124,77244,622.9354838709677
7.15724235586822,124,77308,623.4516129032259
7.1581104579381645,124,77372,623.9677419354839
7.158302282914519,124,77436,624.483870967742
7.158472066745162,124,77500,625.0
7.1586313005536795,124,77564,625.516129032258
7.158793454989791,124,77628,626.0322580645161
7.158959038555622,124,77692,626.5483870967741
7.159134843852371,124,77756,627.0645161290323
7.1592915169894695,124,77820,627.5806451612904
7.15944547066465,124,77884,628.0967741935484
7.159609414637089,124,77948,628.6129032258065
7.15977385872975,124,78012,629.1290322580645
7.159933722577989,124,78076,629.6451612903226
7.160112037789077,124,78140,630.1612903225806
7.160275931935757,124,78204,630.6774193548387
7.160425705835223,124,78268,631.1935483870968
7.160574988927692,124,78332,631.7096774193549
7.16072543291375,124,78396,632.2258064516129
7.160871597006917,124,78460,632.741935483871
7.161035750992596,124,78524,633.258064516129
7.161208944860846,124,78588,633.7741935483871
7.161366289015859,124,78652,634.2903225806451
7.161535762716085,124,78716,634.8064516129032
7.161682726815343,124,78780,635.3225806451613
7.1618297710083425,124,78844,635.8387096774194
7.161982114892453,124,78908,636.3548387096774
7.162157408893108,124,78972,636.8709677419355
7.162308402825147,124,79036,637.3870967741935
7.302651478908956,124,79048,637.483870967742
7.302651478908956,124,79048,637.483870967742
7.402951624710113,123,78420,637.560975609756
7.402951624710113,123,78420,637.560975609756
7.557953836861998,122,77798,637.688524590164
7.557953836861998,122,77798,637.688524590164
7.672393776010722,121,77177,637.8264462809917
7.740347933955491,121,77241,638.3553719008264
7.740693292580545,121,77305,638.8842975206611
7.741188664920628,121,77369,639.4132231404959
7.741421730723232,121,77433,639.9421487603306
7.741636235732585,121,77497,640.4710743801653
7.741826690733433,121,77561,641.0
7.742030835710466,121,77625,641.5289256198347
7.742225340567529,121,77689,642.0578512396694
7.742409104947001,121,77753,642.5867768595041
7.742590429726988,121,77817,643.1157024793389
7.742751823738217,121,77881,643.6446280991736
7.742918627802283,121,77945,644.1735537190083
7.7431013928726315,121,78009,644.702479338843
7.743270447012037,121,78073,645.2314049586777
7.743459281977266,121,78137,645.7603305785124
7.7437744699418545,121,78201,646.2892561983471
7.744254261720926,121,78265,646.8181818181819
7.744442495983094,121,78329,647.3471074380166
7.744616980664432,121,78393,647.8760330578513
7.744796464685351,121,78457,648.404958677686
7.744962138589472,121,78521,648.9338842975206
7.74514499399811,121,78585,649.4628099173553
7.745312617626041,121,78649,649.99173553719
7.745479341596365,121,78713,650.5206611570248
7.745654845610261,121,78777,651.0495867768595
7.745836150832474,121,78841,651.5785123966942
7.746009434573352,121,78905,652.1074380165289
7.746196449734271,121,78969,652.6363636363636
7.746363493613899,121,79033,653.1652892561983
7.746532698627561,121,79097,653.694214876033
7.746708692982793,121,79161,654.2231404958678
7.746884136926383,121,79225,654.7520661157025
7.74858406977728,121,79289,655.2809917355372
7.748774054925889,121,79353,655.8099173553719
7.7489579590037465,121,79417,656.3388429752066
7.749145593959838,121,79481,656.8677685950413
7.749334917869419,121,79545,657.396694214876
7.749506892636418,121,79609,657.9256198347107
7.749668146949261,121,79673,658.4545454545455
7.749840440694243,121,79737,658.9834710743802
7.750005924608558,121,79801,659.5123966942149
7.75020642997697,121,79865,660.0413223140496
7.750375655014068,121,79929,660.5702479338843
7.750552808865905,121,79993,661.099173553719
7.75071842269972,121,80057,661.6280991735537
7.7508857366628945,121,80121,662.1570247933885
7.751063241623342,121,80185,662.6859504132232
7.751232575625181,121,80249,663.2148760330579
7.7513979696668684,121,80313,663.7438016528926
7.751556713599712,121,80377,664.2727272727273
7.751734328921884,121,80441,664.801652892562
7.751914232969284,121,80505,665.3305785123966
7.752093086950481,121,80569,665.8595041322315
7.752266661729664,121,80633,666.3884297520661
7.752431105822325,121,80697,666.9173553719008
7.752596259582788,121,80761,667.4462809917355
7.752773383632302,121,80825,667.9752066115702
7.7529368586838245,121,80889,668.5041322314049
7.753109502606094,121,80953,669.0330578512396
7.753290406893939,121,81017,669.5619834710744
7.7534672217443585,121,81081,670.0909090909091
7.753624805714935,121,81145,670.6198347107438
7.7537817298434675,121,81209,671.1487603305785
7.753941833972931,121,81273,671.6776859504132
7.75459741987288,121,81337,672.2066115702479
7.754778544884175,121,81401,672.7355371900826
7.75495935883373,121,81465,673.2644628099174
7.755135342944413,121,81529,673.7933884297521
7.755301806610078,121,81593,674.3223140495868
7.75548307178542,121,81657,674.8512396694215
7.755642865784466,121,81721,675.3801652892562
7.755798549856991,121,81785,675.9090909090909
7.755955733824521,121,81849,676.4380165289256
7.756127437576652,121,81913,676.9669421487604
7.756282661575824,121,81977,677.4958677685951
7.756455666851252,121,82041,678.0247933884298
7.75662696082145,121,82105,678.5537190082645
7.756787234917283,121,82169,679.0826446280992
7.756964848842472,121,82233,679.6115702479339
7.757146243937314,121,82297,680.1404958677685
7.7588230348192155,121,82361,680.6694214876034
7.759058260824531,121,82425,681.198347107438
7.759240365587175,121,82489,681.7272727272727
7.7594043095596135,121,82553,682.2561983471074
7.759576793760061,121,82617,682.7851239669421
7.7597435978241265,121,82681,683.3140495867768
7.7599223726429045,121,82745,683.8429752066115
7.760122597683221,121,82809,684.3719008264463
7.760295741725713,121,82873,684.900826446281
7.760460435878485,121,82937,685.4297520661157
7.760628980584443,121,83001,685.9586776859504
7.760798654984683,121,83065,686.4876033057851
7.760962928645313,121,83129,687.0165289256198
7.761154173873365,121,83193,687.5454545454545
7.761330377776176,121,83257,688.0743801652893
7.7615005928091705,121,83321,688.603305785124
7.761686046607792,121,83385,689.1322314049587
7.761875491589308,121,83449,689.6611570247934
7.7620741268619895,121,83513,690.1900826446281
7.762262840755284,121,83577,690.7190082644628
7.762440125923604,121,83641,691.2479338842975
7.762625760864466,121,83705,691.7768595041322
7.762804654892534,121,83769,692.305785123967
7.762975688558072,121,83833,692.8347107438017
7.763165493961424,121,83897,693.3636363636364
7.763338518794626,121,83961,693.8925619834711
7.763497761916369,121,84025,694.4214876033058
7.763667195569724,121,84089,694.9504132231405
7.763825450558215,121,84153,695.4793388429752
7.763982074800879,121,84217,696.00826446281
7.764176628552377,121,84281,696.5371900826447
7.764345143921673,121,84345,697.0661157024794
7.764513727743179,121,84409,697.595041322314
7.764677501749247,121,84473,698.1239669421487
7.764859295915812,121,84537,698.6528925619834
7.765026640612632,121,84601,699.1818181818181
7.765232435893267,121,84665,699.7107438016529
7.765402159653604,121,84729,700.2396694214876
7.765575953759253,121,84793,700.7685950413223
7.765754378866404,121,84857,701.297520661157
7.765944364015013,121,84860,701.3223140495868
7.765944364015013,121,84860,701.3223140495868
7.7985718585550785,120,84161,701.3416666666667
7.7985718585550785,120,84161,701.3416666666667
8.083754632622004,119,83491,701.6050420168067
8.083754632622004,119,83491,701.6050420168067
8.116501190699637,118,82790,701.6101694915254
8.116501190699637,118,82790,701.6101694915254
8.14936901256442,117,82089,701.6153846153846
8.14936901256442,117,82089,701.6153846153846
8.190297774970531,116,81389,701.6293103448276
8.190297774970531,116,81389,701.6293103448276
8.197973996866494,115,80691,701.6608695652174
8.260160780977458,115,80755,702.2173913043479
8.26043033786118,115,80819,702.7739130434783
8.26079062698409,115,80883,703.3304347826087
8.260998711921275,115,80947,703.8869565217391
8.261210286989808,115,81011,704.4434782608696
8.261395050678402,115,81075,705.0
8.261593095958233,115,81139,705.5565217391304
8.261775710619986,115,81203,706.1130434782609
8.261968415696174,115,81267,706.6695652173913
8.262171710841358,115,81331,707.2260869565217
8.262348774820566,115,81395,707.7826086956521
8.262523509562016,115,81459,708.3391304347826
8.262697013560683,115,81523,708.895652173913
8.26321118697524,115,81587,709.4521739130435
8.263426941819489,115,81651,710.008695652174
8.263621846679598,115,81715,710.5652173913044
8.264054997824132,115,81779,711.1217391304348
8.264250532723963,115,81843,711.6782608695652
8.264426426962018,115,81907,712.2347826086957
8.264595910906792,115,81971,712.7913043478261
8.26476568588987,115,82035,713.3478260869565
8.264930409844965,115,82099,713.9043478260869
8.265111303888261,115,82163,714.4608695652174
8.265287448652089,115,82227,715.0173913043478
8.26546858297661,115,82291,715.5739130434782
8.265661087818444,115,82355,716.1304347826087
8.265862782951444,115,82419,716.6869565217391
8.266063697636127,115,82483,717.2434782608696
8.266249903012067,115,82547,717.8
8.266431936994195,115,82611,718.3565217391305
8.266628031618893,115,82675,718.9130434782609
8.266817096620798,115,82739,719.4695652173913
8.268063317984343,115,82803,720.0260869565218
8.268265832681209,115,82867,720.5826086956522
8.268470937851816,115,82931,721.1391304347826
8.268668062984943,115,82995,721.695652173913
8.268849337939173,115,83059,722.2521739130435
8.2690261118114,115,83123,722.8086956521739
8.26922627678141,115,83187,723.3652173913043
8.269406781997532,115,83251,723.9217391304347
8.269602806773037,115,83315,724.4782608695652
8.269774660933763,115,83379,725.0347826086957
8.269964724779129,115,83443,725.591304347826
8.270159769803286,115,83507,726.1478260869566
8.27033962495625,115,83571,726.704347826087
8.270537859760225,115,83635,727.2608695652174
8.270711643621325,115,83699,727.8173913043478
8.270882298704237,115,83763,728.3739130434783
8.27108236355707,115,83827,728.9304347826087
8.271277108695358,115,83891,729.4869565217391
8.271472132764757,115,83955,730.0434782608696
8.271652557887137,115,84019,730.6
8.271832961589098,115,84083,731.1565217391304
8.27200416661799,115,84147,731.7130434782608
8.272183740977198,115,84211,732.2695652173913
8.272361484821886,115,84275,732.8260869565217
8.272537509910762,115,84339,733.3826086956522
8.272714453749359,115,84403,733.9391304347826
8.272876247763634,115,84467,734.4956521739131
8.273064312990755,115,84531,735.0521739130435
8.273240886628628,115,84595,735.6086956521739
8.273409081622958,115,84659,736.1652173913044
8.273577055893838,115,84723,736.7217391304348
8.273749059997499,115,84787,737.2782608695652
8.274201510939747,115,84851,737.8347826086956
8.27440429572016,115,84915,738.3913043478261
8.274584271013737,115,84979,738.9478260869565
8.276489668991417,115,85043,739.5043478260869
8.276690983679146,115,85107,740.0608695652174
8.276893698610365,115,85171,740.6173913043478
8.277082643005997,115,85235,741.1739130434783
8.277265537995845,115,85299,741.7304347826087
8.277444671839476,115,85363,742.2869565217392
8.277617016807199,115,85427,742.8434782608696
8.277810391969979,115,85491,743.4
8.278002705890685,115,85555,743.9565217391304
8.278196470811963,115,85619,744.5130434782609
8.278375655878335,115,85683,745.0695652173913
8.278566410765052,115,85747,745.6260869565217
8.278737324755639,115,85811,746.1826086956522
8.278911718633026,115,85875,746.7391304347826
8.279117503669113,115,85939,747.295652173913
8.27930999873206,115,86003,747.8521739130434
8.279504363890737,115,86067,748.408695652174
8.27967728767544,115,86131,748.9652173913043
8.279859992675483,115,86195,749.5217391304348
8.2800342165865,115,86259,750.0782608695653
8.280227311886847,115,86323,750.6347826086957
8.280394215602428,115,86387,751.1913043478261
8.280559019651264,115,86451,751.7478260869565
8.280723333824426,115,86515,752.304347826087
8.280901938676834,115,86579,752.8608695652174
8.281089682597667,115,86643,753.4173913043478
8.281273827888072,115,86707,753.9739130434782
8.281446551904082,115,86771,754.5304347826087
8.281617486849427,115,86835,755.0869565217391
8.281806071754545,115,86899,755.6434782608695
8.281982165761292,115,86963,756.2
8.282196070998907,115,87027,756.7565217391304
8.28237728588283,115,87091,757.3130434782609
8.282547779846936,115,87155,757.8695652173913
8.282734814565629,115,87219,758.4260869565218
8.282921419013292,115,87283,758.9826086956522
8.283107123803347,115,87347,759.5391304347826
8.283281107898802,115,87411,760.0956521739131
8.283469112589955,115,87475,760.6521739130435
8.283656677696854,115,87539,761.2086956521739
8.28382242191583,115,87603,761.7652173913043
8.283996705897152,115,87667,762.3217391304348
8.284192870836705,115,87731,762.8782608695652
8.28437815560028,115,87795,763.4347826086956
8.284545379690826,115,87859,763.991304347826
8.284718223847449,115,87923,764.5478260869565
8.284902868792415,115,87987,765.104347826087
8.491816808003932,115,88016,765.3565217391305
8.491816808003932,115,88016,765.3565217391305
8.578296029008925,114,87250,765.3508771929825
8.578296029008925,114,87250,765.3508771929825
8.758262194693089,113,86502,765.5044247787611
8.758262194693089,113,86502,765.5044247787611
8.7983962376602,112,85744,765.5714285714286
8.839877463877201,112,85807,766.1339285714286
8.839877463877201,112,85807,766.1339285714286
8.859798511955887,111,85039,766.1171171171171
8.860121979843825,111,85103,766.6936936936937
8.860506169963628,111,85167,767.2702702702703
8.860720514785498,111,85231,767.8468468468468
8.860928139649332,111,85295,768.4234234234234
8.86112733464688,111,85359,769.0
8.861337409820408,111,85423,769.5765765765766
8.861527274828404,111,85487,770.1531531531532
8.861730459611863,111,85551,770.7297297297297
8.861930094659328,111,85615,771.3063063063063
8.86213309969753,111,85679,771.8828828828829
8.86232252465561,111,85743,772.4594594594595
8.862504608929157,111,85807,773.0360360360361
8.862680923659354,111,85871,773.6126126126126
8.86299884179607,111,85935,774.1891891891892
8.863226206973195,111,85999,774.7657657657658
8.863655547611415,111,86063,775.3423423423424
8.863865402992815,111,86127,775.918918918919
8.864077438600361,111,86191,776.4954954954954
8.864272783976048,111,86255,777.072072072072
8.864457277581096,111,86319,777.6486486486486
8.864642712753266,111,86383,778.2252252252252
8.864823006559163,111,86447,778.8018018018018
8.865001371596009,111,86511,779.3783783783783
8.86520815687254,111,86575,779.9549549549549
8.865409751888365,111,86639,780.5315315315315
8.865612086839974,111,86703,781.1081081081081
8.86579898186028,111,86767,781.6846846846847
8.865992035716772,111,86831,782.2612612612612
8.866193191614002,111,86895,782.8378378378378
8.866383265703917,111,86959,783.4144144144144
8.866590001620352,111,87023,783.990990990991
8.866991280578077,111,87087,784.5675675675676
8.867206276860088,111,87151,785.1441441441441
8.867410221602768,111,87215,785.7207207207207
8.86761105665937,111,87279,786.2972972972973
8.867806231603026,111,87343,786.8738738738739
8.867989525664598,111,87407,787.4504504504505
8.868181730620563,111,87471,788.027027027027
8.869032102636993,111,87535,788.6036036036036
8.869281288702041,111,87599,789.1801801801802
8.869474882725626,111,87663,789.7567567567568
8.869671647902578,111,87727,790.3333333333334
8.869858662597835,111,87791,790.9099099099099
8.870060477871448,111,87855,791.4864864864865
8.870273613836616,111,87919,792.063063063063
8.870461887679994,111,87983,792.6396396396397
8.870646552648395,111,88047,793.2162162162163
8.870839596726,111,88111,793.7927927927927
8.871035292744637,111,88175,794.3693693693693
8.871235586702824,111,88239,794.9459459459459
8.871426181867719,111,88303,795.5225225225225
8.871607586741447,111,88367,796.0990990990991
8.871788990683854,111,88431,796.6756756756756
8.871984215918928,111,88495,797.2522522522522
8.8721984019503,111,88559,797.8288288288288
8.872398755978793,111,88623,798.4054054054054
8.872583450749516,111,88687,798.981981981982
8.87277430575341,111,88751,799.5585585585585
8.872950249817222,111,88815,800.1351351351351
8.873148324899375,111,88879,800.7117117117117
8.873322859872133,111,88943,801.2882882882883
8.873499453999102,111,89007,801.8648648648649
8.87367669865489,111,89071,802.4414414414415
8.874240141827613,111,89135,803.018018018018
8.874461887869984,111,89199,803.5945945945946
8.874648192897439,111,89263,804.1711711711712
8.874830106738955,111,89327,804.7477477477478
8.875009461771697,111,89391,805.3243243243244
8.875224546995014,111,89455,805.9009009009009
8.87543279165402,111,89519,806.4774774774775
8.875611716881394,111,89583,807.0540540540541
8.875793020706624,111,89647,807.6306306306307
8.875998645555228,111,89711,808.2072072072073
8.876192450989038,111,89775,808.7837837837837
8.876394075807184,111,89839,809.3603603603603
8.876601340714842,111,89903,809.936936936937
8.876783285755664,111,89967,810.5135135135135
8.87697939062491,111,90031,811.0900900900901
8.87717081559822,111,90095,811.6666666666666
8.87829023366794,111,90159,812.2432432432432
8.878515568561852,111,90223,812.8198198198198
8.878721604589373,111,90287,813.3963963963964
8.878917818889022,111,90351,813.972972972973
8.879119354765862,111,90415,814.5495495495495
8.87932169996202,111,90479,815.1261261261261
8.879508173558861,111,90543,815.7027027027027
8.879704888910055,111,90607,816.2792792792793
8.879890443757176,111,90671,816.8558558558559
8.88009071862325,111,90735,817.4324324324324
8.880281912628561,111,90799,818.009009009009
8.880483437795192,111,90863,818.5855855855856
8.88067096285522,111,90927,819.1621621621622
8.88085915800184,111,90991,819.7387387387388
8.881056592799723,111,91055,820.3153153153153
8.881242727860808,111,91119,820.8918918918919
8.881423621904105,111,91183,821.4684684684685
8.881612776778638,111,91247,822.0450450450451
8.88179382076487,111,91311,822.6216216216217
8.88198719592765,111,91375,823.1981981981982
8.882188490591943,111,91439,823.7747747747748
8.882389855571091,111,91503,824.3513513513514
8.882577230688184,111,91567,824.927927927928
8.882773405872285,111,91631,825.5045045045046
8.882953180000186,111,91695,826.081081081081
8.883147564716637,111,91759,826.6576576576576
8.883338919840753,111,91823,827.2342342342342
8.88353846501559,111,91887,827.8108108108108
8.883730509784073,111,91951,828.3873873873874
8.883905023802072,111,92015,828.9639639639639
8.88409721897915,111,92017,828.981981981982
8.88409721897915,111,92017,828.981981981982
9.323542517609894,110,91246,829.5090909090909
9.385439533740282,110,91310,830.0909090909091
9.385731691960245,110,91374,830.6727272727272
9.386227323673666,110,91438,831.2545454545455
9.386479179840535,110,91502,831.8363636363637
9.386701775714755,110,91566,832.4181818181818
9.386901700869203,110,91630,833.0
9.387133275624365,110,91694,833.5818181818182
9.387340001761913,110,91758,834.1636363636363
9.387551456689835,110,91822,834.7454545454545
9.387754641938955,110,91886,835.3272727272728
9.387942816596478,110,91950,835.9090909090909
9.388149331789464,110,92014,836.4909090909091
9.38834484666586,110,92078,837.0727272727273
9.38852577097714,110,92142,837.6545454545454
9.38886638963595,110,92206,838.2363636363636
9.389102625660598,110,92270,838.8181818181819
9.389542976859957,110,92334,839.4
9.389765581581742,110,92398,839.9818181818182
9.389973217621446,110,92462,840.5636363636364
9.39018373284489,110,92526,841.1454545454545
9.39037760766223,110,92590,841.7272727272727
9.390572572592646,110,92654,842.3090909090909
9.390761026646942,110,92718,842.8909090909091
9.39094808185473,110,92782,843.4727272727273
9.391156896948814,110,92846,844.0545454545454
9.391374581959099,110,92910,844.6363636363636
9.391589347738773,110,92974,845.2181818181818
9.391785472631454,110,93038,845.8
9.391984917689115,110,93102,846.3818181818182
9.392188902944326,110,93166,846.9636363636364
9.392388057895005,110,93230,847.5454545454545
9.3926000026986,110,93294,848.1272727272727
9.392940411809832,110,93358,848.709090909091
9.394136350601912,110,93422,849.290909090909
9.394381176680326,110,93486,849.8727272727273
9.394596642814577,110,93550,850.4545454545455
9.394806267693639,110,93614,851.0363636363636
9.395008332561702,110,93678,851.6181818181818
9.395216988865286,110,93742,852.2
9.395429213996977,110,93806,852.7818181818182
9.39565194863826,110,93870,853.3636363636364
9.395847553852946,110,93934,853.9454545454546
9.396056558936834,110,93998,854.5272727272727
9.39625538373366,110,94062,855.1090909090909
9.396446098573506,110,94126,855.6909090909091
9.396658344659954,110,94190,856.2727272727273
9.396849978715181,110,94254,856.8545454545455
9.397055303677917,110,94318,857.4363636363636
9.397267289925367,110,94382,858.0181818181818
9.397478214930743,110,94446,858.6
9.397676049731672,110,94510,859.1818181818181
9.397870674729347,110,94574,859.7636363636364
9.398083420004696,110,94638,860.3454545454546
9.398284304887056,110,94702,860.9272727272727
9.398476919624954,110,94766,861.5090909090909
9.398685884661973,110,94830,862.0909090909091
9.398890859913081,110,94894,862.6727272727272
9.399112815968692,110,94958,863.2545454545455
9.399309980683029,110,95022,863.8363636363637
9.399506885558367,110,95086,864.4181818181818
9.399688659701496,110,95150,865.0
9.399874064605683,110,95214,865.5818181818182
9.400077449623495,110,95278,866.1636363636363
9.400270334910601,110,95342,866.7454545454545
9.400831658858806,110,95406,867.3272727272728
9.401073494926095,110,95470,867.9090909090909
9.401275649666786,110,95534,868.4909090909091
9.401468744967133,110,95598,869.0727272727273
9.401675779838115,110,95662,869.6545454545454
9.401890854816884,110,95726,870.2363636363636
9.402090779971331,110,95790,870.8181818181819
9.402285894844681,110,95854,871.4
9.402495989575982,110,95918,871.9818181818182
9.402687534689903,110,95982,872.5636363636364
9.402891319710761,110,96046,873.1454545454545
9.403094674926251,110,96110,873.7272727272727
9.403305290732533,110,96174,874.3090909090909
9.403494734782726,110,96238,874.8909090909091
9.403698729816824,110,96302,875.4727272727273
9.403882544953376,110,96366,876.0545454545454
9.404954541940242,110,96430,876.6363636363636
9.405200148001313,110,96494,877.2181818181818
9.40541234286502,110,96558,877.8
9.40561445755884,110,96622,878.3818181818182
9.405802202876657,110,96686,878.9636363636364
9.406001308001578,110,96750,879.5454545454545
9.406224832870066,110,96814,880.1272727272727
9.406414277851582,110,96878,880.709090909091
9.406614442821592,110,96942,881.290909090909
9.406803167890757,110,97006,881.8727272727273
9.406991302967072,110,97070,882.4545454545455
9.40721469791606,110,97134,883.0363636363636
9.407402453012764,110,97198,883.6181818181818
9.407599527854472,110,97262,884.2
9.407787211705,110,97326,884.7818181818182
9.407970516942441,110,97390,885.3636363636364
9.408170931972563,110,97454,885.9454545454546
9.40836758678779,110,97518,886.5272727272727
9.40855811163783,110,97582,887.1090909090909
9.408747606910765,110,97646,887.6909090909091
9.408959481865168,110,97710,888.2727272727273
9.409159146714956,110,97774,888.8545454545455
9.409363871905953,110,97838,889.4363636363636
9.409545166883618,110,97902,890.0181818181818
9.409730101004243,110,97966,890.6
9.409917655866593,110,98030,891.1818181818181
9.410131910815835,110,98094,891.7636363636364
9.410338735673577,110,98158,892.3454545454546
9.410519730765373,110,98222,892.9272727272727
9.411088665015996,110,98226,892.9636363636364
9.411088665015996,110,98226,892.9636363636364
9.411363401915878,109,97329,892.9266055045872
9.411363401915878,109,97329,892.9266055045872
9.856578374747187,108,96492,893.4444444444445
9.918005159590393,108,96556,894.0370370370371
9.91835678787902,108,96620,894.6296296296297
9.918761498760432,108,96684,895.2222222222222
9.918998854700476,108,96748,895.8148148148148
9.91924424096942,108,96812,896.4074074074074
9.91944860573858,108,96876,897.0
9.919671060983092,108,96940,897.5925925925926
9.919878965709358,108,97004,898.1851851851852
9.92011800268665,108,97068,898.7777777777778
9.92033820785582,108,97132,899.3703703703703
9.920538002625108,108,97196,899.9629629629629
9.920734867919236,108,97260,900.5555555555555
9.92093289270997,108,97324,901.1481481481482
9.921142517589033,108,97388,901.7407407407408
9.921368354000151,108,97452,902.3333333333334
9.921589098870754,108,97516,902.925925925926
9.922337117604911,108,97580,903.5185185185185
9.922580333892256,108,97644,904.1111111111111
9.922788158990443,108,97708,904.7037037037037
9.92300400370732,108,97772,905.2962962962963
9.923234659712762,108,97836,905.8888888888889
9.923437954857945,108,97900,906.4814814814815
9.923641010653228,108,97964,907.074074074074
9.923837875016034,108,98028,907.6666666666666
9.92403206974268,108,98092,908.2592592592592
9.92426893580705,108,98156,908.8518518518518
9.924491861835122,108,98220,909.4444444444445
9.924694056622684,108,98284,910.0370370370371
9.924898211844265,108,98348,910.6296296296297
9.925113226752728,108,98412,911.2222222222222
9.92531815264374,108,98476,911.8148148148148
9.925540597643703,108,98540,912.4074074074074
9.92573823267594,108,98604,913.0
9.925957567989826,108,98668,913.5925925925926
9.92650925181806,108,98732,914.1851851851852
9.926724947988987,108,98796,914.7777777777778
9.926942252554,108,98860,915.3703703703703
9.927157287951559,108,98924,915.9629629629629
9.927359382621944,108,98988,916.5555555555555
9.92757401894778,108,99052,917.1481481481482
9.927799914963543,108,99116,917.7407407407408
9.928000828716904,108,99180,918.3333333333334
9.928222484886646,108,99244,918.925925925926
9.928423109930009,108,99308,919.5185185185185
9.928619334939867,108,99372,920.1111111111111
9.928844009991735,108,99436,920.7037037037037
9.929056695662439,108,99500,921.2962962962963
9.929258890915662,108,99564,921.8888888888889
9.930666605941951,108,99628,922.4814814814815
9.93090381193906,108,99692,923.074074074074
9.931130597833544,108,99756,923.6666666666666
9.931358452886343,108,99820,924.2592592592592
9.931584988720715,108,99884,924.8518518518518
9.93178195366636,108,99948,925.4444444444445
9.931981338653713,108,100012,926.0370370370371
9.932211754843593,108,100076,926.6296296296297
9.932429949752986,108,100140,927.2222222222222
9.932641984894872,108,100204,927.8148148148148
9.932841789908707,108,100268,928.4074074074074
9.933063665870577,108,100332,929.0
9.93325664056465,108,100396,929.5925925925926
9.933450455777347,108,100460,930.1851851851852
9.933644500561059,108,100524,930.7777777777778
9.933836094569415,108,100588,931.3703703703703
9.934065240900964,108,100652,931.9629629629629
9.934269185643643,108,100716,932.5555555555555
9.934462090954185,108,100780,933.1481481481482
9.934673395939171,108,100844,933.7407407407408
9.934868920594454,108,100908,934.3333333333334
9.935069305822253,108,100972,934.925925925926
9.93528757058084,108,101036,935.5185185185185
9.935481005813926,108,101100,936.1111111111111
9.935694581829011,108,101164,936.7037037037037
9.935894096735865,108,101228,937.2962962962963
9.936128662899137,108,101292,937.8888888888889
9.936327767558396,108,101356,938.4814814814815
9.936518161557615,108,101420,939.074074074074
9.936730797868222,108,101484,939.6666666666666
9.936926542781293,108,101548,940.2592592592592
9.937129167839885,108,101612,940.8518518518518
9.938230514992028,108,101676,941.4444444444445
9.938473470974714,108,101740,942.0370370370371
9.938698106911033,108,101804,942.6296296296297
9.938915811944753,108,101868,943.2222222222222
9.939135807566345,108,101932,943.8148148148148
9.93934771278873,108,101996,944.4074074074074
9.939569188747555,108,102060,945.0
9.939767313655466,108,102124,945.5925925925926
9.939969487953931,108,102188,946.1851851851852
9.94019811367616,108,102252,946.7777777777778
9.940401718951762,108,102316,947.3703703703703
9.940617154818028,108,102380,947.9629629629629
9.940814588684589,108,102444,948.5555555555555
9.941015924792737,108,102508,949.1481481481482
9.941244769841433,108,102572,949.7407407407408
9.941442964598536,108,102636,950.3333333333334
9.941640379838645,108,102700,950.925925925926
9.941841624677181,108,102764,951.5185185185185
9.942037199623883,108,102828,952.1111111111111
9.942251115571707,108,102892,952.7037037037037
9.942483340855688,108,102956,953.2962962962963
9.94269985659048,108,103020,953.8888888888889
9.942892500665039,108,103084,954.4814814814815
9.943101016804576,108,103148,955.074074074074
9.943305831868201,108,103212,955.6666666666666
9.943514086771756,108,103276,956.2592592592592
9.943707061931491,108,103340,956.8518518518518
10.055811582598835,108,103358,957.0185185185185
10.055811582598835,108,103358,957.0185185185185
10.188818695954978,107,102412,957.1214953271028
10.188818695954978,107,102412,957.1214953271028
10.510410709772259,106,101482,957.377358490566
10.570747697725892,106,101546,957.9811320754717
10.571145167574286,106,101610,958.5849056603773
10.571580167859793,106,101674,959.188679245283
10.57182775484398,106,101738,959.7924528301887
10.57208674075082,106,101802,960.3962264150944
10.57230101665482,106,101866,961.0
10.572538782842457,106,101930,961.6037735849056
10.572751577943563,106,101994,962.2075471698113
10.572980902623385,106,102058,962.811320754717
10.573226919863373,106,102122,963.4150943396227
10.573435304686427,106,102186,964.0188679245283
10.573642429895699,106,102250,964.622641509434
10.57384777488187,106,102314,965.2264150943396
10.574063909705728,106,102378,965.8301886792453
10.574201803654432,106,102442,966.433962264151
10.57440354861319,106,102506,967.0377358490566
10.574784928932786,106,102570,967.6415094339623
10.57492841174826,106,102634,968.2452830188679
10.575096786953509,106,102698,968.8490566037735
10.575326361693442,106,102762,969.4528301886793
10.575544047635049,106,102826,970.0566037735849
10.57575304294005,106,102890,970.6603773584906
10.575960207730532,106,102954,971.2641509433962
10.576126271858811,106,103018,971.8679245283018
10.576245674863458,106,103082,972.4716981132076
10.57637600786984,106,103146,973.0754716981132
10.576505830977112,106,103210,973.6792452830189
10.5766406445764,106,103274,974.2830188679245
10.576761157717556,106,103338,974.8867924528302
10.576886730734259,106,103402,975.4905660377359
10.577006763778627,106,103466,976.0943396226415
10.57724747993052,106,103530,976.6981132075472
10.577719411812723,106,103594,977.3018867924528
10.577960627619177,106,103658,977.9056603773585
10.57814571261406,106,103722,978.5094339622641
10.578276825603098,106,103786,979.1132075471698
10.578401708975434,106,103850,979.7169811320755
10.578534071799368,106,103914,980.3207547169811
10.57865722477436,106,103978,980.9245283018868
10.57877601776272,106,104042,981.5283018867924
10.578912521712482,106,104106,982.1320754716982
10.579066974576563,106,104170,982.7358490566038
10.579290641006082,106,104234,983.3396226415094
10.579497075639665,106,104298,983.9433962264151
10.579700390808284,106,104362,984.5471698113207
10.580532601568848,106,104426,985.1509433962265
10.58076300797984,106,104490,985.7547169811321
10.580979433842003,106,104554,986.3584905660377
10.58122509997338,106,104618,986.9622641509434
10.58144059497863,106,104682,987.566037735849
10.58167011057958,106,104746,988.1698113207547
10.581907756626606,106,104810,988.7735849056604
10.582112611737102,106,104874,989.377358490566
10.58223782479763,106,104938,989.9811320754717
10.582361777778715,106,105002,990.5849056603773
10.582491380628198,106,105066,991.188679245283
10.582619743887335,106,105130,991.7924528301887
10.582750806584954,106,105194,992.3962264150944
10.582871009595692,106,105258,993.0
10.582996073644608,106,105322,993.6037735849056
10.583195908926427,106,105386,994.2075471698113
10.583403053693473,106,105450,994.811320754717
10.58360603870824,106,105514,995.4150943396227
10.58380807377398,106,105578,996.0188679245283
10.584736446850002,106,105642,996.622641509434
10.584882790688425,106,105706,997.2264150943396
10.585012173745781,106,105770,997.8301886792453
10.585229808930308,106,105834,998.433962264151
10.585456184577197,106,105898,999.0377358490566
10.585663319565356,106,105962,999.6415094339623
10.585862475913018,106,106026,1000.2452830188679
10.586066300980747,106,106090,1000.8490566037735
10.586199783720076,106,106154,1001.4528301886793
10.586323606781662,106,106218,1002.0566037735849
10.586455789860338,106,106282,1002.6603773584906
10.586576232686639,106,106346,1003.2641509433962
10.586692775599658,106,106410,1003.8679245283018
10.586821828968823,106,106474,1004.4716981132076
10.586942631751299,106,106538,1005.0754716981132
10.587127026636153,106,106602,1005.6792452830189
10.587349612731487,106,106666,1006.2830188679245
10.587576957885176,106,106730,1006.8867924528302
10.587800743989646,106,106794,1007.4905660377359
10.588008768856525,106,106858,1008.0943396226415
10.588248234707862,106,106922,1008.6981132075472
10.588471700903028,106,106986,1009.3018867924528
10.588681205641478,106,107050,1009.9056603773585
10.588885590899736,106,107114,1010.5094339622641
10.589103705715388,106,107178,1011.1132075471698
10.589329121634364,106,107242,1011.7169811320755
10.589535146951675,106,107306,1012.3207547169811
10.589760182891041,106,107370,1012.9245283018868
10.589964157901704,106,107434,1013.5283018867924
10.590187944006175,106,107498,1014.1320754716982
10.590417558792979,106,107562,1014.7358490566038
10.590626063756645,106,107626,1015.3396226415094
10.591073215007782,106,107690,1015.9433962264151
10.59129947097972,106,107754,1016.5471698113207
10.59153650701046,106,107818,1017.1509433962265
10.591760832816362,106,107882,1017.7547169811321
10.591962257865816,106,107946,1018.3584905660377
10.59214231185615,106,108010,1018.9622641509434
10.59226901596412,106,108074,1019.566037735849
10.59239880880341,106,108138,1020.1698113207547
10.592514810618013,106,108202,1020.7735849056604
10.675107904709876,106,108222,1020.9622641509434
10.675107904709876,106,108222,1020.9622641509434
10.95072665065527,105,107672,1025.4476190476191
10.95072665065527,105,107672,1025.4476190476191
11.104573784861714,104,106664,1025.6153846153845
11.104930453933775,104,106728,1026.2307692307693
11.10522896097973,104,106792,1026.8461538461538
11.105684402864426,104,106856,1027.4615384615386
11.10595317883417,104,106920,1028.076923076923
11.106197835877538,104,106984,1028.6923076923076
11.106454481836408,104,107048,1029.3076923076924
11.10668348800391,104,107112,1029.923076923077
11.10692364256829,104,107176,1030.5384615384614
11.107178159989417,104,107240,1031.1538461538462
11.107403894886374,104,107304,1031.7692307692307
11.107629290781915,104,107368,1032.3846153846155
11.107854406815022,104,107432,1033.0
11.108081531710923,104,107496,1033.6153846153845
11.108327868860215,104,107560,1034.2307692307693
11.108567934948951,104,107624,1034.8461538461538
11.110152413602918,104,107688,1035.4615384615386
11.110426640603691,104,107752,1036.076923076923
11.110664766747504,104,107816,1036.6923076923076
11.110901842825115,104,107880,1037.3076923076924
11.11116262897849,104,107944,1037.923076923077
11.111390234902501,104,108008,1038.5384615384614
11.11162052070722,104,108072,1039.1538461538462
11.11183826578781,104,108136,1039.7692307692307
11.112066322006285,104,108200,1040.3846153846155
11.112320128828287,104,108264,1041.0
11.112560563720763,104,108328,1041.6153846153845
11.112803980708122,104,108392,1042.2307692307693
11.11303201597184,104,108456,1042.8461538461538
11.113283372949809,104,108520,1043.4615384615386
11.113504817709327,104,108584,1044.076923076923
11.113743803929538,104,108648,1044.6923076923076
11.113966278731823,104,108712,1045.3076923076924
11.114218945614994,104,108776,1045.923076923077
11.11446219170466,104,108840,1046.5384615384614
11.11469604773447,104,108904,1047.1538461538462
11.114914812613279,104,108968,1047.7692307692307
11.115161318797618,104,109032,1048.3846153846155
11.115384424570948,104,109096,1049.0
11.115602990612388,104,109160,1049.6153846153845
11.1158411456272,104,109224,1050.2307692307693
11.116074651945382,104,109288,1050.8461538461538
11.116306987591088,104,109352,1051.4615384615386
11.116526622790843,104,109416,1052.076923076923
11.116741068661213,104,109480,1052.6923076923076
11.11698062485084,104,109544,1053.3076923076924
11.117214480880648,104,109608,1053.923076923077
11.117653671652079,104,109672,1054.5384615384614
11.120718747843057,104,109736,1055.1538461538462
11.12097211368382,104,109800,1055.7692307692307
11.121245130896568,104,109864,1056.3846153846155
11.121508797630668,104,109928,1057.0
11.121751713566482,104,109992,1057.6153846153845
11.12197414971888,104,110056,1058.2307692307693
11.12221428565681,104,110120,1058.8461538461538
11.122456241864711,104,110184,1059.4615384615386
11.122694907709956,104,110248,1060.076923076923
11.122933673672378,104,110312,1060.6923076923076
11.12316801957786,104,110376,1061.3076923076924
11.123399854637682,104,110440,1061.923076923077
11.123620180878788,104,110504,1062.5384615384614
11.123837225604802,104,110568,1063.1538461538462
11.124064871575683,104,110632,1063.7692307692307
11.124284216668457,104,110696,1064.3846153846155
11.124505412764847,104,110760,1065.0
11.124746708665043,104,110824,1065.6153846153845
11.124966504983604,104,110888,1066.2307692307693
11.125195459928364,104,110952,1066.8461538461538
11.125437365844846,104,111016,1067.4615384615386
11.125661011785269,104,111080,1068.076923076923
11.125870586838573,104,111144,1068.6923076923076
11.126118552871048,104,111208,1069.3076923076924
11.126371419988573,104,111272,1069.923076923077
11.126611625775695,104,111336,1070.5384615384614
11.126826100982726,104,111400,1071.1538461538462
11.127062836661935,104,111464,1071.7692307692307
11.127284571994096,104,111528,1072.3846153846155
11.12752727791667,104,111592,1073.0
11.127740893978626,104,111656,1073.6153846153845
11.127971188630909,104,111720,1074.2307692307693
11.12820976600051,104,111784,1074.8461538461538
11.128446660935879,104,111848,1075.4615384615386
11.128676616586745,104,111912,1076.076923076923
11.128898852970451,104,111976,1076.6923076923076
11.129146448802203,104,112040,1077.3076923076924
11.129391864873469,104,112104,1077.923076923077
11.129610340576619,104,112168,1078.5384615384614
11.129824465606362,104,112232,1079.1538461538462
11.130060611758381,104,112296,1079.7692307692307
11.130294217728078,104,112360,1080.3846153846155
11.130510162562132,104,112424,1081.0
11.130749928764999,104,112488,1081.6153846153845
11.130985664669424,104,112552,1082.2307692307693
11.131224640645087,104,112616,1082.8461538461538
11.131461216602474,104,112680,1083.4615384615386
11.131675941869617,104,112744,1084.076923076923
11.131893366575241,104,112808,1084.6923076923076
11.132123712915927,104,112872,1085.3076923076924
11.132367498707026,104,112936,1085.923076923077
11.132581364829093,104,113000,1086.5384615384614
11.132819030899554,104,113064,1087.1538461538462
11.133050575852394,104,113128,1087.7692307692307
11.133290191646665,104,113192,1088.3846153846155
11.133509567938745,104,113256,1089.0
11.71149383764714,104,113320,1089.6153846153845
11.71185910794884,104,113384,1090.2307692307693
11.712156214751303,104,113448,1090.8461538461538
11.712639686651528,104,113512,1091.4615384615386
11.712904962711036,104,113576,1092.076923076923
11.713165149558336,104,113640,1092.6923076923076
11.71342404698953,104,113704,1093.3076923076924
11.71365945180878,104,113768,1093.923076923077
11.713909348938614,104,113832,1094.5384615384614
11.714173964690417,104,113896,1095.1538461538462
11.7144029205665,104,113960,1095.7692307692307
11.7146284468472,104,114024,1096.3846153846155
11.714853391982615,104,114088,1097.0
11.71508717769757,104,114152,1097.6153846153845
11.715337393805385,104,114216,1098.2307692307693
11.715585729572922,104,114280,1098.8461538461538
11.716502252966166,104,114344,1099.4615384615386
11.716775799635798,104,114408,1100.076923076923
11.717013385612518,104,114472,1100.6923076923076
11.717275292612612,104,114536,1101.3076923076924
11.717532608658075,104,114600,1101.923076923077
11.717759764753282,104,114664,1102.5384615384614
11.717987820971757,104,114728,1103.1538461538462
11.718222155701369,104,114792,1103.7692307692307
11.718446312006563,104,114856,1104.3846153846155
11.718694848008454,104,114920,1105.0
11.718939853832126,104,114984,1105.6153846153845
11.719205800909549,104,115048,1106.2307692307693
11.719442696776241,104,115112,1106.8461538461538
11.719680812675506,104,115176,1107.4615384615386
11.71990814898163,104,115240,1108.076923076923
11.720172974746674,104,115304,1108.6923076923076
11.720531953964382,104,115368,1109.3076923076924
11.720798160880804,104,115432,1109.923076923077
11.721069446764886,104,115496,1110.5384615384614
11.721320963930339,104,115560,1111.1538461538462
11.7215527696535,104,115624,1111.7692307692307
11.72179600596428,104,115688,1112.3846153846155
11.722024000715464,104,115752,1113.0
11.722265736665577,104,115816,1113.6153846153845
11.722524383570999,104,115880,1114.2307692307693
11.722752559930086,104,115944,1114.8461538461538
11.722991345915943,104,116008,1115.4615384615386
11.723511187825352,104,116072,1116.076923076923
11.723754604812711,104,116136,1116.6923076923076
11.724014210980386,104,116200,1117.3076923076924
11.72426315676421,104,116264,1117.923076923077
11.724494642578065,104,116328,1118.5384615384614
11.725703503005207,104,116392,1119.1538461538462
11.725958329625428,104,116456,1119.7692307692307
11.726235856767744,104,116520,1120.3846153846155
11.726507873740047,104,116584,1121.0
11.726761229801923,104,116648,1121.6153846153845
11.726990374736488,104,116712,1122.2307692307693
11.727239751722664,104,116776,1122.8461538461538
11.727488677948713,104,116840,1123.4615384615386
11.727735853753984,104,116904,1124.076923076923
11.727989959996194,104,116968,1124.6923076923076
11.72824030695483,104,117032,1125.3076923076924
11.728480862919241,104,117096,1125.923076923077
11.728699167724699,104,117160,1126.5384615384614
11.728928833734244,104,117224,1127.1538461538462
11.72917267959565,104,117288,1127.7692307692307
11.729404476005584,104,117352,1128.3846153846155
11.729638701770455,104,117416,1129.0
11.72989447787404,104,117480,1129.6153846153845
11.730142743792385,104,117544,1130.2307692307693
11.730374009814113,104,117608,1130.8461538461538
11.730621175840497,104,117672,1131.4615384615386
11.73085127165541,104,117736,1132.076923076923
11.731083997990936,104,117800,1132.6923076923076
11.731336443684995,104,117864,1133.3076923076924
11.73159266076982,104,117928,1133.923076923077
11.731840246822685,104,117992,1134.5384615384614
11.732082112692297,104,118056,1135.1538461538462
11.732310458552092,104,118120,1135.7692307692307
11.73253535386175,104,118184,1136.3846153846155
11.732787269633263,104,118248,1137.0
11.733009555842727,104,118312,1137.6153846153845
11.733272161800414,104,118376,1138.2307692307693
11.733511947561055,104,118440,1138.8461538461538
11.733755914960057,104,118504,1139.4615384615386
11.734001009725034,104,118568,1140.076923076923
11.734245366882533,104,118632,1140.6923076923076
11.7344881426543,104,118696,1141.3076923076924
11.73473672894761,104,118760,1141.923076923077
11.734964874573052,104,118824,1142.5384615384614
11.73520094063133,104,118888,1143.1538461538462
11.735433316789567,104,118952,1143.7692307692307
11.73567589186132,104,119016,1144.3846153846155
11.735899157822132,104,119080,1145.0
11.736162994988263,104,119144,1145.6153846153845
11.736414410639554,104,119208,1146.2307692307693
11.73664912674576,104,119272,1146.8461538461538
11.736897522583604,104,119336,1147.4615384615386
11.737136508803815,104,119400,1148.076923076923
11.73736965470016,104,119464,1148.6923076923076
11.737595319747925,104,119528,1149.3076923076924
11.737849086988717,104,119592,1149.923076923077
11.738092332612723,104,119656,1150.5384615384614
11.738348378799856,104,119720,1151.1538461538462
11.738582774996758,104,119784,1151.7692307692307
11.73882739059627,104,119848,1152.3846153846155
11.73906332673505,104,119912,1153.0
11.810144972987473,104,119925,1153.125
11.810144972987473,104,119925,1153.125
12.573026322759688,103,118823,1153.621359223301
12.573475283570588,103,118887,1154.2427184466019
12.57373971072957,103,118951,1154.8640776699028
12.574249573983252,103,119015,1155.485436893204
12.5745407207869,103,119079,1156.106796116505
12.57480302779004,103,119143,1156.7281553398059
12.575082754716277,103,119207,1157.3495145631068
12.575335600879043,103,119271,1157.9708737864078
12.575604036916047,103,119335,1158.5922330097087
12.575864683836699,103,119399,1159.2135922330096
12.576120579615235,103,119463,1159.8349514563106
12.576367446687073,103,119527,1160.4563106796118
12.576609622687101,103,119591,1161.0776699029127
12.576844887807965,103,119655,1161.6990291262136
12.577115694992244,103,119719,1162.3203883495146
12.577374601736665,103,119783,1162.9417475728155
12.578269643709064,103,119847,1163.5631067961165
12.578571621794254,103,119911,1164.1844660194174
12.578826427925378,103,119975,1164.8058252427184
12.579100454691797,103,120039,1165.4271844660195
12.579372631851584,103,120103,1166.0485436893205
12.57961345789954,103,120167,1166.6699029126214
12.579878073651344,103,120231,1167.2912621359224
12.580129470676184,103,120295,1167.9126213592233
12.5803680466488,103,120359,1168.5339805825242
12.580624892842025,103,120423,1169.1553398058252
12.580878729000688,103,120487,1169.7766990291261
12.581153615843505,103,120551,1170.3980582524273
12.581401271745563,103,120615,1171.0194174757282
12.581650607753545,103,120679,1171.6407766990292
12.581890584900975,103,120743,1172.2621359223301
12.582171060610563,103,120807,1172.883495145631
12.582409526687115,103,120871,1173.504854368932
12.582666783593595,103,120935,1174.126213592233
12.582926330622286,103,120999,1174.7475728155339
12.583200566936284,103,121063,1175.368932038835
12.583450572565198,103,121127,1175.990291262136
12.583709879778326,103,121191,1176.611650485437
12.583947765640914,103,121255,1177.2330097087379
12.584199091885239,103,121319,1177.8543689320388
12.584468858782202,103,121383,1178.4757281553398
12.584735185839236,103,121447,1179.0970873786407
12.585276468656957,103,121511,1179.7184466019417
12.58553333580494,103,121575,1180.3398058252428
12.585777781903744,103,121639,1180.9611650485438
12.58606481878087,103,121703,1181.5825242718447
12.586310654878616,103,121767,1182.2038834951456
12.586548760998994,103,121831,1182.8252427184466
12.587759960908443,103,121895,1183.4466019417475
12.588021717965603,103,121959,1184.0679611650485
12.58831121493131,103,122023,1184.6893203883494
12.588588771875948,103,122087,1185.3106796116506
12.58884911891073,103,122151,1185.9320388349515
12.589101244695485,103,122215,1186.5533980582525
12.58934513060376,103,122279,1187.1747572815534
12.589605376590043,103,122343,1187.7961165048544
12.589858863968402,103,122407,1188.4174757281553
12.590131859760731,103,122471,1189.0388349514562
12.590377846732736,103,122535,1189.6601941747572
12.590624062810093,103,122599,1190.2815533980583
12.59084865776822,103,122663,1190.9029126213593
12.591093423776329,103,122727,1191.5242718446602
12.591333569958806,103,122791,1192.1456310679612
12.591567855793983,103,122855,1192.7669902912621
12.59180941293016,103,122919,1193.388349514563
12.592086348682642,103,122983,1194.009708737864
12.592329744715244,103,123047,1194.631067961165
12.592564610764384,103,123111,1195.2524271844661
12.592820027843118,103,123175,1195.873786407767
12.593070003669709,103,123239,1196.495145631068
12.593302849680185,103,123303,1197.116504854369
12.593567695934325,103,123367,1197.7378640776699
12.593846502713859,103,123431,1198.3592233009708
12.594118129927665,103,123495,1198.9805825242718
12.59436091594398,103,123559,1199.6019417475727
12.594593471847475,103,123623,1200.2233009708739
12.594825117848814,103,123687,1200.8446601941748
12.595097434706986,103,123751,1201.4660194174758
12.595339569728822,103,123815,1202.0873786407767
12.595591746736318,103,123879,1202.7087378640776
12.595844232942909,103,123943,1203.3300970873786
12.59611353976652,103,124007,1203.9514563106795
12.596369785722345,103,124071,1204.5728155339805
12.596605701837689,103,124135,1205.1941747572816
12.596855567768216,103,124199,1205.8155339805826
12.597126934677362,103,124263,1206.4368932038835
12.597377200610936,103,124327,1207.0582524271845
12.597616357728839,103,124391,1207.6796116504854
12.597856492735445,103,124455,1208.3009708737864
12.598107029683888,103,124519,1208.9223300970873
12.598375245928764,103,124583,1209.5436893203882
12.598633843008429,103,124647,1210.1650485436894
12.598880788777024,103,124711,1210.7864077669904
12.599151315633208,103,124775,1211.4077669902913
12.599410571623594,103,124839,1212.0291262135922
12.599645137786865,103,124903,1212.6504854368932
12.599882653914392,103,124967,1213.2718446601941
12.600130119826645,103,125031,1213.893203883495
12.60039745690301,103,125095,1214.514563106796
12.60062859300524,103,125159,1215.1359223300972
12.601237927563488,103,125223,1215.7572815533981
12.601504324935377,103,125287,1216.378640776699
12.601763310842216,103,125351,1217.0
12.602297714911401,103,125354,1217.0291262135922
12.602297714911401,103,125354,1217.0291262135922
12.749148572795093,102,124155,1217.2058823529412
12.749148572795093,102,124155,1217.2058823529412
13.26791222486645,101,122981,1217.6336633663366
13.268331854604185,101,123045,1218.2673267326732
13.268805126659572,101,123109,1218.90099009901
13.26910451380536,101,123173,1219.5346534653465
13.26939591160044,101,123237,1220.1683168316831
13.26966037787497,101,123301,1220.8019801980197
13.269936894997954,101,123365,1221.4356435643565
13.270203871652484,101,123429,1222.069306930693
13.270475788973272,101,123493,1222.7029702970297
13.270718614570796,101,123557,1223.3366336633662
13.270957909990102,101,123621,1223.970297029703
13.27122145658359,101,123685,1224.6039603960396
13.271461342927068,101,123749,1225.2376237623762
13.271724699996412,101,123813,1225.8712871287128
13.271996496710926,101,123877,1226.5049504950496
13.272274322807789,101,123941,1227.1386138613861
13.273140844888985,101,124005,1227.7722772277227
13.273449172731489,101,124069,1228.4059405940593
13.273709798697382,101,124133,1229.039603960396
13.27397610573098,101,124197,1229.6732673267327
13.274273523595184,101,124261,1230.3069306930693
13.274523179978132,101,124325,1230.9405940594058
13.274802106898278,101,124389,1231.5742574257426
13.275056312792003,101,124453,1232.2079207920792
13.275307178962976,101,124517,1232.8415841584158
13.275554616004229,101,124581,1233.4752475247524
13.275823051575571,101,124645,1234.1089108910892
13.276103248819709,101,124709,1234.7425742574258
13.276384605560452,101,124773,1235.3762376237623
13.276636691763997,101,124837,1236.009900990099
13.27689541876316,101,124901,1236.6435643564357
13.277154355775565,101,124965,1237.2772277227723
13.277411341667175,101,125029,1237.9108910891089
13.277682918589562,101,125093,1238.5445544554455
13.277953244745731,101,125157,1239.1782178217823
13.27823046175763,101,125221,1239.8118811881188
13.27848975872621,101,125285,1240.4455445544554
13.27875808486715,101,125349,1241.079207920792
13.279010421596467,101,125413,1241.7128712871288
13.279303408693522,101,125477,1242.3465346534654
13.27957549598068,101,125541,1242.980198019802
13.27983953198418,101,125605,1243.6138613861385
13.2801025188528,101,125669,1244.2475247524753
13.280379155650735,101,125733,1244.881188118812
13.280623321887106,101,125797,1245.5148514851485
13.280897388700396,101,125861,1246.148514851485
13.281158275902271,101,125925,1246.7821782178219
13.281403441913426,101,125989,1247.4158415841584
13.282768055796623,101,126053,1248.049504950495
13.283053312916309,101,126117,1248.6831683168316
13.28334014955908,101,126181,1249.3168316831684
13.283623897004873,101,126245,1249.950495049505
13.28389322385192,101,126309,1250.5841584158416
13.284163259901106,101,126373,1251.2178217821781
13.28441820666194,101,126437,1251.851485148515
13.284687023609877,101,126501,1252.4851485148515
13.284954069647938,101,126565,1253.118811881188
13.285218006931245,101,126629,1253.7524752475247
13.285484852734953,101,126693,1254.3861386138615
13.285730899777263,101,126757,1255.019801980198
13.286007046699524,101,126821,1255.6534653465346
13.286273723002523,101,126885,1256.2871287128712
13.286525258794427,101,126949,1256.920792079208
13.286769145634025,101,127013,1257.5544554455446
13.287062492687255,101,127077,1258.1881188118812
13.287342069670558,101,127141,1258.8217821782177
13.28759183594957,101,127205,1259.4554455445545
13.287838341668248,101,127269,1260.0891089108911
13.288121728692204,101,127333,1260.7227722772277
13.28838027594611,101,127397,1261.3564356435643
13.288620912004262,101,127461,1261.990099009901
13.288889908697456,101,127525,1262.6237623762377
13.289184745866805,101,127589,1263.2574257425742
13.289438581559807,101,127653,1263.8910891089108
13.28968825796619,101,127717,1264.5247524752476
13.289934784639627,101,127781,1265.1584158415842
13.290199950803071,101,127845,1265.7920792079208
13.290481657721102,101,127909,1266.4257425742574
13.290734075009823,101,127973,1267.0594059405942
13.290999841876328,101,128037,1267.6930693069307
13.291285188868642,101,128101,1268.3267326732673
13.291555624920875,101,128165,1268.960396039604
13.291821981780231,101,128229,1269.5940594059407
13.292087577749044,101,128293,1270.2277227722773
13.292337774764746,101,128357,1270.8613861386139
13.292601180728525,101,128421,1271.4950495049504
13.292872037738562,101,128485,1272.1287128712872
13.293133614584804,101,128549,1272.7623762376238
13.293380790855736,101,128613,1273.3960396039604
13.293649667873979,101,128677,1274.029702970297
13.293889273889363,101,128741,1274.6633663366338
13.294144089799374,101,128805,1275.2970297029703
13.294400195591152,101,128869,1275.930693069307
13.294667752925307,101,128933,1276.5643564356435
13.29492957983166,101,128997,1277.1980198019803
13.295180105604231,101,129061,1277.8316831683169
13.295426281634718,101,129125,1278.4653465346535
13.295698198955506,101,129189,1279.09900990099
13.295972965657711,101,129253,1279.7326732673268
13.29623679164797,101,129317,1280.3663366336634
13.29650852875784,101,129381,1281.0
13.641713363584131,101,129426,1281.4455445544554
13.641713363584131,101,129426,1281.4455445544554
13.883184286765754,100,128164,1281.64
13.883559095673263,100,128228,1282.28
13.884062548633665,100,128292,1282.92
13.884373717010021,100,128356,1283.56
13.88468052400276,100,128420,1284.2
13.884957900736481,100,128484,1284.84
13.885255748871714,100,128548,1285.48
13.885525184683502,100,128612,1286.12
13.88579799188301,100,128676,1286.76
13.886064188554883,100,128740,1287.4
13.886321734637022,100,128804,1288.04
13.886575831566006,100,128868,1288.68
13.886827907990664,100,128932,1289.32
13.887120454572141,100,128996,1289.96
13.88741072267294,100,129060,1290.6
13.88768443884328,100,129124,1291.24
13.908253352623433,100,129188,1291.88
13.908594801556319,100,129252,1292.52
13.908875088673085,100,129316,1293.16
13.909183526877314,100,129380,1293.8
13.909448492806405,100,129444,1294.44
13.909733809996396,100,129508,1295.08
13.909979225602001,100,129572,1295.72
13.910244372673333,100,129636,1296.36
13.910493738949299,100,129700,1297.0
13.910760975908488,100,129764,1297.64
13.911029572598636,100,129828,1298.28
13.911323129665107,100,129892,1298.92
13.911586675792933,100,129956,1299.56
13.91185069270432,100,130020,1300.2
13.91213643969968,100,130084,1300.84
13.912405636627227,100,130148,1301.48
13.912678683642298,100,130212,1302.12
13.912934609688818,100,130276,1302.76
13.913229847792536,100,130340,1303.4
13.913520064670593,100,130404,1304.04
13.91379767190665,100,130468,1304.68
13.914076768793166,100,130532,1305.32
13.914356245659292,100,130596,1305.96
13.914611991960555,100,130660,1306.6
13.914905109908432,100,130724,1307.24
13.915201556868851,100,130788,1307.88
13.915477053727955,100,130852,1308.52
13.91574038984254,100,130916,1309.16
13.916001706849784,100,130980,1309.8
13.916299663949758,100,131044,1310.44
13.916561490856111,100,131108,1311.08
13.916896308772266,100,131172,1311.72
13.918337504845113,100,131236,1312.36
13.918674072716385,100,131300,1313.0
13.918974060565233,100,131364,1313.64
13.919274878688157,100,131428,1314.28
13.919537174981087,100,131492,1314.92
13.919796021655202,100,131556,1315.56
13.920081388670951,100,131620,1316.2
13.920338194817305,100,131684,1316.84
13.920595481991768,100,131748,1317.48
13.92085971776396,100,131812,1318.12
13.92112003499642,100,131876,1318.76
13.921409341972321,100,131940,1319.4
13.9216851987876,100,132004,1320.04
13.921937674749643,100,132068,1320.68
13.92220997158438,100,132132,1321.32
13.922466587740928,100,132196,1321.96
13.922762225847691,100,132260,1322.6
13.92305731261149,100,132324,1323.24
13.923319759778678,100,132388,1323.88
13.923575415741652,100,132452,1324.52
13.923846502788365,100,132516,1325.16
13.9241161798127,100,132580,1325.8
13.924370795954019,100,132644,1326.44
13.924647682812065,100,132708,1327.08
13.924938279669732,100,132772,1327.72
13.925209946930408,100,132836,1328.36
13.925472213886678,100,132900,1329.0
13.925727319903672,100,132964,1329.64
13.925985485780984,100,133028,1330.28
13.926287584006786,100,133092,1330.92
13.926544369664043,100,133156,1331.56
13.926823536865413,100,133220,1332.2
13.927107563707978,100,133284,1332.84
13.927389660850167,100,133348,1333.48
13.927666967734694,100,133412,1334.12
13.927925854921341,100,133476,1334.76
13.92819091072306,100,133540,1335.4
13.928463637828827,100,133604,1336.04
13.928741224575788,100,133668,1336.68
13.928998421877623,100,133732,1337.32
13.929268897976726,100,133796,1337.96
13.929547934792936,100,133860,1338.6
13.929799270816147,100,133924,1339.24
13.9300670879893,100,133988,1339.88
13.930353244766593,100,134052,1340.52
13.930632052011788,100,134116,1341.16
13.93090224871412,100,134180,1341.8
13.931163595989347,100,134244,1342.44
13.931421941611916,100,134308,1343.08
13.93170690862462,100,134372,1343.72
13.931980175897479,100,134436,1344.36
13.932252332568169,100,134500,1345.0
14.00034463359043,100,134514,1345.14
14.00034463359043,100,134514,1345.14
14.679472591727972,99,133219,1345.6464646464647
14.679871511645615,99,133283,1346.2929292929293
14.680438925977796,99,133347,1346.939393939394
14.680777744855732,99,133411,1347.5858585858587
14.681103442795575,99,133475,1348.2323232323233
14.6813999498263,99,133539,1348.878787878788
14.681697997730225,99,133603,1349.5252525252524
14.681972223799676,99,133667,1350.171717171717
14.68227910157293,99,133731,1350.8181818181818
14.682544359005988,99,133795,1351.4646464646464
14.682804794982076,99,133859,1352.111111111111
14.683085841592401,99,133923,1352.7575757575758
14.683348258957267,99,133987,1353.4040404040404
14.683635965920985,99,134051,1354.050505050505
14.683932603802532,99,134115,1354.6969696969697
14.68422982096672,99,134179,1355.3434343434344
14.685295247007161,99,134243,1355.989898989899
14.685633085668087,99,134307,1356.6363636363637
14.685912222601473,99,134371,1357.2828282828282
14.686227300669998,99,134435,1357.9292929292928
14.686501287855208,99,134499,1358.5757575757575
14.686800844967365,99,134563,1359.2222222222222
14.687072522006929,99,134627,1359.8686868686868
14.687341028824449,99,134691,1360.5151515151515
14.687600784935057,99,134755,1361.1616161616162
14.687884541694075,99,134819,1361.8080808080808
14.688177609816194,99,134883,1362.4545454545455
14.688473026733845,99,134947,1363.1010101010102
14.688742163591087,99,135011,1363.7474747474748
14.689019650686532,99,135075,1364.3939393939395
14.689325417857617,99,135139,1365.040404040404
14.68959828466177,99,135203,1365.6868686868686
14.689878372009844,99,135267,1366.3333333333333
14.690152968745679,99,135331,1366.979797979798
14.690447086002678,99,135395,1367.6262626262626
14.690739333629608,99,135459,1368.2727272727273
14.691024850588292,99,135523,1368.919191919192
14.691378949675709,99,135587,1369.5656565656566
14.691682826727629,99,135651,1370.2121212121212
14.691951813641936,99,135715,1370.858585858586
14.692274841945618,99,135779,1371.5050505050506
14.69257220858708,99,135843,1372.1515151515152
14.69285103585571,99,135907,1372.79797979798
14.693129612598568,99,135971,1373.4444444444443
14.693403259851038,99,136035,1374.090909090909
14.693704067729414,99,136099,1374.7373737373737
14.6939701535739,99,136163,1375.3838383838383
14.694246240891516,99,136227,1376.030303030303
14.695942732971162,99,136291,1376.6767676767677
14.696284881792963,99,136355,1377.3232323232323
14.696596329566091,99,136419,1377.969696969697
14.696888186968863,99,136483,1378.6161616161617
14.697173574008048,99,136547,1379.2626262626263
14.697448510676622,99,136611,1379.909090909091
14.697732937987894,99,136675,1380.5555555555557
14.697993814945221,99,136739,1381.20202020202
14.69827430183068,99,136803,1381.8484848484848
14.698557288851589,99,136867,1382.4949494949494
14.698804074898362,99,136931,1383.141414141414
14.699107042979449,99,136995,1383.7878787878788
14.699398119933903,99,137059,1384.4343434343434
14.69965741597116,99,137123,1385.080808080808
14.699922032654285,99,137187,1385.7272727272727
14.700209349859506,99,137251,1386.3737373737374
14.700512577779591,99,137315,1387.020202020202
14.700806244742125,99,137379,1387.6666666666667
14.70108802197501,99,137443,1388.3131313131314
14.701352438889444,99,137507,1388.959595959596
14.701642266009003,99,137571,1389.6060606060605
14.701899472624063,99,137635,1390.2525252525252
14.702164448797703,99,137699,1390.8989898989898
14.702427685726434,99,137763,1391.5454545454545
14.702714662998915,99,137827,1392.1919191919192
14.702973888721317,99,137891,1392.8383838383838
14.703249165788293,99,137955,1393.4848484848485
14.703514702618122,99,138019,1394.1313131313132
14.703781008720398,99,138083,1394.7777777777778
14.704086176585406,99,138147,1395.4242424242425
14.704355663619936,99,138211,1396.0707070707072
14.704639740753919,99,138275,1396.7171717171718
14.70492148771882,99,138339,1397.3636363636363
14.705216014757752,99,138403,1398.010101010101
14.705502002965659,99,138467,1398.6565656565656
14.705769308842719,99,138531,1399.3030303030303
14.706031345762312,99,138595,1399.949494949495
14.706325772684067,99,138659,1400.5959595959596
14.706618589814752,99,138723,1401.2424242424242
14.70688056666404,99,138787,1401.888888888889
14.707154073752463,99,138851,1402.5353535353536
14.70744200097397,99,138915,1403.1818181818182
14.707701206672937,99,138979,1403.828282828283
14.707959993742406,99,139043,1404.4747474747476
14.70826220093295,99,139107,1405.121212121212
14.708552758675069,99,139171,1405.7676767676767
14.708833775948733,99,139235,1406.4141414141413
14.709100301843137,99,139299,1407.060606060606
14.709391048643738,99,139363,1407.7070707070707
14.709671786986291,99,139427,1408.3535353535353
14.709940532688051,99,139491,1409.0
15.236241402570158,99,139555,1409.6464646464647
15.236841277685016,99,139619,1410.2929292929293
15.23717321595177,99,139683,1410.939393939394
15.23751303460449,99,139747,1411.5858585858587
15.2378512728028,99,139811,1412.2323232323233
15.238180230837315,99,139875,1412.878787878788
15.238771915901452,99,139939,1413.5252525252524
15.239078253973275,99,140003,1414.171717171717
15.239382200874388,99,140067,1414.8181818181818
15.239650907926261,99,140131,1415.4646464646464
15.239913664758205,99,140195,1416.111111111111
15.240199632011354,99,140259,1416.7575757575758
15.240484008565545,99,140323,1417.4040404040404
15.24079526681453,99,140387,1418.050505050505
15.241126864682883,99,140451,1418.6969696969697
15.241435682866722,99,140515,1419.3434343434344
15.242130889557302,99,140579,1419.989898989899
15.242475698702037,99,140643,1420.6363636363637
15.242756315972656,99,140707,1421.2828282828282
15.243069923017174,99,140771,1421.9292929292928
15.243348620831966,99,140835,1422.5757575757575
15.243665607646108,99,140899,1423.2222222222222
15.243941404856741,99,140963,1423.8686868686868
15.244231642689556,99,141027,1424.5151515151515
15.244510298594832,99,141091,1425.1616161616162
15.24480872694403,99,141155,1425.8080808080808
15.245124904904515,99,141219,1426.4545454545455
15.245438142679632,99,141283,1427.1010101010102
15.246354824863374,99,141347,1427.7474747474748
15.246649303007871,99,141411,1428.3939393939395
15.246937830001116,99,141475,1429.040404040404
15.24722576700151,99,141539,1429.6868686868686
15.24753058468923,99,141603,1430.3333333333333
15.247816701885313,99,141667,1430.979797979798
15.24813295993954,99,141731,1431.6262626262626
15.248426196631044,99,141795,1432.2727272727273
15.248709823936224,99,141859,1432.919191919192
15.24897491093725,99,141923,1433.5656565656566
15.24927317770198,99,141987,1434.2121212121212
15.249541794881225,99,142051,1434.858585858586
15.249840412754565,99,142115,1435.5050505050506
15.25014243973419,99,142179,1436.1515151515152
15.250440157949924,99,142243,1436.79797979798
15.250722074881196,99,142307,1437.4444444444443
15.25100075174123,99,142371,1438.090909090909
15.251335879787803,99,142435,1438.7373737373737
15.251620627008379,99,142499,1439.3838383838383
15.251894913613796,99,142563,1440.030303030303
15.25320242671296,99,142627,1440.6767676767677
15.253566155675799,99,142691,1441.3232323232323
15.253892813809216,99,142755,1441.969696969697
15.254216991830617,99,142819,1442.6161616161617
15.254503248725086,99,142883,1443.2626262626263
15.254794326610863,99,142947,1443.909090909091
15.25510794389993,99,143011,1444.5555555555557
15.255375730805099,99,143075,1445.20202020202
15.255640547722578,99,143139,1445.8484848484848
15.255924694705755,99,143203,1446.4949494949494
15.256194821558893,99,143267,1447.141414141414
15.256509868893772,99,143331,1447.7878787878788
15.256812146864831,99,143395,1448.4343434343434
15.257106333971024,99,143459,1449.080808080808
15.25739567168057,99,143523,1449.7272727272727
15.257675818633288,99,143587,1450.3737373737374
15.258001395966858,99,143651,1451.020202020202
15.258325204718858,99,143715,1451.6666666666667
15.258594990707934,99,143779,1452.3131313131314
15.258859887719154,99,143843,1452.959595959596
15.259158664848655,99,143907,1453.6060606060605
15.259429111611098,99,143971,1454.2525252525252
15.259685458615422,99,144035,1454.8989898989898
15.259942684788257,99,144099,1455.5454545454545
15.26024868292734,99,144163,1456.1919191919192
15.260533819906414,99,144227,1456.8383838383838
15.260818596929312,99,144291,1457.4848484848485
15.261108853854239,99,144355,1458.1313131313132
15.261399040929973,99,144419,1458.7777777777778
15.26170722860843,99,144483,1459.4242424242425
15.26198397576809,99,144547,1460.0707070707072
15.26229380397126,99,144611,1460.7171717171718
15.263231646735221,99,144675,1461.3636363636363
15.263554354663938,99,144739,1462.010101010101
15.263837041798979,99,144803,1462.6565656565656
15.264118568971753,99,144867,1463.3030303030303
15.264401875901967,99,144931,1463.949494949495
15.264701403677464,99,144995,1464.5959595959596
15.265007191803306,99,145059,1465.2424242424242
15.265301678795367,99,145123,1465.888888888889
15.265580415725708,99,145187,1466.5353535353536
15.265887963585556,99,145251,1467.1818181818182
15.266201420687139,99,145315,1467.828282828283
15.266488918568939,99,145379,1468.4747474747476
15.266797245945781,99,145443,1469.121212121212
15.26711918367073,99,145507,1469.7676767676767
15.267416631802917,99,145571,1470.4141414141413
15.26767364796251,99,145635,1471.060606060606
15.26795319467783,99,145699,1471.7070707070707
15.268250092864037,99,145763,1472.3535353535353
15.268520688638091,99,145827,1473.0
15.805747861973941,99,145877,1473.5050505050506
15.805747861973941,99,145877,1473.5050505050506
15.939406660851091,98,144418,1473.6530612244899
15.939832411706448,98,144482,1474.3061224489795
15.940412716940045,98,144546,1474.9591836734694
15.94078278588131,98,144610,1475.6122448979593
15.941132054664195,98,144674,1476.265306122449
15.941457682754844,98,144738,1476.9183673469388
15.941780530847609,98,144802,1477.5714285714287
15.942099978681654,98,144866,1478.2244897959183
15.942419536877424,98,144930,1478.8775510204082
15.942701193969697,98,144994,1479.530612244898
15.942982411012053,98,145058,1480.1836734693877
15.94328770879656,98,145122,1480.8367346938776
15.943565664812922,98,145186,1481.4897959183672
15.94387669255957,98,145250,1482.142857142857
15.944211201742291,98,145314,1482.795918367347
15.944518768694252,98,145378,1483.4489795918366
15.94562753662467,98,145442,1484.1020408163265
15.946005045901984,98,145506,1484.7551020408164
15.946325744967908,98,145570,1485.408163265306
15.946657492779195,98,145634,1486.061224489796
15.946940529625863,98,145698,1486.7142857142858
15.947274567559361,98,145762,1487.3673469387754
15.947558334562927,98,145826,1488.0204081632653
15.94784301193431,98,145890,1488.6734693877552
15.948133019730449,98,145954,1489.3265306122448
15.948444286826998,98,146018,1489.9795918367347
15.948755474761128,98,146082,1490.6326530612246
15.94908394291997,98,146146,1491.2857142857142
15.949383290950209,98,146210,1491.938775510204
15.949684437830001,98,146274,1492.591836734694
15.949993846006691,98,146338,1493.2448979591836
15.950302453711629,98,146402,1493.8979591836735
15.950614391826093,98,146466,1494.5510204081634
15.950902098789811,98,146530,1495.204081632653
15.951235346961766,98,146594,1495.857142857143
15.951558504719287,98,146658,1496.5102040816328
15.951870642602444,98,146722,1497.1632653061224
15.952178970910609,98,146786,1497.8163265306123
15.952496849000454,98,146850,1498.469387755102
15.95278591569513,98,146914,1499.1224489795918
15.953133774921298,98,146978,1499.7755102040817
15.953457362949848,98,147042,1500.4285714285713
15.953765339683741,98,147106,1501.0816326530612
15.954072777647525,98,147170,1501.734693877551
15.954362534917891,98,147234,1502.3877551020407
15.95468396274373,98,147298,1503.0408163265306
15.954974060878158,98,147362,1503.6938775510205
15.955356699880213,98,147426,1504.3469387755101
15.957094962708652,98,147490,1505.0
15.957473092712462,98,147554,1505.6530612244899
15.957824491895735,98,147618,1506.3061224489795
15.958162019960582,98,147682,1506.9591836734694
15.958464327733964,98,147746,1507.6122448979593
15.958760894834995,98,147810,1508.265306122449
15.959090952761471,98,147874,1508.9183673469388
15.95939268078655,98,147938,1509.5714285714287
15.959683857858181,98,148002,1510.2244897959183
15.959983185864985,98,148066,1510.8775510204082
15.960276742931455,98,148130,1511.530612244898
15.96060468070209,98,148194,1512.1836734693877
15.96091862861067,98,148258,1512.8367346938776
15.961227256804705,98,148322,1513.4897959183672
15.961524373851717,98,148386,1514.142857142857
15.961810290813446,98,148450,1514.795918367347
15.962161289993674,98,148514,1515.4489795918366
15.962494068779051,98,148578,1516.1020408163265
15.962781915906817,98,148642,1516.7551020408164
15.963093823753297,98,148706,1517.408163265306
15.963413491845131,98,148770,1518.061224489796
15.963699798565358,98,148834,1518.7142857142858
15.963971565011889,98,148837,1518.7448979591836
15.963971565011889,98,148837,1518.7448979591836
15.964327493682504,97,147361,1519.1855670103093
15.964628351852298,97,147425,1519.8453608247423
15.964952499605715,97,147489,1520.5051546391753
15.965256586670876,97,147553,1521.1649484536083
15.965554764959961,97,147617,1521.8247422680413
15.965848702006042,97,147681,1522.4845360824743
15.966159209609032,97,147745,1523.1443298969073
15.966493657790124,97,147809,1523.8041237113403
15.96678707562387,97,147873,1524.4639175257732
15.967115543782711,97,147937,1525.1237113402062
15.967434581834823,97,148001,1525.7835051546392
15.967751639895141,97,148065,1526.4432989690722
15.9680793476291,97,148129,1527.1030927835052
15.968383495695889,97,148193,1527.7628865979382
15.968675312586129,97,148257,1528.4226804123712
15.968992520589381,97,148321,1529.0824742268042
15.969300578814,97,148385,1529.7422680412371
15.969630256760865,97,148449,1530.4020618556701
15.96991976397112,97,148513,1531.0618556701031
15.970250411890447,97,148577,1531.721649484536
15.970572949852794,97,148641,1532.381443298969
15.970865807961673,97,148705,1533.041237113402
15.971198855899274,97,148769,1533.701030927835
15.971516783814877,97,148833,1534.360824742268
15.971827081870288,97,148897,1535.020618556701
15.97212924901396,97,148961,1535.680412371134
15.972575969994068,97,149025,1536.340206185567
15.972913958597928,97,149089,1537.0
15.98899965081364,97,149096,1537.0721649484535
15.98899965081364,97,149096,1537.0721649484535
16.500727795995772,96,147616,1537.6666666666667
16.501216397620738,96,147680,1538.3333333333333
16.501534825656563,96,147744,1539.0
16.50218513282016,96,147808,1539.6666666666667
16.50254894187674,96,147872,1540.3333333333333
16.502875439822674,96,147936,1541.0
16.503230058588088,96,148000,1541.6666666666667
16.503542836755514,96,148064,1542.3333333333333
16.503866494633257,96,148128,1543.0
16.504173462744802,96,148192,1543.6666666666667
16.504469649866223,96,148256,1544.3333333333333
16.504770376719534,96,148320,1545.0
16.505073744803667,96,148384,1545.6666666666667
16.505396022927016,96,148448,1546.3333333333333
16.505724530667067,96,148512,1547.0
16.506037248764187,96,148576,1547.6666666666667
16.507176726590842,96,148640,1548.3333333333333
16.50754323694855,96,148704,1549.0
16.507854903582484,96,148768,1549.6666666666667
16.50821067299694,96,148832,1550.3333333333333
16.508513730950654,96,148896,1551.0
16.508858788758516,96,148960,1551.6666666666667
16.509162456728518,96,149024,1552.3333333333333
16.50945877470076,96,149088,1553.0
16.50974936177954,96,149152,1553.6666666666667
16.510080909822136,96,149216,1554.3333333333333
16.510408227797598,96,149280,1555.0
16.51073716674,96,149344,1555.6666666666667
16.511060914956033,96,149408,1556.3333333333333
16.51139050256461,96,149472,1557.0
16.51171668060124,96,149536,1557.6666666666667
16.512017827946693,96,149600,1558.3333333333333
16.51235200697556,96,149664,1559.0
16.512651653960347,96,149728,1559.6666666666667
16.512972201686352,96,149792,1560.3333333333333
16.51331441057846,96,149856,1561.0
16.51363943889737,96,149920,1561.6666666666667
16.51394468685612,96,149984,1562.3333333333333
16.514285494573414,96,150048,1563.0
16.514589502941817,96,150112,1563.6666666666667
16.514930211007595,96,150176,1564.3333333333333
16.515279929619282,96,150240,1565.0
16.515601397957653,96,150304,1565.6666666666667
16.515905095729977,96,150368,1566.3333333333333
16.51621694257483,96,150432,1567.0
16.516557071823627,96,150496,1567.6666666666667
16.51685456885025,96,150560,1568.3333333333333
16.517244178801775,96,150624,1569.0
16.518841748591512,96,150688,1569.6666666666667
16.519211197737604,96,150752,1570.3333333333333
16.519563456997275,96,150816,1571.0
16.519891874864697,96,150880,1571.6666666666667
16.520205842796713,96,150944,1572.3333333333333
16.520517280790955,96,151008,1573.0
16.52083418890834,96,151072,1573.6666666666667
16.521147766616195,96,151136,1574.3333333333333
16.52144966367632,96,151200,1575.0
16.52175628161058,96,151264,1575.6666666666667
16.52205709880218,96,151328,1576.3333333333333
16.522392147686332,96,151392,1577.0
16.522720305714756,96,151456,1577.6666666666667
16.523016392719,96,151520,1578.3333333333333
16.52333459071815,96,151584,1579.0
16.523633658885956,96,151648,1579.6666666666667
16.523987877648324,96,151712,1580.3333333333333
16.52433318598196,96,151776,1581.0
16.52463465370238,96,151840,1581.6666666666667
16.524926310870796,96,151904,1582.3333333333333
16.52526597864926,96,151968,1583.0
16.525562336668372,96,152032,1583.6666666666667
16.525851303711534,96,152096,1584.3333333333333
16.52618561172858,96,152160,1585.0
16.526480129919946,96,152224,1585.6666666666667
16.526770636904985,96,152288,1586.3333333333333
16.52709819469601,96,152352,1587.0
16.52739265281707,96,152416,1587.6666666666667
16.527699949685484,96,152480,1588.3333333333333
16.528023067861795,96,152544,1589.0
16.52834166586399,96,152608,1589.6666666666667
16.528659293893725,96,152672,1590.3333333333333
16.528971511870623,96,152736,1591.0
16.529305069707334,96,152800,1591.6666666666667
16.529624167829752,96,152864,1592.3333333333333
16.52992522576824,96,152928,1593.0
16.530236953869462,96,152992,1593.6666666666667
16.5305543015711,96,153056,1594.3333333333333
16.530842458829284,96,153120,1595.0
16.531179246958345,96,153184,1595.6666666666667
16.531476434785873,96,153248,1596.3333333333333
16.531795122660697,96,153312,1597.0
16.532101629767567,96,153376,1597.6666666666667
16.53242579801008,96,153440,1598.3333333333333
16.53272964572534,96,153504,1599.0
16.53305969387293,96,153568,1599.6666666666667
16.533376791980118,96,153632,1600.3333333333333
16.533667638897896,96,153696,1601.0
17.060440920758992,96,153760,1601.6666666666667
17.060943653807044,96,153824,1602.3333333333333
17.061287452001125,96,153888,1603.0
17.06164483074099,96,153952,1603.6666666666667
17.06199461966753,96,154016,1604.3333333333333
17.062588854692876,96,154080,1605.0
17.062989194877446,96,154144,1605.6666666666667
17.063307522796094,96,154208,1606.3333333333333
17.06349963787943,96,154272,1607.0
17.063674981705844,96,154336,1607.6666666666667
17.06385477585718,96,154400,1608.3333333333333
17.06403274089098,96,154464,1609.0
17.0642148447223,96,154528,1609.6666666666667
17.064529072958976,96,154592,1610.3333333333333
17.064864551648498,96,154656,1611.0
17.06520379986614,96,154720,1611.6666666666667
17.06638807989657,96,154784,1612.3333333333333
17.066759028937668,96,154848,1613.0
17.067094136960804,96,154912,1613.6666666666667
17.067379973828793,96,154976,1614.3333333333333
17.067555628716946,96,155040,1615.0
17.067749943584204,96,155104,1615.6666666666667
17.067919027991593,96,155168,1616.3333333333333
17.068102541845292,96,155232,1617.0
17.068309807684273,96,155296,1617.6666666666667
17.06863234564662,96,155360,1618.3333333333333
17.06895745359361,96,155424,1619.0
17.069302251562476,96,155488,1619.6666666666667
17.06961554987356,96,155552,1620.3333333333333
17.069930447731167,96,155616,1621.0
17.070274946745485,96,155680,1621.6666666666667
17.0705854636617,96,155744,1622.3333333333333
17.070908282883465,96,155808,1623.0
17.071223019622266,96,155872,1623.6666666666667
17.071442055981606,96,155936,1624.3333333333333
17.0716336206533,96,156000,1625.0
17.07182329474017,96,156064,1625.6666666666667
17.07200070982799,96,156128,1626.3333333333333
17.072204204741865,96,156192,1627.0
17.072483571711928,96,156256,1627.6666666666667
17.072820990812033,96,156320,1628.3333333333333
17.073160458821803,96,156384,1629.0
17.073489096947014,96,156448,1629.6666666666667
17.073798934929073,96,156512,1630.3333333333333
17.07411502301693,96,156576,1631.0
17.074450930580497,96,156640,1631.6666666666667
17.074751078616828,96,156704,1632.3333333333333
17.075142227578908,96,156768,1633.0
17.07620443496853,96,156832,1633.6666666666667
17.076541082933545,96,156896,1634.3333333333333
17.076893711928278,96,156960,1635.0
17.07724121073261,96,157024,1635.6666666666667
17.077442445792258,96,157088,1636.3333333333333
17.077618869952857,96,157152,1637.0
17.077805024571717,96,157216,1637.6666666666667
17.077977128792554,96,157280,1638.3333333333333
17.0781623236835,96,157344,1639.0
17.078432470560074,96,157408,1639.6666666666667
17.078726867679507,96,157472,1640.3333333333333
17.079069126863033,96,157536,1641.0
17.079405374825,96,157600,1641.6666666666667
17.079709762707353,96,157664,1642.3333333333333
17.080011969897896,96,157728,1643.0
17.080333097837865,96,157792,1643.6666666666667
17.08068117685616,96,157856,1644.3333333333333
17.08101240498945,96,157920,1645.0
17.081331042572856,96,157984,1645.6666666666667
17.081630430649966,96,158048,1646.3333333333333
17.081954807974398,96,158112,1647.0
17.082272155676037,96,158176,1647.6666666666667
17.082574743777514,96,158240,1648.3333333333333
17.082905661780387,96,158304,1649.0
17.083226889837533,96,158368,1649.6666666666667
17.083533947821707,96,158432,1650.3333333333333
17.083863325882703,96,158496,1651.0
17.084174493793398,96,158560,1651.6666666666667
17.084483831655234,96,158624,1652.3333333333333
17.0848175897263,96,158688,1653.0
17.085129047743976,96,158752,1653.6666666666667
17.085458125919104,96,158816,1654.3333333333333
17.085781193803996,96,158880,1655.0
17.086117482744157,96,158944,1655.6666666666667
17.08644802076742,96,159008,1656.3333333333333
17.086753627751023,96,159072,1657.0
17.08706436585635,96,159136,1657.6666666666667
17.087345622945577,96,159200,1658.3333333333333
17.087518737651408,96,159264,1659.0
17.087710511870682,96,159328,1659.6666666666667
17.087884676642716,96,159392,1660.3333333333333
17.088083231821656,96,159456,1661.0
17.088280556723475,96,159520,1661.6666666666667
17.08862085500732,96,159584,1662.3333333333333
17.088927742559463,96,159648,1663.0
17.089267070870847,96,159712,1663.6666666666667
17.08959687873721,96,159776,1664.3333333333333
17.089891656767577,96,159840,1665.0
17.651107038836926,96,159878,1665.3958333333333
17.651107038836926,96,159878,1665.3958333333333
17.89286813000217,95,158239,1665.6736842105263
17.893534445669502,95,158303,1666.3473684210526
17.893884494900703,95,158367,1667.0210526315789
17.894275024998933,95,158431,1667.6947368421052
17.894646323751658,95,158495,1668.3684210526317
17.894990622997284,95,158559,1669.042105263158
17.895681999623775,95,158623,1669.7157894736843
17.896021967753768,95,158687,1670.3894736842105
17.896385047584772,95,158751,1671.0631578947368
17.896704975981265,95,158815,1671.7368421052631
17.897021263837814,95,158879,1672.4105263157894
17.897359082009643,95,158943,1673.0842105263157
17.89766456000507,95,159007,1673.7578947368422
17.89801420783624,95,159071,1674.4315789473685
17.89839415764436,95,159135,1675.1052631578948
17.898729295935482,95,159199,1675.778947368421
17.899333980865777,95,159263,1676.4526315789474
17.89969568978995,95,159327,1677.1263157894737
17.900021628011018,95,159391,1677.8
17.90038810763508,95,159455,1678.4736842105262
17.900701314676553,95,159519,1679.1473684210525
17.901068004779518,95,159583,1679.821052631579
17.902120681013912,95,159647,1680.4947368421053
17.902465448714793,95,159711,1681.1684210526316
17.90277936682105,95,159775,1681.842105263158
17.903131775557995,95,159839,1682.5157894736842
17.90347055485472,95,159903,1683.1894736842105
17.9038153225556,95,159967,1683.8631578947368
17.90415710164234,95,160031,1684.536842105263
17.904483569785953,95,160095,1685.2105263157894
17.904830348677933,95,160159,1685.8842105263159
17.905163656920195,95,160223,1686.5578947368422
17.90549859497696,95,160287,1687.2315789473685
17.90581373265013,95,160351,1687.9052631578948
17.906166221946478,95,160415,1688.578947368421
17.906512560788542,95,160479,1689.2526315789473
17.9068485586904,95,160543,1689.9263157894736
17.907184017822146,95,160607,1690.6
17.907528745941818,95,160671,1691.2736842105264
17.907842363696545,95,160735,1691.9473684210527
17.908200312871486,95,160799,1692.621052631579
17.908546840772033,95,160863,1693.2947368421053
17.908877469599247,95,160927,1693.9684210526316
17.909213177859783,95,160991,1694.6421052631579
17.909530165605247,95,161055,1695.3157894736842
17.90993817569688,95,161119,1695.9894736842105
17.910273004788905,95,161183,1696.6631578947367
17.910675794817507,95,161247,1697.3368421052633
17.911636118777096,95,161311,1698.0105263157895
17.911999347619712,95,161375,1698.6842105263158
17.91237972676754,95,161439,1699.3578947368421
17.912731935735792,95,161503,1700.0315789473684
17.91306241368875,95,161567,1700.7052631578947
17.91338490182534,95,161631,1701.378947368421
17.913713729940355,95,161695,1702.0526315789473
17.914018347859383,95,161759,1702.7263157894736
17.914347756654024,95,161823,1703.4
17.91467170463875,95,161887,1704.0736842105264
17.91496777161956,95,161951,1704.7473684210527
17.915326550602913,95,162015,1705.421052631579
17.915666908957064,95,162079,1706.0947368421052
17.915973166935146,95,162143,1706.7684210526315
17.91630395455286,95,162207,1707.4421052631578
17.9166126428172,95,162271,1708.1157894736841
17.917962736915797,95,162335,1708.7894736842106
17.918362046591938,95,162399,1709.463157894737
17.91868256498128,95,162463,1710.1368421052632
17.918991372920573,95,162527,1710.8105263157895
17.919347430579364,95,162591,1711.4842105263158
17.91965578868985,95,162655,1712.157894736842
17.919955156743526,95,162719,1712.8315789473684
17.920307374559343,95,162783,1713.5052631578947
17.920624172780663,95,162847,1714.178947368421
17.92095669079572,95,162911,1714.8526315789475
17.921279589645565,95,162975,1715.5263157894738
17.921602827962488,95,163039,1716.2
17.921941575594246,95,163103,1716.8736842105263
17.922297244891524,95,163167,1717.5473684210526
17.922619523014873,95,163231,1718.221052631579
17.922972461674362,95,163295,1718.8947368421052
17.92332720058039,95,163359,1719.5684210526315
17.92366614891216,95,163423,1720.2421052631578
17.924000317696482,95,163487,1720.9157894736843
17.92433156585321,95,163551,1721.5894736842106
17.924642433878034,95,163615,1722.2631578947369
17.92496973183006,95,163679,1722.9368421052632
17.92529302975163,95,163743,1723.6105263157895
17.925633107777685,95,163807,1724.2842105263157
17.92594580585137,95,163871,1724.957894736842
17.926292064599693,95,163935,1725.6315789473683
17.926605342887342,95,163999,1726.3052631578948
17.92693841084838,95,164063,1726.9789473684211
17.927268258761615,95,164127,1727.6526315789474
17.927601147908717,95,164191,1728.3263157894737
17.927902694791555,95,164255,1729.0
18.508796768728644,95,164308,1729.5578947368422
18.508796768728644,95,164308,1729.5578947368422
18.618237952701747,94,162590,1729.6808510638298
18.618730395566672,94,162654,1730.3617021276596
18.619464433752,94,162718,1731.0425531914893
18.619895164854825,94,162782,1731.723404255319
18.620300454553217,94,162846,1732.404255319149
18.620660663582385,94,162910,1733.0851063829787
18.621027752757072,94,162974,1733.7659574468084
18.62137574190274,94,163038,1734.4468085106382
18.62172659067437,94,163102,1735.127659574468
18.622068918775767,94,163166,1735.8085106382978
18.6223954167217,94,163230,1736.4893617021276
18.622721125837415,94,163294,1737.1702127659576
18.623032992705703,94,163358,1737.8510638297873
18.623392642010003,94,163422,1738.531914893617
18.62375379074365,94,163486,1739.212765957447
18.624116479884833,94,163550,1739.8936170212767
18.625581636559218,94,163614,1740.5744680851064
18.62599237682298,94,163678,1741.2553191489362
18.626359335612506,94,163742,1741.936170212766
18.62668152479455,94,163806,1742.6170212765958
18.62705522356555,94,163870,1743.2978723404256
18.627378841862082,94,163934,1743.9787234042553
18.627699049655348,94,163998,1744.659574468085
18.628017397597432,94,164062,1745.340425531915
18.628384086769074,94,164126,1746.0212765957447
18.628730315715075,94,164190,1746.7021276595744
18.62910449458286,94,164254,1747.3829787234042
18.629437583964318,94,164318,1748.063829787234
18.62977038184181,94,164382,1748.7446808510638
18.63013685075566,94,164446,1749.4255319148936
18.630480558611453,94,164510,1750.1063829787233
18.630800146609545,94,164574,1750.787234042553
18.63116292655468,94,164638,1751.468085106383
18.63149263476953,94,164702,1752.1489361702127
18.63184612384066,94,164766,1752.8297872340424
18.63221625285223,94,164830,1753.5106382978724
18.63257884187624,94,164894,1754.1914893617022
18.632912850007415,94,164958,1754.872340425532
18.63327938877046,94,165022,1755.5531914893618
18.633609127718955,94,165086,1756.2340425531916
18.633972516749054,94,165150,1756.9148936170213
18.634317794814706,94,165214,1757.595744680851
18.634672613814473,94,165278,1758.276595744681
18.634998162742704,94,165342,1758.9574468085107
18.63535616081208,94,165406,1759.6382978723404
18.635674168821424,94,165470,1760.3191489361702
18.63603573758155,94,165534,1761.0
18.636373626999557,94,165598,1761.6808510638298
18.63828142499551,94,165662,1762.3617021276596
18.638669593725353,94,165726,1763.0425531914893
18.639061473775655,94,165790,1763.723404255319
18.63942857272923,94,165854,1764.404255319149
18.639764670748264,94,165918,1765.0851063829787
18.64010607963428,94,165982,1765.7659574468084
18.640458578709513,94,166046,1766.4468085106382
18.640784356743097,94,166110,1767.127659574468
18.64114088565111,94,166174,1767.8085106382978
18.641456473618746,94,166238,1768.4893617021276
18.641824692953378,94,166302,1769.1702127659576
18.64235680596903,94,166366,1769.8510638297873
18.642709984909743,94,166430,1770.531914893617
18.643086864612997,94,166494,1771.212765957447
18.643428092822433,94,166558,1771.8936170212767
18.64376311097294,94,166622,1772.5744680851064
18.644148910883814,94,166686,1773.2553191489362
18.64451019000262,94,166750,1773.936170212766
18.64483767794445,94,166814,1774.6170212765958
18.64517520694062,94,166878,1775.2978723404256
18.64552775491029,94,166942,1775.9787234042553
18.645846753846854,94,167006,1776.659574468085
18.646171270869672,94,167070,1777.340425531915
18.6465348508209,94,167134,1778.0212765957447
18.646860968787223,94,167198,1778.7021276595744
18.647204336710274,94,167262,1779.3829787234042
18.647570116911083,94,167326,1780.063829787234
18.647904894780368,94,167390,1780.7446808510638
18.64825625391677,94,167454,1781.4255319148936
18.648608502931893,94,167518,1782.1063829787233
18.64892935100943,94,167582,1782.787234042553
18.649299069773406,94,167646,1783.468085106383
18.64964756881818,94,167710,1784.1489361702127
18.650003626942635,94,167774,1784.8297872340424
18.65037003578618,94,167838,1785.5106382978724
18.650701854843646,94,167902,1786.1914893617022
18.651022422593087,94,167966,1786.872340425532
18.651385641656816,94,168030,1787.5531914893618
18.651706689968705,94,168094,1788.2340425531916
18.65207531861961,94,168158,1788.9148936170213
18.65240213694051,94,168222,1789.595744680851
18.65274899592623,94,168286,1790.276595744681
18.653111304622144,94,168350,1790.9574468085107
18.653441882692277,94,168414,1791.6382978723404
18.653780491556972,94,168478,1792.3191489361702
18.65410719998181,94,168542,1793.0
18.919009818695486,94,168577,1793.372340425532
18.919009818695486,94,168577,1793.372340425532
19.11532509373501,93,166806,1793.6129032258063
19.11532509373501,93,166806,1793.6129032258063
19.18927863193676,92,165020,1793.695652173913
19.189759652595967,92,165084,1794.391304347826
19.190378618892282,92,165148,1795.0869565217392
19.190769728738815,92,165212,1795.7826086956522
19.19116503885016,92,165276,1796.4782608695652
19.191528657916933,92,165340,1797.1739130434783
19.191899886820465,92,165404,1797.8695652173913
19.192254875786602,92,165468,1798.5652173913043
19.192619694862515,92,165532,1799.2608695652175
19.192950922995806,92,165596,1799.9565217391305
19.19329166179523,92,165660,1800.6521739130435
19.193630459718406,92,165724,1801.3478260869565
19.193950827699155,92,165788,1802.0434782608695
19.19433083757758,92,165852,1802.7391304347825
19.19471240695566,92,165916,1803.4347826086957
19.195085746701807,92,165980,1804.1304347826087
19.196199564728886,92,166044,1804.8260869565217
19.196630514692515,92,166108,1805.5217391304348
19.196983123663813,92,166172,1806.2173913043478
19.197320852894336,92,166236,1806.9130434782608
19.19768646173179,92,166300,1807.608695652174
19.198054431006312,92,166364,1808.304347826087
19.198448130860925,92,166428,1809.0
19.1988432710059,92,166492,1809.695652173913
19.199250801000744,92,166556,1810.391304347826
19.19963845098391,92,166620,1811.0869565217392
19.200068960897624,92,166684,1811.7826086956522
19.200422959867865,92,166748,1812.4782608695652
19.200771298725158,92,166812,1813.1739130434783
19.20115238800645,92,166876,1813.8695652173913
19.201497186906636,92,166940,1814.5652173913043
19.20182355493307,92,167004,1815.2608695652175
19.202191293705255,92,167068,1815.9565217391305
19.20252476260066,92,167132,1816.6521739130435
19.202885071747005,92,167196,1817.3478260869565
19.203267550561577,92,167260,1818.0434782608695
19.203630829695612,92,167324,1818.7391304347825
19.203969738911837,92,167388,1819.4347826086957
19.204347237944603,92,167452,1820.1304347826087
19.204683465883136,92,167516,1820.8260869565217
19.20507741579786,92,167580,1821.5217391304348
19.205418614670634,92,167644,1822.2173913043478
19.205780293792486,92,167708,1822.9130434782608
19.20612825267017,92,167772,1823.608695652174
19.206456540618092,92,167836,1824.304347826087
19.206822499632835,92,167900,1825.0
19.207169198896736,92,167964,1825.695652173913
19.207503826823086,92,168028,1826.391304347826
19.209467745851725,92,168092,1827.0869565217392
19.20985344564542,92,168156,1827.7826086956522
19.210214684717357,92,168220,1828.4782608695652
19.210597983561456,92,168284,1829.1739130434783
19.21095621259883,92,168348,1829.8695652173913
19.21130636194721,92,168412,1830.5652173913043
19.211644319817424,92,168476,1831.2608695652175
19.211991518735886,92,168540,1831.9565217391305
19.212347477674484,92,168604,1832.6521739130435
19.212692206725478,92,168668,1833.3478260869565
19.21300516463816,92,168732,1834.0434782608695
19.213386113755405,92,168796,1834.7391304347825
19.213744662702084,92,168860,1835.4347826086957
19.21408347086981,92,168924,1836.1304347826087
19.214446040801704,92,168988,1836.8260869565217
19.214826459996402,92,169052,1837.5217391304348
19.215254530776292,92,169116,1838.2173913043478
19.215625669807196,92,169180,1838.9130434782608
19.215959757566452,92,169244,1839.608695652174
19.21633287658915,92,169308,1840.304347826087
19.216690216679126,92,169372,1841.0
19.217013753950596,92,169436,1841.695652173913
19.217346232850105,92,169500,1842.391304347826
19.217706061899662,92,169564,1843.0869565217392
19.21809536172077,92,169628,1843.7826086956522
19.21842586994171,92,169692,1844.4782608695652
19.21878233877942,92,169756,1845.1739130434783
19.219132046680897,92,169820,1845.8695652173913
19.219468695577234,92,169884,1846.5652173913043
19.21988437557593,92,169948,1847.2608695652175
19.220253894571215,92,170012,1847.9565217391305
19.220667735673487,92,170076,1848.6521739130435
19.22111302660778,92,170140,1849.3478260869565
19.221477715764195,92,170204,1850.0434782608695
19.221810673829168,92,170268,1850.7391304347825
19.222180673852563,92,170332,1851.4347826086957
19.222510841675103,92,170396,1852.1304347826087
19.222875081002712,92,170460,1852.8260869565217
19.223222779575735,92,170524,1853.5217391304348
19.223579828627408,92,170588,1854.2173913043478
19.22398490877822,92,170652,1854.9130434782608
19.224358347710222,92,170716,1855.608695652174
19.22471516672522,92,170780,1856.304347826087
19.225056065712124,92,170844,1857.0
19.688157906755805,92,170901,1857.6195652173913
19.688157906755805,92,170901,1857.6195652173913
19.732882873620838,91,169049,1857.6813186813188
19.732882873620838,91,169049,1857.6813186813188
19.761559830978513,90,167194,1857.7111111111112
19.762029042001814,90,167258,1858.4222222222222
19.76277881069109,90,167322,1859.1333333333334
19.763243942987174,90,167386,1859.8444444444444
19.7636426826939,90,167450,1860.5555555555557
19.764016442000866,90,167514,1861.2666666666667
19.76440941169858,90,167578,1861.9777777777779
19.764759050682187,90,167642,1862.6888888888889
19.76514763990417,90,167706,1863.4
19.76549230888486,90,167770,1864.111111111111
19.76583274686709,90,167834,1864.8222222222223
19.76618874585256,90,167898,1865.5333333333333
19.766519103664905,90,167962,1866.2444444444445
19.766882963944227,90,168026,1866.9555555555555
19.7672796738334,90,168090,1867.6666666666667
19.76764700282365,90,168154,1868.3777777777777
19.769141449593008,90,168218,1869.088888888889
19.769588860683143,90,168282,1869.8
19.76995620969683,90,168346,1870.5111111111112
19.770320269744843,90,168410,1871.2222222222222
19.77070850878954,90,168474,1871.9333333333334
19.77108208881691,90,168538,1872.6444444444444
19.771440417971462,90,168602,1873.3555555555556
19.771787925623357,90,168666,1874.0666666666666
19.772168605588377,90,168730,1874.7777777777778
19.772540494799614,90,168794,1875.4888888888888
19.772925214841962,90,168858,1876.2
19.77329527400434,90,168922,1876.911111111111
19.773652742616832,90,168986,1877.6222222222223
19.77402403159067,90,169050,1878.3333333333333
19.774393390864134,90,169114,1879.0444444444445
19.774726369883865,90,169178,1879.7555555555555
19.775108008645475,90,169242,1880.4666666666667
19.775456837844104,90,169306,1881.1777777777777
19.77583203697577,90,169370,1881.888888888889
19.776212786789984,90,169434,1882.6
19.77658077562228,90,169498,1883.3111111111111
19.776922514662147,90,169562,1884.0222222222221
19.777300043962896,90,169626,1884.7333333333333
19.777644781861454,90,169690,1885.4444444444443
19.778024221770465,90,169754,1886.1555555555556
19.778378300834447,90,169818,1886.8666666666666
19.77874727966264,90,169882,1887.5777777777778
19.779098318889737,90,169946,1888.2888888888888
19.77943946700543,90,170010,1889.0
19.779809566680342,90,170074,1889.7111111111112
19.780158614739776,90,170138,1890.4222222222222
19.780498013831675,90,170202,1891.1333333333334
19.782416321802884,90,170266,1891.8444444444444
19.782818171661347,90,170330,1892.5555555555557
19.78318201098591,90,170394,1893.2666666666667
19.783531059976667,90,170458,1893.9777777777779
19.783905368763953,90,170522,1894.6888888888889
19.784264667890966,90,170586,1895.4
19.784612396731973,90,170650,1896.111111111111
19.78496463596821,90,170714,1896.8222222222223
19.78531389357522,90,170778,1897.5333333333333
19.78566764295101,90,170842,1898.2444444444445
19.785994060803205,90,170906,1898.9555555555555
19.786381860729307,90,170970,1899.6666666666667
19.78675122000277,90,171034,1900.3777777777777
19.787100578658283,90,171098,1901.088888888889
19.78747255774215,90,171162,1901.8
19.787821216974407,90,171226,1902.5111111111112
19.788236196618527,90,171290,1903.2222222222222
19.788617016747594,90,171354,1903.9333333333334
19.788983715698123,90,171418,1904.6444444444444
19.789366974961013,90,171482,1905.3555555555556
19.789739024825394,90,171546,1906.0666666666666
19.790087392553687,90,171610,1906.7777777777778
19.790414571762085,90,171674,1907.4888888888888
19.790773869957775,90,171738,1908.2
19.791129018645734,90,171802,1908.911111111111
19.791475497651845,90,171866,1909.6222222222223
19.7918376266025,90,171930,1910.3333333333333
19.792195995803922,90,171994,1911.0444444444445
19.792550494894385,90,172058,1911.7555555555555
19.79291479382664,90,172122,1912.4666666666667
19.793273402843624,90,172186,1913.1777777777777
19.793647952843457,90,172250,1913.888888888889
19.793988310731947,90,172314,1914.6
19.79435112979263,90,172378,1915.3111111111111
19.794689307920635,90,172442,1916.0222222222221
19.795074917841703,90,172506,1916.7333333333333
19.795418966561556,90,172570,1917.4444444444443
19.79578254558146,90,172634,1918.1555555555556
19.796163454651833,90,172698,1918.8666666666666
19.796512273605913,90,172762,1919.5777777777778
19.796865762677044,90,172826,1920.2888888888888
19.797205150593072,90,172890,1921.0
19.975219898857176,90,172915,1921.2777777777778
19.975219898857176,90,172915,1921.2777777777778
20.26246679574251,89,171026,1921.6404494382023
20.26246679574251,89,171026,1921.6404494382023
20.30697654793039,88,169110,1921.7045454545455
20.30697654793039,88,169110,1921.7045454545455
20.336070625577122,87,167191,1921.7356321839081
20.33658920787275,87,167255,1922.471264367816
20.337265734560788,87,167319,1923.2068965517242
20.33769210567698,87,167383,1923.942528735632
20.338112705852836,87,167447,1924.6781609195402
20.33849332574755,87,167511,1925.4137931034484
20.33889836585149,87,167575,1926.1494252873563
20.339301445987076,87,167639,1926.8850574712644
20.339695025701076,87,167703,1927.6206896551723
20.340069585014135,87,167767,1928.3563218390805
20.340426413808018,87,167831,1929.0919540229886
20.340789722744375,87,167895,1929.8275862068965
20.34115410177037,87,167959,1930.5632183908046
20.341543501708657,87,168023,1931.2988505747126
20.341941601596773,87,168087,1932.0344827586207
20.342354031745344,87,168151,1932.7701149425288
20.343651034869254,87,168215,1933.5057471264367
20.344110385980457,87,168279,1934.2413793103449
20.344490845687687,87,168343,1934.9770114942528
20.344882894773036,87,168407,1935.712643678161
20.345284865703434,87,168471,1936.448275862069
20.34563982486725,87,168535,1937.183908045977
20.34598663263023,87,168599,1937.9195402298851
20.34635363193229,87,168663,1938.655172413793
20.34670868096873,87,168727,1939.3908045977012
20.3471099906601,87,168791,1940.1264367816093
20.34751773159951,87,168855,1940.8620689655172
20.347885500639677,87,168919,1941.5977011494253
20.34826933965087,87,168983,1942.3333333333333
20.348661299794912,87,169047,1943.0689655172414
20.34902353864163,87,169111,1943.8045977011495
20.349388707894832,87,169175,1944.5402298850574
20.349776587914675,87,169239,1945.2758620689656
20.35014767665416,87,169303,1946.0114942528735
20.350533936638385,87,169367,1946.7471264367816
20.350921236909926,87,169431,1947.4827586206898
20.351310225669295,87,169495,1948.2183908045977
20.351699566002935,87,169559,1948.9540229885058
20.352088085841388,87,169623,1949.6896551724137
20.352498795837164,87,169687,1950.4252873563219
20.352847744710743,87,169751,1951.16091954023
20.353249464649707,87,169815,1951.896551724138
20.35361368395388,87,169879,1952.632183908046
20.353980992920697,87,169943,1953.367816091954
20.354354391805828,87,170007,1954.103448275862
20.354756851680577,87,170071,1954.83908045977
20.355121390894055,87,170135,1955.5747126436781
20.35548128001392,87,170199,1956.3103448275863
20.357567082624882,87,170263,1957.0459770114942
20.35799511289224,87,170327,1957.7816091954023
20.35842739371583,87,170391,1958.5172413793102
20.35879123257473,87,170455,1959.2528735632184
20.359159241896123,87,170519,1959.9885057471265
20.35955194197595,87,170583,1960.7241379310344
20.35991307068616,87,170647,1961.4597701149426
20.360280799679458,87,170711,1962.1954022988505
20.360662649851292,87,170775,1962.9310344827586
20.361010868567973,87,170839,1963.6666666666667
20.361430268734694,87,170903,1964.4022988505747
20.361817358992994,87,170967,1965.1379310344828
20.362222238909453,87,171031,1965.8735632183907
20.362615628633648,87,171095,1966.6091954022988
20.36297917785123,87,171159,1967.344827586207
20.36338545801118,87,171223,1968.0804597701149
20.363769526593387,87,171287,1968.816091954023
20.364167836960405,87,171351,1969.551724137931
20.36456177663058,87,171415,1970.287356321839
20.364947106689215,87,171479,1971.0229885057472
20.36531030572951,87,171543,1971.7586206896551
20.365652344655246,87,171607,1972.4942528735633
20.3660259838216,87,171671,1973.2298850574712
20.36639387300238,87,171735,1973.9655172413793
20.36675212159753,87,171799,1974.7011494252874
20.36712149064988,87,171863,1975.4367816091954
20.367516210768372,87,171927,1976.1724137931035
20.367872019764036,87,171991,1976.9080459770114
20.368246618658304,87,172055,1977.6436781609195
20.368637498933822,87,172119,1978.3793103448277
20.369018978904933,87,172183,1979.1149425287356
20.36939294775948,87,172247,1979.8505747126437
20.369750736746937,87,172311,1980.5862068965516
20.370113945566118,87,172375,1981.3218390804598
20.37047426495701,87,172439,1982.057471264368
20.37086730496958,87,172503,1982.7931034482758
20.371262934990227,87,172567,1983.528735632184
20.371650614775717,87,172631,1984.2643678160919
20.372015692759305,87,172695,1985.0
20.972612340003252,87,172759,1985.7356321839081
20.973271356895566,87,172823,1986.471264367816
20.973679046612233,87,172887,1987.2068965517242
20.974576458800584,87,172951,1987.942528735632
20.97501875087619,87,173015,1988.6781609195402
20.975413699634373,87,173079,1989.4137931034484
20.97582729998976,87,173143,1990.1494252873563
20.976236370857805,87,173207,1990.8850574712644
20.976543977856636,87,173271,1991.6206896551723
20.976764663588256,87,173335,1992.3563218390805
20.976979488972574,87,173399,1993.0919540229886
20.977207264862955,87,173463,1993.8275862068965
20.97743934066966,87,173527,1994.5632183908046
20.97783849062398,87,173591,1995.2988505747126
20.97826456092298,87,173655,1996.0344827586207
20.978656540624797,87,173719,1996.7701149425288
20.980412144679576,87,173783,1997.5057471264367
20.980900566559285,87,173847,1998.2413793103449
20.9813060676679,87,173911,1998.9770114942528
20.98171417787671,87,173975,1999.712643678161
20.982129437848926,87,174039,2000.448275862069
20.982498006895185,87,174103,2001.183908045977
20.982853405643255,87,174167,2001.9195402298851
20.983236875850707,87,174231,2002.655172413793
20.983607634902,87,174295,2003.3908045977012
20.983997884672135,87,174359,2004.1264367816093
20.984418674837798,87,174423,2004.8620689655172
20.984797144774348,87,174487,2005.5977011494253
20.98518276400864,87,174551,2006.3333333333333
20.985578323714435,87,174615,2007.0689655172414
20.985956543590873,87,174679,2007.8045977011495
20.986334902700037,87,174743,2008.5402298850574
20.986594679765403,87,174807,2009.2758620689656
20.98681137477979,87,174871,2010.0114942528735
20.987052130978554,87,174935,2010.7471264367816
20.987283506896347,87,174999,2011.4827586206898
20.987509611994028,87,175063,2012.2183908045977
20.987737907562405,87,175127,2012.9540229885058
20.987955862656236,87,175191,2013.6896551724137
20.988212519790977,87,175255,2014.4252873563219
20.98845723597333,87,175319,2015.16091954023
20.98884821590036,87,175383,2015.896551724138
20.989228354766965,87,175447,2016.632183908046
20.98961265478283,87,175511,2017.367816091954
20.989969953894615,87,175575,2018.103448275862
20.99038135400042,87,175639,2018.83908045977
20.990749703720212,87,175703,2019.5747126436781
20.99112002272159,87,175767,2020.3103448275863
20.993265335913748,87,175831,2021.0459770114942
20.993709997739643,87,175895,2021.7816091954023
20.99412924796343,87,175959,2022.5172413793102
20.99451002664864,87,176023,2023.2528735632184
20.994882376864552,87,176087,2023.9885057471265
20.995290246792138,87,176151,2024.7241379310344
20.995669555850327,87,176215,2025.4597701149426
20.996037144679576,87,176279,2026.1954022988505
20.996426924597472,87,176343,2026.9310344827586
20.996629329863936,87,176407,2027.6666666666667
20.996866885572672,87,176471,2028.4022988505747
20.997112242970616,87,176535,2029.1379310344828
20.99732643784955,87,176599,2029.8735632183907
20.99755616299808,87,176663,2030.6091954022988
20.997774078976363,87,176727,2031.344827586207
20.99800212495029,87,176791,2032.0804597701149
20.99824429070577,87,176855,2032.816091954023
20.998531627934426,87,176919,2033.551724137931
20.998925727792084,87,176983,2034.287356321839
20.9993334277533,87,177047,2035.0229885057472
20.999706426635385,87,177111,2035.7586206896551
21.00006829574704,87,177175,2036.4942528735633
21.000459115952253,87,177239,2037.2298850574712
21.000832224730402,87,177303,2037.9655172413793
21.001210834831,87,177367,2038.7011494252874
21.001574193593115,87,177431,2039.4367816091954
21.001961453817785,87,177495,2040.1724137931035
21.00235458277166,87,177559,2040.9080459770114
21.00272858282551,87,177623,2041.6436781609195
21.00313661294058,87,177687,2042.3793103448277
21.003542732913047,87,177751,2043.1149425287356
21.003907811827958,87,177815,2043.8505747126437
21.00428818166256,87,177879,2044.5862068965516
21.00466099055484,87,177943,2045.3218390804598
21.005018889904022,87,178007,2046.057471264368
21.005444430746138,87,178071,2046.7931034482758
21.005837589967996,87,178135,2047.528735632184
21.00626721093431,87,178199,2048.264367816092
21.00654790783301,87,178263,2049.0
21.17943972768262,87,178287,2049.2758620689656
21.17943972768262,87,178287,2049.2758620689656
21.63181467074901,86,176278,2049.7441860465115
21.632562779821455,86,176342,2050.4883720930234
21.632981459610164,86,176406,2051.232558139535
21.633436491712928,86,176470,2051.9767441860463
21.63386718276888,86,176534,2052.720930232558
21.634266622830182,86,176598,2053.4651162790697
21.634697062894702,86,176662,2054.2093023255816
21.635421280749142,86,176726,2054.953488372093
21.63583459192887,86,176790,2055.6976744186045
21.63622371200472,86,176854,2056.4418604651164
21.63659708062187,86,176918,2057.186046511628
21.636980129871517,86,176982,2057.9302325581393
21.637355119921267,86,177046,2058.6744186046512
21.637795181013644,86,177110,2059.4186046511627
21.638237981591374,86,177174,2060.1627906976746
21.638648881576955,86,177238,2060.906976744186
21.63950585387647,86,177302,2061.6511627906975
21.639941324014217,86,177366,2062.3953488372094
21.640346383675933,86,177430,2063.139534883721
21.64076156495139,86,177494,2063.8837209302324
21.64117731479928,86,177558,2064.6279069767443
21.641551694832742,86,177622,2065.3720930232557
21.64191280398518,86,177686,2066.1162790697676
21.642290562856942,86,177750,2066.860465116279
21.64266342157498,86,177814,2067.6046511627906
21.643077943008393,86,177878,2068.3488372093025
21.643494872841984,86,177942,2069.093023255814
21.643884642980993,86,178006,2069.8372093023254
21.644297522958368,86,178070,2070.5813953488373
21.644704282749444,86,178134,2071.3255813953488
21.64510145271197,86,178198,2072.0697674418607
21.645472602918744,86,178262,2072.813953488372
21.646368094719946,86,178326,2073.5581395348836
21.646758324932307,86,178390,2074.3023255813955
21.64718081476167,86,178454,2075.046511627907
21.647601055912673,86,178518,2075.7906976744184
21.648027205839753,86,178582,2076.5348837209303
21.64845282677561,86,178646,2077.279069767442
21.648834466934204,86,178710,2078.0232558139537
21.64932120870799,86,178774,2078.767441860465
21.649721468798816,86,178838,2079.5116279069766
21.650155279785395,86,178902,2080.2558139534885
21.650532758794725,86,178966,2081.0
21.650919878855348,86,179030,2081.7441860465115
21.65130032785237,86,179094,2082.4883720930234
21.651720818597823,86,179158,2083.232558139535
21.65210358798504,86,179222,2083.9767441860463
21.652483867947012,86,179286,2084.720930232558
21.65387022169307,86,179350,2085.4651162790697
21.65431634383276,86,179414,2086.2093023255816
21.65473854355514,86,179478,2086.953488372093
21.65513476356864,86,179542,2087.6976744186045
21.65551360277459,86,179606,2088.4418604651164
21.65592345362529,86,179670,2089.186046511628
21.65631664264947,86,179734,2089.9302325581393
21.656694172881544,86,179798,2090.6744186046512
21.65710046282038,86,179862,2091.4186046511627
21.65746007161215,86,179926,2092.1627906976746
21.657907642889768,86,179990,2092.906976744186
21.65834839362651,86,180054,2093.6511627906975
21.658735173754394,86,180118,2094.3953488372094
21.65915753459558,86,180182,2095.139534883721
21.65954571356997,86,180246,2095.8837209302324
21.65995208499953,86,180310,2096.6279069767443
21.660363684874028,86,180374,2097.3720930232557
21.660769004840404,86,180438,2098.1162790697676
21.66118409484625,86,180502,2098.860465116279
21.661595394834876,86,180566,2099.6046511627906
21.661965334787965,86,180630,2100.3488372093025
21.662332243751734,86,180694,2101.093023255814
21.662729293573648,86,180758,2101.8372093023254
21.6631112229079,86,180822,2102.5813953488373
21.66348320292309,86,180886,2103.3255813953488
21.66385036194697,86,180950,2104.0697674418607
21.664224340580404,86,181014,2104.813953488372
21.664629050996155,86,181078,2105.5581395348836
21.66499527078122,86,181142,2106.3023255813955
21.66539142979309,86,181206,2107.046511627907
21.665783489588648,86,181270,2107.7906976744184
21.666160548571497,86,181334,2108.5348837209303
21.666538638994098,86,181398,2109.279069767442
21.666899307630956,86,181462,2110.0232558139537
21.667329268995672,86,181526,2110.767441860465
21.667735798750073,86,181590,2111.5116279069766
21.668152388650924,86,181654,2112.2558139534885
21.668530978728086,86,181718,2113.0
22.209624508861452,86,181782,2113.7441860465115
22.210363496560603,86,181846,2114.4883720930234
22.21079689776525,86,181910,2115.232558139535
22.21125724958256,86,181974,2115.9767441860463
22.21170082082972,86,182038,2116.720930232558
22.21210752101615,86,182102,2117.4651162790697
22.21287663979456,86,182166,2118.2093023255816
22.213322780560702,86,182230,2118.953488372093
22.213741771876812,86,182294,2119.6976744186045
22.214129500556737,86,182358,2120.4418604651164
22.214506420772523,86,182422,2121.186046511628
22.214894579723477,86,182486,2121.9302325581393
22.215282869990915,86,182550,2122.6744186046512
22.21570743061602,86,182614,2123.4186046511627
22.216153361834586,86,182678,2124.1627906976746
22.21656765183434,86,182742,2124.906976744186
22.217415782622993,86,182806,2125.6511627906975
22.217852564994246,86,182870,2126.3953488372094
22.218260614667088,86,182934,2127.139534883721
22.218729615677148,86,182998,2127.8837209302324
22.21928806975484,86,183062,2128.6279069767443
22.21969631081447,86,183126,2129.3720930232557
22.220074949786067,86,183190,2130.1162790697676
22.220449298620224,86,183254,2130.860465116279
22.220864279661328,86,183318,2131.6046511627906
22.22129986062646,86,183382,2132.3488372093025
22.22172262100503,86,183446,2133.093023255814
22.222120750695467,86,183510,2133.8372093023254
22.222506070975214,86,183574,2134.5813953488373
22.222910430748016,86,183638,2135.3255813953488
22.22331113088876,86,183702,2136.0697674418607
22.22372493101284,86,183766,2136.813953488372
22.22466664481908,86,183830,2137.5581395348836
22.225090364925563,86,183894,2138.3023255813955
22.225511505734175,86,183958,2139.046511627907
22.225932995788753,86,184022,2139.7906976744184
22.22638439759612,86,184086,2140.5348837209303
22.226799037773162,86,184150,2141.279069767442
22.227206547744572,86,184214,2142.0232558139537
22.227642718702555,86,184278,2142.767441860465
22.22802383871749,86,184342,2143.5116279069766
22.228462438564748,86,184406,2144.2558139534885
22.228838298935443,86,184470,2145.0
22.229241968598217,86,184534,2145.7441860465115
22.2296164277941,86,184598,2146.4883720930234
22.230029138736427,86,184662,2147.232558139535
22.230426498688757,86,184726,2147.9767441860463
22.230805977713317,86,184790,2148.720930232558
22.232201032806188,86,184854,2149.4651162790697
22.23264833400026,86,184918,2150.2093023255816
22.23308400483802,86,184982,2150.953488372093
22.233478404581547,86,185046,2151.6976744186045
22.23385995393619,86,185110,2152.4418604651164
22.234296614769846,86,185174,2153.186046511628
22.234681754838675,86,185238,2153.9302325581393
22.235068714711815,86,185302,2154.6744186046512
22.235469334758818,86,185366,2155.4186046511627
22.235831933561713,86,185430,2156.1627906976746
22.23626774456352,86,185494,2156.906976744186
22.236696804873645,86,185558,2157.6511627906975
22.237081084866077,86,185622,2158.3953488372094
22.23749864473939,86,185686,2159.139534883721
22.23788675479591,86,185750,2159.8837209302324
22.2383098048158,86,185814,2160.6279069767443
22.23872649576515,86,185878,2161.3720930232557
22.23914840584621,86,185942,2162.1162790697676
22.239563316572458,86,186006,2162.860465116279
22.239973356947303,86,186070,2163.6046511627906
22.240366206970066,86,186134,2164.3488372093025
22.240758086554706,86,186198,2165.093023255814
22.241190147586167,86,186262,2165.8372093023254
22.241588237695396,86,186326,2166.5813953488373
22.241977556608617,86,186390,2167.3255813953488
22.24237974686548,86,186454,2168.0697674418607
22.24275464657694,86,186518,2168.813953488372
22.243175776675344,86,186582,2169.5581395348836
22.24355409666896,86,186646,2170.3023255813955
22.243938335683197,86,186710,2171.046511627907
22.244356186594814,86,186774,2171.7906976744184
22.244737785775214,86,186838,2172.5348837209303
22.245135065633804,86,186902,2173.279069767442
22.245515105780214,86,186966,2174.0232558139537
22.2459392757155,86,187030,2174.767441860465
22.246364056598395,86,187094,2175.5116279069766
22.246791567653418,86,187158,2176.2558139534885
22.247192886658013,86,187222,2177.0
22.30718843685463,86,187234,2177.139534883721
22.30718843685463,86,187234,2177.139534883721
22.88685482973233,85,185109,2177.752941176471
22.887747212778777,85,185173,2178.505882352941
22.8882350246422,85,185237,2179.258823529412
22.888694836758077,85,185301,2180.0117647058823
22.88915240764618,85,185365,2180.764705882353
22.88956123776734,85,185429,2181.5176470588235
22.889997448772192,85,185493,2182.2705882352943
22.890458770561963,85,185557,2183.0235294117647
22.891193858813494,85,185621,2183.7764705882355
22.89160058880225,85,185685,2184.529411764706
22.891984418965876,85,185749,2185.2823529411767
22.89239220879972,85,185813,2186.035294117647
22.89276774879545,85,185877,2186.788235294118
22.893200848717242,85,185941,2187.541176470588
22.893642359878868,85,186005,2188.294117647059
22.894066800829023,85,186069,2189.0470588235294
22.894884710665792,85,186133,2189.8
22.89533861260861,85,186197,2190.5529411764705
22.895742702763528,85,186261,2191.3058823529414
22.896196553949267,85,186325,2192.0588235294117
22.896628784947097,85,186389,2192.8117647058825
22.89701534388587,85,186453,2193.564705882353
22.89740034379065,85,186517,2194.3176470588237
22.897776533849537,85,186581,2195.070588235294
22.898171392735094,85,186645,2195.823529411765
22.898582233581692,85,186709,2196.576470588235
22.899006463587284,85,186773,2197.329411764706
22.899415594991297,85,186837,2198.0823529411764
22.89981845393777,85,186901,2198.835294117647
22.900260536000133,85,186965,2199.5882352941176
22.900654554832727,85,187029,2200.3411764705884
22.901090415660292,85,187093,2201.0941176470587
22.901971117593348,85,187157,2201.8470588235296
22.90242008958012,85,187221,2202.6
22.9028586698696,85,187285,2203.3529411764707
22.903326871804893,85,187349,2204.105882352941
22.903758672997355,85,187413,2204.858823529412
22.904175413772464,85,187477,2205.6117647058823
22.904628964606673,85,187541,2206.364705882353
22.905066785868257,85,187605,2207.1176470588234
22.905516196973622,85,187669,2207.8705882352942
22.90592006687075,85,187733,2208.6235294117646
22.906337657012045,85,187797,2209.3764705882354
22.90675738779828,85,187861,2210.1294117647058
22.907168278004974,85,187925,2210.8823529411766
22.90755542786792,85,187989,2211.635294117647
22.907942367717624,85,188053,2212.3882352941177
22.908352157566696,85,188117,2213.141176470588
22.909727311693132,85,188181,2213.894117647059
22.910193903837353,85,188245,2214.6470588235293
22.910637944936752,85,188309,2215.4
22.911032164935023,85,188373,2216.1529411764704
22.911443704739213,85,188437,2216.9058823529413
22.911816173698753,85,188501,2217.6588235294116
22.912252014968544,85,188565,2218.4117647058824
22.912642654962838,85,188629,2219.164705882353
22.91303402464837,85,188693,2219.9176470588236
22.913457514718175,85,188757,2220.670588235294
22.913833934813738,85,188821,2221.423529411765
22.91428772592917,85,188885,2222.176470588235
22.914674585685134,85,188949,2222.929411764706
22.915113426744938,85,189013,2223.6823529411763
22.91551663680002,85,189077,2224.435294117647
22.915939886588603,85,189141,2225.1882352941175
22.91637404775247,85,189205,2225.9411764705883
22.916793728712946,85,189269,2226.6941176470586
22.91722309961915,85,189333,2227.4470588235295
22.917643579654396,85,189397,2228.2
22.918023459613323,85,189461,2228.9529411764706
22.918464170768857,85,189525,2229.705882352941
22.91885067988187,85,189589,2230.458823529412
22.919260900001973,85,189653,2231.211764705882
22.919653499964625,85,189717,2231.964705882353
22.92003469960764,85,189781,2232.7176470588233
22.920470870565623,85,189845,2233.470588235294
22.9208842208609,85,189909,2234.2235294117645
22.92128429096192,85,189973,2234.9764705882353
22.92168178083375,85,190037,2235.7294117647057
22.9221088020131,85,190101,2236.4823529411765
22.922506392002106,85,190165,2237.235294117647
22.92289061099291,85,190229,2237.9882352941177
22.9232883406803,85,190293,2238.741176470588
22.923718021716923,85,190357,2239.494117647059
22.924161032773554,85,190421,2240.247058823529
22.924565182998776,85,190485,2241.0
23.297979242634028,85,190532,2241.5529411764705
23.297979242634028,85,190532,2241.5529411764705
23.399086919613183,84,188302,2241.690476190476
23.399086919613183,84,188302,2241.690476190476
23.464241137728095,83,186067,2241.7710843373493
23.46479316195473,83,186131,2242.5421686746986
23.4655175996013,83,186195,2243.3132530120483
23.465978940948844,83,186259,2244.0843373493976
23.46644728258252,83,186323,2244.855421686747
23.46685212291777,83,186387,2245.626506024096
23.467305773869157,83,186451,2246.397590361446
23.467780405655503,83,186515,2247.1686746987953
23.468241376802325,83,186579,2247.9397590361446
23.468648337759078,83,186643,2248.710843373494
23.469052347820252,83,186707,2249.4819277108436
23.46946066757664,83,186771,2250.253012048193
23.46984597761184,83,186835,2251.024096385542
23.47029399871826,83,186899,2251.7951807228915
23.47074092971161,83,186963,2252.5662650602408
23.471185640897602,83,187027,2253.3373493975905
23.472440692596138,83,187091,2254.10843373494
23.472919284831733,83,187155,2254.879518072289
23.47335589583963,83,187219,2255.6506024096384
23.4737557657063,83,187283,2256.421686746988
23.474214976653457,83,187347,2257.1927710843374
23.47465603798628,83,187411,2257.9638554216867
23.47506412770599,83,187475,2258.734939759036
23.475452267564833,83,187539,2259.5060240963853
23.47584403771907,83,187603,2260.277108433735
23.47627660771832,83,187667,2261.0481927710844
23.47671970864758,83,187731,2261.8192771084337
23.477165220770985,83,187795,2262.590361445783
23.477720833849162,83,187859,2263.3614457831327
23.478145194705576,83,187923,2264.132530120482
23.47860914701596,83,187987,2264.9036144578313
23.47905737766996,83,188051,2265.6746987951806
23.4795917510055,83,188115,2266.4457831325303
23.480334979947656,83,188179,2267.2168674698796
23.481123238801956,83,188243,2267.987951807229
23.481929619796574,83,188307,2268.759036144578
23.48243308160454,83,188371,2269.5301204819275
23.482850682921708,83,188435,2270.3012048192772
23.483278062660247,83,188499,2271.0722891566265
23.483733505010605,83,188563,2271.843373493976
23.484147134702653,83,188627,2272.614457831325
23.48459444567561,83,188691,2273.385542168675
23.485000755637884,83,188755,2274.156626506024
23.48544193757698,83,188819,2274.9277108433735
23.485844856593758,83,188883,2275.6987951807228
23.486248877830803,83,188947,2276.4698795180725
23.486656927969307,83,189011,2277.240963855422
23.48706802772358,83,189075,2278.012048192771
23.488490782678127,83,189139,2278.7831325301204
23.4889502748847,83,189203,2279.5542168674697
23.489407205954194,83,189267,2280.3253012048194
23.489818706642836,83,189331,2281.0963855421687
23.490239096805453,83,189395,2281.867469879518
23.490685648750514,83,189459,2282.6385542168673
23.49107311759144,83,189523,2283.409638554217
23.491507158614695,83,189587,2284.1807228915663
23.491905168630183,83,189651,2284.9518072289156
23.492338069714606,83,189715,2285.722891566265
23.492718558758497,83,189779,2286.4939759036147
23.49316915962845,83,189843,2287.265060240964
23.493570280727,83,189907,2288.0361445783133
23.493954999838024,83,189971,2288.8072289156626
23.4943994008936,83,190035,2289.578313253012
23.494904653634876,83,190099,2290.3493975903616
23.495375335682184,83,190163,2291.120481927711
23.495812045875937,83,190227,2291.89156626506
23.49626172799617,83,190291,2292.6626506024095
23.49667470762506,83,190355,2293.4337349397592
23.49723670165986,83,190419,2294.2048192771085
23.49800072098151,83,190483,2294.975903614458
23.49865757767111,83,190547,2295.746987951807
23.49938893597573,83,190611,2296.5180722891564
23.49990216875449,83,190675,2297.289156626506
23.500376839656383,83,190739,2298.0602409638554
23.500828261952847,83,190803,2298.8313253012047
23.501273463014513,83,190867,2299.602409638554
23.501676252577454,83,190931,2300.373493975904
23.50208841264248,83,190995,2301.144578313253
23.502511803992093,83,191059,2301.9156626506024
23.502910903654993,83,191123,2302.6867469879517
23.503320653922856,83,191187,2303.4578313253014
23.50378209585324,83,191251,2304.2289156626507
23.504201335832477,83,191315,2305.0
23.504918723832816,83,191319,2305.0481927710844
23.504918723832816,83,191319,2305.0481927710844
24.04990935185924,82,189074,2305.7804878048782
24.050625879783183,82,189138,2306.560975609756
24.051074340939522,82,189202,2307.3414634146343
24.051538242958486,82,189266,2308.121951219512
24.05228894064203,82,189330,2308.9024390243903
24.05273863300681,82,189394,2309.682926829268
24.05321404384449,82,189458,2310.4634146341464
24.053663764614612,82,189522,2311.243902439024
24.054107006639242,82,189586,2312.0243902439024
24.054509316571057,82,189650,2312.8048780487807
24.054915437009186,82,189714,2313.5853658536585
24.055335336830467,82,189778,2314.3658536585367
24.055736176669598,82,189842,2315.1463414634145
24.05619193892926,82,189906,2315.9268292682927
24.05664756987244,82,189970,2316.7073170731705
24.057105001993477,82,190034,2317.487804878049
24.058399833738804,82,190098,2318.268292682927
24.058882525656372,82,190162,2319.048780487805
24.059311946853995,82,190226,2319.829268292683
24.059714496601373,82,190290,2320.609756097561
24.0601688278839,82,190354,2321.390243902439
24.060611768625677,82,190418,2322.170731707317
24.06101234862581,82,190482,2322.951219512195
24.061415118630975,82,190546,2323.731707317073
24.06180469878018,82,190610,2324.512195121951
24.062252619769424,82,190674,2325.2926829268295
24.062709101941437,82,190738,2326.0731707317073
24.063129301648587,82,190802,2326.8536585365855
24.063541342969984,82,190866,2327.6341463414633
24.06393688172102,82,190930,2328.4146341463415
24.064404473640025,82,190994,2329.1951219512193
24.064846764784306,82,191058,2329.9756097560976
24.065294725820422,82,191122,2330.756097560976
24.065734126605093,82,191186,2331.5365853658536
24.066190148703754,82,191250,2332.317073170732
24.066652739886194,82,191314,2333.0975609756097
24.06711608171463,82,191378,2333.878048780488
24.06753209186718,82,191442,2334.6585365853657
24.06795047270134,82,191506,2335.439024390244
24.06841761386022,82,191570,2336.2195121951218
24.068828803952783,82,191634,2337.0
24.06928955577314,82,191698,2337.7804878048782
24.06974483700469,82,191762,2338.560975609756
24.070207088720053,82,191826,2339.3414634146343
24.070659789722413,82,191890,2340.121951219512
24.07107527088374,82,191954,2340.9024390243903
24.07149130059406,82,192018,2341.682926829268
24.071890170685947,82,192082,2342.4634146341464
24.073237714823335,82,192146,2343.243902439024
24.073705565650016,82,192210,2344.0243902439024
24.074168817605823,82,192274,2344.8048780487807
24.074582127854228,82,192338,2345.5853658536585
24.074985967949033,82,192402,2346.3658536585367
24.075437489897013,82,192466,2347.1463414634145
24.07582147885114,82,192530,2347.9268292682927
24.07627431070432,82,192594,2348.7073170731705
24.07668527076021,82,192658,2349.487804878049
24.07713749166578,82,192722,2350.268292682927
24.0775398616679,82,192786,2351.048780487805
24.077990592923015,82,192850,2351.829268292683
24.078414533752948,82,192914,2352.609756097561
24.078807883895934,82,192978,2353.390243902439
24.07926216488704,82,193042,2354.170731707317
24.079709155950695,82,193106,2354.951219512195
24.08015618659556,82,193170,2355.731707317073
24.080594008788466,82,193234,2356.512195121951
24.081026288680732,82,193298,2357.2926829268295
24.081447599921376,82,193362,2358.0731707317073
24.081847839988768,82,193426,2358.8536585365855
24.08229178097099,82,193490,2359.6341463414633
24.082700640894473,82,193554,2360.4146341463415
24.08310879068449,82,193618,2361.1951219512193
24.083518791012466,82,193682,2361.9756097560976
24.083957032766193,82,193746,2362.756097560976
24.084407223854214,82,193810,2363.5365853658536
24.08480918360874,82,193874,2364.317073170732
24.085281035862863,82,193938,2365.0975609756097
24.08569637592882,82,194002,2365.878048780488
24.086136826779693,82,194066,2366.6585365853657
24.08654613699764,82,194130,2367.439024390244
24.08699021767825,82,194194,2368.2195121951218
24.087409318890423,82,194258,2369.0
24.643512043636292,82,194322,2369.7804878048782
24.644110148772597,82,194386,2370.560975609756
24.64454291993752,82,194450,2371.3414634146343
24.64525690767914,82,194514,2372.121951219512
24.645736819598824,82,194578,2372.9024390243903
24.646171391010284,82,194642,2373.682926829268
24.646633711643517,82,194706,2374.4634146341464
24.64709367370233,82,194770,2375.243902439024
24.64753792481497,82,194834,2376.0243902439024
24.64794899476692,82,194898,2376.8048780487807
24.648374465759844,82,194962,2377.5853658536585
24.64878962561488,82,195026,2378.3658536585367
24.649206976871938,82,195090,2379.1463414634145
24.64966241782531,82,195154,2379.9268292682927
24.650136209558696,82,195218,2380.7073170731705
24.650578090921044,82,195282,2381.487804878049
24.65175510989502,82,195346,2382.268292682927
24.652251032646745,82,195410,2383.048780487805
24.652688103727996,82,195474,2383.829268292683
24.653112633619457,82,195538,2384.609756097561
24.65356243494898,82,195602,2385.390243902439
24.65401062555611,82,195666,2386.170731707317
24.654435626696795,82,195730,2386.951219512195
24.654825747013092,82,195794,2387.731707317073
24.655239556916058,82,195858,2388.512195121951
24.655673677567393,82,195922,2389.2926829268295
24.656134318560362,82,195986,2390.0731707317073
24.656555719673634,82,196050,2390.8536585365855
24.656971870921552,82,196114,2391.6341463414633
24.65738321095705,82,196178,2392.4146341463415
24.65783964190632,82,196242,2393.1951219512193
24.658295112662017,82,196306,2393.9756097560976
24.658724693581462,82,196370,2394.756097560976
24.65917613590136,82,196434,2395.5365853658536
24.659629466943443,82,196498,2396.317073170732
24.660111798904836,82,196562,2397.0975609756097
24.66055963980034,82,196626,2397.878048780488
24.66097171092406,82,196690,2398.6585365853657
24.661408870946616,82,196754,2399.439024390244
24.661874572746456,82,196818,2400.2195121951218
24.662292032968253,82,196882,2401.0
24.66274483455345,82,196946,2401.7804878048782
24.663176245987415,82,197010,2402.560975609756
24.66361613664776,82,197074,2403.3414634146343
24.664080807939172,82,197138,2404.121951219512
24.66448678774759,82,197202,2404.9024390243903
24.66490012872964,82,197266,2405.682926829268
24.665313088800758,82,197330,2406.4634146341464
24.666547479573637,82,197394,2407.243902439024
24.667017610743642,82,197458,2408.0243902439024
24.667489582672715,82,197522,2408.8048780487807
24.667900343891233,82,197586,2409.5853658536585
24.66833329387009,82,197650,2410.3658536585367
24.66878031473607,82,197714,2411.1463414634145
24.669185355771333,82,197778,2411.9268292682927
24.669633336830884,82,197842,2412.7073170731705
24.670057746581733,82,197906,2413.487804878049
24.670490657910705,82,197970,2414.268292682927
24.67088158801198,82,198034,2415.048780487805
24.6713478397578,82,198098,2415.829268292683
24.671759399585426,82,198162,2416.609756097561
24.67216485971585,82,198226,2417.390243902439
24.672611590940505,82,198290,2418.170731707317
24.673069102689624,82,198354,2418.951219512195
24.673516623675823,82,198418,2419.731707317073
24.673960474785417,82,198482,2420.512195121951
24.674417736008763,82,198546,2421.2926829268295
24.674833906814456,82,198610,2422.0731707317073
24.675250476691872,82,198674,2422.8536585365855
24.67569188773632,82,198738,2423.6341463414633
24.676126108970493,82,198802,2424.4146341463415
24.676532158628106,82,198866,2425.1951219512193
24.676944618579,82,198930,2425.9756097560976
24.677402450703084,82,198994,2426.756097560976
24.677852121647447,82,199058,2427.5365853658536
24.678288792725652,82,199122,2428.317073170732
24.678750104736537,82,199186,2429.0975609756097
24.679181494750082,82,199250,2429.878048780488
24.679618616588414,82,199314,2430.6585365853657
24.680025656707585,82,199378,2431.439024390244
24.6804906479083,82,199442,2432.2195121951218
24.680910038761795,82,199506,2433.0
25.23368588089943,82,199570,2433.7804878048782
25.23450743081048,82,199634,2434.560975609756
25.23494889261201,82,199698,2435.3414634146343
25.235703840851784,82,199762,2436.121951219512
25.236212913878262,82,199826,2436.9024390243903
25.23665712494403,82,199890,2437.682926829268
25.23714478779584,82,199954,2438.4634146341464
25.237613148987293,82,200018,2439.243902439024
25.238074030727148,82,200082,2440.0243902439024
25.238545062951744,82,200146,2440.8048780487807
25.238977652974427,82,200210,2441.5853658536585
25.239418373908848,82,200274,2442.3658536585367
25.239831714890897,82,200338,2443.1463414634145
25.240296615753323,82,200402,2443.9268292682927
25.240774997975677,82,200466,2444.7073170731705
25.241237359587103,82,200530,2445.487804878049
25.24255083175376,82,200594,2446.268292682927
25.243053974583745,82,200658,2447.048780487805
25.243502515833825,82,200722,2447.829268292683
25.24392377678305,82,200786,2448.609756097561
25.244395988993347,82,200850,2449.390243902439
25.244857359677553,82,200914,2450.170731707317
25.24528179084882,82,200978,2450.951219512195
25.245727881789207,82,201042,2451.731707317073
25.246148832608014,82,201106,2452.512195121951
25.24660457391292,82,201170,2453.2926829268295
25.247074335813522,82,201234,2454.0731707317073
25.247517596930265,82,201298,2454.8536585365855
25.247955827973783,82,201362,2455.6341463414633
25.24839570885524,82,201426,2456.4146341463415
25.248864299617708,82,201490,2457.1951219512193
25.249326191842556,82,201554,2457.9756097560976
25.249770142603666,82,201618,2458.756097560976
25.250236483756453,82,201682,2459.5365853658536
25.250695045571774,82,201746,2460.317073170732
25.251185367815197,82,201810,2461.0975609756097
25.251643679570407,82,201874,2461.878048780488
25.25209204060957,82,201938,2462.6585365853657
25.252528331708163,82,202002,2463.439024390244
25.252995232585818,82,202066,2464.2195121951218
25.253428883850574,82,202130,2465.0
25.25388951599598,82,202194,2465.7804878048782
25.254335466772318,82,202258,2466.560975609756
25.2547847176902,82,202322,2467.3414634146343
25.255261979997158,82,202386,2468.121951219512
25.2556830807589,82,202450,2468.9024390243903
25.256133621558547,82,202514,2469.682926829268
25.256556052714586,82,202578,2470.4634146341464
25.257358721923083,82,202642,2471.243902439024
25.257839464582503,82,202706,2472.0243902439024
25.258320525754243,82,202770,2472.8048780487807
25.25873969681561,82,202834,2473.5853658536585
25.25917510781437,82,202898,2474.3658536585367
25.25963837886229,82,202962,2475.1463414634145
25.260033698752522,82,203026,2475.9268292682927
25.260504730977118,82,203090,2476.7073170731705
25.261444554664195,82,203154,2477.487804878049
25.26189842587337,82,203218,2478.268292682927
25.262319676578045,82,203282,2479.048780487805
25.262790367938578,82,203346,2479.829268292683
25.263225618749857,82,203410,2480.609756097561
25.263639578595757,82,203474,2481.390243902439
25.264109971001744,82,203538,2482.170731707317
25.264573322609067,82,203602,2482.951219512195
25.26502410368994,82,203666,2483.731707317073
25.265499375760555,82,203730,2484.512195121951
25.265949446707964,82,203794,2485.2926829268295
25.26639201771468,82,203858,2486.0731707317073
25.2668011886999,82,203922,2486.8536585365855
25.267263809684664,82,203986,2487.6341463414633
25.26770048076287,82,204050,2488.4146341463415
25.26812812173739,82,204114,2489.1951219512193
25.268550761975348,82,204178,2489.9756097560976
25.269015103578568,82,204242,2490.756097560976
25.269486964680254,82,204306,2491.5365853658536
25.269909395836294,82,204370,2492.317073170732
25.270384517963976,82,204434,2493.0975609756097
25.270856079645455,82,204498,2493.878048780488
25.271313750650734,82,204562,2494.6585365853657
25.27174192201346,82,204626,2495.439024390244
25.272222373634577,82,204690,2496.2195121951218
25.272653184831142,82,204754,2497.0
25.906667246948928,82,204815,2497.743902439024
25.906667246948928,82,204815,2497.743902439024
25.94510038662702,81,202321,2497.7901234567903
25.94569609174505,81,202385,2498.58024691358
25.946160933934152,81,202449,2499.3703703703704
25.946905662771314,81,202513,2500.1604938271603
25.947426724713296,81,202577,2500.9506172839506
25.947874036617577,81,202641,2501.740740740741
25.948389569763094,81,202705,2502.5308641975307
25.94886148069054,81,202769,2503.320987654321
25.949349503964186,81,202833,2504.1111111111113
25.94978284370154,81,202897,2504.901234567901
25.95022743474692,81,202961,2505.6913580246915
25.950664836913347,81,203025,2506.4814814814813
25.951094686985016,81,203089,2507.2716049382716
25.951564938761294,81,203153,2508.061728395062
25.9520719316788,81,203217,2508.8518518518517
25.95254376390949,81,203281,2509.641975308642
25.953834695741534,81,203345,2510.432098765432
25.954360698815435,81,203409,2511.222222222222
25.95481655979529,81,203473,2512.0123456790125
25.95527610182762,81,203537,2512.8024691358023
25.95576342381537,81,203601,2513.5925925925926
25.956211944576353,81,203665,2514.382716049383
25.956675606779754,81,203729,2515.1728395061727
25.957127997651696,81,203793,2515.962962962963
25.957603209652007,81,203857,2516.753086419753
25.958095881622285,81,203921,2517.543209876543
25.958541532978415,81,203985,2518.3333333333335
25.95903652580455,81,204049,2519.1234567901233
25.95949456701055,81,204113,2519.9135802469136
25.959930177778006,81,204177,2520.703703703704
25.960432789754122,81,204241,2521.4938271604938
25.96090300194919,81,204305,2522.283950617284
25.96138254366815,81,204369,2523.074074074074
25.96184684569016,81,204433,2523.864197530864
25.962329397909343,81,204497,2524.6543209876545
25.962832640856504,81,204561,2525.4444444444443
25.963316812645644,81,204625,2526.2345679012346
25.963754143565893,81,204689,2527.0246913580245
25.964210184756666,81,204753,2527.814814814815
25.964656105730683,81,204817,2528.604938271605
25.965081106871367,81,204881,2529.395061728395
25.965573278721422,81,204945,2530.185185185185
25.966058280784637,81,205009,2530.9753086419755
25.96648838184774,81,205073,2531.7654320987654
25.96697080368176,81,205137,2532.5555555555557
25.967409864999354,81,205201,2533.3456790123455
25.96784427575767,81,205265,2534.135802469136
25.96830117655918,81,205329,2534.925925925926
25.969894516747445,81,205393,2535.716049382716
25.97041319962591,81,205457,2536.5061728395062
25.970901262015104,81,205521,2537.296296296296
25.971352813765407,81,205585,2538.0864197530864
25.971787933725864,81,205649,2538.8765432098767
25.972269085701555,81,205713,2539.6666666666665
25.97268859669566,81,205777,2540.456790123457
25.973161798901856,81,205841,2541.246913580247
25.97361812973395,81,205905,2542.037037037037
25.974028519820422,81,205969,2542.8271604938273
25.974519872572273,81,206033,2543.617283950617
25.974955902900547,81,206097,2544.4074074074074
25.9753823839128,81,206161,2545.1975308641977
25.975850225891918,81,206225,2545.9876543209875
25.976295386906713,81,206289,2546.777777777778
25.976764358580112,81,206353,2547.567901234568
25.977244740817696,81,206417,2548.358024691358
25.97771436162293,81,206481,2549.1481481481483
25.97820164496079,81,206545,2549.938271604938
25.97863798495382,81,206609,2550.7283950617284
25.979081647004932,81,206673,2551.5185185185187
25.979544657748193,81,206737,2552.3086419753085
25.979978188872337,81,206801,2553.098765432099
25.980429539922625,81,206865,2553.8888888888887
25.98085941094905,81,206929,2554.679012345679
25.98134753294289,81,206993,2555.4691358024693
25.98181150481105,81,207057,2556.259259259259
25.98229189682752,81,207121,2557.0493827160494
25.982719496823847,81,207185,2557.8395061728397
25.983200498856604,81,207249,2558.6296296296296
25.98368928162381,81,207313,2559.41975308642
25.98415752267465,81,207377,2560.2098765432097
25.98459638375789,81,207441,2561.0
26.792281506583095,81,207505,2561.7901234567903
26.79311234690249,81,207569,2562.58024691358
26.79358004871756,81,207633,2563.3703703703704
26.79440505988896,81,207697,2564.1604938271603
26.79492928273976,81,207761,2564.9506172839506
26.795403353869915,81,207825,2565.740740740741
26.795903206802905,81,207889,2566.5308641975307
26.79640204878524,81,207953,2567.320987654321
26.79687790060416,81,208017,2568.1111111111113
26.797336322721094,81,208081,2568.901234567901
26.797769432887435,81,208145,2569.6913580246915
26.798221914563328,81,208209,2570.4814814814813
26.798648825846612,81,208273,2571.2716049382716
26.799136007670313,81,208337,2572.061728395062
26.799641709774733,81,208401,2572.8518518518517
26.800123111810535,81,208465,2573.641975308642
26.801634879782796,81,208529,2574.432098765432
26.802166842855513,81,208593,2575.222222222222
26.802633524872363,81,208657,2576.0123456790125
26.80308827664703,81,208721,2576.8024691358023
26.80358583899215,81,208785,2577.5925925925926
26.804017709568143,81,208849,2578.382716049383
26.80450130160898,81,208913,2579.1728395061727
26.804939882829785,81,208977,2579.962962962963
26.805420324672014,81,209041,2580.753086419753
26.805902296677232,81,209105,2581.543209876543
26.806362847797573,81,209169,2582.3333333333335
26.80686088092625,81,209233,2583.1234567901233
26.807325651869178,81,209297,2583.9135802469136
26.807783003896475,81,209361,2584.703703703704
26.808293586596847,81,209425,2585.4938271604938
26.80877565871924,81,209489,2586.283950617284
26.809251790866256,81,209553,2587.074074074074
26.809722071979195,81,209617,2587.864197530864
26.810207603964955,81,209681,2588.6543209876545
26.81070908671245,81,209745,2589.4444444444443
26.81121180858463,81,209809,2590.2345679012346
26.811657670885324,81,209873,2591.0246913580245
26.812119541689754,81,209937,2591.814814814815
26.812576453667134,81,210001,2592.604938271605
26.812999233603477,81,210065,2593.395061728395
26.813493496738374,81,210129,2594.185185185185
26.81396396784112,81,210193,2594.9753086419755
26.814424109645188,81,210257,2595.7654320987654
26.814909061882645,81,210321,2596.5555555555557
26.815349442884326,81,210385,2597.3456790123455
26.81578861363232,81,210449,2598.135802469136
26.816239014733583,81,210513,2598.925925925926
26.817274290602654,81,210577,2599.716049382716
26.817767762579024,81,210641,2600.5061728395062
26.818274865858257,81,210705,2601.296296296296
26.818721846677363,81,210769,2602.0864197530864
26.81917328760028,81,210833,2602.8765432098767
26.819641379639506,81,210897,2603.6666666666665
26.820062280632555,81,210961,2604.456790123457
26.820541572757065,81,211025,2605.246913580247
26.820994353853166,81,211089,2606.037037037037
26.821430274751037,81,211153,2606.8271604938273
26.821909116581082,81,211217,2607.617283950617
26.82236254774034,81,211281,2608.4074074074074
26.822795308660716,81,211345,2609.1975308641977
26.82328345067799,81,211409,2609.9876543209875
26.823721831664443,81,211473,2610.777777777778
26.82420933386311,81,211537,2611.567901234568
26.825054224580526,81,211601,2612.358024691358
26.825537917669863,81,211665,2613.1481481481483
26.826004208996892,81,211729,2613.938271604938
26.826467010658234,81,211793,2614.7283950617284
26.826891620643437,81,211857,2615.5185185185187
26.827376503963023,81,211921,2616.3086419753085
26.82781778369099,81,211985,2617.098765432099
26.82825430482626,81,212049,2617.8888888888887
26.8286943458952,81,212113,2618.679012345679
26.82919016899541,81,212177,2619.4691358024693
26.82966686086729,81,212241,2620.259259259259
26.830167022999376,81,212305,2621.0493827160494
26.830610584001988,81,212369,2621.8395061728397
26.83110184594989,81,212433,2622.6296296296296
26.83159145899117,81,212497,2623.41975308642
26.831960217561573,81,212561,2624.2098765432097
26.832300326786935,81,212625,2625.0
26.918791097588837,81,212636,2625.135802469136
26.918791097588837,81,212636,2625.135802469136
27.56685686064884,80,210064,2625.8
27.56754439882934,80,210128,2626.6
27.56802265997976,80,210192,2627.4
27.568838270846754,80,210256,2628.2
27.56937652360648,80,210320,2629.0
27.569838415831327,80,210384,2629.8
27.570363188628107,80,210448,2630.6
27.570854170713574,80,210512,2631.4
27.57135259360075,80,210576,2632.2
27.57179858488962,80,210640,2633.0
27.572261295747012,80,210704,2633.8
27.572716747876257,80,210768,2634.6
27.573167838621885,80,210832,2635.4
27.573655040934682,80,210896,2636.2
27.57417408376932,80,210960,2637.0
27.574660315643996,80,211024,2637.8
27.57619420485571,80,211088,2638.6
27.57673231791705,80,211152,2639.4
27.57722425973043,80,211216,2640.2
27.577677871566266,80,211280,2641.0
27.578178363852203,80,211344,2641.8
27.57862973585725,80,211408,2642.6
27.57912442786619,80,211472,2643.4
27.579575788695365,80,211536,2644.2
27.580066330730915,80,211600,2645.0
27.580561313778162,80,211664,2645.8
27.581018154975027,80,211728,2646.6
27.581550349015743,80,211792,2647.4
27.582002639770508,80,211856,2648.2
27.582471891772002,80,211920,2649.0
27.58297127392143,80,211984,2649.8
27.583470965735614,80,212048,2650.6
27.58393583772704,80,212112,2651.4
27.584422959946096,80,212176,2652.2
27.58491906290874,80,212240,2653.0
27.585442025680095,80,212304,2653.8
27.58593573793769,80,212368,2654.6
27.58639934984967,80,212432,2655.4
27.586856200825423,80,212496,2656.2
27.587332312949002,80,212560,2657.0
27.587765643838793,80,212624,2657.8
27.588265005964786,80,212688,2658.6
27.58874890767038,80,212752,2659.4
27.589215989690274,80,212816,2660.2
27.589713441673666,80,212880,2661.0
27.59015937289223,80,212944,2661.8
27.590611864812672,80,213008,2662.6
27.591068835929036,80,213072,2663.4
27.591962028760463,80,213136,2664.2
27.592494742013514,80,213200,2665.0
27.593000694643706,80,213264,2665.8
27.593471995554864,80,213328,2666.6
27.59391686692834,80,213392,2667.4
27.59501360496506,80,213456,2668.2
27.595467685721815,80,213520,2669.0
27.595952027942985,80,213584,2669.8
27.596508231945336,80,213648,2670.6
27.596942542586476,80,213712,2671.4
27.597447015810758,80,213776,2672.2
27.597899546846747,80,213840,2673.0
27.598347787745297,80,213904,2673.8
27.59883750975132,80,213968,2674.6
27.599296221975237,80,214032,2675.4
27.59978449391201,80,214096,2676.2
27.600283225998282,80,214160,2677.0
27.600738567765802,80,214224,2677.8
27.601236529648304,80,214288,2678.6
27.60167979169637,80,214352,2679.4
27.602165223564953,80,214416,2680.2
27.60262370482087,80,214480,2681.0
27.603076435625553,80,214544,2681.8
27.60352075798437,80,214608,2682.6
27.604020699858665,80,214672,2683.4
27.604520382825285,80,214736,2684.2
27.604998194612563,80,214800,2685.0
27.605504436884075,80,214864,2685.8
27.60599699895829,80,214928,2686.6
27.60651149181649,80,214992,2687.4
27.60698234383017,80,215056,2688.2
27.607443475630134,80,215120,2689.0
27.64067513588816,80,215129,2689.1125
27.64067513588816,80,215129,2689.1125
28.242555755656213,79,212495,2689.8101265822784
28.243270392995328,79,212559,2690.6202531645567
28.24374913563952,79,212623,2691.4303797468356
28.244272778742015,79,212687,2692.240506329114
28.24479051074013,79,212751,2693.0506329113923
28.245519749820232,79,212815,2693.8607594936707
28.24605476297438,79,212879,2694.6708860759495
28.24654857488349,79,212943,2695.481012658228
28.247031117789447,79,213007,2696.2911392405063
28.24749909900129,79,213071,2697.1012658227846
28.24794537993148,79,213135,2697.9113924050635
28.248418031726032,79,213199,2698.721518987342
28.24885686300695,79,213263,2699.53164556962
28.249357955995947,79,213327,2700.3417721518986
28.249865997582674,79,213391,2701.1518987341774
28.2503643007949,79,213455,2701.9620253164558
28.25179510563612,79,213519,2702.772151898734
28.252349679823965,79,213583,2703.5822784810125
28.252854072954506,79,213647,2704.3924050632913
28.253331274725497,79,213711,2705.2025316455697
28.2538302866742,79,213775,2706.012658227848
28.25434164982289,79,213839,2706.8227848101264
28.25483037158847,79,213903,2707.6329113924053
28.255289033986628,79,213967,2708.4430379746836
28.25577586563304,79,214031,2709.253164556962
28.256289118900895,79,214095,2710.0632911392404
28.256806501653045,79,214159,2710.8734177215188
28.257328314706683,79,214223,2711.6835443037976
28.25778879597783,79,214287,2712.493670886076
28.258266707882285,79,214351,2713.3037974683543
28.258783340919763,79,214415,2714.1139240506327
28.25928515382111,79,214479,2714.9240506329115
28.259767135605216,79,214543,2715.73417721519
28.260267987847328,79,214607,2716.5443037974683
28.26076656067744,79,214671,2717.3544303797466
28.26130186393857,79,214735,2718.1645569620255
28.26180583657697,79,214799,2718.974683544304
28.26228120783344,79,214863,2719.784810126582
28.262749559711665,79,214927,2720.5949367088606
28.263228561729193,79,214991,2721.4050632911394
28.263662532903254,79,215055,2722.215189873418
28.264174915850163,79,215119,2723.025316455696
28.26466525765136,79,215183,2723.8354430379745
28.26513111963868,79,215247,2724.6455696202534
28.265638442710042,79,215311,2725.4556962025317
28.266092323698103,79,215375,2726.26582278481
28.266554694622755,79,215439,2727.0759493670885
28.267005665693432,79,215503,2727.8860759493673
28.268633626867086,79,215567,2728.6962025316457
28.269169190898538,79,215631,2729.506329113924
28.269690454006195,79,215695,2730.3164556962024
28.27015556488186,79,215759,2731.1265822784812
28.27062632655725,79,215823,2731.9367088607596
28.27113576978445,79,215887,2732.746835443038
28.271568179596215,79,215951,2733.5569620253164
28.272067792713642,79,216015,2734.3670886075947
28.272625086829066,79,216079,2735.1772151898736
28.27307831775397,79,216143,2735.987341772152
28.273581160698086,79,216207,2736.7974683544303
28.274030801840127,79,216271,2737.6075949367087
28.274482442997396,79,216335,2738.4177215189875
28.274978055618703,79,216399,2739.227848101266
28.27544787665829,79,216463,2740.0379746835442
28.275939769577235,79,216527,2740.8481012658226
28.276443192735314,79,216591,2741.6582278481014
28.276898013893515,79,216655,2742.46835443038
28.277397415600717,79,216719,2743.278481012658
28.277849407866597,79,216783,2744.0886075949365
28.27834443980828,79,216847,2744.8987341772154
28.278803532011807,79,216911,2745.7088607594937
28.27932382375002,79,216975,2746.518987341772
28.279785415623337,79,217039,2747.3291139240505
28.28029396897182,79,217103,2748.1392405063293
28.280789560638368,79,217167,2748.9493670886077
28.281305343843997,79,217231,2749.759493670886
28.281805326696485,79,217295,2750.5696202531644
28.282338209915906,79,217359,2751.3797468354433
28.282818821724504,79,217423,2752.1898734177216
28.283287012949586,79,217487,2753.0
29.07670017890632,79,217551,2753.8101265822784
29.07740564690903,79,217615,2754.6202531645567
29.07790004881099,79,217679,2755.4303797468356
29.07872364996001,79,217743,2756.240506329114
29.079284543637186,79,217807,2757.0506329113923
29.079775145743042,79,217871,2757.8607594936707
29.080319250002503,79,217935,2758.6708860759495
29.080826981924474,79,217999,2759.481012658228
29.081336884759367,79,218063,2760.2911392405063
29.081797966733575,79,218127,2761.1012658227846
29.082271608989686,79,218191,2761.9113924050635
29.082738359924406,79,218255,2762.721518987342
29.083212771918625,79,218319,2763.53164556962
29.083717364817858,79,218383,2764.3417721518986
29.084252977743745,79,218447,2765.1518987341774
29.084753059782088,79,218511,2765.9620253164558
29.086281588766724,79,218575,2766.772151898734
29.086852562613785,79,218639,2767.5822784810125
29.08735515596345,79,218703,2768.3924050632913
29.087826516944915,79,218767,2769.2025316455697
29.08834676956758,79,218831,2770.012658227848
29.088858442846686,79,218895,2770.8227848101264
29.089362445753068,79,218959,2771.6329113924053
29.08982299687341,79,219023,2772.4430379746836
29.09033757960424,79,219087,2773.253164556962
29.09085059259087,79,219151,2774.0632911392404
29.09138813568279,79,219215,2774.8734177215188
29.091911658644676,79,219279,2775.6835443037976
29.092393150553107,79,219343,2776.493670886076
29.092870782595128,79,219407,2777.3037974683543
29.09340731659904,79,219471,2778.1139240506327
29.09391511976719,79,219535,2778.9240506329115
29.09441207163036,79,219599,2779.73417721519
29.094909213948995,79,219663,2780.5443037974683
29.09543044678867,79,219727,2781.3544303797466
29.095964560750872,79,219791,2782.1645569620255
29.096484513953328,79,219855,2782.974683544304
29.096952474676073,79,219919,2783.784810126582
29.0974426176399,79,219983,2784.5949367088606
29.097924949601293,79,220047,2785.4050632911394
29.09838547091931,79,220111,2786.215189873418
29.098908813670278,79,220175,2787.025316455696
29.09942673658952,79,220239,2787.8354430379745
29.09989443887025,79,220303,2788.6455696202534
29.10042418166995,79,220367,2789.4556962025317
29.10093070473522,79,220431,2790.26582278481
29.10141949681565,79,220495,2791.0759493670885
29.101966010872275,79,220559,2791.8860759493673
29.102940594777465,79,220623,2792.6962025316457
29.103489618748426,79,220687,2793.506329113924
29.104010581970215,79,220751,2794.3164556962024
29.10450313379988,79,220815,2795.1265822784812
29.104976125992835,79,220879,2795.9367088607596
29.105504748877138,79,220943,2796.746835443038
29.10647678282112,79,221007,2797.5569620253164
29.107069007586688,79,221071,2798.3670886075947
29.107636401895434,79,221135,2799.1772151898736
29.10810178378597,79,221199,2799.987341772152
29.108631326816976,79,221263,2800.7974683544303
29.109117748681456,79,221327,2801.6075949367087
29.109576030634344,79,221391,2802.4177215189875
29.110119323711842,79,221455,2803.227848101266
29.110595895908773,79,221519,2804.0379746835442
29.1111220899038,79,221583,2804.8481012658226
29.111633681692183,79,221647,2805.6582278481014
29.112117433920503,79,221711,2806.46835443038
29.11262252693996,79,221775,2807.278481012658
29.113096308894455,79,221839,2808.0886075949365
29.113599320873618,79,221903,2808.8987341772154
29.11407804256305,79,221967,2809.7088607594937
29.114598125685006,79,222031,2810.518987341772
29.115076907910407,79,222095,2811.3291139240505
29.115588780958205,79,222159,2812.1392405063293
29.116099423728883,79,222223,2812.9493670886077
29.1166190369986,79,222287,2813.759493670886
29.117143119685352,79,222351,2814.5696202531644
29.117667412851006,79,222415,2815.3797468354433
29.118478612974286,79,222479,2816.1898734177216
29.11917182058096,79,222543,2817.0
29.501783510670066,79,222589,2817.5822784810125
29.501783510670066,79,222589,2817.5822784810125
29.652591769583523,78,219788,2817.7948717948716
29.652591769583523,78,219788,2817.7948717948716
29.68146301060915,77,216973,2817.8311688311687
29.68207170581445,77,217037,2818.6623376623374
29.68282532459125,77,217101,2819.4935064935066
29.683387778699398,77,217165,2820.3246753246754
29.683942992705852,77,217229,2821.155844155844
29.6844595358707,77,217293,2821.987012987013
29.68499722983688,77,217357,2822.818181818182
29.685517872683704,77,217421,2823.6493506493507
29.68601951468736,77,217485,2824.4805194805194
29.686489306855947,77,217549,2825.311688311688
29.686947867739946,77,217613,2826.1428571428573
29.68743953993544,77,217677,2826.974025974026
29.687897481955588,77,217741,2827.805194805195
29.688429104629904,77,217805,2828.6363636363635
29.68897934863344,77,217869,2829.4675324675327
29.689503631554544,77,217933,2830.2987012987014
29.690912366844714,77,217997,2831.12987012987
29.691484681796283,77,218061,2831.961038961039
29.691981443669647,77,218125,2832.7922077922076
29.692474085837603,77,218189,2833.6233766233768
29.69298961898312,77,218253,2834.4545454545455
29.693555772770196,77,218317,2835.285714285714
29.69408397655934,77,218381,2836.116883116883
29.69455187767744,77,218445,2836.948051948052
29.695079810917377,77,218509,2837.779220779221
29.695615524891764,77,218573,2838.6103896103896
29.69616859871894,77,218637,2839.4415584415583
29.696707061957568,77,218701,2840.2727272727275
29.697195923887193,77,218765,2841.103896103896
29.69767664698884,77,218829,2841.935064935065
29.698218929581344,77,218893,2842.7662337662337
29.69873536285013,77,218957,2843.5974025974024
29.699244214687496,77,219021,2844.4285714285716
29.699751807842404,77,219085,2845.2597402597403
29.700284480582923,77,219149,2846.090909090909
29.700833674985915,77,219213,2846.9220779220777
29.701361447572708,77,219277,2847.753246753247
29.7018411597237,77,219341,2848.5844155844156
29.70233222283423,77,219405,2849.4155844155844
29.70281859487295,77,219469,2850.246753246753
29.70328846666962,77,219533,2851.0779220779223
29.7038096296601,77,219597,2851.909090909091
29.704325661994517,77,219661,2852.7402597402597
29.704799043945968,77,219725,2853.5714285714284
29.705368698574603,77,219789,2854.4025974025976
29.705896911676973,77,219853,2855.2337662337663
29.706423464696854,77,219917,2856.064935064935
29.706905476748943,77,219981,2856.896103896104
29.708408524747938,77,220045,2857.7272727272725
29.708968958817422,77,220109,2858.5584415584417
29.70952258259058,77,220173,2859.3896103896104
29.709993643686175,77,220237,2860.220779220779
29.710478675551713,77,220301,2861.051948051948
29.710995378904045,77,220365,2861.883116883117
29.71147685078904,77,220429,2862.714285714286
29.71191656170413,77,220493,2863.5454545454545
29.712438474874943,77,220557,2864.3766233766232
29.712968988809735,77,220621,2865.2077922077924
29.713452350813895,77,220685,2866.038961038961
29.713916391599923,77,220749,2866.87012987013
29.71446136571467,77,220813,2867.7012987012986
29.714928837958723,77,220877,2868.5324675324673
29.715458110906184,77,220941,2869.3636363636365
29.71592733170837,77,221005,2870.194805194805
29.716442954726517,77,221069,2871.025974025974
29.71691882656887,77,221133,2871.8571428571427
29.71744436956942,77,221197,2872.688311688312
29.717917881906033,77,221261,2873.5194805194806
29.718431944958866,77,221325,2874.3506493506493
29.718963987659663,77,221389,2875.181818181818
29.71944243973121,77,221453,2876.012987012987
29.719954202882946,77,221517,2876.844155844156
29.720478775911033,77,221581,2877.6753246753246
29.72099999897182,77,221645,2878.5064935064934
29.721528962720186,77,221709,2879.3376623376626
29.7219339418225,77,221773,2880.1688311688313
29.722316431812942,77,221837,2881.0
30.28552146581933,77,221901,2881.8311688311687
30.28635679697618,77,221965,2882.6623376623374
30.286844588816166,77,222029,2883.4935064935066
30.287275079637766,77,222093,2884.3246753246754
30.287690739613026,77,222157,2885.155844155844
30.28807051992044,77,222221,2885.987012987013
30.28848056960851,77,222285,2886.818181818182
30.289134905673563,77,222349,2887.6493506493507
30.28954276582226,77,222413,2888.4805194805194
30.289904854726046,77,222477,2889.311688311688
30.2902727345936,77,222541,2890.1428571428573
30.290643623564392,77,222605,2890.974025974026
30.290999352931976,77,222669,2891.805194805195
30.291409662924707,77,222733,2892.6363636363635
30.291823423001915,77,222797,2893.4675324675327
30.292227992787957,77,222861,2894.2987012987014
30.292936231009662,77,222925,2895.12987012987
30.29336299188435,77,222989,2895.961038961039
30.293741080909967,77,223053,2896.7922077922076
30.294121820945293,77,223117,2897.6233766233768
30.294518500566483,77,223181,2898.4545454545455
30.29492237092927,77,223245,2899.285714285714
30.295311679597944,77,223309,2900.116883116883
30.295671038795263,77,223373,2900.948051948052
30.296078408602625,77,223437,2901.779220779221
30.29648463986814,77,223501,2902.6103896103896
30.296894959639758,77,223565,2903.4415584415583
30.297315479721874,77,223629,2904.2727272727275
30.29768746998161,77,223693,2905.103896103896
30.29807097883895,77,223757,2905.935064935065
30.29847852885723,77,223821,2906.7662337662337
30.298869928810745,77,223885,2907.5974025974024
30.29960644757375,77,223949,2908.4285714285716
30.30000559799373,77,224013,2909.2597402597403
30.30041561787948,77,224077,2910.090909090909
30.300839107949287,77,224141,2910.9220779220777
30.301249818876386,77,224205,2911.753246753247
30.301624907646328,77,224269,2912.5844155844156
30.302001436706632,77,224333,2913.4155844155844
30.302392516750842,77,224397,2914.246753246753
30.302750595845282,77,224461,2915.0779220779223
30.303166296798736,77,224525,2915.909090909091
30.30356303555891,77,224589,2916.7402597402597
30.303931255824864,77,224653,2917.5714285714284
30.30437568668276,77,224717,2918.4025974025976
30.304779146797955,77,224781,2919.2337662337663
30.305190306622535,77,224845,2920.064935064935
30.305570206604898,77,224909,2920.896103896104
30.30668889498338,77,224973,2921.7272727272725
30.307123535778373,77,225037,2922.5584415584417
30.307533335871994,77,225101,2923.3896103896104
30.307907954789698,77,225165,2924.220779220779
30.308283844962716,77,225229,2925.051948051948
30.308685034979135,77,225293,2925.883116883117
30.309065363835543,77,225357,2926.714285714286
30.30944375367835,77,225421,2927.5454545454545
30.309833442792296,77,225485,2928.3766233766232
30.31024970393628,77,225549,2929.2077922077924
30.310609202831984,77,225613,2930.038961038961
30.310982911847532,77,225677,2930.87012987013
30.311407022643834,77,225741,2931.7012987012986
30.311765040736645,77,225805,2932.5324675324673
30.312171131838113,77,225869,2933.3636363636365
30.312534880824387,77,225933,2934.194805194805
30.31293028080836,77,225997,2935.025974025974
30.313309859950095,77,226061,2935.8571428571427
30.31370324967429,77,226125,2936.688311688312
30.31408282974735,77,226189,2937.5194805194806
30.314486188814044,77,226253,2938.3506493506493
30.314891669899225,77,226317,2939.181818181818
30.31527799880132,77,226381,2940.012987012987
30.315676308702677,77,226445,2940.844155844156
30.316088108811527,77,226509,2941.6753246753246
30.31650397973135,77,226573,2942.5064935064934
30.316903569735587,77,226637,2943.3376623376626
30.31728447880596,77,226701,2944.1688311688313
30.317666618619114,77,226765,2945.0
30.967797204852104,77,226829,2945.8311688311687
30.96869225660339,77,226893,2946.6623376623374
30.969221819657832,77,226957,2947.4935064935066
30.97006315086037,77,227021,2948.3246753246754
30.97062925575301,77,227085,2949.155844155844
30.97114123776555,77,227149,2949.987012987013
30.971707951743156,77,227213,2950.818181818182
30.97224762570113,77,227277,2951.6493506493507
30.972775688860565,77,227341,2952.4805194805194
30.9732713107951,77,227405,2953.311688311688
30.97376381373033,77,227469,2954.1428571428573
30.97426603594795,77,227533,2954.974025974026
30.974745518993586,77,227597,2955.805194805195
30.97529757162556,77,227661,2956.6363636363635
30.975845935754478,77,227725,2957.4675324675327
30.97639452992007,77,227789,2958.2987012987014
30.97799926996231,77,227853,2959.12987012987
30.9786066445522,77,227917,2959.961038961039
30.97913617780432,77,227981,2960.7922077922076
30.979632309637964,77,228045,2961.6233766233768
30.980182513594627,77,228109,2962.4545454545455
30.980720087885857,77,228173,2963.285714285714
30.981246830895543,77,228237,2964.116883116883
30.98173504276201,77,228301,2964.948051948052
30.982278906740248,77,228365,2965.779220779221
30.982817759737372,77,228429,2966.6103896103896
30.983388914726675,77,228493,2967.4415584415583
30.983954068738967,77,228557,2968.2727272727275
30.984468820970505,77,228621,2969.103896103896
30.984963833820075,77,228685,2969.935064935065
30.985522757750005,77,228749,2970.7662337662337
30.986058560665697,77,228813,2971.5974025974024
30.98657173383981,77,228877,2972.4285714285716
30.987103096675128,77,228941,2973.2597402597403
30.98764078086242,77,229005,2974.090909090909
30.988212894648314,77,229069,2974.9220779220777
30.988748587667942,77,229133,2975.753246753247
30.989252940751612,77,229197,2976.5844155844156
30.989764883648604,77,229261,2977.4155844155844
30.9902879470028,77,229325,2978.246753246753
30.99077201867476,77,229389,2979.0779220779223
30.991325372830033,77,229453,2979.909090909091
30.991857965942472,77,229517,2980.7402597402597
30.992366498801857,77,229581,2981.5714285714284
30.992948872968554,77,229645,2982.4025974025976
30.993502316996455,77,229709,2983.2337662337663
30.99405009066686,77,229773,2984.064935064935
30.994551902636886,77,229837,2984.896103896104
30.995571358595043,77,229901,2985.7272727272725
30.996144042816013,77,229965,2986.5584415584417
30.996694426983595,77,230029,2987.3896103896104
30.997201388701797,77,230093,2988.220779220779
30.997709902003407,77,230157,2989.051948051948
30.998261245898902,77,230221,2989.883116883117
30.998752267565578,77,230285,2990.714285714286
30.999266390688717,77,230349,2991.5454545454545
30.999793333932757,77,230413,2992.3766233766232
31.000353617593646,77,230477,2993.2077922077924
31.000836490653455,77,230541,2994.038961038961
31.001705371774733,77,230605,2994.87012987013
31.002288366667926,77,230669,2995.7012987012986
31.002779078669846,77,230733,2996.5324675324673
31.003332442604005,77,230797,2997.3636363636365
31.003823634702712,77,230861,2998.194805194805
31.004368748981506,77,230925,2999.025974025974
31.004868210759014,77,230989,2999.8571428571427
31.005407764576375,77,231053,3000.688311688312
31.00590613670647,77,231117,3001.5194805194806
31.006439830642194,77,231181,3002.3506493506493
31.006985663902014,77,231245,3003.181818181818
31.007488016970456,77,231309,3004.012987012987
31.008025219663978,77,231373,3004.844155844156
31.008572313934565,77,231437,3005.6753246753246
31.009053546003997,77,231501,3006.5064935064934
31.00946613587439,77,231565,3007.3376623376626
31.00983414473012,77,231629,3008.1688311688313
31.010230994783342,77,231693,3009.0
31.79322712076828,77,231757,3009.8311688311687
31.793793034739792,77,231821,3010.6623376623374
31.79419967578724,77,231885,3011.4935064935066
31.794919782783836,77,231949,3012.3246753246754
31.795361324679106,77,232013,3013.155844155844
31.795744933653623,77,232077,3013.987012987013
31.796188884880394,77,232141,3014.818181818182
31.796597704757005,77,232205,3015.6493506493507
31.796993804629892,77,232269,3016.4805194805194
31.797375414986163,77,232333,3017.311688311688
31.797743463888764,77,232397,3018.1428571428573
31.798127443995327,77,232461,3018.974025974026
31.798491772729903,77,232525,3019.805194805195
31.79889242257923,77,232589,3020.6363636363635
31.799319192767143,77,232653,3021.4675324675327
31.79972030268982,77,232717,3022.2987012987014
31.800880591850728,77,232781,3023.12987012987
31.801340623758733,77,232845,3023.961038961039
31.80172641389072,77,232909,3024.7922077922076
31.802110482938588,77,232973,3025.6233766233768
31.80251671280712,77,233037,3026.4545454545455
31.802926222793758,77,233101,3027.285714285714
31.80332600371912,77,233165,3028.116883116883
31.803701902739704,77,233229,3028.948051948052
31.80411147279665,77,233293,3029.779220779221
31.804519832599908,77,233357,3030.6103896103896
31.804947533644736,77,233421,3031.4415584415583
31.805381044745445,77,233485,3032.2727272727275
31.8057594737038,77,233549,3033.103896103896
31.80614482378587,77,233613,3033.935064935065
31.806562733836472,77,233677,3034.7662337662337
31.806961454916745,77,233741,3035.5974025974024
31.80735466396436,77,233805,3036.4285714285716
31.807749293744564,77,233869,3037.2597402597403
31.80815962376073,77,233933,3038.090909090909
31.808586314786226,77,233997,3038.9220779220777
31.808983974624425,77,234061,3039.753246753247
31.809368254616857,77,234125,3040.5844155844156
31.80975081399083,77,234189,3041.4155844155844
31.810153093654662,77,234253,3042.246753246753
31.810517392586917,77,234317,3043.0779220779223
31.8109246538952,77,234381,3043.909090909091
31.81134069385007,77,234445,3044.7402597402597
31.811730393674225,77,234509,3045.5714285714284
31.81218438455835,77,234573,3046.4025974025976
31.812597064767033,77,234637,3047.2337662337663
31.81300149485469,77,234701,3048.064935064935
31.8133904049173,77,234765,3048.896103896104
31.814602004829794,77,234829,3049.7272727272725
31.815030155703425,77,234893,3050.5584415584417
31.815456656739116,77,234957,3051.3896103896104
31.815831475891173,77,235021,3052.220779220779
31.816220625769347,77,235085,3053.051948051948
31.816630255896598,77,235149,3053.883116883117
31.816998634953052,77,235213,3054.714285714286
31.817394994664937,77,235277,3055.5454545454545
31.817795904818922,77,235341,3056.3766233766232
31.818215015809983,77,235405,3057.2077922077924
31.818580984603614,77,235469,3058.038961038961
31.818950813729316,77,235533,3058.87012987013
31.819378794636577,77,235597,3059.7012987012986
31.81975507363677,77,235661,3060.5324675324673
31.820171533618122,77,235725,3061.3636363636365
31.820546803995967,77,235789,3062.194805194805
31.82094708364457,77,235853,3063.025974025974
31.82134397374466,77,235917,3063.8571428571427
31.821745603810996,77,235981,3064.688311688312
31.82212553266436,77,236045,3065.5194805194806
31.822525422554463,77,236109,3066.3506493506493
31.82293631369248,77,236173,3067.181818181818
31.82331346301362,77,236237,3068.012987012987
31.823714152909815,77,236301,3068.844155844156
31.824130643624812,77,236365,3069.6753246753246
31.824547053780407,77,236429,3070.5064935064934
31.824957343749702,77,236493,3071.3376623376626
31.825347863603383,77,236557,3072.1688311688313
31.82574333390221,77,236621,3073.0
32.40728155570105,77,236685,3073.8311688311687
32.40792251192033,77,236749,3074.6623376623374
32.408712120726705,77,236813,3075.4935064935066
32.409312806557864,77,236877,3076.3246753246754
32.40988435084,77,236941,3077.155844155844
32.41040214383975,77,237005,3077.987012987013
32.4109695777297,77,237069,3078.818181818182
32.411531121935695,77,237133,3079.6493506493507
32.41208993596956,77,237197,3080.4805194805194
32.41259722877294,77,237261,3081.311688311688
32.413107400760055,77,237325,3082.1428571428573
32.41363007389009,77,237389,3082.974025974026
32.41413780674338,77,237453,3083.805194805195
32.41468443069607,77,237517,3084.6363636363635
32.41526327468455,77,237581,3085.4675324675327
32.415810238569975,77,237645,3086.2987012987014
32.41749574057758,77,237709,3087.12987012987
32.41811990691349,77,237773,3087.961038961039
32.41865056985989,77,237837,3088.7922077922076
32.41917759273201,77,237901,3089.6233766233768
32.419728316832334,77,237965,3090.4545454545455
32.4202850908041,77,238029,3091.285714285714
32.42081683361903,77,238093,3092.116883116883
32.421328036580235,77,238157,3092.948051948052
32.42186594987288,77,238221,3093.779220779221
32.42243303358555,77,238285,3094.6103896103896
32.42300566891208,77,238349,3095.4415584415583
32.4235847229138,77,238413,3096.2727272727275
32.424109605606645,77,238477,3097.103896103896
32.42463091900572,77,238541,3097.935064935065
32.42520819371566,77,238605,3098.7662337662337
32.42575563676655,77,238669,3099.5974025974024
32.426297350786626,77,238733,3100.4285714285716
32.4268402736634,77,238797,3101.2597402597403
32.42740026768297,77,238861,3102.090909090909
32.42798367282376,77,238925,3102.9220779220777
32.4285465166904,77,238989,3103.753246753247
32.429069419857115,77,239053,3104.5844155844156
32.429599933791906,77,239117,3105.4155844155844
32.430139746982604,77,239181,3106.246753246753
32.430632658768445,77,239245,3107.0779220779223
32.43120213365182,77,239309,3107.909090909091
32.43175090663135,77,239373,3108.7402597402597
32.432275159750134,77,239437,3109.5714285714284
32.43287486489862,77,239501,3110.4025974025976
32.43344442965463,77,239565,3111.2337662337663
32.433997872751206,77,239629,3112.064935064935
32.43451794562861,77,239693,3112.896103896104
32.435496020596474,77,239757,3113.7272727272725
32.43609005585313,77,239821,3114.5584415584417
32.43665505992249,77,239885,3115.3896103896104
32.4371705329977,77,239949,3116.220779220779
32.438277419656515,77,240013,3117.051948051948
32.43889494566247,77,240077,3117.883116883117
32.4394103186205,77,240141,3118.714285714286
32.439940981566906,77,240205,3119.5454545454545
32.4405021360144,77,240269,3120.3766233766232
32.44107658974826,77,240333,3121.2077922077924
32.44157352298498,77,240397,3122.038961038961
32.44209578586742,77,240461,3122.87012987013
32.44266344001517,77,240525,3123.7012987012986
32.44317567255348,77,240589,3124.5324675324673
32.44373752688989,77,240653,3125.3636363636365
32.44425307959318,77,240717,3126.194805194805
32.44480483280495,77,240781,3127.025974025974
32.44532773597166,77,240845,3127.8571428571427
32.44587439997122,77,240909,3128.688311688312
32.44639817299321,77,240973,3129.5194805194806
32.44693926675245,77,241037,3130.3506493506493
32.44750304101035,77,241101,3131.181818181818
32.44800339266658,77,241165,3132.012987012987
32.44855741690844,77,241229,3132.844155844156
32.44905193988234,77,241293,3133.6753246753246
32.449484509881586,77,241357,3134.5064935064934
32.44989977078512,77,241421,3135.3376623376626
32.45029788091779,77,241485,3136.1688311688313
32.45070240087807,77,241549,3137.0
32.65698059601709,77,241576,3137.3506493506493
32.65698059601709,77,241576,3137.3506493506493
32.6665632748045,76,238440,3137.3684210526317
32.6665632748045,76,238440,3137.3684210526317
33.02142911264673,75,235339,3137.8533333333335
33.02211836958304,75,235403,3138.7066666666665
33.02265780279413,75,235467,3139.56
33.02349477401003,75,235531,3140.4133333333334
33.02409697882831,75,235595,3141.266666666667
33.024678403977305,75,235659,3142.12
33.02521163690835,75,235723,3142.9733333333334
33.02579131163657,75,235787,3143.826666666667
33.02635397575796,75,235851,3144.68
33.02690250892192,75,235915,3145.5333333333333
33.027475693728775,75,235979,3146.3866666666668
33.027999626938254,75,236043,3147.24
33.02854562085122,75,236107,3148.0933333333332
33.029081233777106,75,236171,3148.9466666666667
33.02963755792007,75,236235,3149.8
33.03021476184949,75,236299,3150.653333333333
33.031956755556166,75,236363,3151.5066666666667
33.032580150756985,75,236427,3152.36
33.033142775762826,75,236491,3153.213333333333
33.03366863774136,75,236555,3154.0666666666666
33.03423916269094,75,236619,3154.92
33.03477798588574,75,236683,3155.7733333333335
33.035337919835,75,236747,3156.6266666666666
33.035861612763256,75,236811,3157.48
33.036422446835786,75,236875,3158.3333333333335
33.03698380058631,75,236939,3159.1866666666665
33.037579165771604,75,237003,3160.04
33.03816427057609,75,237067,3160.8933333333334
33.03871226357296,75,237131,3161.7466666666664
33.03929832857102,75,237195,3162.6
33.03986559296027,75,237259,3163.4533333333334
33.0404242365621,75,237323,3164.306666666667
33.04096049070358,75,237387,3165.16
33.04151939461008,75,237451,3166.0133333333333
33.042103378567845,75,237515,3166.866666666667
33.04267068300396,75,237579,3167.72
33.04326914763078,75,237643,3168.5733333333333
33.04378888197243,75,237707,3169.4266666666667
33.04432194493711,75,237771,3170.28
33.0448643877171,75,237835,3171.133333333333
33.045376400928944,75,237899,3171.9866666666667
33.045946654863656,75,237963,3172.84
33.046519559808075,75,238027,3173.693333333333
33.04704792285338,75,238091,3174.5466666666666
33.04766036756337,75,238155,3175.4
33.048250812571496,75,238219,3176.2533333333336
33.04875350557268,75,238283,3177.1066666666666
33.04928252892569,75,238347,3177.96
33.050410486757755,75,238411,3178.8133333333335
33.051002831663936,75,238475,3179.6666666666665
33.05160020664334,75,238539,3180.52
33.05212875967845,75,238603,3181.3733333333334
33.0526964138262,75,238667,3182.2266666666665
33.053212026599795,75,238731,3183.08
33.05374441994354,75,238795,3183.9333333333334
33.05430852388963,75,238859,3184.786666666667
33.05488253897056,75,238923,3185.64
33.055462832562625,75,238987,3186.4933333333333
33.05598997557536,75,239051,3187.346666666667
33.05655371956527,75,239115,3188.2
33.057136214803904,75,239179,3189.0533333333333
33.057649397756904,75,239243,3189.9066666666668
33.05822115158662,75,239307,3190.76
33.058746214956045,75,239371,3191.6133333333332
33.05958049558103,75,239435,3192.4666666666667
33.060118149966,75,239499,3193.32
33.06067877262831,75,239563,3194.173333333333
33.061209056992084,75,239627,3195.0266666666666
33.061758319847286,75,239691,3195.88
33.062217231839895,75,239755,3196.733333333333
33.06260160077363,75,239819,3197.5866666666666
33.063015601597726,75,239883,3198.44
33.06346031278372,75,239947,3199.2933333333335
33.063846472650766,75,240011,3200.1466666666665
33.06426751287654,75,240075,3201.0
33.2628986267373,75,240101,3201.346666666667
33.2628986267373,75,240101,3201.346666666667
34.08261119062081,74,236938,3201.864864864865
34.083338318858296,74,237002,3202.7297297297296
34.0837441990152,74,237066,3203.5945945945946
34.08413353888318,74,237130,3204.4594594594596
34.08450645767152,74,237194,3205.324324324324
34.08486347692087,74,237258,3206.189189189189
34.08519897470251,74,237322,3207.054054054054
34.08577199000865,74,237386,3207.9189189189187
34.08612430887297,74,237450,3208.7837837837837
34.086461326573044,74,237514,3209.6486486486488
34.08681943593547,74,237578,3210.5135135135133
34.08714895369485,74,237642,3211.3783783783783
34.08747393172234,74,237706,3212.2432432432433
34.08779752999544,74,237770,3213.108108108108
34.08815523888916,74,237834,3213.972972972973
34.08849418768659,74,237898,3214.837837837838
34.0892608766444,74,237962,3215.7027027027025
34.08961641555652,74,238026,3216.5675675675675
34.08993572369218,74,238090,3217.4324324324325
34.09025352168828,74,238154,3218.2972972972975
34.090588389895856,74,238218,3219.162162162162
34.09091088781133,74,238282,3220.027027027027
34.09125020680949,74,238346,3220.891891891892
34.09158165473491,74,238410,3221.7567567567567
34.091925302986056,74,238474,3222.6216216216217
34.09278048481792,74,238538,3223.4864864864867
34.09320469480008,74,238602,3224.3513513513512
34.0935342037119,74,238666,3225.2162162162163
34.09388029156253,74,238730,3226.0810810810813
34.09423716086894,74,238794,3226.945945945946
34.09458071971312,74,238858,3227.810810810811
34.09491714788601,74,238922,3228.675675675676
34.09525376698002,74,238986,3229.5405405405404
34.09558385470882,74,239050,3230.4054054054054
34.09592578280717,74,239114,3231.2702702702704
34.096267331857234,74,239178,3232.135135135135
34.09660979080945,74,239242,3233.0
34.09695863863453,74,239306,3233.864864864865
34.09728131676093,74,239370,3234.7297297297296
34.097597954794765,74,239434,3235.5945945945946
34.09792015282437,74,239498,3236.4594594594596
34.09826080175117,74,239562,3237.324324324324
34.09860584093258,74,239626,3238.189189189189
34.09891296783462,74,239690,3239.054054054054
34.09929091762751,74,239754,3239.9189189189187
34.09958915458992,74,239818,3240.7837837837837
34.09989317273721,74,239882,3241.6486486486488
34.1002052295953,74,239946,3242.5135135135133
34.1008392656222,74,240010,3243.3783783783783
34.10119789466262,74,240074,3244.2432432432433
34.101508892606944,74,240138,3245.108108108108
34.101840920746326,74,240202,3245.972972972973
34.10219197999686,74,240266,3246.837837837838
34.10249892761931,74,240330,3247.7027027027025
34.10281667485833,74,240394,3248.5675675675675
34.1031595938839,74,240458,3249.4324324324325
34.10350528266281,74,240522,3250.2972972972975
34.10384255088866,74,240586,3251.162162162162
34.1041647689417,74,240650,3252.027027027027
34.10449663782492,74,240714,3252.891891891892
34.10484954575077,74,240778,3253.7567567567567
34.10516931395978,74,240842,3254.6216216216217
34.10550512280315,74,240906,3255.4864864864867
34.105814040638506,74,240970,3256.3513513513512
34.10633864393458,74,241034,3257.2162162162163
34.106659521814436,74,241098,3258.0810810810813
34.10696901893243,74,241162,3258.945945945946
34.10730694793165,74,241226,3259.810810810811
34.10764651559293,74,241290,3260.675675675676
34.107952053658664,74,241354,3261.5405405405404
34.10829107183963,74,241418,3262.4054054054054
34.10862662084401,74,241482,3263.2702702702704
34.108930967748165,74,241546,3264.135135135135
34.10927141690627,74,241610,3265.0
34.738716545980424,74,241674,3265.864864864865
34.73962205881253,74,241738,3266.7297297297296
34.740307565778494,74,241802,3267.5945945945946
34.74096254166216,74,241866,3268.4594594594596
34.741964966990054,74,241930,3269.324324324324
34.74262915365398,74,241994,3270.189189189189
34.74320195801556,74,242058,3271.054054054054
34.74382361397147,74,242122,3271.9189189189187
34.744431828614324,74,242186,3272.7837837837837
34.74502015393227,74,242250,3273.6486486486488
34.74563781870529,74,242314,3274.5135135135133
34.74620573269203,74,242378,3275.3783783783783
34.74676542682573,74,242442,3276.2432432432433
34.74733852175996,74,242506,3277.108108108108
34.747942426707596,74,242570,3277.972972972973
34.748550441581756,74,242634,3278.837837837838
34.75030530570075,74,242698,3279.7027027027025
34.75095928180963,74,242762,3280.5675675675675
34.75155221670866,74,242826,3281.4324324324325
34.752158851828426,74,242890,3282.2972972972975
34.75275934673846,74,242954,3283.162162162162
34.75335639156401,74,243018,3284.027027027027
34.75394842680544,74,243082,3284.891891891892
34.75453714188188,74,243146,3285.7567567567567
34.755160516593605,74,243210,3286.6216216216217
34.75576385157183,74,243274,3287.4864864864867
34.75641092797741,74,243338,3288.3513513513512
34.75698333280161,74,243402,3289.2162162162163
34.75760755781084,74,243466,3290.0810810810813
34.758231163956225,74,243530,3290.945945945946
34.758834588807076,74,243594,3291.810810810811
34.759435093961656,74,243658,3292.675675675676
34.76000825781375,74,243722,3293.5405405405404
34.760604762937874,74,243786,3294.4054054054054
34.761231078766286,74,243850,3295.2702702702704
34.761831163894385,74,243914,3296.135135135135
34.76244774879888,74,243978,3297.0
34.7630891748704,74,244042,3297.864864864865
34.763655019924045,74,244106,3298.7297297297296
34.764226853847504,74,244170,3299.5945945945946
34.76480697793886,74,244234,3300.4594594594596
34.765412143897265,74,244298,3301.324324324324
34.766028058715165,74,244362,3302.189189189189
34.76660674298182,74,244426,3303.054054054054
34.7672735597007,74,244490,3303.9189189189187
34.76780761266127,74,244554,3304.7837837837837
34.768366826698184,74,244618,3305.6486486486488
34.76890925085172,74,244682,3306.5135135135133
34.77091854065657,74,244746,3307.3783783783783
34.77158619789407,74,244810,3308.2432432432433
34.77215825160965,74,244874,3309.108108108108
34.772792857605964,74,244938,3309.972972972973
34.77342595392838,74,245002,3310.837837837838
34.773976906668395,74,245066,3311.7027027027025
34.7745654117316,74,245130,3312.5675675675675
34.77517408691347,74,245194,3313.4324324324325
34.775773911736906,74,245258,3314.2972972972975
34.77638390799984,74,245322,3315.162162162162
34.776943841949105,74,245386,3316.027027027027
34.77753642667085,74,245450,3316.891891891892
34.77816507173702,74,245514,3317.7567567567567
34.778707375749946,74,245578,3318.6216216216217
34.77931762067601,74,245642,3319.4864864864867
34.77986144460738,74,245706,3320.3513513513512
34.78033797675744,74,245770,3321.2162162162163
34.78076200699434,74,245834,3322.0810810810813
34.78118012659252,74,245898,3322.945945945946
34.7816151175648,74,245962,3323.810810810811
34.78207248961553,74,246026,3324.675675675676
34.78248116001487,74,246090,3325.5405405405404
34.7829186306335,74,246154,3326.4054054054054
34.78337171161547,74,246218,3327.2702702702704
34.783783223014325,74,246282,3328.135135135135
34.78421763377264,74,246346,3329.0
35.35541163664311,74,246410,3329.864864864865
35.3562253578566,74,246474,3330.7297297297296
35.356865264009684,74,246538,3331.5945945945946
35.35736737586558,74,246602,3332.4594594594596
35.35808308375999,74,246666,3333.324324324324
35.35856708558276,74,246730,3334.189189189189
35.35898368572816,74,246794,3335.054054054054
35.359458297956735,74,246858,3335.9189189189187
35.359901879914105,74,246922,3336.7837837837837
35.36035522073507,74,246986,3337.6486486486488
35.36080975178629,74,247050,3338.5135135135133
35.36123680276796,74,247114,3339.3783783783783
35.361658732872456,74,247178,3340.2432432432433
35.36210251459852,74,247242,3341.108108108108
35.362556545995176,74,247306,3341.972972972973
35.36300520692021,74,247370,3342.837837837838
35.36448634369299,74,247434,3343.7027027027025
35.36498062685132,74,247498,3344.5675675675675
35.365428337827325,74,247562,3345.4324324324325
35.365856137592345,74,247626,3346.2972972972975
35.36632208991796,74,247690,3347.162162162162
35.366755090653896,74,247754,3348.027027027027
35.36721271183342,74,247818,3348.891891891892
35.36766835395247,74,247882,3349.7567567567567
35.36814580578357,74,247946,3350.6216216216217
35.36859622690827,74,248010,3351.4864864864867
35.36907871859148,74,248074,3352.3513513513512
35.36951435962692,74,248138,3353.2162162162163
35.36997891077772,74,248202,3354.0810810810813
35.370454522781074,74,248266,3354.945945945946
35.37091739475727,74,248330,3355.810810810811
35.37137223593891,74,248394,3356.675675675676
35.37180157657713,74,248458,3357.5405405405404
35.372252637986094,74,248522,3358.4054054054054
35.3727104999125,74,248586,3359.2702702702704
35.37658370565623,74,248650,3360.135135135135
35.37991772964597,74,248714,3361.0
35.38069195859134,74,248778,3361.864864864865
35.38138126581907,74,248842,3362.7297297297296
35.38197273062542,74,248906,3363.5945945945946
35.38259630696848,74,248970,3364.4594594594596
35.38315615057945,74,249034,3365.324324324324
35.38372407481074,74,249098,3366.189189189189
35.38425364764407,74,249162,3367.054054054054
35.38484567264095,74,249226,3367.9189189189187
35.385322694666684,74,249290,3368.7837837837837
35.385785965714604,74,249354,3369.6486486486488
35.386246277950704,74,249418,3370.5135135135133
35.389017737004906,74,249482,3371.3783783783783
35.3895783405751,74,249546,3372.2432432432433
35.39004794275388,74,249610,3373.108108108108
35.39053330477327,74,249674,3373.972972972973
35.39102647686377,74,249738,3374.837837837838
35.39148517884314,74,249802,3375.7027027027025
35.391945409588516,74,249866,3376.5675675675675
35.392428781837225,74,249930,3377.4324324324325
35.39289854373783,74,249994,3378.2972972972975
35.393404056783766,74,250058,3379.162162162162
35.3938328968361,74,250122,3380.027027027027
35.39432820957154,74,250186,3380.891891891892
35.39480661181733,74,250250,3381.7567567567567
35.395244812592864,74,250314,3382.6216216216217
35.39569740369916,74,250378,3383.4864864864867
35.396146814804524,74,250442,3384.3513513513512
35.39660501666367,74,250506,3385.2162162162163
35.39702844666317,74,250570,3386.0810810810813
35.39747155783698,74,250634,3386.945945945946
35.39792230958119,74,250698,3387.810810810811
35.398382120765746,74,250762,3388.675675675676
35.39881292171776,74,250826,3389.5405405405404
35.399280092678964,74,250890,3390.4054054054054
35.39973395457491,74,250954,3391.2702702702704
35.40007388358936,74,251018,3392.135135135135
35.40035667968914,74,251082,3393.0
35.45133005362004,74,251093,3393.1486486486488
35.45133005362004,74,251093,3393.1486486486488
36.11410235660151,73,247753,3393.876712328767
36.11514785280451,73,247817,3394.753424657534
36.11568709556013,73,247881,3395.6301369863013
36.11633347161114,73,247945,3396.5068493150684
36.11715736286715,73,248009,3397.3835616438355
36.11762500461191,73,248073,3398.2602739726026
36.118026294745505,73,248137,3399.1369863013697
36.11883169459179,73,248201,3400.013698630137
36.11924667470157,73,248265,3400.890410958904
36.11964278481901,73,248329,3401.7671232876714
36.12003398500383,73,248393,3402.6438356164385
36.12038691388443,73,248457,3403.5205479452056
36.12075807293877,73,248521,3404.3972602739727
36.121120501775295,73,248585,3405.27397260274
36.121478950604796,73,248649,3406.150684931507
36.12183488998562,73,248713,3407.027397260274
36.125887350644916,73,248777,3407.904109589041
36.12683589477092,73,248841,3408.780821917808
36.12751806201413,73,248905,3409.6575342465753
36.128608578816056,73,248969,3410.5342465753424
36.12927624583244,73,249033,3411.4109589041095
36.1298968619667,73,249097,3412.2876712328766
36.1305539580062,73,249161,3413.1643835616437
36.131169182714075,73,249225,3414.041095890411
36.13180760899559,73,249289,3414.917808219178
36.1324690557085,73,249353,3415.794520547945
36.133139391895384,73,249417,3416.671232876712
36.1337757576257,73,249481,3417.5479452054797
36.13443070463836,73,249545,3418.4246575342468
36.135072650853544,73,249609,3419.301369863014
36.13569762557745,73,249673,3420.178082191781
36.136337861884385,73,249737,3421.054794520548
36.13816364761442,73,249801,3421.931506849315
36.13880408369005,73,249865,3422.8082191780823
36.13946106098592,73,249929,3423.6849315068494
36.14009461598471,73,249993,3424.5616438356165
36.14072094159201,73,250057,3425.4383561643835
36.141375167761,73,250121,3426.3150684931506
36.1419414319098,73,250185,3427.1917808219177
36.1425287569873,73,250249,3428.068493150685
36.143132821656764,73,250313,3428.945205479452
36.14377006795257,73,250377,3429.821917808219
36.14442906482145,73,250441,3430.698630136986
36.14500311855227,73,250505,3431.5753424657532
36.14567945571616,73,250569,3432.4520547945203
36.14623839966953,73,250633,3433.328767123288
36.146789132617414,73,250697,3434.205479452055
36.14735391782597,73,250761,3435.082191780822
36.147960712667555,73,250825,3435.958904109589
36.148591668810695,73,250889,3436.8356164383563
36.149214423727244,73,250953,3437.7123287671234
36.14977842755616,73,251017,3438.5890410958905
36.15040153358132,73,251081,3439.4657534246576
36.150950056966394,73,251145,3440.3424657534247
36.15153318177909,73,251209,3441.219178082192
36.152146697975695,73,251273,3442.095890410959
36.15276899281889,73,251337,3442.972602739726
36.15338517772034,73,251401,3443.849315068493
36.15394162200391,73,251465,3444.72602739726
36.15455138683319,73,251529,3445.6027397260273
36.155130901839584,73,251593,3446.4794520547944
36.1555443815887,73,251657,3447.3561643835615
36.15599809400737,73,251721,3448.2328767123286
36.15642790496349,73,251785,3449.109589041096
36.15722777368501,73,251849,3449.986301369863
36.15766423474997,73,251913,3450.8630136986303
36.15813248697668,73,251977,3451.7397260273974
36.15858994796872,73,252041,3452.6164383561645
36.15900272876024,73,252105,3453.4931506849316
36.15946221956983,73,252169,3454.3698630136987
36.159919801633805,73,252233,3455.246575342466
36.16034806286916,73,252297,3456.123287671233
36.1607925738208,73,252361,3457.0
36.732865009922534,73,252425,3457.876712328767
36.733427012804896,73,252489,3458.753424657534
36.73416460165754,73,252553,3459.6301369863013
36.73465356370434,73,252617,3460.5068493150684
36.735228108707815,73,252681,3461.3835616438355
36.73585592396557,73,252745,3462.2602739726026
36.73643907858059,73,252809,3463.1369863013697
36.73708021501079,73,252873,3464.013698630137
36.737685799598694,73,252937,3464.890410958904
36.7382894246839,73,253001,3465.7671232876714
36.73889829963446,73,253065,3466.6438356164385
36.73948473483324,73,253129,3467.5205479452056
36.740066818892956,73,253193,3468.3972602739727
36.740641883574426,73,253257,3469.27397260274
36.741255858913064,73,253321,3470.150684931507
36.74187559494749,73,253385,3471.027397260274
36.74373331060633,73,253449,3471.904109589041
36.74440440768376,73,253513,3472.780821917808
36.74500547256321,73,253577,3473.6575342465753
36.745599697809666,73,253641,3474.5342465753424
36.74622946372256,73,253705,3475.4109589041095
36.746832098811865,73,253769,3476.2876712328766
36.74743937375024,73,253833,3477.1643835616437
36.74805761873722,73,253897,3478.041095890411
36.7486910847947,73,253961,3478.917808219178
36.74931928096339,73,254025,3479.794520547945
36.7499536969699,73,254089,3480.671232876712
36.7505468307063,73,254153,3481.5479452054797
36.75117851700634,73,254217,3482.4246575342468
36.75179829262197,73,254281,3483.301369863014
36.75243175867945,73,254345,3484.178082191781
36.75303625361994,73,254409,3485.054794520548
36.75363891758025,73,254473,3485.931506849315
36.75424032378942,73,254537,3486.8082191780823
36.75485407887027,73,254601,3487.6849315068494
36.75547679467127,73,254665,3488.5616438356165
36.75610403995961,73,254729,3489.4383561643835
36.756743245758116,73,254793,3490.3150684931506
36.75731442961842,73,254857,3491.1917808219177
36.75788642466068,73,254921,3492.068493150685
36.758483269717544,73,254985,3492.945205479452
36.759101354982704,73,255049,3493.821917808219
36.759711569640785,73,255113,3494.698630136986
36.76028861477971,73,255177,3495.5753424657532
36.76094676088542,73,255241,3496.4520547945203
36.76149289496243,73,255305,3497.328767123288
36.762036027852446,73,255369,3498.205479452055
36.76260752277449,73,255433,3499.082191780822
36.76424673385918,73,255497,3499.958904109589
36.76489426987246,73,255561,3500.8356164383563
36.765531186014414,73,255625,3501.7123287671234
36.76611177995801,73,255689,3502.5890410958905
36.76673496561125,73,255753,3503.4657534246576
36.767312839627266,73,255817,3504.3424657534247
36.76790359476581,73,255881,3505.219178082192
36.76851638965309,73,255945,3506.095890410959
36.76915994565934,73,256009,3506.972602739726
36.76978023163974,73,256073,3507.849315068493
36.77036360697821,73,256137,3508.72602739726
36.77098147198558,73,256201,3509.6027397260273
36.771621617954224,73,256265,3510.4794520547944
36.77222064277157,73,256329,3511.3561643835615
36.772916429676116,73,256393,3512.2328767123286
36.77350850496441,73,256457,3513.109589041096
36.774067028891295,73,256521,3513.986301369863
36.77449294971302,73,256585,3514.8630136986303
36.774944610893726,73,256649,3515.7397260273974
36.775416562799364,73,256713,3516.6164383561645
36.77584042400122,73,256777,3517.4931506849316
36.77630598470569,73,256841,3518.3698630136987
36.77676882687956,73,256905,3519.246575342466
36.77719555655494,73,256969,3520.123287671233
36.77763634780422,73,257033,3521.0
37.3619411396794,73,257097,3521.876712328767
37.36292619490996,73,257161,3522.753424657534
37.36360101168975,73,257225,3523.6301369863013
37.36419207556173,73,257289,3524.5068493150684
37.36489623365924,73,257353,3525.3835616438355
37.36539284558967,73,257417,3526.2602739726026
37.365835456643254,73,257481,3527.1369863013697
37.36632861988619,73,257545,3528.013698630137
37.36679320083931,73,257609,3528.890410958904
37.367258802987635,73,257673,3529.7671232876714
37.36771916365251,73,257737,3530.6438356164385
37.36815691459924,73,257801,3531.5205479452056
37.368588105775416,73,257865,3532.3972602739727
37.369019326753914,73,257929,3533.27397260274
37.36949743889272,73,257993,3534.150684931507
37.36996501078829,73,258057,3535.027397260274
37.37138305557892,73,258121,3535.904109589041
37.37187656760216,73,258185,3536.780821917808
37.37233181996271,73,258249,3537.6575342465753
37.372759559657425,73,258313,3538.5342465753424
37.37324392190203,73,258377,3539.4109589041095
37.37369333393872,73,258441,3540.2876712328766
37.374160324689,73,258505,3541.1643835616437
37.37461895681918,73,258569,3542.041095890411
37.37511413870379,73,258633,3542.917808219178
37.37558483099565,73,258697,3543.794520547945
37.37607659259811,73,258761,3544.671232876712
37.37652827473357,73,258825,3545.5479452054797
37.377010826952755,73,258889,3546.4246575342468
37.377498358953744,73,258953,3547.301369863014
37.37797095067799,73,259017,3548.178082191781
37.37844452261925,73,259081,3549.054794520548
37.37888855393976,73,259145,3549.931506849315
37.3793569249101,73,259209,3550.8082191780823
37.37982822675258,73,259273,3551.6849315068494
37.38030432863161,73,259337,3552.5616438356165
37.38078240072355,73,259401,3553.4383561643835
37.381295293569565,73,259465,3554.3150684931506
37.381725144572556,73,259529,3555.1917808219177
37.382174795959145,73,259593,3556.068493150685
37.382624686695635,73,259657,3556.945205479452
37.38308878755197,73,259721,3557.821917808219
37.38355810986832,73,259785,3558.698630136986
37.383986870758235,73,259849,3559.5753424657532
37.38451144378632,73,259913,3560.4520547945203
37.384918813593686,73,259977,3561.328767123288
37.38534716470167,73,260041,3562.205479452055
37.3857682258822,73,260105,3563.082191780822
37.38714884966612,73,260169,3563.958904109589
37.387638551648706,73,260233,3564.8356164383563
37.38812516396865,73,260297,3565.7123287671234
37.388556704856455,73,260361,3566.5890410958905
37.38901910698041,73,260425,3567.4657534246576
37.3894480667077,73,260489,3568.3424657534247
37.38988800859079,73,260553,3569.219178082192
37.390357829630375,73,260617,3570.095890410959
37.390839071944356,73,260681,3570.972602739726
37.391316233668476,73,260745,3571.849315068493
37.39174358500168,73,260809,3572.72602739726
37.392211886588484,73,260873,3573.6027397260273
37.39269206766039,73,260937,3574.4794520547944
37.393119408749044,73,261001,3575.3561643835615
37.39359442098066,73,261065,3576.2328767123286
37.39401597157121,73,261129,3577.109589041096
37.39444491174072,73,261193,3577.986301369863
37.394877342972904,73,261257,3578.8630136986303
37.39534708485007,73,261321,3579.7397260273974
37.39582319697365,73,261385,3580.6164383561645
37.396251888014376,73,261449,3581.4931506849316
37.39671287871897,73,261513,3582.3698630136987
37.39719109097496,73,261577,3583.246575342466
37.397615510970354,73,261641,3584.123287671233
37.398077212739736,73,261705,3585.0
38.07154779275879,73,261769,3585.876712328767
38.07232388295233,73,261833,3586.753424657534
38.072986458893865,73,261897,3587.6301369863013
38.0740709756501,73,261961,3588.5068493150684
38.07473858259618,73,262025,3589.3835616438355
38.075392548926175,73,262089,3590.2602739726026
38.075988883618265,73,262153,3591.1369863013697
38.076656840741634,73,262217,3592.013698630137
38.07729088701308,73,262281,3592.890410958904
38.07790935179219,73,262345,3593.7671232876714
38.07854406768456,73,262409,3594.6438356164385
38.07913799257949,73,262473,3595.5205479452056
38.07972180796787,73,262537,3596.3972602739727
38.080319991800934,73,262601,3597.27397260274
38.08094370784238,73,262665,3598.150684931507
38.08158091362566,73,262729,3599.027397260274
38.083705126773566,73,262793,3599.904109589041
38.08442029496655,73,262857,3600.780821917808
38.08501675957814,73,262921,3601.6575342465753
38.08560060383752,73,262985,3602.5342465753424
38.08625043090433,73,263049,3603.4109589041095
38.08685755589977,73,263113,3604.2876712328766
38.08747907076031,73,263177,3605.1643835616437
38.088107076939195,73,263241,3606.041095890411
38.088758332654834,73,263305,3606.917808219178
38.089400878641754,73,263369,3607.794520547945
38.090073416009545,73,263433,3608.671232876712
38.090672810561955,73,263497,3609.5479452054797
38.09132908657193,73,263561,3610.4246575342468
38.091970153618604,73,263625,3611.301369863014
38.09262069966644,73,263689,3612.178082191781
38.093249565921724,73,263753,3613.054794520548
38.09386385092512,73,263817,3613.931506849315
38.094484825618565,73,263881,3614.8082191780823
38.095144462771714,73,263945,3615.6849315068494
38.09578622877598,73,264009,3616.5616438356165
38.096433504950255,73,264073,3617.4383561643835
38.09709995193407,73,264137,3618.3150684931506
38.097678165882826,73,264201,3619.1917808219177
38.09828171087429,73,264265,3620.068493150685
38.098888645879924,73,264329,3620.945205479452
38.0995129016228,73,264393,3621.821917808219
38.10015111789107,73,264457,3622.698630136986
38.10073636285961,73,264521,3623.5753424657532
38.10142772970721,73,264585,3624.4520547945203
38.10198029363528,73,264649,3625.328767123288
38.10256729880348,73,264713,3626.205479452055
38.103161472827196,73,264777,3627.082191780822
38.10378375882283,73,264841,3627.958904109589
38.10442706476897,73,264905,3628.8356164383563
38.105081400834024,73,264969,3629.7123287671234
38.105660466011614,73,265033,3630.5890410958905
38.10684614488855,73,265097,3631.4657534246576
38.10744307981804,73,265161,3632.3424657534247
38.108055255841464,73,265225,3633.219178082192
38.108682930935174,73,265289,3634.095890410959
38.10935326758772,73,265353,3634.972602739726
38.109999843873084,73,265417,3635.849315068493
38.11059242859483,73,265481,3636.72602739726
38.11122449487448,73,265545,3637.6027397260273
38.11187747074291,73,265609,3638.4794520547944
38.11236272286624,73,265673,3639.3561643835615
38.1128375348635,73,265737,3640.2328767123286
38.11327511584386,73,265801,3641.109589041096
38.113877180963755,73,265865,3641.986301369863
38.114330251701176,73,265929,3642.8630136986303
38.11479670368135,73,265993,3643.7397260273974
38.115288755856454,73,266057,3644.6164383561645
38.115721156820655,73,266121,3645.4931506849316
38.11619524890557,73,266185,3646.3698630136987
38.116665600799024,73,266249,3647.246575342466
38.11710584163666,73,266313,3648.123287671233
38.11755917267874,73,266377,3649.0
38.396274267695844,73,266411,3649.4657534246576
38.396274267695844,73,266411,3649.4657534246576
38.70053517166525,72,262792,3649.8888888888887
38.70130007062107,72,262856,3650.777777777778
38.70196365797892,72,262920,3651.6666666666665
38.702890189830214,72,262984,3652.5555555555557
38.70357060665265,72,263048,3653.4444444444443
38.7042246540077,72,263112,3654.3333333333335
38.70480587799102,72,263176,3655.222222222222
38.70546864485368,72,263240,3656.1111111111113
38.70610627066344,72,263304,3657.0
38.70673349685967,72,263368,3657.8888888888887
38.70737442281097,72,263432,3658.777777777778
38.70796140655875,72,263496,3659.6666666666665
38.70855734171346,72,263560,3660.5555555555557
38.70916310697794,72,263624,3661.4444444444443
38.70978773292154,72,263688,3662.3333333333335
38.7104278486222,72,263752,3663.222222222222
38.71245090896264,72,263816,3664.1111111111113
38.71313362568617,72,263880,3665.0
38.71374215185642,72,263944,3665.8888888888887
38.714366126805544,72,264008,3666.777777777778
38.71501055266708,72,264072,3667.6666666666665
38.71564122894779,72,264136,3668.5555555555557
38.716277685016394,72,264200,3669.4444444444443
38.71690100058913,72,264264,3670.3333333333335
38.717562896665186,72,264328,3671.222222222222
38.71820771275088,72,264392,3672.1111111111113
38.71886886982247,72,264456,3673.0
38.719480535015464,72,264520,3673.8888888888887
38.720151581801474,72,264584,3674.777777777778
38.720813057851046,72,264648,3675.6666666666665
38.721461144741625,72,264712,3676.5555555555557
38.722100080922246,72,264776,3677.4444444444443
38.722703095991164,72,264840,3678.3333333333335
38.723322230856866,72,264904,3679.222222222222
38.72396332677454,72,264968,3680.1111111111113
38.72462533367798,72,265032,3681.0
38.725284829735756,72,265096,3681.8888888888887
38.725953036919236,72,265160,3682.777777777778
38.726599243003875,72,265224,3683.6666666666665
38.727195747662336,72,265288,3684.5555555555557
38.72779435291886,72,265352,3685.4444444444443
38.72840935783461,72,265416,3686.3333333333335
38.72900633281097,72,265480,3687.222222222222
38.72965406998992,72,265544,3688.1111111111113
38.73034756677225,72,265608,3689.0
38.73090663086623,72,265672,3689.8888888888887
38.7315477267839,72,265736,3690.777777777778
38.732140531763434,72,265800,3691.6666666666665
38.733453203924,72,265864,3692.5555555555557
38.734131700824946,72,265928,3693.4444444444443
38.73472752561793,72,265992,3694.3333333333335
38.73539478285238,72,266056,3695.222222222222
38.73602964868769,72,266120,3696.1111111111113
38.73661876376718,72,266184,3697.0
38.73722877865657,72,266248,3697.8888888888887
38.737845113966614,72,266312,3698.777777777778
38.73850273061544,72,266376,3699.6666666666665
38.739160356577486,72,266440,3700.5555555555557
38.73974742181599,72,266504,3701.4444444444443
38.74037968693301,72,266568,3702.3333333333335
38.74102996382862,72,266632,3703.222222222222
38.741475434973836,72,266696,3704.1111111111113
38.74195363698527,72,266760,3705.0
38.74239954771474,72,266824,3705.8888888888887
38.74301066296175,72,266888,3706.777777777778
38.743471504654735,72,266952,3707.6666666666665
38.74395680660382,72,267016,3708.5555555555557
38.74440572783351,72,267080,3709.4444444444443
38.74487856961787,72,267144,3710.3333333333335
38.74536971189082,72,267208,3711.222222222222
38.74580597272143,72,267272,3712.1111111111113
38.74627377465367,72,267336,3713.0
39.33847632398829,72,267400,3713.8888888888887
39.339225072879344,72,267464,3714.777777777778
39.339739435818046,72,267528,3715.6666666666665
39.34046478383243,72,267592,3716.5555555555557
39.34098078683019,72,267656,3717.4444444444443
39.34149172855541,72,267720,3718.3333333333335
39.341939420904964,72,267784,3719.222222222222
39.34245110396296,72,267848,3720.1111111111113
39.34293479565531,72,267912,3721.0
39.343424727674574,72,267976,3721.8888888888887
39.34390512993559,72,268040,3722.777777777778
39.344356250949204,72,268104,3723.6666666666665
39.34480752190575,72,268168,3724.5555555555557
39.34527332382277,72,268232,3725.4444444444443
39.34575777594,72,268296,3726.3333333333335
39.3462503477931,72,268360,3727.222222222222
39.34772996464744,72,268424,3728.1111111111113
39.34827725868672,72,268488,3729.0
39.34874416096136,72,268552,3729.8888888888887
39.349207371938974,72,268616,3730.777777777778
39.34969518473372,72,268680,3731.6666666666665
39.35017242562026,72,268744,3732.5555555555557
39.35065792873502,72,268808,3733.4444444444443
39.35113784996793,72,268872,3734.3333333333335
39.35163852293044,72,268936,3735.222222222222
39.35213787481189,72,269000,3736.1111111111113
39.35265058791265,72,269064,3737.0
39.353126959875226,72,269128,3737.8888888888887
39.35364093258977,72,269192,3738.777777777778
39.35415695561096,72,269256,3739.6666666666665
39.354655308648944,72,269320,3740.5555555555557
39.355146990623325,72,269384,3741.4444444444443
39.35561106167734,72,269448,3742.3333333333335
39.356087173800915,72,269512,3743.222222222222
39.35658620670438,72,269576,3744.1111111111113
39.35708377882838,72,269640,3745.0
39.35758334165439,72,269704,3745.8888888888887
39.35810897499323,72,269768,3746.777777777778
39.35860178666189,72,269832,3747.6666666666665
39.35910725966096,72,269896,3748.5555555555557
39.35957040078938,72,269960,3749.4444444444443
39.360027932561934,72,270024,3750.3333333333335
39.36048201378435,72,270088,3751.222222222222
39.36097126593813,72,270152,3752.1111111111113
39.3615101496689,72,270216,3753.0
39.36194213991985,72,270280,3753.8888888888887
39.36243555275723,72,270344,3754.777777777778
39.3628861438483,72,270408,3755.6666666666665
39.36422982765362,72,270472,3756.5555555555557
39.364749470725656,72,270536,3757.4444444444443
39.3652114616707,72,270600,3758.3333333333335
39.365713064558804,72,270664,3759.222222222222
39.36620807694271,72,270728,3760.1111111111113
39.366658077575266,72,270792,3761.0
39.36712413979694,72,270856,3761.8888888888887
39.36759958183393,72,270920,3762.777777777778
39.368109124712646,72,270984,3763.6666666666665
39.36860375665128,72,271048,3764.5555555555557
39.36907026870176,72,271112,3765.4444444444443
39.36955325072631,72,271176,3766.3333333333335
39.370063862763345,72,271240,3767.222222222222
39.37050832482055,72,271304,3768.1111111111113
39.37099763657898,72,271368,3769.0
39.37146215792745,72,271432,3769.8888888888887
39.3719066795893,72,271496,3770.777777777778
39.37236219085753,72,271560,3771.6666666666665
39.37285731267184,72,271624,3772.5555555555557
39.37331069493666,72,271688,3773.4444444444443
39.37379393680021,72,271752,3774.3333333333335
39.37429217901081,72,271816,3775.222222222222
39.37473780987784,72,271880,3776.1111111111113
39.37521257158369,72,271944,3777.0
39.97036485467106,72,272008,3777.8888888888887
39.97097960067913,72,272072,3778.777777777778
39.97151795355603,72,272136,3779.6666666666665
39.97203068668023,72,272200,3780.5555555555557
39.97285656770691,72,272264,3781.4444444444443
39.97338639060035,72,272328,3782.3333333333335
39.97385414270684,72,272392,3783.222222222222
39.97441658563912,72,272456,3784.1111111111113
39.97492968896404,72,272520,3785.0
39.975437071640044,72,272584,3785.8888888888887
39.97593075456098,72,272648,3786.777777777778
39.97639719583094,72,272712,3787.6666666666665
39.976852086838335,72,272776,3788.5555555555557
39.97732583899051,72,272840,3789.4444444444443
39.97781869163737,72,272904,3790.3333333333335
39.97831746377051,72,272968,3791.222222222222
39.979788480792195,72,273032,3792.1111111111113
39.98034084495157,72,273096,3793.0
39.980825456790626,72,273160,3793.8888888888887
39.98131126863882,72,273224,3794.777777777778
39.981814921833575,72,273288,3795.6666666666665
39.98230557376519,72,273352,3796.5555555555557
39.982794305775315,72,273416,3797.4444444444443
39.98328746762127,72,273480,3798.3333333333335
39.98379929084331,72,273544,3799.222222222222
39.98430669400841,72,273608,3800.1111111111113
39.9848201056011,72,273672,3801.0
39.985322368796915,72,273736,3801.8888888888887
39.98586581274867,72,273800,3802.777777777778
39.986394435632974,72,273864,3803.6666666666665
39.98689472861588,72,273928,3804.5555555555557
39.9873945210129,72,273992,3805.4444444444443
39.987869342789054,72,274056,3806.3333333333335
39.988360474817455,72,274120,3807.222222222222
39.98886051774025,72,274184,3808.1111111111113
39.98936959961429,72,274248,3809.0
39.989876442588866,72,274312,3809.8888888888887
39.99042204581201,72,274376,3810.777777777778
39.99093271885067,72,274440,3811.6666666666665
39.99145108181983,72,274504,3812.5555555555557
39.991916213650256,72,274568,3813.4444444444443
39.99240105599165,72,274632,3814.3333333333335
39.99285094672814,72,274696,3815.222222222222
39.99335562996566,72,274760,3816.1111111111113
39.99389303289354,72,274824,3817.0
39.99434259487316,72,274888,3817.8888888888887
39.99483830668032,72,274952,3818.777777777778
39.99530128762126,72,275016,3819.6666666666665
39.99684084672481,72,275080,3820.5555555555557
39.9973899605684,72,275144,3821.4444444444443
39.997872022911906,72,275208,3822.3333333333335
39.998393615707755,72,275272,3823.222222222222
39.99889575783163,72,275336,3824.1111111111113
39.99936256976798,72,275400,3825.0
39.99983198195696,72,275464,3825.8888888888887
40.000324063934386,72,275528,3826.777777777778
40.00083170691505,72,275592,3827.6666666666665
40.00134260999039,72,275656,3828.5555555555557
40.00180184096098,72,275720,3829.4444444444443
40.00229896279052,72,275784,3830.3333333333335
40.002808935940266,72,275848,3831.222222222222
40.00326859764755,72,275912,3832.1111111111113
40.003771759569645,72,275976,3833.0
40.004233721643686,72,276040,3833.8888888888887
40.0046858927235,72,276104,3834.777777777778
40.005153195001185,72,276168,3835.6666666666665
40.00565841700882,72,276232,3836.5555555555557
40.00611382862553,72,276296,3837.4444444444443
40.00660527078435,72,276360,3838.3333333333335
40.00713283382356,72,276424,3839.222222222222
40.00762383593246,72,276488,3840.1111111111113
40.00812250887975,72,276552,3841.0
40.00863241171464,72,276554,3841.027777777778
40.00863241171464,72,276554,3841.027777777778
40.676877431571484,71,272775,3841.9014084507044
40.677881956566125,71,272839,3842.8028169014083
40.67861128458753,71,272903,3843.7042253521126
40.67961263982579,71,272967,3844.605633802817
40.68036722857505,71,273031,3845.507042253521
40.68107288563624,71,273095,3846.4084507042253
40.68170987162739,71,273159,3847.3098591549297
40.682415729854256,71,273223,3848.211267605634
40.68309177691117,71,273287,3849.112676056338
40.68380191363394,71,273351,3850.0140845070423
40.68449150165543,71,273415,3850.9154929577467
40.68512474698946,71,273479,3851.8169014084506
40.68574494263157,71,273543,3852.718309859155
40.686381108593196,71,273607,3853.6197183098593
40.68705939594656,71,273671,3854.521126760563
40.6877239625901,71,273735,3855.4225352112676
40.69017115375027,71,273799,3856.323943661972
40.69089184189215,71,273863,3857.225352112676
40.69155640760437,71,273927,3858.1267605633802
40.69219407392666,71,273991,3859.0281690140846
40.69285806082189,71,274055,3859.9295774647885
40.69352107681334,71,274119,3860.830985915493
40.69419205375016,71,274183,3861.7323943661972
40.69489389192313,71,274247,3862.6338028169016
40.69562915991992,71,274311,3863.5352112676055
40.6963117569685,71,274375,3864.43661971831
40.69701113458723,71,274439,3865.3380281690143
40.69766740081832,71,274503,3866.239436619718
40.698360037989914,71,274567,3867.1408450704225
40.69906458584592,71,274631,3868.042253521127
40.6997487526387,71,274695,3868.943661971831
40.70042631961405,71,274759,3869.845070422535
40.701083545573056,71,274823,3870.7464788732395
40.701742202974856,71,274887,3871.6478873239435
40.70243249973282,71,274951,3872.549295774648
40.70311711682007,71,275015,3873.450704225352
40.703832814935595,71,275079,3874.3521126760565
40.704532112926245,71,275143,3875.2535211267605
40.70526429079473,71,275207,3876.154929577465
40.705945387948304,71,275271,3877.056338028169
40.70660059386864,71,275335,3877.957746478873
40.70722689991817,71,275399,3878.8591549295775
40.70790672674775,71,275463,3879.760563380282
40.708647994790226,71,275527,3880.6619718309857
40.70925363060087,71,275591,3881.56338028169
40.709926686715335,71,275655,3882.4647887323945
40.710613494738936,71,275719,3883.3661971830984
40.7112478306517,71,275783,3884.2676056338028
40.71191869676113,71,275847,3885.169014084507
40.71261196490377,71,275911,3886.0704225352115
40.7132423799485,71,275975,3886.9718309859154
40.71393945766613,71,276039,3887.8732394366198
40.71461960487068,71,276103,3888.774647887324
40.715235190000385,71,276167,3889.676056338028
40.71586787560955,71,276231,3890.5774647887324
40.716567863710225,71,276295,3891.478873239437
40.71740706358105,71,276359,3892.3802816901407
40.71851520193741,71,276423,3893.281690140845
40.71915891766548,71,276487,3894.1830985915494
40.71966102067381,71,276551,3895.0845070422533
40.720187223982066,71,276615,3895.9859154929577
40.72064324468374,71,276679,3896.887323943662
40.721158667933196,71,276743,3897.788732394366
40.721616689581424,71,276807,3898.6901408450703
40.72223019460216,71,276871,3899.5915492957747
40.72271514683962,71,276935,3900.492957746479
40.7232427499257,71,276999,3901.394366197183
40.723714301828295,71,277063,3902.2957746478874
40.72422627499327,71,277127,3903.1971830985917
40.72473392775282,71,277191,3904.0985915492956
40.72520290873945,71,277255,3905.0
41.62294197501615,71,277319,3905.9014084507044
41.62368058273569,71,277383,3906.8028169014083
41.62424001656473,71,277447,3907.7042253521126
41.62475946964696,71,277511,3908.605633802817
41.62565306201577,71,277575,3909.507042253521
41.626212475821376,71,277639,3910.4084507042253
41.62669515796006,71,277703,3911.3098591549297
41.62723544193432,71,277767,3912.211267605634
41.62774143368006,71,277831,3913.112676056338
41.628276427742094,71,277895,3914.0140845070423
41.6288219220005,71,277959,3914.9154929577467
41.62930479366332,71,278023,3915.8169014084506
41.62977893464267,71,278087,3916.718309859155
41.63026722660288,71,278151,3917.6197183098593
41.630776709876955,71,278215,3918.521126760563
41.63128965301439,71,278279,3919.4225352112676
41.632887492887676,71,278343,3920.323943661972
41.63346109678969,71,278407,3921.225352112676
41.63395464979112,71,278471,3922.1267605633802
41.634448781609535,71,278535,3923.0281690140846
41.634965154808015,71,278599,3923.9295774647885
41.6354690566659,71,278663,3924.830985915493
41.63596733985469,71,278727,3925.7323943661972
41.63647575257346,71,278791,3926.6338028169016
41.63699955586344,71,278855,3927.5352112676055
41.637519558891654,71,278919,3928.43661971831
41.63806026196107,71,278983,3929.3380281690143
41.638546753674746,71,279047,3930.239436619718
41.63910427875817,71,279111,3931.1408450704225
41.63967006187886,71,279175,3932.042253521127
41.640197965782136,71,279239,3932.943661971831
41.64070466766134,71,279303,3933.845070422535
41.64119933079928,71,279367,3934.7464788732395
41.64169793296605,71,279431,3935.6478873239435
41.642225205898285,71,279495,3936.549295774648
41.642739618662745,71,279559,3937.450704225352
41.643280792981386,71,279623,3938.3521126760565
41.64380546566099,71,279687,3939.2535211267605
41.64434472890571,71,279751,3940.154929577465
41.64483059057966,71,279815,3941.056338028169
41.6453234939836,71,279879,3941.957746478873
41.64578802557662,71,279943,3942.8591549295775
41.64630322763696,71,280007,3943.760563380282
41.64685661159456,71,280071,3944.6619718309857
41.647318423725665,71,280135,3945.56338028169
41.647832076996565,71,280199,3946.4647887323945
41.64834724878892,71,280263,3947.3661971830984
41.6488170507364,71,280327,3948.2676056338028
41.65020488575101,71,280391,3949.169014084507
41.650754989590496,71,280455,3950.0704225352115
41.651239971630275,71,280519,3950.9718309859154
41.65176159469411,71,280583,3951.8732394366198
41.65228008758277,71,280647,3952.774647887324
41.65274181868881,71,280711,3953.676056338028
41.65324069187045,71,280775,3954.5774647887324
41.653734863735735,71,280839,3955.478873239437
41.654261637013406,71,280903,3956.3802816901407
41.65475228987634,71,280967,3957.281690140845
41.655230700969696,71,281031,3958.1830985915494
41.65572867356241,71,281095,3959.0845070422533
41.6562565267086,71,281159,3959.9859154929577
41.656718318816274,71,281223,3960.887323943662
41.657236800994724,71,281287,3961.788732394366
41.65770319290459,71,281351,3962.6901408450703
41.658185484819114,71,281415,3963.5915492957747
41.658657936844975,71,281479,3964.492957746479
41.65918558975682,71,281543,3965.394366197183
41.659651721827686,71,281607,3966.2957746478874
41.660167794674635,71,281671,3967.1971830985917
41.66068320767954,71,281735,3968.0985915492956
41.66123813157901,71,281799,3969.0
42.33499746955931,71,281857,3969.8169014084506
42.33499746955931,71,281857,3969.8169014084506
42.40298048872501,70,277894,3969.9142857142856
42.40370941674337,70,277958,3970.8285714285716
42.404663159977645,70,278022,3971.7428571428572
42.40538634872064,70,278086,3972.657142857143
42.40611730655655,70,278150,3973.5714285714284
42.406827164813876,70,278214,3974.4857142857145
42.4074786407873,70,278278,3975.4
42.40819218894467,70,278342,3976.3142857142857
42.408868284896016,70,278406,3977.2285714285713
42.40961310360581,70,278470,3978.1428571428573
42.410319211892784,70,278534,3979.057142857143
42.41095961770043,70,278598,3979.9714285714285
42.411609263624996,70,278662,3980.885714285714
42.41227899072692,70,278726,3981.8
42.41296667791903,70,278790,3982.714285714286
42.413654054980725,70,278854,3983.6285714285714
42.4157700878568,70,278918,3984.542857142857
42.41655079694465,70,278982,3985.457142857143
42.417241914663464,70,279046,3986.3714285714286
42.41788657056168,70,279110,3987.285714285714
42.41860632877797,70,279174,3988.2
42.419287375640124,70,279238,3989.114285714286
42.41996346274391,70,279302,3990.0285714285715
42.42069955077022,70,279366,3990.942857142857
42.42142789857462,70,279430,3991.8571428571427
42.422128377016634,70,279494,3992.7714285714287
42.42284182459116,70,279558,3993.6857142857143
42.42350834188983,70,279622,3994.6
42.42423210898414,70,279686,3995.5142857142855
42.4249496976845,70,279750,3996.4285714285716
42.425661304965615,70,279814,3997.342857142857
42.42636920278892,70,279878,3998.2571428571428
42.427031219005585,70,279942,3999.1714285714284
42.427711095660925,70,280006,4000.0857142857144
42.42843018472195,70,280070,4001.0
42.42913252161816,70,280134,4001.9142857142856
42.42984873987734,70,280198,4002.8285714285716
42.43055830756202,70,280262,4003.7428571428572
42.4313295269385,70,280326,4004.657142857143
42.43210665555671,70,280390,4005.5714285714284
42.43278287257999,70,280454,4006.4857142857145
42.43342276895419,70,280518,4007.4
42.434128406923264,70,280582,4008.3142857142857
42.434881805907935,70,280646,4009.2285714285713
42.43553971173242,70,280710,4010.1428571428573
42.4362451499328,70,280774,4011.057142857143
42.43693760689348,70,280838,4011.9714285714285
42.43758107256144,70,280902,4012.885714285714
42.439107020851225,70,280966,4013.8
42.43984808959067,70,281030,4014.714285714286
42.440498675685376,70,281094,4015.6285714285714
42.44122095359489,70,281158,4016.542857142857
42.441908940672874,70,281222,4017.457142857143
42.442613668739796,70,281286,4018.3714285714286
42.443288295995444,70,281350,4019.285714285714
42.44394951174036,70,281414,4020.2
42.444495275616646,70,281478,4021.114285714286
42.444992487784475,70,281542,4022.0285714285715
42.445482320617884,70,281606,4022.942857142857
42.44599004276097,70,281670,4023.8571428571427
42.44653215678409,70,281734,4024.7714285714287
42.447003088891506,70,281798,4025.6857142857143
42.447533391881734,70,281862,4026.6
42.448009363841265,70,281926,4027.5142857142855
42.448650179896504,70,281990,4028.4285714285716
42.449147291947156,70,282054,4029.342857142857
42.449672624934465,70,282118,4030.2571428571428
42.450203308835626,70,282182,4031.1714285714284
42.45072118192911,70,282246,4032.0857142857144
42.451208733953536,70,282310,4033.0
42.65960465185344,70,282337,4033.385714285714
42.65960465185344,70,282337,4033.385714285714
43.07822024356574,69,278341,4033.927536231884
43.07901752367616,69,278405,4034.855072463768
43.07977788290009,69,278469,4035.782608695652
43.102895739953965,69,278533,4036.710144927536
43.10365498857573,69,278597,4037.6376811594205
43.10438569681719,69,278661,4038.5652173913045
43.10503254272044,69,278725,4039.4927536231885
43.10577803198248,69,278789,4040.4202898550725
43.10647491971031,69,278853,4041.3478260869565
43.10717000672594,69,278917,4042.2753623188405
43.1079158349894,69,278981,4043.2028985507245
43.10859531164169,69,279045,4044.1304347826085
43.10925950901583,69,279109,4045.057971014493
43.10991561599076,69,279173,4045.985507246377
43.11062156269327,69,279237,4046.913043478261
43.1113218809478,69,279301,4047.840579710145
43.11355139594525,69,279365,4048.768115942029
43.114323725923896,69,279429,4049.695652173913
43.114987591747195,69,279493,4050.623188405797
43.11565784877166,69,279557,4051.550724637681
43.116367616690695,69,279621,4052.478260869565
43.11707186372951,69,279685,4053.4057971014495
43.117763691581786,69,279749,4054.3333333333335
43.11848959000781,69,279813,4055.2608695652175
43.11927476990968,69,279877,4056.1884057971015
43.119976326823235,69,279941,4057.1159420289855
43.12070792494342,69,280005,4058.0434782608695
43.121384541969746,69,280069,4058.9710144927535
43.12211193982512,69,280133,4059.8985507246375
43.122831378597766,69,280197,4060.8260869565215
43.1235362556763,69,280261,4061.753623188406
43.124240782577544,69,280325,4062.68115942029
43.12490205001086,69,280389,4063.608695652174
43.125584196764976,69,280453,4064.536231884058
43.12630249466747,69,280517,4065.463768115942
43.1269951229915,69,280581,4066.391304347826
43.12773692095652,69,280645,4067.31884057971
43.12844888865948,69,280709,4068.246376811594
43.129169386811554,69,280773,4069.1739130434785
43.12996225664392,69,280837,4070.1014492753625
43.13067543460056,69,280901,4071.0289855072465
43.13134509092197,69,280965,4071.9565217391305
43.13206094875932,69,281029,4072.8840579710145
43.13281961763278,69,281093,4073.8115942028985
43.13344208383933,69,281157,4074.7391304347825
43.13415430067107,69,281221,4075.6666666666665
43.134848698973656,69,281285,4076.5942028985505
43.135506834834814,69,281349,4077.521739130435
43.136208422947675,69,281413,4078.449275362319
43.13692533085123,69,281477,4079.376811594203
43.13757951697335,69,281541,4080.304347826087
43.13829658459872,69,281605,4081.231884057971
43.13898998172954,69,281669,4082.159420289855
43.18029647460207,69,281733,4083.086956521739
43.18102926295251,69,281797,4084.014492753623
43.18170004989952,69,281861,4084.942028985507
43.18236042559147,69,281925,4085.8695652173915
43.183059063740075,69,281989,4086.7971014492755
43.18370328983292,69,282053,4087.7246376811595
43.18439875682816,69,282117,4088.6521739130435
43.18513269582763,69,282181,4089.5797101449275
43.18576757097617,69,282245,4090.5072463768115
43.18648171890527,69,282309,4091.4347826086955
43.18712718458846,69,282373,4092.3623188405795
43.187926494982094,69,282437,4093.289855072464
43.18867601361126,69,282501,4094.217391304348
43.189393361564726,69,282565,4095.144927536232
43.19011234957725,69,282629,4096.072463768116
43.19075714563951,69,282693,4097.0
43.89414705475792,69,282757,4097.927536231884
43.89511524885893,69,282821,4098.855072463768
43.89585826685652,69,282885,4099.782608695652
43.89690452395007,69,282949,4100.710144927536
43.897727613803,69,283013,4101.63768115942
43.8984706629999,69,283077,4102.565217391304
43.89914632868022,69,283141,4103.492753623188
43.89987730793655,69,283205,4104.420289855072
43.9006594568491,69,283269,4105.347826086957
43.90136943478137,69,283333,4106.275362318841
43.902088632807136,69,283397,4107.202898550725
43.90274231880903,69,283461,4108.130434782609
43.90341206593439,69,283525,4109.057971014493
43.904088323004544,69,283589,4109.985507246377
43.90479730069637,69,283653,4110.913043478261
43.90551604889333,69,283717,4111.840579710145
43.90834541898221,69,283781,4112.768115942029
43.909126018639654,69,283845,4113.695652173913
43.90982229588553,69,283909,4114.623188405797
43.91049243276939,69,283973,4115.550724637681
43.911255571991205,69,284037,4116.478260869565
43.911983529571444,69,284101,4117.405797101449
43.912715318612754,69,284165,4118.333333333333
43.91342986561358,69,284229,4119.260869565217
43.914174624718726,69,284293,4120.188405797101
43.91488304268569,69,284357,4121.115942028986
43.91563852177933,69,284421,4122.04347826087
43.91632551886141,69,284485,4122.971014492754
43.917066756635904,69,284549,4123.898550724638
43.917811325751245,69,284613,4124.826086956522
43.91853782394901,69,284677,4125.753623188406
43.919252001680434,69,284741,4126.68115942029
43.919932298827916,69,284805,4127.608695652174
43.920636396855116,69,284869,4128.536231884058
43.921373564749956,69,284933,4129.463768115942
43.922093972563744,69,284997,4130.391304347826
43.92290073260665,69,285061,4131.31884057971
43.9236497618258,69,285125,4132.246376811594
43.92438829969615,69,285189,4133.173913043478
43.925146338995546,69,285253,4134.101449275362
43.925831655971706,69,285317,4135.028985507246
43.926500972826034,69,285381,4135.95652173913
43.92724992195144,69,285445,4136.884057971014
43.928022540640086,69,285509,4137.811594202899
43.928667516913265,69,285573,4138.739130434783
43.92939043464139,69,285637,4139.666666666667
43.93025572691113,69,285701,4140.594202898551
43.930948483757675,69,285765,4141.521739130435
43.931689872872084,69,285829,4142.449275362319
43.93242846056819,69,285893,4143.376811594203
43.93311709770933,69,285957,4144.304347826087
43.93389992788434,69,286021,4145.231884057971
43.93462278600782,69,286085,4146.159420289855
43.935284522827715,69,286149,4147.086956521739
43.935995949897915,69,286213,4148.014492753623
43.93657090468332,69,286277,4148.942028985507
43.93707691691816,69,286341,4149.869565217391
43.93759910063818,69,286405,4150.797101449275
43.93809525296092,69,286469,4151.724637681159
43.93861500592902,69,286533,4152.652173913043
43.93916748976335,69,286597,4153.579710144928
43.939648621715605,69,286661,4154.507246376812
43.940192034933716,69,286725,4155.434782608696
43.94067708682269,69,286789,4156.36231884058
43.941601880826056,69,286853,4157.289855072464
43.942164183594286,69,286917,4158.217391304348
43.942709787748754,69,286981,4159.144927536232
43.94326307158917,69,287045,4160.072463768116
43.943760143592954,69,287109,4161.0
44.394234131556004,69,287163,4161.782608695652
44.394234131556004,69,287163,4161.782608695652
44.498789994977415,68,283012,4161.941176470588
44.49970428785309,68,283076,4162.882352941177
44.500484817661345,68,283140,4163.823529411765
44.501576544716954,68,283204,4164.764705882353
44.502405675593764,68,283268,4165.705882352941
44.503168194554746,68,283332,4166.64705882353
44.50384675199166,68,283396,4167.588235294118
44.50460177101195,68,283460,4168.529411764706
44.50532538862899,68,283524,4169.470588235294
44.506049036979675,68,283588,4170.411764705882
44.50676504475996,68,283652,4171.35294117647
44.50743992161006,68,283716,4172.294117647059
44.50814416864887,68,283780,4173.235294117647
44.508863606955856,68,283844,4174.176470588235
44.50959481485188,68,283908,4175.117647058823
44.51032180292532,68,283972,4176.058823529412
44.512828905601054,68,284036,4177.0
44.51360025582835,68,284100,4177.941176470588
44.514299822971225,68,284164,4178.882352941177
44.514977659564465,68,284228,4179.823529411765
44.51572396885604,68,284292,4180.764705882353
44.516450066585094,68,284356,4181.705882352941
44.51719575468451,68,284420,4182.64705882353
44.517909072805196,68,284484,4183.588235294118
44.518669571727514,68,284548,4184.529411764706
44.51944459090009,68,284612,4185.470588235294
44.520216800738126,68,284676,4186.411764705882
44.520903607830405,68,284740,4187.35294117647
44.521651386749,68,284804,4188.294117647059
44.52239926485345,68,284868,4189.235294117647
44.52313338359818,68,284932,4190.176470588235
44.523839140776545,68,284996,4191.117647058823
44.524543068837374,68,285060,4192.058823529412
44.525254847016186,68,285124,4193.0
44.525995074771345,68,285188,4193.941176470588
44.52676756493747,68,285252,4194.882352941177
44.52751035289839,68,285316,4195.823529411765
44.528264831751585,68,285380,4196.764705882353
44.529022140894085,68,285444,4197.705882352941
44.529716287739575,68,285508,4198.64705882353
44.530411375686526,68,285572,4199.588235294118
44.53121575573459,68,285636,4200.529411764706
44.53202068572864,68,285700,4201.470588235294
44.5326771219261,68,285764,4202.411764705882
44.533420140855014,68,285828,4203.35294117647
44.53416106896475,68,285892,4204.294117647059
44.534818595740944,68,285956,4205.235294117647
44.53548455191776,68,286020,4206.176470588235
44.53622315078974,68,286084,4207.117647058823
44.53696006862447,68,286148,4208.058823529412
44.53763730591163,68,286212,4209.0
44.53839812474325,68,286276,4209.941176470588
44.53913115384057,68,286340,4210.882352941177
44.53965798672289,68,286404,4211.823529411765
44.540828375611454,68,286468,4212.764705882353
44.541372649837285,68,286532,4213.705882352941
44.54192527290434,68,286596,4214.64705882353
44.54244013596326,68,286660,4215.588235294118
44.542985709849745,68,286724,4216.529411764706
44.54354430362582,68,286788,4217.470588235294
44.544112597592175,68,286852,4218.411764705882
44.54464518092573,68,286916,4219.35294117647
44.545202874578536,68,286980,4220.294117647059
44.54570193774998,68,287044,4221.235294117647
44.54626749176532,68,287108,4222.176470588235
44.54677409399301,68,287172,4223.117647058823
44.547332347836345,68,287236,4224.058823529412
44.54782304074615,68,287300,4225.0
45.10132525395602,68,287364,4225.941176470588
45.10226700687781,68,287428,4226.882352941177
45.103335613850504,68,287492,4227.823529411765
45.10409595258534,68,287556,4228.764705882353
45.10485140187666,68,287620,4229.705882352941
45.10560675058514,68,287684,4230.64705882353
45.10628867801279,68,287748,4231.588235294118
45.10703157586977,68,287812,4232.529411764706
45.10775204375386,68,287876,4233.470588235294
45.10846843197942,68,287940,4234.411764705882
45.10920166084543,68,288004,4235.35294117647
45.109888897743076,68,288068,4236.294117647059
45.11061187600717,68,288132,4237.235294117647
45.11131863389164,68,288196,4238.176470588235
45.11205798201263,68,288260,4239.117647058823
45.11277390969917,68,288324,4240.058823529412
45.11566692171618,68,288388,4241.0
45.11643593059853,68,288452,4241.941176470588
45.117138978559524,68,288516,4242.882352941177
45.11781364586204,68,288580,4243.823529411765
45.11856834497303,68,288644,4244.764705882353
45.11930350260809,68,288708,4245.705882352941
45.12003599060699,68,288772,4246.64705882353
45.12077030958608,68,288836,4247.588235294118
45.1216112007387,68,288900,4248.529411764706
45.1223712596111,68,288964,4249.470588235294
45.123136488720775,68,289028,4250.411764705882
45.12382508581504,68,289092,4251.35294117647
45.12457926478237,68,289156,4252.294117647059
45.1253403336741,68,289220,4253.235294117647
45.12608655169606,68,289284,4254.176470588235
45.12680214969441,68,289348,4255.117647058823
45.12750800792128,68,289412,4256.058823529412
45.12823293590918,68,289476,4257.0
45.12897516461089,68,289540,4257.941176470588
45.129759333562106,68,289604,4258.882352941177
45.130511592607945,68,289668,4259.823529411765
45.13128076167777,68,289732,4260.764705882353
45.13205779157579,68,289796,4261.705882352941
45.13280577072874,68,289860,4262.64705882353
45.13348927674815,68,289924,4263.588235294118
45.13424988696352,68,289988,4264.529411764706
45.13506765663624,68,290052,4265.470588235294
45.13572638388723,68,290116,4266.411764705882
45.136469481978565,68,290180,4267.35294117647
45.13721717055887,68,290244,4268.294117647059
45.13787823682651,68,290308,4269.235294117647
45.13855093391612,68,290372,4270.176470588235
45.13929308159277,68,290436,4271.117647058823
45.14003078080714,68,290500,4272.058823529412
45.14070819783956,68,290564,4273.0
45.14145942684263,68,290628,4273.941176470588
45.14220597455278,68,290692,4274.882352941177
45.14278116961941,68,290756,4275.823529411765
45.143341603688896,68,290820,4276.764705882353
45.14389052661136,68,290884,4277.705882352941
45.14441360998899,68,290948,4278.64705882353
45.1449114526622,68,291012,4279.588235294118
45.145465856883675,68,291076,4280.529411764706
45.145995339844376,68,291140,4281.470588235294
45.146578224841505,68,291204,4282.411764705882
45.147117397747934,68,291268,4283.35294117647
45.14766832161695,68,291332,4284.294117647059
45.1481734639965,68,291396,4285.235294117647
45.149156098719686,68,291460,4286.176470588235
45.149678501766175,68,291524,4287.117647058823
45.150250675622374,68,291588,4288.058823529412
45.15075151901692,68,291652,4289.0
45.17663632566109,68,291661,4289.132352941177
45.17663632566109,68,291661,4289.132352941177
45.91259182896465,67,287427,4289.955223880597
45.91314402176067,67,287491,4290.910447761194
45.91370250657201,67,287555,4291.865671641791
45.914535806979984,67,287619,4292.820895522388
45.91516365297139,67,287683,4293.776119402985
45.91573576675728,67,287747,4294.731343283582
45.9162585795857,67,287811,4295.686567164179
45.91682487400249,67,287875,4296.641791044776
45.91741827875376,67,287939,4297.5970149253735
45.91797451255843,67,288003,4298.55223880597
45.918538047000766,67,288067,4299.507462686567
45.91906724963337,67,288131,4300.462686567164
45.919573762919754,67,288195,4301.417910447762
45.92010528687388,67,288259,4302.373134328358
45.92065220000222,67,288323,4303.328358208955
45.92120520398021,67,288387,4304.2835820895525
45.92277751257643,67,288451,4305.238805970149
45.92340775858611,67,288515,4306.194029850746
45.92394539201632,67,288579,4307.149253731343
45.924465524964035,67,288643,4308.104477611941
45.92501597898081,67,288707,4309.059701492537
45.925581332761794,67,288771,4310.014925373134
45.92616919800639,67,288835,4310.9701492537315
45.926724751945585,67,288899,4311.925373134329
45.92727372562513,67,288963,4312.880597014925
45.92789750080556,67,289027,4313.835820895522
45.928478475660086,67,289091,4314.79104477612
45.929064149968326,67,289155,4315.746268656716
45.9296278138645,67,289219,4316.701492537313
45.930205318611115,67,289283,4317.6567164179105
45.930759062990546,67,289347,4318.611940298508
45.931310306768864,67,289411,4319.567164179104
45.931838689837605,67,289475,4320.522388059701
45.93238430283964,67,289539,4321.477611940299
45.93294248683378,67,289603,4322.432835820896
45.93351160176098,67,289667,4323.388059701492
45.93408336583525,67,289731,4324.3432835820895
45.93466334976256,67,289795,4325.298507462687
45.93519721273333,67,289859,4326.253731343284
45.93569905590266,67,289923,4327.20895522388
45.93626919994131,67,289987,4328.164179104478
45.936867124866694,67,290051,4329.119402985075
45.937375297769904,67,290115,4330.074626865671
45.937943731900305,67,290179,4331.0298507462685
45.93856591777876,67,290243,4331.985074626866
45.939082820899785,67,290307,4332.940298507463
45.939638515003026,67,290371,4333.895522388059
45.94016170781106,67,290435,4334.850746268657
45.9415165707469,67,290499,4335.805970149254
45.94210901577026,67,290563,4336.761194029851
45.94263221882284,67,290627,4337.7164179104475
45.943208733573556,67,290691,4338.671641791045
45.94372796686366,67,290755,4339.626865671642
45.94429801078513,67,290819,4340.582089552238
45.944874714594334,67,290883,4341.537313432836
45.94542676862329,67,290947,4342.492537313433
45.94594150176272,67,291011,4343.44776119403
45.94646190479398,67,291075,4344.4029850746265
45.94697625795379,67,291139,4345.358208955224
45.94753697188571,67,291203,4346.313432835821
45.948090065736324,67,291267,4347.268656716418
45.94867854984477,67,291331,4348.223880597015
45.94926246488467,67,291395,4349.179104477612
45.94977003801614,67,291459,4350.134328358209
45.950334841851145,67,291523,4351.089552238806
45.95088922558352,67,291587,4352.044776119403
45.951404188759625,67,291651,4353.0
46.97935086861253,67,291715,4353.955223880597
46.98018653970212,67,291779,4354.910447761194
46.98081947583705,67,291843,4355.865671641791
46.981440600939095,67,291907,4356.820895522388
46.982338453643024,67,291971,4357.776119402985
46.982936828862876,67,292035,4358.731343283582
46.98347367160022,67,292099,4359.686567164179
46.98406009655446,67,292163,4360.641791044776
46.98461656086147,67,292227,4361.5970149253735
46.9851807449013,67,292291,4362.55223880597
46.98573797894642,67,292355,4363.507462686567
46.98626512195915,67,292419,4364.462686567164
46.98678317479789,67,292483,4365.417910447762
46.98731636768207,67,292547,4366.373134328358
46.98786923196167,67,292611,4367.328358208955
46.988428925629705,67,292675,4368.2835820895525
46.99014416895807,67,292739,4369.238805970149
46.99072924396023,67,292803,4370.194029850746
46.99130061781034,67,292867,4371.149253731343
46.99185983184725,67,292931,4372.104477611941
46.9924858068116,67,292995,4373.059701492537
46.99306555185467,67,293059,4374.014925373134
46.993669726885855,67,293123,4374.9701492537315
46.994250481016934,67,293187,4375.925373134329
46.9948008148931,67,293251,4376.880597014925
46.99539081985131,67,293315,4377.835820895522
46.99596064398065,67,293379,4378.79104477612
46.99656339874491,67,293443,4379.746268656716
46.997152373660356,67,293507,4380.701492537313
46.9977351189591,67,293571,4381.6567164179105
46.998313882853836,67,293635,4382.611940298508
46.99886768683791,67,293699,4383.567164179104
46.99941786099225,67,293763,4384.522388059701
46.9999653538689,67,293827,4385.477611940299
47.00054973876104,67,293891,4386.432835820896
47.001128412783146,67,293955,4387.388059701492
47.00170746771619,67,294019,4388.3432835820895
47.002364623826,67,294083,4389.298507462687
47.002915317658335,67,294147,4390.253731343284
47.003434440586716,67,294211,4391.20895522388
47.004005604889244,67,294275,4392.164179104478
47.00463083060458,67,294339,4393.119402985075
47.00514491368085,67,294403,4394.074626865671
47.00572558771819,67,294467,4395.0298507462685
47.00631068274379,67,294531,4395.985074626866
47.00681985588744,67,294595,4396.940298507463
47.00740144960582,67,294659,4397.895522388059
47.0079853348434,67,294723,4398.850746268657
47.00943821063265,67,294787,4399.805970149254
47.010048595722765,67,294851,4400.761194029851
47.010577839799225,67,294915,4401.7164179104475
47.011167073622346,67,294979,4402.671641791045
47.011691166553646,67,295043,4403.626865671642
47.01226993184537,67,295107,4404.582089552238
47.0129032577388,67,295171,4405.537313432836
47.013485501986,67,295235,4406.492537313433
47.01401008479297,67,295299,4407.44776119403
47.01453779870644,67,295363,4408.4029850746265
47.01506225159392,67,295427,4409.358208955224
47.0156451058574,67,295491,4410.313432835821
47.016210039611906,67,295555,4411.268656716418
47.01678649475798,67,295619,4412.223880597015
47.01735177868977,67,295683,4413.179104477612
47.01787083176896,67,295747,4414.134328358209
47.01844936562702,67,295811,4415.089552238806
47.01902407081798,67,295875,4416.044776119403
47.01955037377775,67,295939,4417.0
48.0422699037008,67,295991,4417.776119402985
48.0422699037008,67,295991,4417.776119402985
48.166330333799124,66,291586,4417.969696969697
48.16721978690475,66,291650,4418.939393939394
48.16852738894522,66,291714,4419.909090909091
48.16932949889451,66,291778,4420.878787878788
48.17014015978202,66,291842,4421.848484848485
48.17092562885955,66,291906,4422.818181818182
48.17165277665481,66,291970,4423.787878787879
48.17243923665956,66,292034,4424.757575757576
48.17320416588336,66,292098,4425.727272727273
48.17394180363044,66,292162,4426.69696969697
48.1746985828504,66,292226,4427.666666666667
48.175412950571626,66,292290,4428.636363636364
48.176109288819134,66,292354,4429.606060606061
48.17686393670738,66,292418,4430.575757575758
48.17769633792341,66,292482,4431.545454545455
48.178475787863135,66,292546,4432.515151515152
48.18070637388155,66,292610,4433.484848484848
48.181528753601015,66,292674,4434.454545454545
48.18225783156231,66,292738,4435.424242424242
48.18295242963359,66,292802,4436.393939393939
48.183728308882564,66,292866,4437.363636363636
48.18448929768056,66,292930,4438.333333333333
48.18525335658342,66,292994,4439.30303030303
48.18606160674244,66,293058,4440.272727272727
48.18683693697676,66,293122,4441.242424242424
48.187582664657384,66,293186,4442.212121212121
48.18841487588361,66,293250,4443.181818181818
48.18922754563391,66,293314,4444.151515151515
48.190009445883334,66,293378,4445.121212121212
48.19080975558609,66,293442,4446.090909090909
48.19158402457833,66,293506,4447.060606060606
48.19234384363517,66,293570,4448.030303030303
48.19308268278837,66,293634,4449.0
48.19384819176048,66,293698,4449.969696969697
48.194639761932194,66,293762,4450.939393939394
48.19542566081509,66,293826,4451.909090909091
48.19621785078198,66,293890,4452.878787878788
48.19702101079747,66,293954,4453.848484848485
48.197760639712214,66,294018,4454.818181818182
48.198456866666675,66,294082,4455.787878787879
48.19930302770808,66,294146,4456.757575757576
48.20016214996576,66,294210,4457.727272727273
48.200840446632355,66,294274,4458.69696969697
48.201641496736556,66,294338,4459.666666666667
48.20243415655568,66,294402,4460.636363636364
48.203142643906176,66,294466,4461.606060606061
48.20391184370965,66,294530,4462.575757575758
48.20471377391368,66,294594,4463.545454545455
48.20635534496978,66,294658,4464.515151515152
48.20698084961623,66,294722,4465.484848484848
48.20751985395327,66,294786,4466.454545454545
48.20804981701076,66,294850,4467.424242424242
48.20862679090351,66,294914,4468.393939393939
48.209216185845435,66,294978,4469.363636363636
48.20983821200207,66,295042,4470.333333333333
48.21039878576994,66,295106,4471.30303030303
48.21092037856579,66,295170,4472.272727272727
48.211451071780175,66,295234,4473.242424242424
48.212030466645956,66,295298,4474.212121212121
48.21261675097048,66,295362,4475.181818181818
48.21320727560669,66,295426,4476.151515151515
48.21379183977842,66,295490,4477.121212121212
48.21436259476468,66,295554,4478.090909090909
48.2148787076585,66,295618,4479.060606060606
48.215664316900074,66,295682,4480.030303030303
48.21620339062065,66,295746,4481.0
48.86161762056872,66,295810,4481.969696969697
48.862431971821934,66,295874,4482.939393939394
48.86305714678019,66,295938,4483.909090909091
48.8639664798975,66,296002,4484.878787878788
48.86458004498854,66,296066,4485.848484848485
48.86517077963799,66,296130,4486.818181818182
48.865703822579235,66,296194,4487.787878787879
48.86629616795108,66,296258,4488.757575757576
48.8668608115986,66,296322,4489.727272727273
48.86746155656874,66,296386,4490.69696969697
48.868087492883205,66,296450,4491.666666666667
48.868631896562874,66,296514,4492.636363636364
48.86915805982426,66,296578,4493.606060606061
48.86973339365795,66,296642,4494.575757575758
48.870346979703754,66,296706,4495.545454545455
48.87091663386673,66,296770,4496.515151515152
48.8727836497128,66,296834,4497.484848484848
48.87343530682847,66,296898,4498.454545454545
48.87399358069524,66,296962,4499.424242424242
48.874535623937845,66,297026,4500.393939393939
48.87512930901721,66,297090,4501.363636363636
48.87569692265242,66,297154,4502.333333333333
48.8762803375721,66,297218,4503.30303030303
48.87688846280798,66,297282,4504.272727272727
48.87747186655179,66,297346,4505.242424242424
48.87808316294104,66,297410,4506.212121212121
48.878712308593094,66,297474,4507.181818181818
48.87932411395013,66,297538,4508.151515151515
48.87991004763171,66,297602,4509.121212121212
48.88052240386605,66,297666,4510.090909090909
48.88111714879051,66,297730,4511.060606060606
48.8816815125756,66,297794,4512.030303030303
48.88224051659927,66,297858,4513.0
48.8828261308372,66,297922,4513.969696969697
48.883423145860434,66,297986,4514.939393939394
48.88400204060599,66,298050,4515.909090909091
48.884600495919585,66,298114,4516.878787878788
48.88520767074078,66,298178,4517.848484848485
48.8857603748329,66,298242,4518.818181818182
48.886294637806714,66,298306,4519.787878787879
48.88687727274373,66,298370,4520.757575757576
48.887515717651695,66,298434,4521.727272727273
48.88802537089214,66,298498,4522.69696969697
48.88864810671657,66,298562,4523.666666666667
48.88927665259689,66,298626,4524.636363636364
48.889815725851804,66,298690,4525.606060606061
48.890413890592754,66,298754,4526.575757575758
48.891006285790354,66,298818,4527.545454545455
48.89243265101686,66,298882,4528.515151515152
48.89303480600938,66,298946,4529.484848484848
48.89359030965716,66,299010,4530.454545454545
48.894130643922836,66,299074,4531.424242424242
48.89470477774739,66,299138,4532.393939393939
48.89529680274427,66,299202,4533.363636363636
48.89586018677801,66,299266,4534.333333333333
48.89640141092241,66,299330,4535.30303030303
48.89693394396454,66,299394,4536.272727272727
48.89746779669076,66,299458,4537.242424242424
48.89805647172034,66,299522,4538.212121212121
48.898617785889655,66,299586,4539.181818181818
48.89923055097461,66,299650,4540.151515151515
48.899862156715244,66,299714,4541.121212121212
48.90044883172959,66,299778,4542.090909090909
48.90096833463758,66,299842,4543.060606060606
48.9015560396947,66,299906,4544.030303030303
48.9020996526815,66,299970,4545.0
49.327918144874275,66,300020,4545.757575757576
49.327918144874275,66,300020,4545.757575757576
49.47138660075143,65,295489,4545.984615384616
49.472324673552066,65,295553,4546.969230769231
49.47371501894668,65,295617,4547.953846153846
49.47454051999375,65,295681,4548.9384615384615
49.4753525396809,65,295745,4549.923076923077
49.476161199621856,65,295809,4550.907692307693
49.476896898820996,65,295873,4551.892307692307
49.47773583000526,65,295937,4552.876923076923
49.478541399817914,65,296001,4553.861538461539
49.47932750871405,65,296065,4554.846153846154
49.48011234868318,65,296129,4555.830769230769
49.48084406694397,65,296193,4556.815384615385
49.481560084968805,65,296257,4557.8
49.482362194918096,65,296321,4558.784615384616
49.483251246623695,65,296385,4559.7692307692305
49.48402696661651,65,296449,4560.753846153846
49.487350299954414,65,296513,4561.738461538462
49.488229921553284,65,296577,4562.723076923077
49.489013601560146,65,296641,4563.707692307692
49.489796810783446,65,296705,4564.692307692308
49.49060688074678,65,296769,4565.676923076923
49.49140450078994,65,296833,4566.661538461539
49.49220381071791,65,296897,4567.6461538461535
49.493059262633324,65,296961,4568.630769230769
49.493922603782266,65,297025,4569.615384615385
49.494727443903685,65,297089,4570.6
49.49555913498625,65,297153,4571.584615384615
49.49637263501063,65,297217,4572.569230769231
49.497209765948355,65,297281,4573.553846153846
49.49803304672241,65,297345,4574.538461538462
49.4988524466753,65,297409,4575.523076923077
49.49963914696127,65,297473,4576.507692307692
49.500397115945816,65,297537,4577.492307692308
49.50121804699302,65,297601,4578.476923076923
49.50202387664467,65,297665,4579.461538461538
49.50283427676186,65,297729,4580.446153846154
49.503642136696726,65,297793,4581.430769230769
49.50453938962892,65,297857,4582.415384615385
49.50530469883233,65,297921,4583.4
49.506019266787916,65,297985,4584.384615384615
49.50684247678146,65,298049,4585.369230769231
49.50770650897175,65,298113,4586.3538461538465
49.508411885704845,65,298177,4587.338461538461
49.5092189158313,65,298241,4588.323076923077
49.51000025589019,65,298305,4589.307692307692
49.51073576370254,65,298369,4590.292307692308
49.51155080460012,65,298433,4591.276923076923
49.5123804458417,65,298497,4592.261538461538
49.51298808073625,65,298561,4593.246153846154
49.51359580596909,65,298625,4594.2307692307695
49.51413989858702,65,298689,4595.215384615384
49.514710903633386,65,298753,4596.2
49.51533803856,65,298817,4597.184615384615
49.51593861496076,65,298881,4598.169230769231
49.51652817893773,65,298945,4599.153846153846
49.517079702578485,65,299009,4600.138461538461
49.517670908011496,65,299073,4601.123076923077
49.518215850926936,65,299137,4602.107692307693
49.518756394740194,65,299201,4603.092307692307
49.51935351965949,65,299265,4604.076923076923
49.51992570376024,65,299329,4605.0615384615385
49.52052547875792,65,299393,4606.046153846154
49.52113950392231,65,299457,4607.030769230769
49.521680037956685,65,299521,4608.015384615384
49.52267731260508,65,299585,4609.0
49.528438766952604,65,299592,4609.107692307693
49.528438766952604,65,299592,4609.107692307693
50.07966315280646,64,295040,4610.0
50.08037121081725,64,295104,4611.0
50.08099940698594,64,295168,4612.0
50.08199421176687,64,295232,4613.0
50.08264291798696,64,295296,4614.0
50.0832612127997,64,295360,4615.0
50.0838145269081,64,295424,4616.0
50.08443051157519,64,295488,4617.0
50.0850158566609,64,295552,4618.0
50.085608201567084,64,295616,4619.0
50.08621011674404,64,295680,4620.0
50.08676258055493,64,295744,4621.0
50.08730542380363,64,295808,4622.0
50.08789524901658,64,295872,4623.0
50.08855964569375,64,295936,4624.0
50.089163220953196,64,296000,4625.0
50.09093040460721,64,296064,4626.0
50.09154762001708,64,296128,4627.0
50.0921210446395,64,296192,4628.0
50.0926698888652,64,296256,4629.0
50.093273812904954,64,296320,4630.0
50.09385734796524,64,296384,4631.0
50.09444937296212,64,296448,4632.0
50.09507612884045,64,296512,4633.0
50.095668383874,64,296576,4634.0
50.096254877746105,64,296640,4635.0
50.096862772945315,64,296704,4636.0
50.097487908788025,64,296768,4637.0
50.098100123927,64,296832,4638.0
50.09870804892853,64,296896,4639.0
50.0993538047187,64,296960,4640.0
50.099951810669154,64,297024,4641.0
50.10053894482553,64,297088,4642.0
50.101145539898425,64,297152,4643.0
50.10175469564274,64,297216,4644.0
50.10231604985893,64,297280,4645.0
50.10291020385921,64,297344,4646.0
50.103517608717084,64,297408,4647.0
50.10414335457608,64,297472,4648.0
50.10470494860783,64,297536,4649.0
50.105246162973344,64,297600,4650.0
50.10583911789581,64,297664,4651.0
50.106495023705065,64,297728,4652.0
50.10701570659876,64,297792,4653.0
50.107614191714674,64,297856,4654.0
50.10815758490935,64,297920,4655.0
50.108760699629784,64,297984,4656.0
50.109382565598935,64,298048,4657.0
50.11075834976509,64,298112,4658.0
50.111379565671086,64,298176,4659.0
50.111931789666414,64,298240,4660.0
50.11254574498162,64,298304,4661.0
50.113151179626584,64,298368,4662.0
50.11373424483463,64,298432,4663.0
50.11429422860965,64,298496,4664.0
50.114885413553566,64,298560,4665.0
50.11542613664642,64,298624,4666.0
50.115963170770556,64,298688,4667.0
50.11657168576494,64,298752,4668.0
50.11715740058571,64,298816,4669.0
50.117755924817175,64,298880,4670.0
50.11836373060942,64,298944,4671.0
50.11890700366348,64,299008,4672.0
50.11944999778643,64,299072,4673.0
50.77563686762005,64,299136,4674.0
50.776646512560546,64,299200,4675.0
50.777531104628,64,299264,4676.0
50.77838150598109,64,299328,4677.0
50.77963787782937,64,299392,4678.0
50.780476638581604,64,299456,4679.0
50.78124428773299,64,299520,4680.0
50.78208397887647,64,299584,4681.0
50.782874778844416,64,299648,4682.0
50.78366290777922,64,299712,4683.0
50.78449045866728,64,299776,4684.0
50.78531314898282,64,299840,4685.0
50.78603021800518,64,299904,4686.0
50.78684333758429,64,299968,4687.0
50.78767495881766,64,300032,4688.0
50.788475658744574,64,300096,4689.0
50.791871583554894,64,300160,4690.0
50.7927207746543,64,300224,4691.0
50.793570085894316,64,300288,4692.0
50.79431658471003,64,300352,4693.0
50.79515820555389,64,300416,4694.0
50.796007816679776,64,300480,4695.0
50.79682477656752,64,300544,4696.0
50.79766790801659,64,300608,4697.0
50.79847580892965,64,300672,4698.0
50.79926177766174,64,300736,4699.0
50.80009620869532,64,300800,4700.0
50.800916969776154,64,300864,4701.0
50.80174847971648,64,300928,4702.0
50.8025765507482,64,300992,4703.0
50.80338158085942,64,301056,4704.0
50.80418120091781,64,301120,4705.0
50.80498602101579,64,301184,4706.0
50.80581703176722,64,301248,4707.0
50.80670003360137,64,301312,4708.0
50.80746096279472,64,301376,4709.0
50.808287103660405,64,301440,4710.0
50.80911154393107,64,301504,4711.0
50.80994588462636,64,301568,4712.0
50.810702693648636,64,301632,4713.0
50.811439181678,64,301696,4714.0
50.81225646287203,64,301760,4715.0
50.81313141481951,64,301824,4716.0
50.813837301917374,64,301888,4717.0
50.814642982557416,64,301952,4718.0
50.81538361078128,64,302016,4719.0
50.81600079592317,64,302080,4720.0
50.81662518158555,64,302144,4721.0
50.81729266885668,64,302208,4722.0
50.81792167481035,64,302272,4723.0
50.81849123863503,64,302336,4724.0
50.819094663951546,64,302400,4725.0
50.81971000880003,64,302464,4726.0
50.82030795374885,64,302528,4727.0
50.820861427579075,64,302592,4728.0
50.821480192709714,64,302656,4729.0
50.822029056958854,64,302720,4730.0
50.822588190902025,64,302784,4731.0
50.82319504581392,64,302848,4732.0
50.823794750962406,64,302912,4733.0
50.82440539682284,64,302976,4734.0
50.82501141168177,64,303040,4735.0
50.82562885666266,64,303104,4736.0
50.82619432080537,64,303168,4737.0
51.46968521364033,64,303232,4738.0
51.47079177200794,64,303296,4739.0
51.47147037880495,64,303360,4740.0
51.472116434946656,64,303424,4741.0
51.47275057062507,64,303488,4742.0
51.4737149849534,64,303552,4743.0
51.47430296894163,64,303616,4744.0
51.474932744633406,64,303680,4745.0
51.47554146964103,64,303744,4746.0
51.476141484919935,64,303808,4747.0
51.47674776986241,64,303872,4748.0
51.47732603456825,64,303936,4749.0
51.47786957770586,64,304000,4750.0
51.478533694986254,64,304064,4751.0
51.479193741921335,64,304128,4752.0
51.47979400679469,64,304192,4753.0
51.4805612959899,64,304256,4754.0
51.48239957168698,64,304320,4755.0
51.48307772865519,64,304384,4756.0
51.48363874293864,64,304448,4757.0
51.48425960773602,64,304512,4758.0
51.48485743300989,64,304576,4759.0
51.48546341760084,64,304640,4760.0
51.48611073475331,64,304704,4761.0
51.48671929957345,64,304768,4762.0
51.48731933487579,64,304832,4763.0
51.48793606972322,64,304896,4764.0
51.488563175778836,64,304960,4765.0
51.48922720178962,64,305024,4766.0
51.4898818586953,64,305088,4767.0
51.49050116399303,64,305152,4768.0
51.49110693996772,64,305216,4769.0
51.49168615369126,64,305280,4770.0
51.492314680013806,64,305344,4771.0
51.49294340470806,64,305408,4772.0
51.49351099971682,64,305472,4773.0
51.49413225473836,64,305536,4774.0
51.49474346963689,64,305600,4775.0
51.4953865557909,64,305664,4776.0
51.4959550909698,64,305728,4777.0
51.496512243989855,64,305792,4778.0
51.49712634971365,64,305856,4779.0
51.49778272584081,64,305920,4780.0
51.498324419837445,64,305984,4781.0
51.4989312547259,64,306048,4782.0
51.49949673889205,64,306112,4783.0
51.500174045562744,64,306176,4784.0
51.50079895183444,64,306240,4785.0
51.502159755676985,64,306304,4786.0
51.50279326085001,64,306368,4787.0
51.50337352557108,64,306432,4788.0
51.50397597067058,64,306496,4789.0
51.5045964368619,64,306560,4790.0
51.505207541864365,64,306624,4791.0
51.50577281555161,64,306688,4792.0
51.5063846106641,64,306752,4793.0
51.50692742457613,64,306816,4794.0
51.507485328707844,64,306880,4795.0
51.50809060363099,64,306944,4796.0
51.5086843688041,64,307008,4797.0
51.509309463668615,64,307072,4798.0
51.50992357963696,64,307136,4799.0
51.51056231558323,64,307200,4800.0
51.51115938089788,64,307264,4801.0
51.70878857979551,64,307290,4801.40625
51.70878857979551,64,307290,4801.40625
52.145186606794596,63,302527,4802.015873015873
52.14587238384411,63,302591,4803.0317460317465
52.1463814266026,63,302655,4804.047619047619
52.14762244792655,63,302719,4805.063492063492
52.14847177872434,63,302783,4806.079365079365
52.14930923981592,63,302847,4807.0952380952385
52.149832002818584,63,302911,4808.111111111111
52.150319484993815,63,302975,4809.126984126984
52.15105371363461,63,303039,4810.142857142857
52.15187777392566,63,303103,4811.158730158731
52.15270033478737,63,303167,4812.174603174603
52.15350754465908,63,303231,4813.190476190476
52.15428565395996,63,303295,4814.206349206349
52.15482572792098,63,303359,4815.222222222223
52.155392561573535,63,303423,4816.238095238095
52.15588070359081,63,303487,4817.253968253968
52.15756702562794,63,303551,4818.269841269841
52.15809159865603,63,303615,4819.285714285715
52.158600381575525,63,303679,4820.3015873015875
52.15905577363446,63,303743,4821.31746031746
52.159551915712655,63,303807,4822.333333333333
52.160032437648624,63,303871,4823.349206349207
52.16052474966273,63,303935,4824.3650793650795
52.16103367274627,63,303999,4825.380952380952
52.161535675637424,63,304063,4826.396825396825
52.16200631670654,63,304127,4827.412698412699
52.16253172978759,63,304191,4828.428571428572
52.16303332289681,63,304255,4829.444444444444
52.16353919589892,63,304319,4830.460317460317
52.16403135797009,63,304383,4831.476190476191
52.16452975058928,63,304447,4832.492063492064
52.164998701773584,63,304511,4833.507936507936
52.16546395374462,63,304575,4834.523809523809
52.16595197562128,63,304639,4835.539682539683
52.16800217656419,63,304703,4836.555555555556
52.16903494298458,63,304767,4837.571428571428
52.169700539670885,63,304831,4838.587301587301
52.170391416642815,63,304895,4839.603174603175
52.17086494900286,63,304959,4840.619047619048
52.17132553970441,63,305023,4841.6349206349205
52.17171357991174,63,305087,4842.650793650793
52.17209138860926,63,305151,4843.666666666667
52.173628377728164,63,305215,4844.68253968254
52.17410535970703,63,305279,4845.6984126984125
52.17445406783372,63,305343,4846.714285714285
52.174835827667266,63,305407,4847.730158730159
52.17523257760331,63,305471,4848.746031746032
52.17563563771546,63,305535,4849.761904761905
52.176021507941186,63,305599,4850.777777777777
52.17639926681295,63,305663,4851.793650793651
52.17680489690974,63,305727,4852.809523809524
52.17720830673352,63,305791,4853.825396825397
52.177595546934754,63,305855,4854.841269841269
52.17796256579459,63,305919,4855.857142857143
52.178360955789685,63,305983,4856.873015873016
52.178755905944854,63,306047,4857.888888888889
52.17911672499031,63,306111,4858.9047619047615
52.179502424784005,63,306175,4859.920634920635
52.17987849377096,63,306239,4860.936507936508
52.180270593613386,63,306303,4861.952380952381
52.18066767370328,63,306367,4862.9682539682535
52.181067453697324,63,306431,4863.984126984127
52.18142112158239,63,306495,4865.0
52.38748167268932,63,306521,4865.412698412699
52.38748167268932,63,306521,4865.412698412699
52.76192159065977,62,301694,4866.032258064516
52.76307137962431,62,301758,4867.064516129032
52.763995712623,62,301822,4868.096774193548
52.764879864640534,62,301886,4869.129032258064
52.76625013863668,62,301950,4870.1612903225805
52.76713495189324,62,302014,4871.193548387097
52.767990932799876,62,302078,4872.225806451613
52.7687797928229,62,302142,4873.258064516129
52.76964021380991,62,302206,4874.290322580645
52.77046889485791,62,302270,4875.322580645161
52.771387547720224,62,302334,4876.354838709677
52.77224093861878,62,302398,4877.387096774193
52.773020738735795,62,302462,4878.419354838709
52.77377917757258,62,302526,4879.451612903225
52.774651758838445,62,302590,4880.4838709677415
52.775501049589366,62,302654,4881.5161290322585
52.779144601896405,62,302718,4882.548387096775
52.780064824968576,62,302782,4883.580645161291
52.78085281373933,62,302846,4884.612903225807
52.78169322479516,62,302910,4885.645161290323
52.78256947686896,62,302974,4886.677419354839
52.783401677850634,62,303038,4887.709677419355
52.78428624989465,62,303102,4888.741935483871
52.78514799196273,62,303166,4889.774193548387
52.78596017183736,62,303230,4890.806451612903
52.78683233400807,62,303294,4891.8387096774195
52.787696114741266,62,303358,4892.870967741936
52.78853877587244,62,303422,4893.903225806452
52.78939065756276,62,303486,4894.935483870968
52.79025704879314,62,303550,4895.967741935484
52.79109591990709,62,303614,4897.0
52.791921680793166,62,303678,4898.032258064516
52.792720740661025,62,303742,4899.064516129032
52.79356686165556,62,303806,4900.096774193548
52.79442586284131,62,303870,4901.129032258064
52.79529545456171,62,303934,4902.1612903225805
52.796086504589766,62,303998,4903.193548387097
52.796921845991164,62,304062,4904.225806451613
52.7977800979279,62,304126,4905.258064516129
52.79862845875323,62,304190,4906.290322580645
52.799501839559525,62,304254,4907.322580645161
52.8002923396416,62,304318,4908.354838709677
52.80105686886236,62,304382,4909.387096774193
52.80185496900231,62,304446,4910.419354838709
52.80241312272847,62,304510,4911.451612903225
52.8030364587903,62,304574,4912.4838709677415
52.803677124902606,62,304638,4913.5161290322585
52.80432601086795,62,304702,4914.548387096775
52.80494320578873,62,304766,4915.580645161291
52.80552895087749,62,304830,4916.612903225807
52.80617639655247,62,304894,4917.645161290323
52.80679527297616,62,304958,4918.677419354839
52.807388617657125,62,305022,4919.709677419355
52.808051293715835,62,305086,4920.741935483871
52.808694729581475,62,305150,4921.774193548387
52.80927950469777,62,305214,4922.806451612903
52.80989803979173,62,305278,4923.8387096774195
52.81051269592717,62,305342,4924.870967741936
52.811143760569394,62,305406,4925.903225806452
52.811774336732924,62,305470,4926.935483870968
52.8124172128737,62,305534,4927.967741935484
52.812985877972096,62,305598,4929.0
53.376571252942085,62,305662,4930.032258064516
53.37766789086163,62,305726,4931.064516129032
53.37859167391434,62,305790,4932.096774193548
53.379474645946175,62,305854,4933.129032258064
53.38077219761908,62,305918,4934.1612903225805
53.38165208976716,62,305982,4935.193548387097
53.38251468166709,62,306046,4936.225806451613
53.38330562179908,62,306110,4937.258064516129
53.38419411377981,62,306174,4938.290322580645
53.385028794873506,62,306238,4939.322580645161
53.3858617558144,62,306302,4940.354838709677
53.38670416595414,62,306366,4941.387096774193
53.38751203659922,62,306430,4942.419354838709
53.38827440561727,62,306494,4943.451612903225
53.389151707757264,62,306558,4944.4838709677415
53.389980187639594,62,306622,4945.5161290322585
53.39341994468123,62,306686,4946.548387096775
53.39433408668265,62,306750,4947.580645161291
53.39511576667428,62,306814,4948.612903225807
53.39593461668119,62,306878,4949.645161290323
53.39678146876395,62,306942,4950.677419354839
53.3976184586063,62,307006,4951.709677419355
53.398523731622845,62,307070,4952.741935483871
53.399381953757256,62,307134,4953.774193548387
53.40020484384149,62,307198,4954.806451612903
53.401076565962285,62,307262,4955.8387096774195
53.401931036729366,62,307326,4956.870967741936
53.402778807561845,62,307390,4957.903225806452
53.40363849001005,62,307454,4958.935483870968
53.404504210688174,62,307518,4959.967741935484
53.405355222988874,62,307582,4961.0
53.406177863013,62,307646,4962.032258064516
53.40699152369052,62,307710,4963.064516129032
53.40784549480304,62,307774,4964.096774193548
53.4087151568383,62,307838,4965.129032258064
53.40957266790792,62,307902,4966.1612903225805
53.41036408767104,62,307966,4967.193548387097
53.41123019857332,62,308030,4968.225806451613
53.41210520081222,62,308094,4969.258064516129
53.412965532857925,62,308158,4970.290322580645
53.41385574499145,62,308222,4971.322580645161
53.414658984635025,62,308286,4972.354838709677
53.415425463579595,62,308350,4973.387096774193
53.416148161981255,62,308414,4974.419354838709
53.41669979598373,62,308478,4975.451612903225
53.41733045177534,62,308542,4976.4838709677415
53.41796136787161,62,308606,4977.5161290322585
53.41861029388383,62,308670,4978.548387096775
53.41924431966618,62,308734,4979.580645161291
53.41981580387801,62,308798,4980.612903225807
53.42045217985287,62,308862,4981.645161290323
53.42107551591471,62,308926,4982.677419354839
53.421649949625134,62,308990,4983.709677419355
53.422289265785366,62,309054,4984.741935483871
53.422936531715095,62,309118,4985.774193548387
53.42351382598281,62,309182,4986.806451612903
53.42414278164506,62,309246,4987.8387096774195
53.42475650785491,62,309310,4988.870967741936
53.425395424012095,62,309374,4989.903225806452
53.42603228893131,62,309438,4990.935483870968
53.42667445586994,62,309502,4991.967741935484
53.427264919970185,62,309566,4993.0
54.000466766767204,62,309630,4994.032258064516
54.001348418649286,62,309694,4995.064516129032
54.002014064695686,62,309758,4996.096774193548
54.00267521198839,62,309822,4997.129032258064
54.00363022601232,62,309886,4998.1612903225805
54.00428559165448,62,309950,4999.193548387097
54.00492045795545,62,310014,5000.225806451613
54.0055085727945,62,310078,5001.258064516129
54.00616273889318,62,310142,5002.290322580645
54.00677863461897,62,310206,5003.322580645161
54.00739872967824,62,310270,5004.354838709677
54.00802101474255,62,310334,5005.387096774193
54.008615739643574,62,310398,5006.419354838709
54.0091813839972,62,310462,5007.451612903225
54.0098267509602,62,310526,5008.4838709677415
54.01045722560957,62,310590,5009.5161290322585
54.01247550686821,62,310654,5010.548387096775
54.0131724239327,62,310718,5011.580645161291
54.013750058598816,62,310782,5012.612903225807
54.01437649363652,62,310846,5013.645161290323
54.01501078996807,62,310910,5014.677419354839
54.01564121572301,62,310974,5015.709677419355
54.0163140129298,62,311038,5016.741935483871
54.01693699788302,62,311102,5017.774193548387
54.01755797397345,62,311166,5018.806451612903
54.01821569958702,62,311230,5019.8387096774195
54.018861116841435,62,311294,5020.870967741936
54.01950763259083,62,311358,5021.903225806452
54.02015942893922,62,311422,5022.935483870968
54.02080677496269,62,311486,5023.967741935484
54.02144323056564,62,311550,5025.0
54.02206300571561,62,311614,5026.032258064516
54.02265854086727,62,311678,5027.064516129032
54.02331443782896,62,311742,5028.096774193548
54.02395753376186,62,311806,5029.129032258064
54.02461009984836,62,311870,5030.1612903225805
54.0252032247372,62,311934,5031.193548387097
54.025841580703855,62,311998,5032.225806451613
54.026501548010856,62,312062,5033.258064516129
54.02715813368559,62,312126,5034.290322580645
54.02782558975741,62,312190,5035.322580645161
54.02842834498733,62,312254,5036.354838709677
54.028999079950154,62,312318,5037.387096774193
54.02968996670097,62,312382,5038.419354838709
54.03025985090062,62,312446,5039.451612903225
54.0308911469765,62,312510,5040.4838709677415
54.03153714258224,62,312574,5041.5161290322585
54.03218686999753,62,312638,5042.548387096775
54.03338671987876,62,312702,5043.580645161291
54.033997234888375,62,312766,5044.612903225807
54.034647380933166,62,312830,5045.645161290323
54.03527777688578,62,312894,5046.677419354839
54.03585965093225,62,312958,5047.709677419355
54.0365057378076,62,313022,5048.741935483871
54.037154723890126,62,313086,5049.774193548387
54.03774258773774,62,313150,5050.806451612903
54.03838063357398,62,313214,5051.8387096774195
54.03900028998032,62,313278,5052.870967741936
54.03965221578255,62,313342,5053.903225806452
54.04040748486295,62,313406,5054.935483870968
54.04106645192951,62,313470,5055.967741935484
54.04164323583245,62,313534,5057.0
54.633955909870565,62,313598,5058.032258064516
54.634997135959566,62,313662,5059.064516129032
54.63591487891972,62,313726,5060.096774193548
54.63739845575765,62,313790,5061.129032258064
54.638284507673234,62,313854,5062.1612903225805
54.63918025000021,62,313918,5063.193548387097
54.64005525177345,62,313982,5064.225806451613
54.64086004300043,62,314046,5065.258064516129
54.64176402473822,62,314110,5066.290322580645
54.64261787571013,62,314174,5067.322580645161
54.6434639566578,62,314238,5068.354838709677
54.644327878952026,62,314302,5069.387096774193
54.645140738692135,62,314366,5070.419354838709
54.64590355800465,62,314430,5071.451612903225
54.64678963087499,62,314494,5072.4838709677415
54.647640311624855,62,314558,5073.5161290322585
54.65110107790679,62,314622,5074.548387096775
54.65201884089038,62,314686,5075.580645161291
54.65281325066462,62,314750,5076.612903225807
54.65366100287065,62,314814,5077.645161290323
54.65452299360186,62,314878,5078.677419354839
54.655379904899746,62,314942,5079.709677419355
54.656276227906346,62,315006,5080.741935483871
54.65713530872017,62,315070,5081.774193548387
54.65796125959605,62,315134,5082.806451612903
54.658856411930174,62,315198,5083.8387096774195
54.65973622398451,62,315262,5084.870967741936
54.660595235880464,62,315326,5085.903225806452
54.66147262789309,62,315390,5086.935483870968
54.66235229978338,62,315454,5087.967741935484
54.663214270956814,62,315518,5089.0
54.66405939171091,62,315582,5090.032258064516
54.66487768292427,62,315646,5091.064516129032
54.66575235500932,62,315710,5092.096774193548
54.6666529267095,62,315774,5093.129032258064
54.66752721881494,62,315838,5094.1612903225805
54.66832078900188,62,315902,5095.193548387097
54.669178899843246,62,315966,5096.225806451613
54.6700726817362,62,316030,5097.258064516129
54.670958834700286,62,316094,5098.290322580645
54.67187665775418,62,316158,5099.322580645161
54.672704667784274,62,316222,5100.354838709677
54.673488557804376,62,316286,5101.387096774193
54.67443094169721,62,316350,5102.419354838709
54.675051426980644,62,316414,5103.451612903225
54.67568678269163,62,316478,5104.4838709677415
54.67633822886273,62,316542,5105.5161290322585
54.67698790458962,62,316606,5106.548387096775
54.67763574188575,62,316670,5107.580645161291
54.67823148565367,62,316734,5108.612903225807
54.67887190170586,62,316798,5109.645161290323
54.67951030889526,62,316862,5110.677419354839
54.68018367467448,62,316926,5111.709677419355
54.68083536159247,62,316990,5112.741935483871
54.68150503793731,62,317054,5113.774193548387
54.68210194259882,62,317118,5114.806451612903
54.6827509989962,62,317182,5115.8387096774195
54.68338614469394,62,317246,5116.870967741936
54.68403473077342,62,317310,5117.903225806452
54.68469664780423,62,317374,5118.935483870968
54.68537105480209,62,317438,5119.967741935484
54.68595969956368,62,317502,5121.0
54.88393832789734,62,317524,5121.354838709677
54.88393832789734,62,317524,5121.354838709677
55.29890585877001,61,312445,5122.049180327869
55.299704709555954,61,312509,5123.098360655737
55.30041916668415,61,312573,5124.147540983607
55.30151608493179,61,312637,5125.196721311476
55.30219844169915,61,312701,5126.245901639344
55.30288725858554,61,312765,5127.295081967213
55.30355506576598,61,312829,5128.3442622950815
55.30416983086616,61,312893,5129.393442622951
55.3048398476094,61,312957,5130.44262295082
55.305484033655375,61,313021,5131.491803278688
55.30612892983481,61,313085,5132.540983606557
55.306773545686156,61,313149,5133.5901639344265
55.3073885506019,61,313213,5134.639344262295
55.30796758597717,61,313277,5135.688524590164
55.308640802744776,61,313341,5136.737704918033
55.3092852588743,61,313405,5137.786885245901
55.3113241000101,61,313469,5138.836065573771
55.31201975699514,61,313533,5139.88524590164
55.31263191299513,61,313597,5140.934426229508
55.313284408766776,61,313661,5141.983606557377
55.31392633495852,61,313725,5143.0327868852455
55.31457510078326,61,313789,5144.081967213115
55.31526776775718,61,313853,5145.131147540984
55.315939004998654,61,313917,5146.180327868852
55.31660025194287,61,313981,5147.229508196721
55.317274348810315,61,314045,5148.2786885245905
55.31793580483645,61,314109,5149.327868852459
55.318589481990784,61,314173,5150.377049180328
55.31925440765917,61,314237,5151.426229508197
55.3199105146341,61,314301,5152.475409836065
55.32055757101625,61,314365,5153.524590163935
55.321195526979864,61,314429,5154.573770491803
55.32181124156341,61,314493,5155.622950819672
55.32246746774763,61,314557,5156.672131147541
55.323143714573234,61,314621,5157.7213114754095
55.3238083217293,61,314685,5158.770491803279
55.324407416861504,61,314749,5159.819672131148
55.32505169278011,61,314813,5160.868852459016
55.32570521859452,61,314877,5161.918032786885
55.32637940580025,61,314941,5162.9672131147545
55.327072062995285,61,315005,5164.016393442623
55.327687218785286,61,315069,5165.065573770492
55.32828775374219,61,315133,5166.11475409836
55.32898944057524,61,315197,5167.163934426229
55.32957457564771,61,315261,5168.213114754099
55.33022841298953,61,315325,5169.262295081967
55.33088377863169,61,315389,5170.311475409836
55.331549405585974,61,315453,5171.360655737705
55.332965060602874,61,315517,5172.4098360655735
55.3335900856182,61,315581,5173.459016393443
55.33425454283133,61,315645,5174.508196721312
55.33490082900971,61,315709,5175.55737704918
55.33557482575998,61,315773,5176.606557377049
55.33624169277027,61,315837,5177.6557377049185
55.336895818822086,61,315901,5178.704918032787
55.337495513726026,61,315965,5179.754098360656
55.33814244996756,61,316029,5180.803278688524
55.33878321573138,61,316093,5181.852459016393
55.33944213297218,61,316157,5182.901639344263
55.34010337898508,61,316221,5183.950819672131
55.340822846628726,61,316285,5185.0
56.32517527975142,61,316349,5186.049180327869
56.326108023989946,61,316413,5187.098360655737
56.326808920595795,61,316477,5188.147540983607
56.327484477777034,61,316541,5189.196721311476
56.32815990457311,61,316605,5190.245901639344
56.32922110101208,61,316669,5191.295081967213
56.32989320764318,61,316733,5192.3442622950815
56.33051949366927,61,316797,5193.393442622951
56.33119806088507,61,316861,5194.44262295082
56.33184179663658,61,316925,5195.491803278688
56.332486502826214,61,316989,5196.540983606557
56.333143398631364,61,317053,5197.5901639344265
56.33375960495323,61,317117,5198.639344262295
56.33434419892728,61,317181,5199.688524590164
56.33501771558076,61,317245,5200.737704918033
56.3356748316437,61,317309,5201.786885245901
56.3377463738434,61,317373,5202.836065573771
56.33846252178773,61,317437,5203.88524590164
56.33908505784348,61,317501,5204.934426229508
56.33972657378763,61,317565,5205.983606557377
56.34038847964257,61,317629,5207.0327868852455
56.34103700565174,61,317693,5208.081967213115
56.341737563721836,61,317757,5209.131147540984
56.3423992106691,61,317821,5210.180327868852
56.343047466594726,61,317885,5211.229508196721
56.34371484396979,61,317949,5212.2786885245905
56.34438563976437,61,318013,5213.327868852459
56.34504802664742,61,318077,5214.377049180328
56.34571171272546,61,318141,5215.426229508197
56.346380449831486,61,318205,5216.475409836065
56.34702870575711,61,318269,5217.524590163935
56.3476721518673,61,318333,5218.573770491803
56.34830384794623,61,318397,5219.622950819672
56.34896332398057,61,318461,5220.672131147541
56.34966822201386,61,318525,5221.7213114754095
56.350340738892555,61,318589,5222.770491803279
56.35095369396731,61,318653,5223.819672131148
56.351608980912715,61,318717,5224.868852459016
56.35227571800351,61,318781,5225.918032786885
56.35293639358133,61,318845,5226.9672131147545
56.35363750066608,61,318909,5228.016393442623
56.35427427664399,61,318973,5229.065573770492
56.35487632267177,61,319037,5230.11475409836
56.35560886096209,61,319101,5231.163934426229
56.35619904473424,61,319165,5232.213114754099
56.35684874188155,61,319229,5233.262295081967
56.35751857794821,61,319293,5234.311475409836
56.35831771790981,61,319357,5235.360655737705
56.35965026170015,61,319421,5236.4098360655735
56.360285837668926,61,319485,5237.459016393443
56.360947033856064,61,319549,5238.508196721312
56.36159282969311,61,319613,5239.55737704918
56.36228161677718,61,319677,5240.606557377049
56.36294396361336,61,319741,5241.6557377049185
56.36361582065001,61,319805,5242.704918032787
56.364230615552515,61,319869,5243.754098360656
56.36488479282707,61,319933,5244.803278688524
56.365533518604934,61,319997,5245.852459016393
56.36621893569827,61,320061,5246.901639344263
56.3668817919679,61,320125,5247.950819672131
56.367557528894395,61,320189,5249.0
57.001999876927584,61,320253,5250.049180327869
57.00306077301502,61,320317,5251.098360655737
57.00398988695815,61,320381,5252.147540983607
57.004907929804176,61,320445,5253.196721311476
57.0063481349498,61,320509,5254.245901639344
57.007323189638555,61,320573,5255.295081967213
57.008233352564275,61,320637,5256.3442622950815
57.00906924298033,61,320701,5257.393442622951
57.0099888057448,61,320765,5258.44262295082
57.010861267801374,61,320829,5259.491803278688
57.01172184990719,61,320893,5260.540983606557
57.012595710810274,61,320957,5261.5901639344265
57.01341586187482,61,321021,5262.639344262295
57.014201341662556,61,321085,5263.688524590164
57.015111684799194,61,321149,5264.737704918033
57.01597321592271,61,321213,5265.786885245901
57.01942045195028,61,321277,5266.836065573771
57.02037365594879,61,321341,5267.88524590164
57.02118671592325,61,321405,5268.934426229508
57.02205087756738,61,321469,5269.983606557377
57.022934269625694,61,321533,5271.0327868852455
57.02382430201396,61,321597,5272.081967213115
57.02475693495944,61,321661,5273.131147540984
57.02563731698319,61,321725,5274.180327868852
57.026515319012105,61,321789,5275.229508196721
57.02742804167792,61,321853,5276.2786885245905
57.028342444915324,61,321917,5277.327868852459
57.02922599669546,61,321981,5278.377049180328
57.03012728970498,61,322045,5279.426229508197
57.03102101199329,61,322109,5280.475409836065
57.03189722355455,61,322173,5281.524590163935
57.03275685478002,61,322237,5282.573770491803
57.0336139369756,61,322301,5283.622950819672
57.03451092867181,61,322365,5284.672131147541
57.03542275168002,61,322429,5285.7213114754095
57.036321743857116,61,322493,5286.770491803279
57.03713986463845,61,322557,5287.819672131148
57.038024346809834,61,322621,5288.868852459016
57.03892931994051,61,322685,5289.918032786885
57.03982273163274,61,322749,5290.9672131147545
57.040749644860625,61,322813,5292.016393442623
57.041598866693676,61,322877,5293.065573770492
57.04242156678811,61,322941,5294.11475409836
57.043226156849414,61,323005,5295.163934426229
57.04382110200822,61,323069,5296.213114754099
57.04448332777247,61,323133,5297.262295081967
57.04515667585656,61,323197,5298.311475409836
57.04582480201498,61,323261,5299.360655737705
57.046484948601574,61,323325,5300.4098360655735
57.04710163362324,61,323389,5301.459016393443
57.04777328064665,61,323453,5302.508196721312
57.04842642694712,61,323517,5303.55737704918
57.049115233588964,61,323581,5304.606557377049
57.04979259101674,61,323645,5305.6557377049185
57.0504694879055,61,323709,5306.704918032787
57.05108077265322,61,323773,5307.754098360656
57.05173266958445,61,323837,5308.803278688524
57.05238931579515,61,323901,5309.852459016393
57.053072672802955,61,323965,5310.901639344263
57.053751749917865,61,324029,5311.950819672131
57.05452843988314,61,324093,5313.0
57.899721764959395,61,324157,5314.049180327869
57.90083639184013,61,324221,5315.098360655737
57.90182445663959,61,324285,5316.147540983607
57.90330641390756,61,324349,5317.196721311476
57.904232296627015,61,324413,5318.245901639344
57.905149509664625,61,324477,5319.295081967213
57.90606321301311,61,324541,5320.3442622950815
57.906892883591354,61,324605,5321.393442622951
57.907817696686834,61,324669,5322.44262295082
57.90871384879574,61,324733,5323.491803278688
57.90959434164688,61,324797,5324.540983606557
57.91050510387868,61,324861,5325.5901639344265
57.91136301588267,61,324925,5326.639344262295
57.9121608058922,61,324989,5327.688524590164
57.91308991890401,61,325053,5328.737704918033
57.91396460076794,61,325117,5329.786885245901
57.91746313776821,61,325181,5330.836065573771
57.91842376161367,61,325245,5331.88524590164
57.919246112927794,61,325309,5332.934426229508
57.9201291250065,61,325373,5333.983606557377
57.92101441696286,61,325437,5335.0327868852455
57.921896448824555,61,325501,5336.081967213115
57.92283190181479,61,325565,5337.131147540984
57.92372971493751,61,325629,5338.180327868852
57.924610496964306,61,325693,5339.229508196721
57.925539809744805,61,325757,5340.2786885245905
57.92645691288635,61,325821,5341.327868852459
57.92736013466492,61,325885,5342.377049180328
57.92827473767102,61,325949,5343.426229508197
57.92920181155205,61,326013,5344.475409836065
57.9300916637294,61,326077,5345.524590163935
57.930956474971026,61,326141,5346.573770491803
57.93181718699634,61,326205,5347.622950819672
57.93273223983124,61,326269,5348.672131147541
57.93365429295227,61,326333,5349.7213114754095
57.93456531595439,61,326397,5350.770491803279
57.935401615686715,61,326461,5351.819672131148
57.93629142874852,61,326525,5352.868852459016
57.937226661946625,61,326589,5353.918032786885
57.938131474889815,61,326653,5354.9672131147545
57.93909927876666,61,326717,5356.016393442623
57.93988286796957,61,326781,5357.065573770492
57.940505483653396,61,326845,5358.11475409836
57.94125921279192,61,326909,5359.163934426229
57.94186436757445,61,326973,5360.213114754099
57.94254839466885,61,327037,5361.262295081967
57.94323190161958,61,327101,5362.311475409836
57.943916018586606,61,327165,5363.360655737705
57.94458990590647,61,327229,5364.4098360655735
57.94521411182359,61,327293,5365.459016393443
57.94588383799419,61,327357,5366.508196721312
57.94654911477119,61,327421,5367.55737704918
57.94725124258548,61,327485,5368.606557377049
57.94792895996943,61,327549,5369.6557377049185
57.948621136602014,61,327613,5370.704918032787
57.94923837156966,61,327677,5371.754098360656
57.949898468796164,61,327741,5372.803278688524
57.950555654708296,61,327805,5373.852459016393
57.95123668201268,61,327869,5374.901639344263
57.95191120868549,61,327933,5375.950819672131
57.952706289011985,61,327997,5377.0
58.52718517789617,61,328061,5378.049180327869
58.5280202687718,61,328125,5379.098360655737
58.52876231679693,61,328189,5380.147540983607
58.529468894936144,61,328253,5381.196721311476
58.53050671098754,61,328317,5382.245901639344
58.53124334895983,61,328381,5383.295081967213
58.531925215851516,61,328445,5384.3442622950815
58.53256956161931,61,328509,5385.393442622951
58.53327002981678,61,328573,5386.44262295082
58.53393787657842,61,328637,5387.491803278688
58.53460220294073,61,328701,5388.540983606557
58.535274690017104,61,328765,5389.5901639344265
58.53590062586591,61,328829,5390.639344262295
58.53650917066261,61,328893,5391.688524590164
58.537208147812635,61,328957,5392.737704918033
58.53787203459069,61,329021,5393.786885245901
58.53994766669348,61,329085,5394.836065573771
58.540682514663786,61,329149,5395.88524590164
58.541313820984215,61,329213,5396.934426229508
58.54198531759903,61,329277,5397.983606557377
58.542662494815886,61,329341,5399.0327868852455
58.543331160675734,61,329405,5400.081967213115
58.54403072874993,61,329469,5401.131147540984
58.544710125774145,61,329533,5402.180327868852
58.54537918185815,61,329597,5403.229508196721
58.54608125984669,61,329661,5404.2786885245905
58.54678179696202,61,329725,5405.327868852459
58.54746281495318,61,329789,5406.377049180328
58.548165121581405,61,329853,5407.426229508197
58.548852268606424,61,329917,5408.475409836065
58.54952375590801,61,329981,5409.524590163935
58.55019124271348,61,330045,5410.573770491803
58.550840018782765,61,330109,5411.622950819672
58.551530695986,61,330173,5412.672131147541
58.55222551384941,61,330237,5413.7213114754095
58.55290725082159,61,330301,5414.770491803279
58.55353484582156,61,330365,5415.819672131148
58.55421074293554,61,330429,5416.868852459016
58.55489146988839,61,330493,5417.918032786885
58.5555910076946,61,330557,5418.9672131147545
58.556304725818336,61,330621,5420.016393442623
58.55693485075608,61,330685,5421.065573770492
58.55754522699863,61,330749,5422.11475409836
58.55829838477075,61,330813,5423.163934426229
58.55890607973561,61,330877,5424.213114754099
58.559592187870294,61,330941,5425.262295081967
58.56029114499688,61,331005,5426.311475409836
58.56109125493094,61,331069,5427.360655737705
58.5625447309576,61,331133,5428.4098360655735
58.5632004076615,61,331197,5429.459016393443
58.563895515631884,61,331261,5430.508196721312
58.56457506166771,61,331325,5431.55737704918
58.56528230989352,61,331389,5432.606557377049
58.56596794677898,61,331453,5433.6557377049185
58.56666803499684,61,331517,5434.704918032787
58.56730054970831,61,331581,5435.754098360656
58.56797171663493,61,331645,5436.803278688524
58.56863266369328,61,331709,5437.852459016393
58.56932079093531,61,331773,5438.901639344263
58.570174511987716,61,331837,5439.950819672131
58.57081014756113,61,331901,5441.0
59.157780658919364,61,331965,5442.049180327869
59.158566678874195,61,332029,5443.098360655737
59.15930739790201,61,332093,5444.147540983607
59.16042539477348,61,332157,5445.196721311476
59.16112998267636,61,332221,5446.245901639344
59.16182350972667,61,332285,5447.295081967213
59.162517877761275,61,332349,5448.3442622950815
59.16316037392244,61,332413,5449.393442622951
59.16386385075748,61,332477,5450.44262295082
59.16454198770225,61,332541,5451.491803278688
59.1652167448774,61,332605,5452.540983606557
59.165887551847845,61,332669,5453.5901639344265
59.16653361776844,61,332733,5454.639344262295
59.16714957356453,61,332797,5455.688524590164
59.16784817073494,61,332861,5456.737704918033
59.16852091765031,61,332925,5457.786885245901
59.17079603485763,61,332989,5458.836065573771
59.1715323026292,61,333053,5459.88524590164
59.1721694287844,61,333117,5460.934426229508
59.17283783573657,61,333181,5461.983606557377
59.17351802298799,61,333245,5463.0327868852455
59.174196949694306,61,333309,5464.081967213115
59.174919067882,61,333373,5465.131147540984
59.175602584611624,61,333437,5466.180327868852
59.176274730823934,61,333501,5467.229508196721
59.176970158703625,61,333565,5468.2786885245905
59.17769719660282,61,333629,5469.327868852459
59.17838354362175,61,333693,5470.377049180328
59.179087021853775,61,333757,5471.426229508197
59.17977864900604,61,333821,5472.475409836065
59.180461475625634,61,333885,5473.524590163935
59.181131252553314,61,333949,5474.573770491803
59.181777158752084,61,334013,5475.622950819672
59.18247485673055,61,334077,5476.672131147541
59.1831751735881,61,334141,5477.7213114754095
59.18385849101469,61,334205,5478.770491803279
59.184489976614714,61,334269,5479.819672131148
59.18519079359248,61,334333,5480.868852459016
59.185875130817294,61,334397,5481.918032786885
59.18656038865447,61,334461,5482.9672131147545
59.18728694692254,61,334525,5484.016393442623
59.1879200018011,61,334589,5485.065573770492
59.188542497809976,61,334653,5486.11475409836
59.18928782688454,61,334717,5487.163934426229
59.18989800196141,61,334781,5488.213114754099
59.19059699960053,61,334845,5489.262295081967
59.19130688672885,61,334909,5490.311475409836
59.19210970681161,61,334973,5491.360655737705
59.1935065719299,61,335037,5492.4098360655735
59.19416997861117,61,335101,5493.459016393443
59.194858635775745,61,335165,5494.508196721312
59.19553088257089,61,335229,5495.55737704918
59.19623968983069,61,335293,5496.606557377049
59.196926187723875,61,335357,5497.6557377049185
59.19763034489006,61,335421,5498.704918032787
59.198260420933366,61,335485,5499.754098360656
59.198937627952546,61,335549,5500.803278688524
59.19960493501276,61,335613,5501.852459016393
59.20029541198164,61,335677,5502.901639344263
59.20098472898826,61,335741,5503.950819672131
59.20168690662831,61,335805,5505.0
59.30576104763895,61,335821,5505.262295081967
59.30576104763895,61,335821,5505.262295081967
60.082669626921415,60,330364,5506.066666666667
60.08371707284823,60,330428,5507.133333333333
60.08548157662153,60,330492,5508.2
60.086459170561284,60,330556,5509.266666666666
60.08739905478433,60,330620,5510.333333333333
60.088366008829325,60,330684,5511.4
60.089312152937055,60,330748,5512.466666666666
60.09017122397199,60,330812,5513.533333333334
60.09114733757451,60,330876,5514.6
60.09205245086923,60,330940,5515.666666666667
60.092948702629656,60,331004,5516.733333333334
60.0938837765716,60,331068,5517.8
60.094756508711725,60,331132,5518.866666666667
60.09557733871043,60,331196,5519.933333333333
60.09653074294329,60,331260,5521.0
60.097586710006,60,331324,5522.066666666667
60.10119154956192,60,331388,5523.133333333333
60.102188664954156,60,331452,5524.2
60.10303260572255,60,331516,5525.266666666666
60.103938777931035,60,331580,5526.333333333333
60.10485732089728,60,331644,5527.4
60.10576736368239,60,331708,5528.466666666666
60.1067402777262,60,331772,5529.533333333334
60.10767136188224,60,331836,5530.6
60.108587753959,60,331900,5531.666666666667
60.1095412876457,60,331964,5532.733333333334
60.11048725200817,60,332028,5533.8
60.11142136482522,60,332092,5534.866666666667
60.112355678807944,60,332156,5535.933333333333
60.11330351186916,60,332220,5537.0
60.11423572571948,60,332284,5538.066666666667
60.11512952763587,60,332348,5539.133333333333
60.115997339598835,60,332412,5540.2
60.116955333855,60,332476,5541.266666666666
60.11791694769636,60,332540,5542.333333333333
60.1188451605849,60,332604,5543.4
60.11970360158011,60,332668,5544.466666666666
60.12062566494569,60,332732,5545.533333333334
60.12156514870003,60,332796,5546.6
60.12250100169331,60,332860,5547.666666666667
60.12347308592871,60,332924,5548.733333333334
60.12422481458634,60,332988,5549.8
60.124844380654395,60,333052,5550.866666666667
60.12560459971428,60,333116,5551.933333333333
60.12622272456065,60,333180,5553.0
60.12692156294361,60,333244,5554.066666666667
60.127641250845045,60,333308,5555.133333333333
60.12836596881971,60,333372,5556.2
60.12907702662051,60,333436,5557.266666666666
60.1297250026837,60,333500,5558.333333333333
60.13043461088091,60,333564,5559.4
60.13111677765846,60,333628,5560.466666666666
60.131823994684964,60,333692,5561.533333333334
60.132533942814916,60,333756,5562.6
60.1332418108359,60,333820,5563.666666666667
60.13386927684769,60,333884,5564.733333333334
60.1345570939593,60,333948,5565.8
60.13523557083681,60,334012,5566.866666666667
60.13593163760379,60,334076,5567.933333333333
60.13663570582867,60,334140,5569.0
60.71212579961866,60,334204,5570.066666666667
60.71269204374403,60,334268,5571.133333333333
60.71317382575944,60,334332,5572.2
60.71363139664754,60,334396,5573.266666666666
60.714346785563976,60,334460,5574.333333333333
60.714820337016135,60,334524,5575.4
60.715266577899456,60,334588,5576.466666666666
60.71566812787205,60,334652,5577.533333333334
60.71613042987883,60,334716,5578.6
60.71654908079654,60,334780,5579.666666666667
60.71696479059756,60,334844,5580.733333333334
60.717399671673775,60,334908,5581.8
60.71780275180936,60,334972,5582.866666666667
60.7181870508939,60,335036,5583.933333333333
60.718637242913246,60,335100,5585.0
60.71906830370426,60,335164,5586.066666666667
60.72045243764296,60,335228,5587.133333333333
60.72091010957956,60,335292,5588.2
60.721312589012086,60,335356,5589.266666666666
60.72173585975543,60,335420,5590.333333333333
60.7221680409275,60,335484,5591.4
60.722588050644845,60,335548,5592.466666666666
60.723036222625524,60,335612,5593.533333333334
60.72347134258598,60,335676,5594.6
60.72388939373195,60,335740,5595.666666666667
60.72434090496972,60,335804,5596.733333333334
60.724779705982655,60,335868,5597.8
60.725214436650276,60,335932,5598.866666666667
60.7256505577825,60,335996,5599.933333333333
60.7260932889767,60,336060,5601.0
60.726521249860525,60,336124,5602.066666666667
60.72693551983684,60,336188,5603.133333333333
60.727353010792285,60,336252,5604.2
60.72778775077313,60,336316,5605.266666666666
60.72823473298922,60,336380,5606.333333333333
60.72866780264303,60,336444,5607.4
60.7290694527328,60,336508,5608.466666666666
60.72949681384489,60,336572,5609.533333333334
60.72993060480803,60,336636,5610.6
60.730373985599726,60,336700,5611.666666666667
60.730824696831405,60,336764,5612.733333333334
60.731239057611674,60,336828,5613.8
60.731635017786175,60,336892,5614.866666666667
60.73210463859141,60,336956,5615.933333333333
60.73248454881832,60,337020,5617.0
60.73290780885145,60,337084,5618.066666666667
60.73335660994053,60,337148,5619.133333333333
60.73386886296794,60,337212,5620.2
60.73455501999706,60,337276,5621.266666666666
60.73519210657105,60,337340,5622.333333333333
60.73565708799288,60,337404,5623.4
60.736091408878565,60,337468,5624.466666666666
60.736532219685614,60,337532,5625.533333333334
60.73696760088205,60,337596,5626.6
60.73741138167679,60,337660,5627.666666666667
60.737803391646594,60,337724,5628.733333333334
60.73823828296736,60,337788,5629.8
60.738656552974135,60,337852,5630.866666666667
60.7390976739116,60,337916,5631.933333333333
60.73953238455579,60,337980,5633.0
61.484268869739026,60,338044,5634.066666666667
61.48490190599114,60,338108,5635.133333333333
61.48541347775608,60,338172,5636.2
61.48613508557901,60,338236,5637.266666666666
61.486582876648754,60,338300,5638.333333333333
61.487031678669155,60,338364,5639.4
61.48749117972329,60,338428,5640.466666666666
61.487904369831085,60,338492,5641.533333333334
61.488360221963376,60,338556,5642.6
61.488783651962876,60,338620,5643.666666666667
61.4892218336463,60,338684,5644.733333333334
61.489660324994475,60,338748,5645.8
61.490076744928956,60,338812,5646.866666666667
61.490473814774305,60,338876,5647.933333333333
61.4909230559133,60,338940,5649.0
61.491429678630084,60,339004,5650.066666666667
61.4929710268043,60,339068,5651.133333333333
61.49344461876899,60,339132,5652.2
61.49384079873562,60,339196,5653.266666666666
61.494273469783366,60,339260,5654.333333333333
61.4947030399926,60,339324,5655.4
61.49513956066221,60,339388,5656.466666666666
61.49559584259987,60,339452,5657.533333333334
61.49603512370959,60,339516,5658.6
61.496468224562705,60,339580,5659.666666666667
61.49691292596981,60,339644,5660.733333333334
61.49737074691802,60,339708,5661.8
61.49780523777008,60,339772,5662.866666666667
61.49825155874714,60,339836,5663.933333333333
61.49869343964383,60,339900,5665.0
61.49912938056514,60,339964,5666.066666666667
61.499546291772276,60,340028,5667.133333333333
61.49996513174847,60,340092,5668.2
61.50041082268581,60,340156,5669.266666666666
61.5008555338718,60,340220,5670.333333333333
61.50131126586348,60,340284,5671.4
61.50171210570261,60,340348,5672.466666666666
61.502147865947336,60,340412,5673.533333333334
61.502585927955806,60,340476,5674.6
61.50302406772971,60,340540,5675.666666666667
61.503481349907815,60,340604,5676.733333333334
61.503885209560394,60,340668,5677.8
61.50428383983672,60,340732,5678.866666666667
61.504760971758515,60,340796,5679.933333333333
61.50515283178538,60,340860,5681.0
61.50558377197012,60,340924,5682.066666666667
61.50601999275386,60,340988,5683.133333333333
61.50654958700761,60,341052,5684.2
61.50741019798443,60,341116,5685.266666666666
61.507825798820704,60,341180,5686.333333333333
61.508276839740574,60,341244,5687.4
61.50870938971639,60,341308,5688.466666666666
61.509171401616186,60,341372,5689.533333333334
61.50961386272684,60,341436,5690.6
61.51006246358156,60,341500,5691.666666666667
61.5104584437795,60,341564,5692.733333333334
61.51088599488139,60,341628,5693.8
61.511425708886236,60,341692,5694.866666666667
61.511869279667735,60,341756,5695.933333333333
61.51231728075072,60,341820,5697.0
62.3179610776715,60,341884,5698.066666666667
62.31885333964601,60,341948,5699.133333333333
62.31963681988418,60,342012,5700.2
62.32038566889241,60,342076,5701.266666666666
62.321647179778665,60,342140,5702.333333333333
62.322409898974,60,342204,5703.4
62.32315307762474,60,342268,5704.466666666666
62.32382076373324,60,342332,5705.533333333334
62.32457301300019,60,342396,5706.6
62.32528848061338,60,342460,5707.666666666667
62.325993158854544,60,342524,5708.733333333334
62.32672044681385,60,342588,5709.8
62.327403023839,60,342652,5710.866666666667
62.32804925972596,60,342716,5711.933333333333
62.328783698845655,60,342780,5713.0
62.329660209827125,60,342844,5714.066666666667
62.3320357198827,60,342908,5715.133333333333
62.332815028727055,60,342972,5716.2
62.33348499564454,60,343036,5717.266666666666
62.334201213903725,60,343100,5718.333333333333
62.334909931756556,60,343164,5719.4
62.33564003976062,60,343228,5720.466666666666
62.33639565855265,60,343292,5721.533333333334
62.337117256596684,60,343356,5722.6
62.33781629381701,60,343420,5723.666666666667
62.3385574426502,60,343484,5724.733333333334
62.33928939094767,60,343548,5725.8
62.34000353887677,60,343612,5726.866666666667
62.340735347010195,60,343676,5727.933333333333
62.34146863594651,60,343740,5729.0
62.34219006355852,60,343804,5730.066666666667
62.342904480639845,60,343868,5731.133333333333
62.34361301874742,60,343932,5732.2
62.344349447637796,60,343996,5733.266666666666
62.34509425563738,60,344060,5734.333333333333
62.34581597382203,60,344124,5735.4
62.34648908069357,60,344188,5736.466666666666
62.347209388855845,60,344252,5737.533333333334
62.34792797686532,60,344316,5738.6
62.348662244621664,60,344380,5739.666666666667
62.34941196395084,60,344444,5740.733333333334
62.350084610749036,60,344508,5741.8
62.35073283687234,60,344572,5742.866666666667
62.35151409683749,60,344636,5743.933333333333
62.352170002646744,60,344700,5745.0
62.352879060897976,60,344764,5746.066666666667
62.35360932862386,60,344828,5747.133333333333
62.35443956963718,60,344892,5748.2
62.35590241570026,60,344956,5749.266666666666
62.356611143797636,60,345020,5750.333333333333
62.357357502914965,60,345084,5751.4
62.358075050637126,60,345148,5752.466666666666
62.35882031871006,60,345212,5753.533333333334
62.35956366779283,60,345276,5754.6
62.36029892601073,60,345340,5755.666666666667
62.36091620195657,60,345404,5756.733333333334
62.36135549284518,60,345468,5757.8
62.36178138293326,60,345532,5758.866666666667
62.3622336150147,60,345596,5759.933333333333
62.36271897656843,60,345660,5761.0
62.951274107676,60,345724,5762.066666666667
62.9518111506477,60,345788,5763.133333333333
62.952298192773014,60,345852,5764.2
62.9527558949776,60,345916,5765.266666666666
62.95352453365922,60,345980,5766.333333333333
62.95399087574333,60,346044,5767.4
62.95445377798751,60,346108,5768.466666666666
62.95487023796886,60,346172,5769.533333333334
62.95534039987251,60,346236,5770.6
62.95578021090478,60,346300,5771.666666666667
62.956223571673036,60,346364,5772.733333333334
62.95666739298031,60,346428,5773.8
62.957102303858846,60,346492,5774.866666666667
62.9574977629818,60,346556,5775.933333333333
62.95795388473198,60,346620,5777.0
62.9584491266869,60,346684,5778.066666666667
62.960023026913404,60,346748,5779.133333333333
62.960510298609734,60,346812,5780.2
62.96092749899253,60,346876,5781.266666666666
62.96137039968744,60,346940,5782.333333333333
62.961813321802765,60,347004,5783.4
62.96226044278592,60,347068,5784.466666666666
62.962724913842976,60,347132,5785.533333333334
62.9631771449931,60,347196,5786.6
62.963616407010704,60,347260,5787.666666666667
62.964089387562126,60,347324,5788.733333333334
62.96454437961802,60,347388,5789.8
62.96499203098938,60,347452,5790.866666666667
62.96544921165332,60,347516,5791.933333333333
62.96590343257412,60,347580,5793.0
62.96635616477579,60,347644,5794.066666666667
62.9667863259092,60,347708,5795.133333333333
62.9672169056721,60,347772,5796.2
62.96766870794818,60,347836,5797.266666666666
62.96813481859863,60,347900,5798.333333333333
62.9685837905854,60,347964,5799.4
62.9689925708808,60,348028,5800.466666666666
62.9694562619552,60,348092,5801.533333333334
62.969907473772764,60,348156,5802.6
62.97036357456818,60,348220,5803.666666666667
62.97082730662078,60,348284,5804.733333333334
62.97125539695844,60,348348,5805.8
62.971662716940045,60,348412,5806.866666666667
62.97215349972248,60,348476,5807.933333333333
62.972547319717705,60,348540,5809.0
62.972996200900525,60,348604,5810.066666666667
62.97345103183761,60,348668,5811.133333333333
62.97396333469078,60,348732,5812.2
62.974990150891244,60,348796,5813.266666666666
62.97542690159753,60,348860,5814.333333333333
62.97588780289516,60,348924,5815.4
62.976340173743665,60,348988,5816.466666666666
62.976802015677094,60,349052,5817.533333333334
62.97726837778464,60,349116,5818.6
62.97773084882647,60,349180,5819.666666666667
62.978141869883984,60,349244,5820.733333333334
62.97858453076333,60,349308,5821.8
62.97901593055576,60,349372,5822.866666666667
62.979473812971264,60,349436,5823.933333333333
62.97991683380678,60,349500,5825.0
62.98032109392807,60,349502,5825.033333333334
62.98032109392807,60,349502,5825.033333333334
63.3603236428462,59,343717,5825.71186440678
63.3603236428462,59,343717,5825.71186440678
63.588190307840705,58,337914,5826.103448275862
63.58906090958044,58,337978,5827.206896551724
63.589856809936464,58,338042,5828.310344827586
63.59117521299049,58,338106,5829.413793103448
63.59193343156949,58,338170,5830.517241379311
63.59269063081592,58,338234,5831.620689655172
63.59344943892211,58,338298,5832.724137931034
63.59414019668475,58,338362,5833.827586206897
63.59490649588406,58,338426,5834.931034482759
63.5956398639828,58,338490,5836.0344827586205
63.5963674117811,58,338554,5837.137931034483
63.59710118081421,58,338618,5838.241379310345
63.597791807726026,58,338682,5839.3448275862065
63.5984486839734,58,338746,5840.448275862069
63.599215503782034,58,338810,5841.551724137931
63.60005394369364,58,338874,5842.6551724137935
63.60324775381014,58,338938,5843.758620689655
63.60407219501212,58,339002,5844.862068965517
63.604753291700035,58,339066,5845.9655172413795
63.60548407956958,58,339130,5847.068965517241
63.60623381892219,58,339194,5848.172413793103
63.60695508681238,58,339258,5849.275862068966
63.60768523486331,58,339322,5850.379310344828
63.608456073794514,58,339386,5851.482758620689
63.60918851289898,58,339450,5852.586206896552
63.609950481913984,58,339514,5853.689655172414
63.61070748092607,58,339578,5854.793103448276
63.61145675973967,58,339642,5855.896551724138
63.61220466764644,58,339706,5857.0
63.61294846655801,58,339770,5858.103448275862
63.613683404866606,58,339834,5859.206896551724
63.61440340289846,58,339898,5860.310344827586
63.615197052713484,58,339962,5861.413793103448
63.61600340297446,58,340026,5862.517241379311
63.616750821936876,58,340090,5863.620689655172
63.61744170868769,58,340154,5864.724137931034
63.61822290858254,58,340218,5865.827586206897
63.61905026901513,58,340282,5866.931034482759
63.61983647895977,58,340346,5868.0344827586205
63.62061068788171,58,340410,5869.137931034483
63.62131433561444,58,340474,5870.241379310345
63.6219825129956,58,340538,5871.3448275862065
63.62273380160332,58,340602,5872.448275862069
63.623538930900395,58,340666,5873.551724137931
63.62422768864781,58,340730,5874.6551724137935
63.62495559686795,58,340794,5875.758620689655
63.62571876589209,58,340858,5876.862068965517
63.62647316465154,58,340922,5877.9655172413795
63.62721665389836,58,340986,5879.068965517241
63.62789087975398,58,341050,5880.172413793103
63.62864506896585,58,341114,5881.275862068966
63.62938867788762,58,341178,5882.379310344828
63.630165916867554,58,341242,5883.482758620689
63.63092833571136,58,341306,5884.586206896552
63.63178758788854,58,341370,5885.689655172414
63.63253765599802,58,341434,5886.793103448276
63.63312534056604,58,341498,5887.896551724138
63.633579852990806,58,341562,5889.0
64.22313807858154,58,341626,5890.103448275862
64.22366475174204,58,341690,5891.206896551724
64.22415375383571,58,341754,5892.310344827586
64.22461567586288,58,341818,5893.413793103448
64.2253944450058,58,341882,5894.517241379311
64.22586702695116,58,341946,5895.620689655172
64.2263325988315,58,342010,5896.724137931034
64.2267574686557,58,342074,5897.827586206897
64.22723260056227,58,342138,5898.931034482759
64.22767491172999,58,342202,5900.0344827586205
64.2281296136789,58,342266,5901.137931034483
64.22858041478321,58,342330,5902.241379310345
64.22900491580367,58,342394,5903.3448275862065
64.2294174558483,58,342458,5904.448275862069
64.22988044656813,58,342522,5905.551724137931
64.23040025960654,58,342586,5906.6551724137935
64.2319791498594,58,342650,5907.758620689655
64.23247143160552,58,342714,5908.862068965517
64.23289345297962,58,342778,5909.9655172413795
64.23335231374949,58,342842,5911.068965517241
64.23381612589583,58,342906,5912.172413793103
64.23426999663934,58,342970,5913.275862068966
64.23471559770405,58,343034,5914.379310344828
64.23519835993648,58,343098,5915.482758620689
64.23565256176516,58,343162,5916.586206896552
64.23612619377673,58,343226,5917.689655172414
64.2365906345658,58,343290,5918.793103448276
64.23706604680046,58,343354,5919.896551724138
64.23752750875428,58,343418,5921.0
64.23799441987649,58,343482,5922.103448275862
64.23844964196905,58,343546,5923.206896551724
64.23888766299933,58,343610,5924.310344827586
64.23934864392504,58,343674,5925.413793103448
64.23981409566477,58,343738,5926.517241379311
64.24027896672487,58,343802,5927.620689655172
64.24069920787588,58,343866,5928.724137931034
64.24115830892697,58,343930,5929.827586206897
64.24161488097161,58,343994,5930.931034482759
64.24209061264992,58,344058,5932.0344827586205
64.24255944369361,58,344122,5933.137931034483
64.24298733472824,58,344186,5934.241379310345
64.24341563601047,58,344250,5935.3448275862065
64.24387047672644,58,344314,5936.448275862069
64.24436590867117,58,344378,5937.551724137931
64.24478676961735,58,344442,5938.6551724137935
64.2452402706258,58,344506,5939.758620689655
64.24569431273267,58,344570,5940.862068965517
64.24617329472676,58,344634,5941.9655172413795
64.24716308992356,58,344698,5943.068965517241
64.24759442964569,58,344762,5944.172413793103
64.24806146183982,58,344826,5945.275862068966
64.24852152401581,58,344890,5946.379310344828
64.24900429556146,58,344954,5947.482758620689
64.24947876669466,58,345018,5948.586206896552
64.24995062872767,58,345082,5949.689655172414
64.25041732098907,58,345146,5950.793103448276
64.25086488155648,58,345210,5951.896551724138
64.25132947368547,58,345274,5953.0
64.95009845960885,58,345338,5954.103448275862
64.95100843301043,58,345402,5955.206896551724
64.95181905291975,58,345466,5956.310344827586
64.95260772295296,58,345530,5957.413793103448
64.95389150455594,58,345594,5958.517241379311
64.95468165492639,58,345658,5959.620689655172
64.95544424280524,58,345722,5960.724137931034
64.95616006059572,58,345786,5961.827586206897
64.95693319058046,58,345850,5962.931034482759
64.95768684986979,58,345914,5964.0344827586205
64.95843184785917,58,345978,5965.137931034483
64.95919087668881,58,346042,5966.241379310345
64.95989535469562,58,346106,5967.3448275862065
64.9605681905523,58,346170,5968.448275862069
64.96134429099038,58,346234,5969.551724137931
64.96218069177121,58,346298,5970.6551724137935
64.96503671258688,58,346362,5971.758620689655
64.96585620380938,58,346426,5972.862068965517
64.9665531408973,58,346490,5973.9655172413795
64.96729298960418,58,346554,5975.068965517241
64.9680549185723,58,346618,5976.172413793103
64.96879318682477,58,346682,5977.275862068966
64.96954086562619,58,346746,5978.379310344828
64.97032874589786,58,346810,5979.482758620689
64.97108949488029,58,346874,5980.586206896552
64.97185553377494,58,346938,5981.689655172414
64.97261924296618,58,347002,5982.793103448276
64.97338371165097,58,347066,5983.896551724138
64.97416640166193,58,347130,5985.0
64.97492402000353,58,347194,5986.103448275862
64.97567067900673,58,347258,5987.206896551724
64.97640390694141,58,347322,5988.310344827586
64.97715786565095,58,347386,5989.413793103448
64.97791840462014,58,347450,5990.517241379311
64.97867643367499,58,347514,5991.620689655172
64.97937100101262,58,347578,5992.724137931034
64.98011857969686,58,347642,5993.827586206897
64.98088094871491,58,347706,5994.931034482759
64.98163933772594,58,347770,5996.0344827586205
64.9824211676605,58,347834,5997.137931034483
64.98312774579972,58,347898,5998.241379310345
64.98380583198741,58,347962,5999.3448275862065
64.98457768186927,58,348026,6000.448275862069
64.98539594188333,58,348090,6001.551724137931
64.98609010875225,58,348154,6002.6551724137935
64.98683133767918,58,348218,6003.758620689655
64.9875994566828,58,348282,6004.862068965517
64.988373325672,58,348346,6005.9655172413795
64.98914665589109,58,348410,6007.068965517241
64.98983002267778,58,348474,6008.172413793103
64.99058220162988,58,348538,6009.275862068966
64.99131537973881,58,348602,6010.379310344828
64.99209892982617,58,348666,6011.482758620689
64.99286936875433,58,348730,6012.586206896552
64.99414878059179,58,348794,6013.689655172414
64.99461569264531,58,348858,6014.793103448276
64.99507812364027,58,348922,6015.896551724138
64.99554918566719,58,348986,6017.0
65.58519261470065,58,349050,6018.103448275862
65.5858099698089,58,349114,6019.206896551724
65.58633575262502,58,349178,6020.310344827586
65.58681007474661,58,349242,6021.413793103448
65.58766080578789,58,349306,6022.517241379311
65.58814873779193,58,349370,6023.620689655172
65.58861901983619,58,349434,6024.724137931034
65.58906861161813,58,349498,6025.827586206897
65.58956213388592,58,349562,6026.931034482759
65.59001688472927,58,349626,6028.0344827586205
65.5904808966443,58,349690,6029.137931034483
65.5909372176975,58,349754,6030.241379310345
65.59138301899657,58,349818,6031.3448275862065
65.59179326985031,58,349882,6032.448275862069
65.59227406186983,58,349946,6033.551724137931
65.5928094247356,58,350010,6034.6551724137935
65.59453239757568,58,350074,6035.758620689655
65.59503254061565,58,350138,6036.862068965517
65.59547255188227,58,350202,6037.9655172413795
65.59592513274401,58,350266,6039.068965517241
65.59639665484428,58,350330,6040.172413793103
65.5968506759964,58,350394,6041.275862068966
65.597313137725,58,350458,6042.379310344828
65.59780663996935,58,350522,6043.482758620689
65.59827561164275,58,350586,6044.586206896552
65.59875605395064,58,350650,6045.689655172414
65.59923388576135,58,350714,6046.793103448276
65.59969994658604,58,350778,6047.896551724138
65.60018027899787,58,350842,6049.0
65.600655910559,58,350906,6050.103448275862
65.60111705260351,58,350970,6051.206896551724
65.60156785370782,58,351034,6052.310344827586
65.60202757595107,58,351098,6053.413793103448
65.60251016775146,58,351162,6054.517241379311
65.60297353891656,58,351226,6055.620689655172
65.60340768983588,58,351290,6056.724137931034
65.60386390099302,58,351354,6057.827586206897
65.60435203369707,58,351418,6058.931034482759
65.60482945479453,58,351482,6060.0344827586205
65.60532790794969,58,351546,6061.137931034483
65.60577438864857,58,351610,6062.241379310345
65.60620037000626,58,351674,6063.3448275862065
65.60667905164883,58,351738,6064.448275862069
65.60719150491059,58,351802,6065.551724137931
65.6076157046482,58,351866,6066.6551724137935
65.60808610683307,58,351930,6067.758620689655
65.6085591185838,58,351994,6068.862068965517
65.60903537087142,58,352058,6069.9655172413795
65.61007742583752,58,352122,6071.068965517241
65.61052175797522,58,352186,6072.172413793103
65.61099555995315,58,352250,6073.275862068966
65.6114628110081,58,352314,6074.379310344828
65.61194384284317,58,352378,6075.482758620689
65.61243227589875,58,352442,6076.586206896552
65.6129190879874,58,352506,6077.689655172414
65.61339280894026,58,352570,6078.793103448276
65.61384874070063,58,352634,6079.896551724138
65.61433402262628,58,352698,6081.0
66.31232910975814,58,352762,6082.103448275862
66.31285333260894,58,352826,6083.206896551724
66.31335694575682,58,352890,6084.310344827586
66.31422625761479,58,352954,6085.413793103448
66.31470483960584,58,353018,6086.517241379311
66.31518459087238,58,353082,6087.620689655172
66.31565583264455,58,353146,6088.724137931034
66.31609669374302,58,353210,6089.827586206897
66.31657636584714,58,353274,6090.931034482759
66.31703503755853,58,353338,6092.0344827586205
66.31750070862472,58,353402,6093.137931034483
66.31795660080388,58,353466,6094.241379310345
66.31840104190633,58,353530,6095.3448275862065
66.31881389161572,58,353594,6096.448275862069
66.31929383380339,58,353658,6097.551724137931
66.319815216586,58,353722,6098.6551724137935
66.3214707588777,58,353786,6099.758620689655
66.3219689805992,58,353850,6100.862068965517
66.32240876182914,58,353914,6101.9655172413795
66.32287325384095,58,353978,6103.068965517241
66.3233481659554,58,354042,6104.172413793103
66.32380206696689,58,354106,6105.275862068966
66.32427602866665,58,354170,6106.379310344828
66.32476261071861,58,354234,6107.482758620689
66.32523198286071,58,354298,6108.586206896552
66.32571239490062,58,354362,6109.689655172414
66.32620068686083,58,354426,6110.793103448276
66.32666508900002,58,354490,6111.896551724138
66.32714740093797,58,354554,6113.0
66.32762014167383,58,354618,6114.103448275862
66.32809723401442,58,354682,6115.206896551724
66.32855343585834,58,354746,6116.310344827586
66.32901706686243,58,354810,6117.413793103448
66.32950070872903,58,354874,6118.517241379311
66.32996683055535,58,354938,6119.620689655172
66.3304027817212,58,355002,6120.724137931034
66.330864562653,58,355066,6121.827586206897
66.33134750556201,58,355130,6122.931034482759
66.33181685674936,58,355194,6124.0344827586205
66.33231533970684,58,355258,6125.137931034483
66.33276218082756,58,355322,6126.241379310345
66.33319516200572,58,355386,6127.3448275862065
66.33367442386225,58,355450,6128.448275862069
66.33418818563223,58,355514,6129.551724137931
66.33461906667799,58,355578,6130.6551724137935
66.33508725883439,58,355642,6131.758620689655
66.3355562207289,58,355706,6132.862068965517
66.33603002270684,58,355770,6133.9655172413795
66.33705507777631,58,355834,6135.068965517241
66.33749885857105,58,355898,6136.172413793103
66.33797479094937,58,355962,6137.275862068966
66.33843226265162,58,356026,6138.379310344828
66.33890703460202,58,356090,6139.482758620689
66.33938375581056,58,356154,6140.586206896552
66.33986339857802,58,356218,6141.689655172414
66.34034075960517,58,356282,6142.793103448276
66.34079672163352,58,356346,6143.896551724138
66.34128064382821,58,356410,6145.0
67.02527633076534,58,356474,6146.103448275862
67.02594996755943,58,356538,6147.206896551724
67.02652697172016,58,356602,6148.310344827586
67.02702108491212,58,356666,6149.413793103448
67.02786213578656,58,356730,6150.517241379311
67.02837464865297,58,356794,6151.620689655172
67.02885303087533,58,356858,6152.724137931034
67.02930141193792,58,356922,6153.827586206897
67.02979034371674,58,356986,6154.931034482759
67.03025878593326,58,357050,6156.0344827586205
67.0307212867774,58,357114,6157.137931034483
67.03121330961585,58,357178,6158.241379310345
67.03165815072134,58,357242,6159.3448275862065
67.03208726178855,58,357306,6160.448275862069
67.03257255395874,58,357370,6161.551724137931
67.03311302699149,58,357434,6162.6551724137935
67.03480215882882,58,357498,6163.758620689655
67.03531830199063,58,357562,6164.862068965517
67.03576081292704,58,357626,6165.9655172413795
67.03623093478382,58,357690,6167.068965517241
67.03670023661107,58,357754,6168.172413793103
67.03717657877132,58,357818,6169.275862068966
67.03764020977542,58,357882,6170.379310344828
67.0381404128857,58,357946,6171.482758620689
67.03860846487805,58,358010,6172.586206896552
67.0390995265916,58,358074,6173.689655172414
67.03957982873544,58,358138,6174.793103448276
67.04006062075496,58,358202,6175.896551724138
67.04053565301001,58,358266,6177.0
67.04101622477174,58,358330,6178.103448275862
67.04149046586826,58,358394,6179.206896551724
67.04194370796904,58,358458,6180.310344827586
67.04241692973301,58,358522,6181.413793103448
67.04289812175557,58,358586,6182.517241379311
67.04337460361421,58,358650,6183.620689655172
67.04381095478311,58,358714,6184.724137931034
67.04427738580853,58,358778,6185.827586206897
67.04475445766002,58,358842,6186.931034482759
67.04523233976215,58,358906,6188.0344827586205
67.04572167200968,58,358970,6189.137931034483
67.04616920277476,58,359034,6190.241379310345
67.04659762373194,58,359098,6191.3448275862065
67.04708904586732,58,359162,6192.448275862069
67.04759920900688,58,359226,6193.551724137931
67.04804635001346,58,359290,6194.6551724137935
67.04851208161563,58,359354,6195.758620689655
67.0489789438434,58,359418,6196.862068965517
67.0494704558514,58,359482,6197.9655172413795
67.05047530075535,58,359546,6199.068965517241
67.0509182116948,58,359610,6200.172413793103
67.05140760494396,58,359674,6201.275862068966
67.05187362572178,58,359738,6202.379310344828
67.0523611777462,58,359802,6203.482758620689
67.05283369962126,58,359866,6204.586206896552
67.05331850191578,58,359930,6205.689655172414
67.05378735391423,58,359994,6206.793103448276
67.05426091561094,58,360058,6207.896551724138
67.05474473768845,58,360122,6209.0
67.6712531875819,58,360186,6210.103448275862
67.67189831472933,58,360250,6211.206896551724
67.67249493859708,58,360314,6212.310344827586
67.67298717191443,58,360378,6213.413793103448
67.67348445393145,58,360442,6214.517241379311
67.67438029684126,58,360506,6215.620689655172
67.67486881883815,58,360570,6216.724137931034
67.67532502999529,58,360634,6217.827586206897
67.67583613283932,58,360698,6218.931034482759
67.67631416488439,58,360762,6220.0344827586205
67.67677943687886,58,360826,6221.137931034483
67.67726276861504,58,360890,6222.241379310345
67.67772000981495,58,360954,6223.3448275862065
67.67815097095445,58,361018,6224.448275862069
67.67863991297781,58,361082,6225.551724137931
67.67919529695064,58,361146,6226.6551724137935
67.68107051355764,58,361210,6227.758620689655
67.6815801858902,58,361274,6228.862068965517
67.68202630756423,58,361338,6229.9655172413795
67.68250357965007,58,361402,6231.068965517241
67.68297489080578,58,361466,6232.172413793103
67.68345889262855,58,361530,6233.275862068966
67.68392869457603,58,361594,6234.379310344828
67.68443358782679,58,361658,6235.482758620689
67.68490562867373,58,361722,6236.586206896552
67.68540805159137,58,361786,6237.689655172414
67.68589602364227,58,361850,6238.793103448276
67.68638091674075,58,361914,6239.896551724138
67.68687365856022,58,361978,6241.0
67.68737032078207,58,362042,6242.103448275862
67.68784304289147,58,362106,6243.206896551724
67.68831118475646,58,362170,6244.310344827586
67.6887879469432,58,362234,6245.413793103448
67.6892880089581,58,362298,6246.517241379311
67.68977094069123,58,362362,6247.620689655172
67.69021652173251,58,362426,6248.724137931034
67.6906865038909,58,362490,6249.827586206897
67.69117648573592,58,362554,6250.931034482759
67.69165683770552,58,362618,6252.0344827586205
67.69216019101441,58,362682,6253.137931034483
67.69260806171224,58,362746,6254.241379310345
67.69303686264902,58,362810,6255.3448275862065
67.69352578464895,58,362874,6256.448275862069
67.69405274791643,58,362938,6257.551724137931
67.69449177896604,58,363002,6258.6551724137935
67.69496637070552,58,363066,6259.758620689655
67.69545731274411,58,363130,6260.862068965517
67.69594119582325,58,363194,6261.9655172413795
67.696425256785,58,363258,6263.068965517241
67.69686435861513,58,363322,6264.172413793103
67.69784148270264,58,363386,6265.275862068966
67.69833089457825,58,363450,6266.379310344828
67.6988264080137,58,363514,6267.482758620689
67.6993306898512,58,363578,6268.586206896552
67.69981040200219,58,363642,6269.689655172414
67.7002871837467,58,363706,6270.793103448276
67.70075955567881,58,363770,6271.896551724138
67.7012585378252,58,363834,6273.0
68.32405554596335,58,363898,6274.103448275862
68.32491592783481,58,363962,6275.206896551724
68.32575005898252,58,364026,6276.310344827586
68.32700000982732,58,364090,6277.413793103448
68.32779692998156,58,364154,6278.517241379311
68.32858574856073,58,364218,6279.620689655172
68.32938164891675,58,364282,6280.724137931034
68.33011420769617,58,364346,6281.827586206897
68.33091383660212,58,364410,6282.931034482759
68.33168496657163,58,364474,6284.0344827586205
68.33245023572817,58,364538,6285.137931034483
68.33322338480502,58,364602,6286.241379310345
68.333952663932,58,364666,6287.3448275862065
68.33466233080253,58,364730,6288.448275862069
68.33546541072428,58,364794,6289.551724137931
68.33632844267413,58,364858,6290.6551724137935
68.3395227426663,58,364922,6291.758620689655
68.34035874390975,58,364986,6292.862068965517
68.34108541160822,58,365050,6293.9655172413795
68.34184624068439,58,365114,6295.068965517241
68.34262253995985,58,365178,6296.172413793103
68.34339536866173,58,365242,6297.275862068966
68.34416415868327,58,365306,6298.379310344828
68.34498118888587,58,365370,6299.482758620689
68.34576402883977,58,365434,6300.586206896552
68.34646230563521,58,365498,6301.689655172414
68.34707564068958,58,365562,6302.793103448276
68.34766573598608,58,365626,6303.896551724138
68.34835248393938,58,365690,6305.0
68.34915398387238,58,365754,6306.103448275862
68.34991730283946,58,365818,6307.206896551724
68.35067663062364,58,365882,6308.310344827586
68.35146236093715,58,365946,6309.413793103448
68.35228876164183,58,366010,6310.517241379311
68.35308553185314,58,366074,6311.620689655172
68.35380844958127,58,366138,6312.724137931034
68.35458429856226,58,366202,6313.827586206897
68.3553820787929,58,366266,6314.931034482759
68.35617095883936,58,366330,6316.0344827586205
68.35697939898819,58,366394,6317.137931034483
68.35771452682093,58,366458,6318.241379310345
68.35843285592273,58,366522,6319.3448275862065
68.35923087457195,58,366586,6320.448275862069
68.36008439678699,58,366650,6321.551724137931
68.36082438472658,58,366714,6322.6551724137935
68.36161660496145,58,366778,6323.758620689655
68.3624271848239,58,366842,6324.862068965517
68.36322838487104,58,366906,6325.9655172413795
68.36400122381747,58,366970,6327.068965517241
68.36472668265924,58,367034,6328.172413793103
68.3655166127719,58,367098,6329.275862068966
68.3662782208994,58,367162,6330.379310344828
68.36709939176217,58,367226,6331.482758620689
68.36790223186836,58,367290,6332.586206896552
68.3685252876021,58,367354,6333.689655172414
68.3690017699264,58,367418,6334.793103448276
68.36948297172785,58,367482,6335.896551724138
68.36997657362372,58,367546,6337.0
68.9728592238389,58,367610,6338.103448275862
68.97380752768368,58,367674,6339.206896551724
68.97474059090018,58,367738,6340.310344827586
68.97555833077058,58,367802,6341.413793103448
68.97689721500501,58,367866,6342.517241379311
68.97773429565132,58,367930,6343.620689655172
68.97853955579922,58,367994,6344.724137931034
68.9792791637592,58,368058,6345.827586206897
68.98011050466448,58,368122,6346.931034482759
68.98087771469727,58,368186,6348.0344827586205
68.98166925366968,58,368250,6349.137931034483
68.98245196370408,58,368314,6350.241379310345
68.98319952189922,58,368378,6351.3448275862065
68.98393622087315,58,368442,6352.448275862069
68.98474760074168,58,368506,6353.551724137931
68.985632492695,58,368570,6354.6551724137935
68.98881875257939,58,368634,6355.758620689655
68.98965487396345,58,368698,6356.862068965517
68.99038478173316,58,368762,6357.9655172413795
68.9911652719602,58,368826,6359.068965517241
68.99195257062092,58,368890,6360.172413793103
68.99272665055469,58,368954,6361.275862068966
68.99350475985557,58,369018,6362.379310344828
68.9943210198544,58,369082,6363.482758620689
68.99510642979294,58,369146,6364.586206896552
68.99591164989397,58,369210,6365.689655172414
68.99671294959262,58,369274,6366.793103448276
68.99750374956056,58,369338,6367.896551724138
68.99830884998664,58,369402,6369.0
68.99911917094141,58,369466,6370.103448275862
68.99991502985358,58,369530,6371.206896551724
69.00068323872983,58,369594,6372.310344827586
69.00147611880675,58,369658,6373.413793103448
69.00229018973187,58,369722,6374.517241379311
69.00309445988387,58,369786,6375.620689655172
69.00382194761187,58,369850,6376.724137931034
69.00460729794577,58,369914,6377.827586206897
69.00541527755558,58,369978,6378.931034482759
69.00621563801542,58,370042,6380.0344827586205
69.00703133782372,58,370106,6381.137931034483
69.00776984682307,58,370170,6382.241379310345
69.00848617497832,58,370234,6383.3448275862065
69.00929156458005,58,370298,6384.448275862069
69.0101466155611,58,370362,6385.551724137931
69.01086652372032,58,370426,6386.6551724137935
69.01165557373315,58,370490,6387.758620689655
69.01245081378147,58,370554,6388.862068965517
69.01325355377048,58,370618,6389.9655172413795
69.01405604369938,58,370682,6391.068965517241
69.0147816715762,58,370746,6392.172413793103
69.0155706317164,58,370810,6393.275862068966
69.01634336076677,58,370874,6394.379310344828
69.01713083079085,58,370938,6395.482758620689
69.01763222273439,58,371002,6396.586206896552
69.01820414792746,58,371066,6397.689655172414
69.01868249988183,58,371130,6398.793103448276
69.01915660081431,58,371194,6399.896551724138
69.01964219287038,58,371258,6401.0
69.6922588669695,58,371322,6402.103448275862
69.69299151469022,58,371386,6403.206896551724
69.69364013057202,58,371450,6404.310344827586
69.69416340393946,58,371514,6405.413793103448
69.69467435684055,58,371578,6406.517241379311
69.69519410980865,58,371642,6407.620689655172
69.69601107062772,58,371706,6408.724137931034
69.6964887320064,58,371770,6409.827586206897
69.69700066465884,58,371834,6410.931034482759
69.69749150797725,58,371898,6412.0344827586205
69.6979712289758,58,371962,6413.137931034483
69.6984671219252,58,372026,6414.241379310345
69.69893072359264,58,372090,6415.3448275862065
69.69938140455633,58,372154,6416.448275862069
69.69989074766636,58,372218,6417.551724137931
69.70045728189871,58,372282,6418.6551724137935
69.70158492960036,58,372346,6419.758620689655
69.70211284281686,58,372410,6420.862068965517
69.7025637337938,58,372474,6421.9655172413795
69.70304853562266,58,372538,6423.068965517241
69.70353025896475,58,372602,6424.172413793103
69.70402841083705,58,372666,6425.275862068966
69.7045475738123,58,372730,6426.379310344828
69.705056426581,58,372794,6427.482758620689
69.7055390086025,58,372858,6428.586206896552
69.70605575060472,58,372922,6429.689655172414
69.70655623357743,58,372986,6430.793103448276
69.70705517660826,58,373050,6431.896551724138
69.70755341881886,58,373114,6433.0
69.70805740077049,58,373178,6434.103448275862
69.70862277597189,58,373242,6435.206896551724
69.70910859759897,58,373306,6436.310344827586
69.7101241229102,58,373370,6437.413793103448
69.71064469590783,58,373434,6438.517241379311
69.7111420687288,58,373498,6439.620689655172
69.71159445960075,58,373562,6440.724137931034
69.71208105189726,58,373626,6441.827586206897
69.71257575368509,58,373690,6442.931034482759
69.71307212673128,58,373754,6444.0344827586205
69.71357711870223,58,373818,6445.137931034483
69.7140296609141,58,373882,6446.241379310345
69.7144803116098,58,373946,6447.3448275862065
69.7149738050066,58,374010,6448.448275862069
69.71551048755646,58,374074,6449.551724137931
69.71595734870061,58,374138,6450.6551724137935
69.71645174175501,58,374202,6451.758620689655
69.71695032389835,58,374266,6452.862068965517
69.71753480890766,58,374330,6453.9655172413795
69.71825917670503,58,374394,6455.068965517241
69.71871671779081,58,374458,6456.172413793103
69.71921395976096,58,374522,6457.275862068966
69.71968977199867,58,374586,6458.379310344828
69.7201973348856,58,374650,6459.482758620689
69.72069551656023,58,374714,6460.586206896552
69.7212082799524,58,374778,6461.689655172414
69.72170117264614,58,374842,6462.793103448276
69.72218245500699,58,374906,6463.896551724138
69.72267778683454,58,374970,6465.0
70.70643352763727,58,375034,6466.103448275862
70.70710694463924,58,375098,6467.206896551724
70.70771110989153,58,375162,6468.310344827586
70.70823989296332,58,375226,6469.413793103448
70.70916806580499,58,375290,6470.517241379311
70.70970240980387,58,375354,6471.620689655172
70.71022657258436,58,375418,6472.724137931034
70.71069652400911,58,375482,6473.827586206897
70.71121305692941,58,375546,6474.931034482759
70.71169509971514,58,375610,6476.0344827586205
70.71218256186694,58,375674,6477.137931034483
70.71267177397385,58,375738,6478.241379310345
70.71314983582124,58,375802,6479.3448275862065
70.71359343687072,58,375866,6480.448275862069
70.71410773973912,58,375930,6481.551724137931
70.71469451487064,58,375994,6482.6551724137935
70.71657297061756,58,376058,6483.758620689655
70.71711343480274,58,376122,6484.862068965517
70.7175728068687,58,376186,6485.9655172413795
70.7180692688562,58,376250,6487.068965517241
70.71855792077258,58,376314,6488.172413793103
70.71905286377296,58,376378,6489.275862068966
70.71954853599891,58,376442,6490.379310344828
70.72007094882429,58,376506,6491.482758620689
70.72056107083336,58,376570,6492.586206896552
70.72108475398272,58,376634,6493.689655172414
70.72158976690844,58,376698,6494.793103448276
70.72208490874618,58,376762,6495.896551724138
70.72258402174339,58,376826,6497.0
70.72309403400868,58,376890,6498.103448275862
70.72357829660177,58,376954,6499.206896551724
70.72406117897481,58,377018,6500.310344827586
70.7245605206117,58,377082,6501.413793103448
70.72507399367169,58,377146,6502.517241379311
70.72556960582733,58,377210,6503.620689655172
70.72602741792798,58,377274,6504.724137931034
70.72652083961293,58,377338,6505.827586206897
70.72702236287296,58,377402,6506.931034482759
70.72753012459725,58,377466,6508.0344827586205
70.72805040795356,58,377530,6509.137931034483
70.72851321985945,58,377594,6510.241379310345
70.72895810101181,58,377658,6511.3448275862065
70.72948130359873,58,377722,6512.448275862069
70.7300112969242,58,377786,6513.551724137931
70.73047089856118,58,377850,6514.6551724137935
70.73096110066399,58,377914,6515.758620689655
70.73146400367841,58,377978,6516.862068965517
70.73207537876442,58,378042,6517.9655172413795
70.73280080687255,58,378106,6519.068965517241
70.73326951870695,58,378170,6520.172413793103
70.7337734317407,58,378234,6521.275862068966
70.7342635137029,58,378298,6522.379310344828
70.73477260582149,58,378362,6523.482758620689
70.73528205882758,58,378426,6524.586206896552
70.73589572496712,58,378490,6525.689655172414
70.73640691675246,58,378554,6526.793103448276
70.73689660988748,58,378618,6527.896551724138
70.73740304168314,58,378682,6529.0
71.35349554289132,58,378746,6530.103448275862
71.35410626791418,58,378810,6531.206896551724
71.3546491409652,58,378874,6532.310344827586
71.35550169274211,58,378938,6533.413793103448
71.35602123569697,58,379002,6534.517241379311
71.35656637977809,58,379066,6535.620689655172
71.35709121264517,58,379130,6536.724137931034
71.35757838468999,58,379194,6537.827586206897
71.35810022801161,58,379258,6538.931034482759
71.3585854396224,58,379322,6540.0344827586205
71.3590762517415,58,379386,6541.137931034483
71.35956737492234,58,379450,6542.241379310345
71.36003151582554,58,379514,6543.3448275862065
71.36053873877972,58,379578,6544.448275862069
71.36105787195265,58,379642,6545.551724137931
71.36165549699217,58,379706,6546.6551724137935
71.36349532287568,58,379770,6547.758620689655
71.36402843566611,58,379834,6548.862068965517
71.36449931794778,58,379898,6549.9655172413795
71.36498248996213,58,379962,6551.068965517241
71.36548268189654,58,380026,6552.172413793103
71.36596392374486,58,380090,6553.275862068966
71.36645238660276,58,380154,6554.379310344828
71.36696770880371,58,380218,6555.482758620689
71.36747316177934,58,380282,6556.586206896552
71.36798185482621,58,380346,6557.689655172414
71.36850005760789,58,380410,6558.793103448276
71.36900324979797,58,380474,6559.896551724138
71.36951599270105,58,380538,6561.0
71.37001943588257,58,380602,6562.103448275862
71.37051923759282,58,380666,6563.206896551724
71.37099370965734,58,380730,6564.310344827586
71.37149933259934,58,380794,6565.413793103448
71.37200984591618,58,380858,6566.517241379311
71.37252141768113,58,380922,6567.620689655172
71.37297539971769,58,380986,6568.724137931034
71.37347135180607,58,381050,6569.827586206897
71.37397670466453,58,381114,6570.931034482759
71.37448057672009,58,381178,6572.0344827586205
71.37499600974843,58,381242,6573.137931034483
71.37546348199248,58,381306,6574.241379310345
71.37590850284323,58,381370,6575.3448275862065
71.37641849601641,58,381434,6576.448275862069
71.3769562789239,58,381498,6577.551724137931
71.37742013065144,58,381562,6578.6551724137935
71.37791783269495,58,381626,6579.758620689655
71.37842159578577,58,381690,6580.862068965517
71.37902251072228,58,381754,6581.9655172413795
71.38007985660806,58,381818,6583.068965517241
71.38055181875825,58,381882,6584.172413793103
71.38105892157182,58,381946,6585.275862068966
71.38154750363901,58,382010,6586.379310344828
71.38206912670285,58,382074,6587.482758620689
71.38257163856179,58,382138,6588.586206896552
71.3830865318887,58,382202,6589.689655172414
71.3836350957863,58,382266,6590.793103448276
71.3841379689984,58,382330,6591.896551724138
71.38475138368085,58,382394,6593.0
72.33801989257336,58,382458,6594.103448275862
72.33873389055952,58,382522,6595.206896551724
72.33931702561677,58,382586,6596.310344827586
72.33985058870167,58,382650,6597.413793103448
72.34073067083955,58,382714,6598.517241379311
72.34129603486508,58,382778,6599.620689655172
72.34182196762413,58,382842,6600.724137931034
72.34230509959161,58,382906,6601.827586206897
72.34283439395949,58,382970,6602.931034482759
72.34333599591628,58,383034,6604.0344827586205
72.34382499800995,58,383098,6605.137931034483
72.3443274507299,58,383162,6606.241379310345
72.34480870282277,58,383226,6607.3448275862065
72.34532219590619,58,383290,6608.448275862069
72.34584736870602,58,383354,6609.551724137931
72.3464133227244,58,383418,6610.6551724137935
72.3482120577246,58,383482,6611.758620689655
72.34875018056482,58,383546,6612.862068965517
72.34922165283933,58,383610,6613.9655172413795
72.34971274575219,58,383674,6615.068965517241
72.35021259775385,58,383738,6616.172413793103
72.35070316959172,58,383802,6617.275862068966
72.35119870258495,58,383866,6618.379310344828
72.35172590566799,58,383930,6619.482758620689
72.35223781876266,58,383994,6620.586206896552
72.35275757079944,58,384058,6621.689655172414
72.35327588394284,58,384122,6622.793103448276
72.35379230696708,58,384186,6623.896551724138
72.35430660983548,58,384250,6625.0
72.35481708263978,58,384314,6626.103448275862
72.35531474556774,58,384378,6627.206896551724
72.35579831758514,58,384442,6628.310344827586
72.35631148982793,58,384506,6629.413793103448
72.35682721296325,58,384570,6630.517241379311
72.35735010588542,58,384634,6631.620689655172
72.3578135878779,58,384698,6632.724137931034
72.35831720987335,58,384762,6633.827586206897
72.3588312738575,58,384826,6634.931034482759
72.3593440358527,58,384890,6636.0344827586205
72.35986734880134,58,384954,6637.137931034483
72.3603474306874,58,385018,6638.241379310345
72.36080457270145,58,385082,6639.3448275862065
72.36132008582354,58,385146,6640.448275862069
72.36186266876757,58,385210,6641.551724137931
72.36233029095456,58,385274,6642.6551724137935
72.36283080279827,58,385338,6643.758620689655
72.36334378598258,58,385402,6644.862068965517
72.36394226085395,58,385466,6645.9655172413795
72.36500460794196,58,385530,6647.068965517241
72.36547866882756,58,385594,6648.172413793103
72.36597653198987,58,385658,6649.275862068966
72.36647686455399,58,385722,6650.379310344828
72.3669921667315,58,385786,6651.482758620689
72.3675108696334,58,385850,6652.586206896552
72.36802118271589,58,385914,6653.689655172414
72.36852481588721,58,385978,6654.793103448276
72.36901304777712,58,386042,6655.896551724138
72.36954318080097,58,386106,6657.0
72.87476403079927,58,386159,6657.913793103448
72.87476403079927,58,386159,6657.913793103448
72.99893643474206,57,379513,6658.122807017544
72.9999033678323,57,379577,6659.245614035088
73.00165364192799,57,379641,6660.368421052632
73.00272500887513,57,379705,6661.491228070176
73.00358562078327,57,379769,6662.6140350877195
73.00443785171956,57,379833,6663.736842105263
73.00530683388934,57,379897,6664.859649122807
73.00609956262633,57,379961,6665.982456140351
73.00696361484006,57,380025,6667.105263157895
73.00779743585736,57,380089,6668.228070175439
73.00861335592344,57,380153,6669.350877192983
73.00943798664957,57,380217,6670.473684210527
73.01022680662572,57,380281,6671.596491228071
73.01106570661068,57,380345,6672.7192982456145
73.01191377872601,57,380409,6673.8421052631575
73.01284170197323,57,380473,6674.964912280701
73.01596585987136,57,380537,6676.087719298245
73.01685641193762,57,380601,6677.210526315789
73.0176264019683,57,380665,6678.333333333333
73.01844470156357,57,380729,6679.456140350877
73.01927031297237,57,380793,6680.578947368421
73.02008002297953,57,380857,6681.701754385965
73.02087743300945,57,380921,6682.824561403509
73.02175120497122,57,380985,6683.9473684210525
73.02257375465706,57,381049,6685.070175438596
73.02343080658466,57,381113,6686.19298245614
73.02429228788242,57,381177,6687.315789473684
73.02512733871117,57,381241,6688.438596491228
73.02595940977335,57,381305,6689.561403508772
73.026807540562,57,381369,6690.684210526316
73.02762195188552,57,381433,6691.80701754386
73.02842679200694,57,381497,6692.929824561404
73.02926178183407,57,381561,6694.0526315789475
73.03011879371479,57,381625,6695.175438596491
73.03087671287358,57,381689,6696.298245614035
73.03170049376786,57,381753,6697.421052631579
73.03254730487242,57,381817,6698.543859649123
73.03338283579797,57,381881,6699.666666666667
73.03425963688642,57,381945,6700.789473684211
73.035024585668,57,382009,6701.912280701755
73.03577611455694,57,382073,6703.035087719299
73.03661292558536,57,382137,6704.1578947368425
73.03750867862254,57,382201,6705.2807017543855
73.03827755758539,57,382265,6706.403508771929
73.0391072188504,57,382329,6707.526315789473
73.03994525969028,57,382393,6708.649122807017
73.04079796094447,57,382457,6709.771929824561
73.04166750283912,57,382521,6710.894736842105
73.04249582299963,57,382585,6712.017543859649
73.04327348293737,57,382649,6713.140350877193
73.04379302589223,57,382713,6714.263157894737
73.0442945677787,57,382777,6715.3859649122805
73.04481709096581,57,382841,6716.508771929824
73.04534866381437,57,382905,6717.631578947368
73.04587027756497,57,382969,6718.754385964912
73.04647615272552,57,383033,6719.877192982456
73.04697153484449,57,383097,6721.0
73.65880852984264,57,383161,6722.122807017544
73.65947879571468,57,383225,6723.245614035088
73.66008798172697,57,383289,6724.368421052632
73.66061767470092,57,383353,6725.491228070176
73.66148262564093,57,383417,6726.6140350877195
73.66203266987577,57,383481,6727.736842105263
73.66256663296372,57,383545,6728.859649122807
73.66306544560939,57,383609,6729.982456140351
73.6636012387462,57,383673,6731.105263157895
73.66411918168887,57,383737,6732.228070175439
73.66462692478672,57,383801,6733.350877192983
73.66513729793951,57,383865,6734.473684210527
73.66562131000683,57,383929,6735.596491228071
73.6661429926753,57,383993,6736.7192982456145
73.666666445788,57,384057,6737.8421052631575
73.66724938061088,57,384121,6738.964912280701
73.66885436093435,57,384185,6740.087719298245
73.66955536790192,57,384249,6741.210526315789
73.67003360996023,57,384313,6742.333333333333
73.67054772283882,57,384377,6743.456140350877
73.67106163594872,57,384441,6744.578947368421
73.67156077781692,57,384505,6745.701754385965
73.67206323100254,57,384569,6746.824561403509
73.67259619385004,57,384633,6747.9473684210525
73.67310773674399,57,384697,6749.070175438596
73.67363694962114,57,384761,6750.19298245614
73.67417521355674,57,384825,6751.315789473684
73.6746876067482,57,384889,6752.438596491228
73.67521382961422,57,384953,6753.561403508772
73.67573569295928,57,385017,6754.684210526316
73.67624905565754,57,385081,6755.80701754386
73.67673979792744,57,385145,6756.929824561404
73.677259280812,57,385209,6758.0526315789475
73.67778542358428,57,385273,6759.175438596491
73.67826212570071,57,385337,6760.298245614035
73.67876159772277,57,385401,6761.421052631579
73.67928714165464,57,385465,6762.543859649123
73.67979815369472,57,385529,6763.666666666667
73.68034080788493,57,385593,6764.789473684211
73.68081998964772,57,385657,6765.912280701755
73.68128869170323,57,385721,6767.035087719299
73.68180684465915,57,385785,6768.1578947368425
73.68236257880926,57,385849,6769.2807017543855
73.68323110975325,57,385913,6770.403508771929
73.68375398265198,57,385977,6771.526315789473
73.68428436666727,57,386041,6772.649122807017
73.68479895871133,57,386105,6773.771929824561
73.68533721286803,57,386169,6774.894736842105
73.68607183080167,57,386233,6776.017543859649
73.6865536426194,57,386297,6777.140350877193
73.68707355577499,57,386361,6778.263157894737
73.68757276888937,57,386425,6779.3859649122805
73.68810290191323,57,386489,6780.508771929824
73.6886236849241,57,386553,6781.631578947368
73.68915068777278,57,386617,6782.754385964912
73.68970217183232,57,386681,6783.877192982456
73.69021310470998,57,386745,6785.0
73.72052050195634,57,386752,6785.122807017544
73.72052050195634,57,386752,6785.122807017544
75.92554987268522,56,380024,6786.142857142857
75.92672796268016,56,380088,6787.285714285715
75.9275715239346,56,380152,6788.428571428572
75.92846593586728,56,380216,6789.571428571428
75.92989971162751,56,380280,6790.714285714285
75.93076174380258,56,380344,6791.857142857143
75.93162967497483,56,380408,6793.0
75.93250862695277,56,380472,6794.142857142857
75.93338082870468,56,380536,6795.285714285715
75.93421837966889,56,380600,6796.428571428572
75.93505346076563,56,380664,6797.571428571428
75.93588731158525,56,380728,6798.714285714285
75.93668572185561,56,380792,6799.857142857143
75.93753564264625,56,380856,6801.0
75.93839686363935,56,380920,6802.142857142857
75.93933482794091,56,380984,6803.285714285715
75.94242716487497,56,381048,6804.428571428572
75.94327781675383,56,381112,6805.571428571428
75.94406327558681,56,381176,6806.714285714285
75.94487952673808,56,381240,6807.857142857143
75.9457221175544,56,381304,6809.0
75.94656081870198,56,381368,6810.142857142857
75.94744331063703,56,381432,6811.285714285715
75.94827855098993,56,381496,6812.428571428572
75.94914346281439,56,381560,6813.571428571428
75.94998787390068,56,381624,6814.714285714285
75.95084727555513,56,381688,6815.857142857143
75.9517041365616,56,381752,6817.0
75.95257089892402,56,381816,6818.142857142857
75.95342870987952,56,381880,6819.285714285715
75.95426590088755,56,381944,6820.428571428572
75.95507923187688,56,382008,6821.571428571428
75.95591039163992,56,382072,6822.714285714285
75.95677274372429,56,382136,6823.857142857143
75.95757675357163,56,382200,6825.0
75.95840823464096,56,382264,6826.142857142857
75.95925143593922,56,382328,6827.285714285715
75.96010109689087,56,382392,6828.428571428572
75.96094220783561,56,382456,6829.571428571428
75.96182313980535,56,382520,6830.714285714285
75.96260928967968,56,382584,6831.857142857143
75.96336851874366,56,382648,6833.0
75.9642891716212,56,382712,6834.142857142857
75.96506386063993,56,382776,6835.285714285715
75.9658990316093,56,382840,6836.428571428572
75.96675840392709,56,382904,6837.571428571428
75.96760812494904,56,382968,6838.714285714285
75.96846264600754,56,383032,6839.857142857143
75.96930279675871,56,383096,6841.0
75.9697978598997,56,383160,6842.142857142857
75.97034123260528,56,383224,6843.285714285715
75.9708478958346,56,383288,6844.428571428572
75.97137945890427,56,383352,6845.571428571428
75.97191110160202,56,383416,6846.714285714285
75.97250523697585,56,383480,6847.857142857143
75.9730117097497,56,383544,6849.0
76.91544699901715,56,383608,6850.142857142857
76.91645697364584,56,383672,6851.285714285715
76.9169862465933,56,383736,6852.428571428572
76.91763282380998,56,383800,6853.571428571428
76.91818210761994,56,383864,6854.714285714285
76.91871139081195,56,383928,6855.857142857143
76.91953426087275,56,383992,6857.0
76.92008295468986,56,384056,6858.142857142857
76.92062931880355,56,384120,6859.285714285715
76.92114837188274,56,384184,6860.428571428572
76.9216747446917,56,384248,6861.571428571428
76.92221023794264,56,384312,6862.714285714285
76.92271589068696,56,384376,6863.857142857143
76.92325140396133,56,384440,6865.0
76.92378909792751,56,384504,6866.142857142857
76.92431030096486,56,384568,6867.285714285715
76.92561527295038,56,384632,6868.428571428572
76.92614467581734,56,384696,6869.571428571428
76.9266278189607,56,384760,6870.714285714285
76.92714622197673,56,384824,6871.857142857143
76.92765972483903,56,384888,6873.0
76.9281784365885,56,384952,6874.142857142857
76.92872282071039,56,385016,6875.285714285715
76.92924490384758,56,385080,6876.428571428572
76.92978062666953,56,385144,6877.571428571428
76.93031758069992,56,385208,6878.714285714285
76.93084633396938,56,385272,6879.857142857143
76.93139136768878,56,385336,6881.0
76.93193042092025,56,385400,6882.142857142857
76.93252113601193,56,385464,6883.285714285715
76.93303601862863,56,385528,6884.428571428572
76.93363213399425,56,385592,6885.571428571428
76.93510073982179,56,385656,6886.714285714285
76.93565148394555,56,385720,6887.857142857143
76.93614069698378,56,385784,6889.0
76.93665587855503,56,385848,6890.142857142857
76.93718423182145,56,385912,6891.285714285715
76.93771898560226,56,385976,6892.428571428572
76.9382501989603,56,386040,6893.571428571428
76.93878811271861,56,386104,6894.714285714285
76.93928016489372,56,386168,6895.857142857143
76.93975108675659,56,386232,6897.0
76.94032122101635,56,386296,6898.142857142857
76.94079844281077,56,386360,6899.285714285715
76.94132315600291,56,386424,6900.428571428572
76.94185115862638,56,386488,6901.571428571428
76.94238334195688,56,386552,6902.714285714285
76.94290670566261,56,386616,6903.857142857143
76.94342582765967,56,386680,6905.0
76.94390283990651,56,386744,6906.142857142857
76.94444686360657,56,386808,6907.285714285715
76.94495457690209,56,386872,6908.428571428572
76.94548875978217,56,386936,6909.571428571428
76.94607626460493,56,387000,6910.714285714285
76.94659470766783,56,387064,6911.857142857143
76.94717866182327,56,387128,6913.0
77.66182547667995,56,387192,6914.142857142857
77.66274430975318,56,387256,6915.285714285715
77.6632895139046,56,387320,6916.428571428572
77.66391944978386,56,387384,6917.571428571428
77.66447957372293,56,387448,6918.714285714285
77.66533845476806,56,387512,6919.857142857143
77.66587835876271,56,387576,6921.0
77.66642042156309,56,387640,6922.142857142857
77.66697140596807,56,387704,6923.285714285715
77.66750678885728,56,387768,6924.428571428572
77.66802513273433,56,387832,6925.571428571428
77.66856841556728,56,387896,6926.714285714285
77.66907908860594,56,387960,6927.857142857143
77.66961538186297,56,388024,6929.0
77.67016478581354,56,388088,6930.142857142857
77.67077351082116,56,388152,6931.285714285715
77.67156963096932,56,388216,6932.428571428572
77.67210038378835,56,388280,6933.571428571428
77.67258469574153,56,388344,6934.714285714285
77.67310804873705,56,388408,6935.857142857143
77.67362694162875,56,388472,6937.0
77.67546953866258,56,388536,6938.142857142857
77.67602754198015,56,388600,6939.285714285715
77.67656031576917,56,388664,6940.428571428572
77.67711722990498,56,388728,6941.571428571428
77.67765304259956,56,388792,6942.714285714285
77.67819148674607,56,388856,6943.857142857143
77.6787225198932,56,388920,6945.0
77.67925980268046,56,388984,6946.142857142857
77.67980704689398,56,389048,6947.285714285715
77.68034049961716,56,389112,6948.428571428572
77.68084557261318,56,389176,6949.571428571428
77.68137823557481,56,389240,6950.714285714285
77.68191838962957,56,389304,6951.857142857143
77.68241175170988,56,389368,6953.0
77.68293604487553,56,389432,6954.142857142857
77.68347387900576,56,389496,6955.285714285715
77.68402507156134,56,389560,6956.428571428572
77.68456013593823,56,389624,6957.571428571428
77.68511561956257,56,389688,6958.714285714285
77.68560820166022,56,389752,6959.857142857143
77.68609417369589,56,389816,6961.0
77.6866639079526,56,389880,6962.142857142857
77.68715541996062,56,389944,6963.285714285715
77.68768142396584,56,390008,6964.428571428572
77.68821781687438,56,390072,6965.571428571428
77.6887549306266,56,390136,6966.714285714285
77.6892915838398,56,390200,6967.857142857143
77.68981589656323,56,390264,6969.0
77.69030610984191,56,390328,6970.142857142857
77.69084597285837,56,390392,6971.285714285715
77.69136702595279,56,390456,6972.428571428572
77.69189687864855,56,390520,6973.571428571428
77.69243885297328,56,390584,6974.714285714285
77.69295712560415,56,390648,6975.857142857143
77.6934762778692,56,390712,6977.0
78.3235834799707,56,390776,6978.142857142857
78.32461255555972,56,390840,6979.285714285715
78.32543431594968,56,390904,6980.428571428572
78.32715652976185,56,390968,6981.571428571428
78.32803158089519,56,391032,6982.714285714285
78.32890308275819,56,391096,6983.857142857143
78.32977474480867,56,391160,6985.0
78.33064322685823,56,391224,6986.142857142857
78.33153502875939,56,391288,6987.285714285715
78.33248035283759,56,391352,6988.428571428572
78.33334577362984,56,391416,6989.571428571428
78.33419942576438,56,391480,6990.714285714285
78.33502387581393,56,391544,6991.857142857143
78.33592641865835,56,391608,6993.0
78.3368254005909,56,391672,6994.142857142857
78.33779997564852,56,391736,6995.285714285715
78.34106447687373,56,391800,6996.428571428572
78.34192892862484,56,391864,6997.571428571428
78.34272923879325,56,391928,6998.714285714285
78.34357966994867,56,391992,6999.857142857143
78.3444371316582,56,392056,7001.0
78.34529094258323,56,392120,7002.142857142857
78.34619834600016,56,392184,7003.285714285715
78.34705827664584,56,392248,7004.428571428572
78.34794147871435,56,392312,7005.571428571428
78.3488296517171,56,392376,7006.714285714285
78.3497134228237,56,392440,7007.857142857143
78.35058569489047,56,392504,7009.0
78.35147041780874,56,392568,7010.142857142857
78.35237928992137,56,392632,7011.285714285715
78.35326290177181,56,392696,7012.428571428572
78.35410137288272,56,392760,7013.571428571428
78.35496379481629,56,392824,7014.714285714285
78.35587287694216,56,392888,7015.857142857143
78.35666922759265,56,392952,7017.0
78.35753218876198,56,393016,7018.142857142857
78.35841071093455,56,393080,7019.285714285715
78.35928983287886,56,393144,7020.428571428572
78.36016858462244,56,393208,7021.571428571428
78.36107306694612,56,393272,7022.714285714285
78.36187951778993,56,393336,7023.857142857143
78.36267071776092,56,393400,7025.0
78.36361845070496,56,393464,7026.142857142857
78.36442365078256,56,393528,7027.285714285715
78.36529417289421,56,393592,7028.428571428572
78.36617928463966,56,393656,7029.571428571428
78.3670677067712,56,393720,7030.714285714285
78.36774540366605,56,393784,7031.857142857143
78.3682758868672,56,393848,7033.0
78.36876823985949,56,393912,7034.142857142857
78.36932378355414,56,393976,7035.285714285715
78.3698438568972,56,394040,7036.428571428572
78.370387989562,56,394104,7037.571428571428
78.37092959368601,56,394168,7038.714285714285
78.37146547669545,56,394232,7039.857142857143
78.37198118958622,56,394296,7041.0
78.98715852899477,56,394360,7042.142857142857
78.98828202672303,56,394424,7043.285714285715
78.98912566760555,56,394488,7044.428571428572
78.99002935085446,56,394552,7045.571428571428
78.99179692473263,56,394616,7046.714285714285
78.99268528679386,56,394680,7047.857142857143
78.99357521859929,56,394744,7049.0
78.99446244072169,56,394808,7050.142857142857
78.99536643363535,56,394872,7051.285714285715
78.99621717492118,56,394936,7052.428571428572
78.99707234697416,56,395000,7053.571428571428
78.99812447279692,56,395064,7054.714285714285
78.99911623774096,56,395128,7055.857142857143
79.00007570162416,56,395192,7057.0
79.0009891637601,56,395256,7058.142857142857
79.00197746884078,56,395320,7059.285714285715
79.0052934018895,56,395384,7060.428571428572
79.00616968376562,56,395448,7061.571428571428
79.00696765398607,56,395512,7062.714285714285
79.00783004565164,56,395576,7063.857142857143
79.00869465665892,56,395640,7065.0
79.00955882901326,56,395704,7066.142857142857
79.01047469163314,56,395768,7067.285714285715
79.01133883278817,56,395832,7068.428571428572
79.01223837584257,56,395896,7069.571428571428
79.01313757756725,56,395960,7070.714285714285
79.01401423988864,56,396024,7071.857142857143
79.01488935155794,56,396088,7073.0
79.01578024355695,56,396152,7074.142857142857
79.01667232671753,56,396216,7075.285714285715
79.01754149794579,56,396280,7076.428571428572
79.01839891960844,56,396344,7077.571428571428
79.0192860616371,56,396408,7078.714285714285
79.02018302399665,56,396472,7079.857142857143
79.02098122378811,56,396536,7081.0
79.02184000564739,56,396600,7082.142857142857
79.02271343767643,56,396664,7083.285714285715
79.0235962998122,56,396728,7084.428571428572
79.02448027161881,56,396792,7085.571428571428
79.02538064401597,56,396856,7086.714285714285
79.02619917457923,56,396920,7087.857142857143
79.02700841473415,56,396984,7089.0
79.02795253880322,56,397048,7090.142857142857
79.02875698870048,56,397112,7091.285714285715
79.02963128080592,56,397176,7092.428571428572
79.0305196926929,56,397240,7093.571428571428
79.03140559466556,56,397304,7094.714285714285
79.03198262862861,56,397368,7095.857142857143
79.03254850395024,56,397432,7097.0
79.03305189590901,56,397496,7098.142857142857
79.03360099997371,56,397560,7099.285714285715
79.03413019282743,56,397624,7100.428571428572
79.03467136574909,56,397688,7101.571428571428
79.03522197995335,56,397752,7102.714285714285
79.03575517376885,56,397816,7103.857142857143
79.03628206672147,56,397880,7105.0
79.6208966919221,56,397942,7106.107142857143
79.6208966919221,56,397942,7106.107142857143
79.65075726760551,55,390839,7106.163636363636
79.65229316568002,55,390903,7107.327272727272
79.65383503492922,55,390967,7108.490909090909
79.6548125888221,55,391031,7109.654545454546
79.65570989158005,55,391095,7110.818181818182
79.65658843377605,55,391159,7111.981818181818
79.65748592559248,55,391223,7113.145454545454
79.65837633796036,55,391287,7114.309090909091
79.65927590057254,55,391351,7115.472727272727
79.6601362619549,55,391415,7116.636363636364
79.66098546376452,55,391479,7117.8
79.6619394379668,55,391543,7118.963636363636
79.66277948766947,55,391607,7120.127272727273
79.66366246063262,55,391671,7121.290909090909
79.66455955291167,55,391735,7122.454545454545
79.6654308848083,55,391799,7123.618181818182
79.66895919293165,55,391863,7124.781818181818
79.66985145490617,55,391927,7125.945454545455
79.67065666476265,55,391991,7127.109090909091
79.671516796574,55,392055,7128.272727272727
79.67238916875795,55,392119,7129.436363636363
79.67327674059197,55,392183,7130.6
79.67419168399647,55,392247,7131.763636363637
79.67506313463673,55,392311,7132.927272727273
79.67595759779215,55,392375,7134.090909090909
79.67685037991032,55,392439,7135.254545454545
79.67774663260207,55,392503,7136.418181818181
79.67862334474921,55,392567,7137.581818181819
79.67951200669631,55,392631,7138.745454545455
79.68040965870023,55,392695,7139.909090909091
79.68127859057859,55,392759,7141.072727272727
79.68212496163324,55,392823,7142.236363636363
79.68303174478933,55,392887,7143.4
79.68392680678517,55,392951,7144.563636363637
79.68482983997092,55,393015,7145.727272727273
79.68564334977418,55,393079,7146.890909090909
79.68653386179358,55,393143,7148.054545454545
79.68741898378357,55,393207,7149.218181818182
79.68830504687503,55,393271,7150.381818181818
79.68919338891283,55,393335,7151.545454545455
79.69000543886796,55,393399,7152.709090909091
79.6908033885993,55,393463,7153.872727272727
79.69175571296364,55,393527,7155.036363636364
79.69256053259596,55,393591,7156.2
79.69343439489603,55,393655,7157.363636363636
79.69399186875671,55,393719,7158.527272727273
79.69454276189208,55,393783,7159.690909090909
79.69508938584477,55,393847,7160.854545454546
79.69562329957262,55,393911,7162.018181818182
79.69611896155402,55,393975,7163.181818181818
79.69667082559317,55,394039,7164.345454545454
79.69722418859601,55,394103,7165.509090909091
79.69782829470932,55,394167,7166.672727272728
79.69836318772286,55,394231,7167.836363636364
79.69889701064676,55,394295,7169.0
80.39536185190082,55,394359,7170.163636363636
80.39610295090824,55,394423,7171.327272727272
80.39661569381133,55,394487,7172.490909090909
80.3979035159573,55,394551,7173.654545454546
80.39846953982487,55,394615,7174.818181818182
80.39901143265888,55,394679,7175.981818181818
80.3995655067265,55,394743,7177.145454545454
80.40012031095102,55,394807,7178.309090909091
80.40068944590166,55,394871,7179.472727272727
80.40122907888144,55,394935,7180.636363636364
80.40175392199308,55,394999,7181.8
80.40230052592233,55,395063,7182.963636363636
80.40283489879221,55,395127,7184.127272727273
80.40338960289955,55,395191,7185.290909090909
80.40395096689463,55,395255,7186.454545454545
80.40448744082823,55,395319,7187.618181818182
80.40505241462961,55,395383,7188.781818181818
80.40730716055259,55,395447,7189.945454545455
80.40786111494526,55,395511,7191.109090909091
80.40836689760908,55,395575,7192.272727272727
80.40889725089073,55,395639,7193.436363636363
80.4094467535615,55,395703,7194.6
80.40998373785987,55,395767,7195.763636363637
80.41055404162034,55,395831,7196.927272727273
80.4110936159268,55,395895,7198.090909090909
80.41164674889296,55,395959,7199.254545454545
80.41220413288102,55,396023,7200.418181818181
80.41274932678789,55,396087,7201.581818181819
80.41330751078203,55,396151,7202.745454545455
80.41386244492605,55,396215,7203.909090909091
80.41441210871562,55,396279,7205.072727272727
80.41493931179866,55,396343,7206.236363636363
80.41550409561023,55,396407,7207.4
80.4160755299963,55,396471,7208.563636363637
80.41663176380098,55,396535,7209.727272727273
80.41714631672949,55,396599,7210.890909090909
80.41768999956548,55,396663,7212.054545454545
80.41824828460813,55,396727,7213.218181818182
80.41880496777594,55,396791,7214.381818181818
80.41935949167237,55,396855,7215.545454545455
80.41986434487626,55,396919,7216.709090909091
80.420362256933,55,396983,7217.872727272727
80.42095105163753,55,397047,7219.036363636364
80.42145565478131,55,397111,7220.2
80.42199746798724,55,397175,7221.363636363636
80.42255665175617,55,397239,7222.527272727273
80.42310975585133,55,397303,7223.690909090909
80.42365683987737,55,397367,7224.854545454546
80.42420287290588,55,397431,7226.018181818182
80.42476296657696,55,397495,7227.181818181818
80.42532463092357,55,397559,7228.345454545454
80.42587419459596,55,397623,7229.509090909091
80.42643380863592,55,397687,7230.672727272728
80.4270365438424,55,397751,7231.836363636364
80.427585138008,55,397815,7233.0
80.96683733863756,55,397871,7234.018181818182
80.96683733863756,55,397871,7234.018181818182
81.05960683757439,54,390646,7234.185185185185
81.06099322158843,54,390710,7235.37037037037
81.06193571584299,54,390774,7236.555555555556
81.06276599690318,54,390838,7237.740740740741
81.0637038196437,54,390902,7238.925925925926
81.06460155267268,54,390966,7240.111111111111
81.06549022486433,54,391030,7241.2962962962965
81.0664303577505,54,391094,7242.481481481482
81.0673593915999,54,391158,7243.666666666667
81.06828287476674,54,391222,7244.851851851852
81.06916173687205,54,391286,7246.037037037037
81.07002827897668,54,391350,7247.222222222223
81.07090692967176,54,391414,7248.407407407408
81.07182679278776,54,391478,7249.592592592592
81.07274526590481,54,391542,7250.777777777777
81.07371735060588,54,391606,7251.962962962963
81.07721520774066,54,391670,7253.148148148148
81.07811306975782,54,391734,7254.333333333333
81.07892632065341,54,391798,7255.518518518518
81.07980333268642,54,391862,7256.7037037037035
81.08069497486576,54,391926,7257.888888888889
81.0815789969638,54,391990,7259.074074074074
81.08250497980043,54,392054,7260.259259259259
81.08339268155396,54,392118,7261.444444444444
81.08430332457647,54,392182,7262.62962962963
81.08521002763882,54,392246,7263.814814814815
81.08613073080778,54,392310,7265.0
81.08695913059637,54,392374,7266.185185185185
81.08785441378132,54,392438,7267.37037037037
81.0887697567232,54,392502,7268.555555555556
81.0896659786813,54,392566,7269.740740740741
81.09052212070674,54,392630,7270.925925925926
81.09143849369138,54,392694,7272.111111111111
81.09234636556357,54,392758,7273.2962962962965
81.09327554889023,54,392822,7274.481481481482
81.0941055896692,54,392886,7275.666666666667
81.09498740173876,54,392950,7276.851851851852
81.09588560461998,54,393014,7278.037037037037
81.09680630778894,54,393078,7279.222222222223
81.09770742990077,54,393142,7280.407407407408
81.09857207164168,54,393206,7281.592592592592
81.0994011927396,54,393270,7282.777777777777
81.10036846669391,54,393334,7283.962962962963
81.10119018657133,54,393398,7285.148148148148
81.10208543995395,54,393462,7286.333333333333
81.1028069476597,54,393526,7287.518518518518
81.1033628815785,54,393590,7288.7037037037035
81.10391231486574,54,393654,7289.888888888889
81.10446252860129,54,393718,7291.074074074074
81.1050233929418,54,393782,7292.259259259259
81.10559415677562,54,393846,7293.444444444444
81.10615374194458,54,393910,7294.62962962963
81.10676486697048,54,393974,7295.814814814815
81.10731647955254,54,394038,7297.0
81.79120204690844,54,394102,7298.185185185185
81.79261273192242,54,394166,7299.37037037037
81.7932075667195,54,394230,7300.555555555556
81.7937786616385,54,394294,7301.740740740741
81.79430404491723,54,394358,7302.925925925926
81.7948591588065,54,394422,7304.111111111111
81.79542503273115,54,394486,7305.2962962962965
81.79598839674145,54,394550,7306.481481481482
81.79657377069816,54,394614,7307.666666666667
81.79714764561504,54,394678,7308.851851851852
81.79769038874656,54,394742,7310.037037037037
81.79825043259189,54,394806,7311.222222222223
81.79879601672292,54,394870,7312.407407407408
81.79936901060864,54,394934,7313.592592592592
81.79993480583653,54,394998,7314.777777777777
81.80057356180623,54,395062,7315.962962962963
81.80294565064833,54,395126,7317.148148148148
81.80351408477873,54,395190,7318.333333333333
81.80402462789789,54,395254,7319.518518518518
81.80457538180053,54,395318,7320.7037037037035
81.80512810498476,54,395382,7321.888888888889
81.80566599871963,54,395446,7323.074074074074
81.80624531256035,54,395510,7324.259259259259
81.80678619677201,54,395574,7325.444444444444
81.80735697085038,54,395638,7326.62962962963
81.80791495461017,54,395702,7327.814814814815
81.80846720887348,54,395766,7329.0
81.80898534180596,54,395830,7330.185185185185
81.80954818567261,54,395894,7331.37037037037
81.81012055976316,54,395958,7332.555555555556
81.81067069387063,54,396022,7333.740740740741
81.81120827700943,54,396086,7334.925925925926
81.81177624175325,54,396150,7336.111111111111
81.81229803478345,54,396214,7337.2962962962965
81.81285728886724,54,396278,7338.481481481482
81.8134278128855,54,396342,7339.666666666667
81.81394331576303,54,396406,7340.851851851852
81.81449961988255,54,396470,7342.037037037037
81.81507284380496,54,396534,7343.222222222223
81.81562981801108,54,396598,7344.407407407408
81.81619013193995,54,396662,7345.592592592592
81.81672452483326,54,396726,7346.777777777777
81.81732515990734,54,396790,7347.962962962963
81.81783482292667,54,396854,7349.148148148148
81.81838876660913,54,396918,7350.333333333333
81.81895199092105,54,396982,7351.518518518518
81.81952145462856,54,397046,7352.7037037037035
81.8200837187469,54,397110,7353.888888888889
81.82062707282603,54,397174,7355.074074074074
81.82119701663032,54,397238,7356.259259259259
81.82175787072629,54,397302,7357.444444444444
81.82232158491388,54,397366,7358.62962962963
81.82293838076293,54,397430,7359.814814814815
81.82349813496694,54,397494,7361.0
82.00547794392332,54,397508,7361.259259259259
82.00547794392332,54,397508,7361.259259259259
82.53206861764193,53,390197,7362.207547169812
82.53357333596796,53,390261,7363.415094339623
82.53477281564847,53,390325,7364.622641509434
82.53563129762188,53,390389,7365.830188679245
82.53658808069304,53,390453,7367.037735849057
82.53750226367265,53,390517,7368.245283018868
82.53841047687456,53,390581,7369.452830188679
82.53954031458125,53,390645,7370.66037735849
82.54047447862104,53,390709,7371.867924528302
82.54141704179347,53,390773,7373.075471698113
82.54232380492613,53,390837,7374.2830188679245
82.54321580659598,53,390901,7375.490566037736
82.5450764936395,53,390965,7376.698113207547
82.5460275770165,53,391029,7377.905660377359
82.54704921273515,53,391093,7379.11320754717
82.54793172469363,53,391157,7380.320754716981
82.5488901687786,53,391221,7381.528301886792
82.54977996088564,53,391285,7382.735849056604
82.55060540186241,53,391349,7383.943396226415
82.55149568384513,53,391413,7385.1509433962265
82.55239051673561,53,391477,7386.358490566037
82.55328339897096,53,391541,7387.566037735849
82.55422111181542,53,391605,7388.773584905661
82.55513193458319,53,391669,7389.981132075472
82.55605782801285,53,391733,7391.188679245283
82.55696778092533,53,391797,7392.396226415094
82.55786186270416,53,391861,7393.603773584906
82.55871460400522,53,391925,7394.811320754717
82.5596219166182,53,391989,7396.018867924528
82.56054533971474,53,392053,7397.226415094339
82.56145107280463,53,392117,7398.433962264151
82.56252783956006,53,392181,7399.641509433963
82.564300193917,53,392245,7400.8490566037735
82.56528149871156,53,392309,7402.056603773585
82.56622705189511,53,392373,7403.264150943396
82.56715392600745,53,392437,7404.471698113208
82.56798362592235,53,392501,7405.679245283019
82.56887584878132,53,392565,7406.88679245283
82.56977892061695,53,392629,7408.094339622641
82.5706908935681,53,392693,7409.301886792453
82.57160105695948,53,392757,7410.509433962264
82.57250511879101,53,392821,7411.7169811320755
82.5734807937406,53,392885,7412.924528301887
82.57431375375018,53,392949,7414.132075471698
82.57521816669032,53,393013,7415.33962264151
82.57591266464442,53,393077,7416.547169811321
82.57652549957857,53,393141,7417.754716981132
82.57709415396675,53,393205,7418.962264150943
82.57795654470101,53,393269,7420.169811320755
82.57866994291544,53,393333,7421.377358490566
82.57925697788596,53,393397,7422.584905660377
82.57982446160167,53,393461,7423.792452830188
82.58038540557027,53,393525,7425.0
83.23296135989949,53,393589,7426.207547169812
83.23372692987323,53,393653,7427.415094339623
83.23431223398075,53,393717,7428.622641509434
83.23483491688967,53,393781,7429.830188679245
83.23550930386409,53,393845,7431.037735849057
83.23607681784779,53,393909,7432.245283018868
83.23664755187929,53,393973,7433.452830188679
83.2374481917359,53,394037,7434.66037735849
83.23816970968619,53,394101,7435.867924528302
83.23876668466255,53,394165,7437.075471698113
83.23932026978582,53,394229,7438.2830188679245
83.23986580269411,53,394293,7439.490566037736
83.24042440671474,53,394357,7440.698113207547
83.24101114179939,53,394421,7441.905660377359
83.2415905459784,53,394485,7443.11320754717
83.2421928406693,53,394549,7444.320754716981
83.24331867881119,53,394613,7445.528301886792
83.2439652546309,53,394677,7446.735849056604
83.2444891477935,53,394741,7447.943396226415
83.24503692192957,53,394805,7449.1509433962265
83.24559995578602,53,394869,7450.358490566037
83.24615483963862,53,394933,7451.566037735849
83.24673315463588,53,394997,7452.773584905661
83.24729562876746,53,395061,7453.981132075472
83.24786968296394,53,395125,7455.188679245283
83.24847911763936,53,395189,7456.396226415094
83.25008408771828,53,395253,7457.603773584906
83.25062011182308,53,395317,7458.811320754717
83.2512012659572,53,395381,7460.018867924528
83.25177557067946,53,395445,7461.226415094339
83.25233841501176,53,395509,7462.433962264151
83.25287906778976,53,395573,7463.641509433963
83.2534539126791,53,395637,7464.8490566037735
83.25400820700452,53,395701,7466.056603773585
83.2545796809718,53,395765,7467.264150943396
83.25515746464953,53,395829,7468.471698113208
83.25567410793155,53,395893,7469.679245283019
83.2562313019298,53,395957,7470.88679245283
83.25678907567635,53,396021,7472.094339622641
83.25735906977206,53,396085,7473.301886792453
83.257932825014,53,396149,7474.509433962264
83.25848235795274,53,396213,7475.7169811320755
83.2590935640037,53,396277,7476.924528301887
83.2596065569669,53,396341,7478.132075471698
83.26016675075516,53,396405,7479.33962264151
83.26073167473078,53,396469,7480.547169811321
83.26129525899887,53,396533,7481.754716981132
83.26185384299606,53,396597,7482.962264150943
83.26242525689304,53,396661,7484.169811320755
83.26301175169647,53,396725,7485.377358490566
83.26359282573685,53,396789,7486.584905660377
83.26416757097468,53,396853,7487.792452830188
83.26479756599292,53,396917,7489.0
84.0197040787898,53,396981,7490.207547169812
84.02069851290435,53,397045,7491.415094339623
84.0220299968496,53,397109,7492.622641509434
84.0232815076597,53,397173,7493.830188679245
84.02548380289227,53,397237,7495.037735849057
84.02686587767676,53,397301,7496.245283018868
84.02825031196699,53,397365,7497.452830188679
84.02948528295383,53,397429,7498.66037735849
84.03071438381448,53,397493,7499.867924528302
84.03195859491825,53,397557,7501.075471698113
84.03322217660025,53,397621,7502.2830188679245
84.03442984679714,53,397685,7503.490566037736
84.03563128691167,53,397749,7504.698113207547
84.03683365695179,53,397813,7505.905660377359
84.03810075856745,53,397877,7507.11320754717
84.03947043279186,53,397941,7508.320754716981
84.04114446463063,53,398005,7509.528301886792
84.04541426198557,53,398069,7510.735849056604
84.04709757259116,53,398133,7511.943396226415
84.04847771767527,53,398197,7513.1509433962265
84.04971492895856,53,398261,7514.358490566037
84.0509212189354,53,398325,7515.566037735849
84.05213812971488,53,398389,7516.773584905661
84.05341509077698,53,398453,7517.981132075472
84.05463302182034,53,398517,7519.188679245283
84.05588366277516,53,398581,7520.396226415094
84.05716062476858,53,398645,7521.603773584906
84.05839055590332,53,398709,7522.811320754717
84.05955263460055,53,398773,7524.018867924528
84.0604086657986,53,398837,7525.226415094339
84.06133474875242,53,398901,7526.433962264151
84.06222885195166,53,398965,7527.641509433963
84.06316834455356,53,399029,7528.8490566037735
84.06411620881408,53,399093,7530.056603773585
84.06495825992897,53,399157,7531.264150943396
84.06589159369469,53,399221,7532.471698113208
84.06682871701196,53,399285,7533.679245283019
84.06768369767815,53,399349,7534.88679245283
84.06860406091437,53,399413,7536.094339622641
84.06953808479011,53,399477,7537.301886792453
84.0704795178026,53,399541,7538.509433962264
84.07140788063407,53,399605,7539.7169811320755
84.07230309396982,53,399669,7540.924528301887
84.07329730782658,53,399733,7542.132075471698
84.07399891596287,53,399797,7543.33962264151
84.07458139071241,53,399861,7544.547169811321
84.07515414478257,53,399925,7545.754716981132
84.07572063896805,53,399989,7546.962264150943
84.07629760261625,53,400053,7548.169811320755
84.0768722477369,53,400117,7549.377358490566
84.07745824288577,53,400181,7550.584905660377
84.07802967680618,53,400245,7551.792452830188
84.07865040190518,53,400309,7553.0
84.99506344273686,53,400373,7554.207547169812
84.99657978955656,53,400437,7555.415094339623
84.99828499276191,53,400501,7556.622641509434
84.99994105380028,53,400565,7557.830188679245
85.00122583657503,53,400629,7559.037735849057
85.00258549069986,53,400693,7560.245283018868
85.00388867268339,53,400757,7561.452830188679
85.00513816392049,53,400821,7562.66037735849
85.00637145480141,53,400885,7563.867924528302
85.00815010955557,53,400949,7565.075471698113
85.00943294167519,53,401013,7566.2830188679245
85.01067263260484,53,401077,7567.490566037736
85.01187908276916,53,401141,7568.698113207547
85.01310587394983,53,401205,7569.905660377359
85.01437165495008,53,401269,7571.11320754717
85.01558194495738,53,401333,7572.320754716981
85.01685054693371,53,401397,7573.528301886792
85.0196188967675,53,401461,7574.735849056604
85.02128220768645,53,401525,7575.943396226415
85.02267054282129,53,401589,7577.1509433962265
85.02389525296167,53,401653,7578.358490566037
85.02512411400676,53,401717,7579.566037735849
85.02632710384205,53,401781,7580.773584905661
85.02759976591915,53,401845,7581.981132075472
85.02882630657405,53,401909,7583.188679245283
85.0300961676985,53,401973,7584.396226415094
85.03133865864947,53,402037,7585.603773584906
85.03255464974791,53,402101,7586.811320754717
85.03373084869236,53,402165,7588.018867924528
85.03479988593608,53,402229,7589.226415094339
85.03571486892179,53,402293,7590.433962264151
85.03660023072734,53,402357,7591.641509433963
85.03755348455161,53,402421,7592.8490566037735
85.04006955772638,53,402485,7594.056603773585
85.04128189757466,53,402549,7595.264150943396
85.04214854957536,53,402613,7596.471698113208
85.0429954007268,53,402677,7597.679245283019
85.04391916375607,53,402741,7598.88679245283
85.04486453672871,53,402805,7600.094339622641
85.04578391090035,53,402869,7601.301886792453
85.04671042365953,53,402933,7602.509433962264
85.04764502681792,53,402997,7603.7169811320755
85.04855310963467,53,403061,7604.924528301887
85.04957257490605,53,403125,7606.132075471698
85.05018016975373,53,403189,7607.33962264151
85.05075889499858,53,403253,7608.547169811321
85.05133971897885,53,403317,7609.754716981132
85.05191320367157,53,403381,7610.962264150943
85.05249510798603,53,403445,7612.169811320755
85.05308167263865,53,403509,7613.377358490566
85.05366548756137,53,403573,7614.584905660377
85.05425286199898,53,403637,7615.792452830188
85.05487831775099,53,403701,7617.0
85.17768833786249,53,403719,7617.33962264151
85.17768833786249,53,403719,7617.33962264151
85.68350226292387,52,396148,7618.2307692307695
85.68525570677593,52,396212,7619.461538461538
85.68680462567136,52,396276,7620.692307692308
85.6882632416673,52,396340,7621.923076923077
85.69057054957375,52,396404,7623.153846153846
85.69200342567638,52,396468,7624.384615384615
85.69341081101447,52,396532,7625.615384615385
85.69467764301226,52,396596,7626.846153846154
85.69593821372837,52,396660,7628.076923076923
85.69721021596342,52,396724,7629.307692307692
85.69848051760346,52,396788,7630.538461538462
85.69971310859546,52,396852,7631.7692307692305
85.70093254884705,52,396916,7633.0
85.70217370986938,52,396980,7634.2307692307695
85.70344763156027,52,397044,7635.461538461538
85.70488644763827,52,397108,7636.692307692308
85.70661959098652,52,397172,7637.923076923077
85.71095359977335,52,397236,7639.153846153846
85.71224753186107,52,397300,7640.384615384615
85.71354593383148,52,397364,7641.615384615385
85.71477020485327,52,397428,7642.846153846154
85.71600546594709,52,397492,7644.076923076923
85.71725406683981,52,397556,7645.307692307692
85.71853081882,52,397620,7646.538461538462
85.71976606966928,52,397684,7647.7692307692305
85.72094590961933,52,397748,7649.0
85.72221307083964,52,397812,7650.2307692307695
85.7234635418281,52,397876,7651.461538461538
85.7247127238661,52,397940,7652.692307692308
85.72556788474321,52,398004,7653.923076923077
85.72650100756437,52,398068,7655.153846153846
85.72740056086332,52,398132,7656.384615384615
85.72835454484448,52,398196,7657.615384615385
85.72931101871654,52,398260,7658.846153846154
85.73025988182053,52,398324,7660.076923076923
85.73112175380811,52,398388,7661.307692307692
85.7319684047252,52,398452,7662.538461538462
85.7329127388075,52,398516,7663.7692307692305
85.73383978195488,52,398580,7665.0
85.73478808486834,52,398644,7666.2307692307695
85.73573432862759,52,398708,7667.461538461538
85.73666884284467,52,398772,7668.692307692308
85.73760989587754,52,398836,7669.923076923077
85.73825946170837,52,398900,7671.153846153846
85.73882256587967,52,398964,7672.384615384615
85.73940628068522,52,399028,7673.615384615385
85.73998362477869,52,399092,7674.846153846154
85.74056990956888,52,399156,7676.076923076923
85.74116028472781,52,399220,7677.307692307692
85.74174529872835,52,399284,7678.538461538462
85.74233980383724,52,399348,7679.7692307692305
85.74290921865031,52,399412,7681.0
86.5265510296449,52,399476,7682.2307692307695
86.52862160187215,52,399540,7683.461538461538
86.53031155373901,52,399604,7684.692307692308
86.53179422067478,52,399668,7685.923076923077
86.53320114593953,52,399732,7687.153846153846
86.53440918587148,52,399796,7688.384615384615
86.53661790164188,52,399860,7689.615384615385
86.53790816385299,52,399924,7690.846153846154
86.53917701495811,52,399988,7692.076923076923
86.5404737079516,52,400052,7693.307692307692
86.54175037983805,52,400116,7694.538461538462
86.54299814067781,52,400180,7695.7692307692305
86.54425547271967,52,400244,7697.0
86.54549478366971,52,400308,7698.2307692307695
86.54679040564224,52,400372,7699.461538461538
86.54820330068469,52,400436,7700.692307692308
86.54820330068469,52,400436,7700.692307692308
86.55001846700907,51,392755,7701.078431372549
86.55161388590932,51,392819,7702.333333333333
86.55290797865018,51,392883,7703.588235294118
86.5569133288227,51,392947,7704.843137254902
86.55846394784749,51,393011,7706.098039215686
86.55972087895498,51,393075,7707.35294117647
86.5609790305607,51,393139,7708.607843137255
86.56229479284957,51,393203,7709.862745098039
86.56353147374466,51,393267,7711.117647058823
86.56472456362098,51,393331,7712.3725490196075
86.56597547559068,51,393395,7713.6274509803925
86.56713524460793,51,393459,7714.882352941177
86.56807841779664,51,393523,7716.137254901961
86.56893814960495,51,393587,7717.392156862745
86.56988014280796,51,393651,7718.64705882353
86.57078037597239,51,393715,7719.901960784314
86.57173803960904,51,393779,7721.156862745098
86.57269801292568,51,393843,7722.411764705882
86.57366287801415,51,393907,7723.666666666667
86.57453122874722,51,393971,7724.921568627451
86.5753953307867,51,394035,7726.176470588235
86.57635286496952,51,394099,7727.431372549019
86.57729166792706,51,394163,7728.686274509804
86.57825147174299,51,394227,7729.941176470588
86.5791929056868,51,394291,7731.196078431372
86.58013593871146,51,394355,7732.450980392156
86.58108222298324,51,394419,7733.705882352941
86.58193818479776,51,394483,7734.9607843137255
86.58250825898722,51,394547,7736.21568627451
86.58309675287455,51,394611,7737.470588235294
86.58367962762713,51,394675,7738.725490196079
86.58427499281242,51,394739,7739.980392156863
86.58486265782267,51,394803,7741.235294117647
86.58545998297632,51,394867,7742.490196078431
86.58606364764273,51,394931,7743.745098039216
86.5866423016414,51,394995,7745.0
87.262985130772,51,395059,7746.254901960784
87.26436948496848,51,395123,7747.509803921569
87.26587917283177,51,395187,7748.764705882353
87.26733589963987,51,395251,7750.019607843137
87.26955355471,51,395315,7751.274509803921
87.27074372489005,51,395379,7752.529411764706
87.27206603763625,51,395443,7753.78431372549
87.27332318900153,51,395507,7755.0392156862745
87.2745983209461,51,395571,7756.294117647059
87.27586216293275,51,395635,7757.549019607844
87.27715449500829,51,395699,7758.803921568628
87.27840209566057,51,395763,7760.058823529412
87.2796589275822,51,395827,7761.313725490196
87.2809415096417,51,395891,7762.568627450981
87.28216150961816,51,395955,7763.823529411765
87.28339650062844,51,396019,7765.078431372549
87.28472225368023,51,396083,7766.333333333333
87.28936262987554,51,396147,7767.588235294118
87.29106051288545,51,396211,7768.843137254902
87.29275091458112,51,396275,7770.098039215686
87.29421187192202,51,396339,7771.35294117647
87.29551946371794,51,396403,7772.607843137255
87.29763420671225,51,396467,7773.862745098039
87.29903700156137,51,396531,7775.117647058823
87.3003607946448,51,396595,7776.3725490196075
87.30166626768187,51,396659,7777.6274509803925
87.30290371878073,51,396723,7778.882352941177
87.30410001892596,51,396787,7780.137254901961
87.30503495177254,51,396851,7781.392156862745
87.30594243481755,51,396915,7782.64705882353
87.30690319882706,51,396979,7783.901960784314
87.30787640297785,51,397043,7785.156862745098
87.30887421779335,51,397107,7786.411764705882
87.30987165262923,51,397171,7787.666666666667
87.31087553780526,51,397235,7788.921568627451
87.31177648063749,51,397299,7790.176470588235
87.31267548259348,51,397363,7791.431372549019
87.31367402756587,51,397427,7792.686274509804
87.31467802263796,51,397491,7793.941176470588
87.315683407709,51,397555,7795.196078431372
87.31663429178298,51,397619,7796.450980392156
87.31728818779811,51,397683,7797.705882352941
87.31789867393672,51,397747,7798.9607843137255
87.31848623789847,51,397811,7800.21568627451
87.319097683765,51,397875,7801.470588235294
87.31974248960614,51,397939,7802.725490196079
87.32031631376594,51,398003,7803.980392156863
87.32089539896697,51,398067,7805.235294117647
87.3215053039603,51,398131,7806.490196078431
87.32210590876639,51,398195,7807.745098039216
87.3226836337708,51,398259,7809.0
87.52924531791359,51,398285,7809.509803921569
87.52924531791359,51,398285,7809.509803921569
87.92973135970533,50,390514,7810.28
87.93153922492638,50,390578,7811.56
87.9327549058944,50,390642,7812.84
87.9344869889319,50,390706,7814.12
87.93574440991506,50,390770,7815.4
87.93664875300601,50,390834,7816.68
87.93764702789485,50,390898,7817.96
87.93860746175051,50,390962,7819.24
87.93959668558091,50,391026,7820.52
87.94060527160764,50,391090,7821.8
87.9416931187734,50,391154,7823.08
87.94324926799163,50,391218,7824.36
87.94422803167254,50,391282,7825.64
87.94528768863529,50,391346,7826.92
87.94622404174879,50,391410,7828.2
87.94719112664461,50,391474,7829.48
87.94982091197744,50,391538,7830.76
87.95103057194501,50,391602,7832.04
87.95212719962001,50,391666,7833.32
87.95342627167702,50,391730,7834.6
87.95459641190246,50,391794,7835.88
87.9555416549556,50,391858,7837.16
87.9564984086901,50,391922,7838.44
87.9574995036237,50,391986,7839.72
87.95845307782292,50,392050,7841.0
87.95942000159994,50,392114,7842.28
87.96031947480515,50,392178,7843.56
87.96126242773607,50,392242,7844.84
87.96222084155306,50,392306,7846.12
87.96310579357669,50,392370,7847.4
87.9640659079887,50,392434,7848.68
87.96505309268832,50,392498,7849.96
87.96610067877918,50,392562,7851.24
87.96716300584376,50,392626,7852.52
87.96805737772956,50,392690,7853.8
87.96894430974498,50,392754,7855.08
87.97125524794683,50,392818,7856.36
87.97228071372956,50,392882,7857.64
87.9734885036014,50,392946,7858.92
87.97420138167217,50,393010,7860.2
87.97480538673699,50,393074,7861.48
87.97541888197884,50,393138,7862.76
87.97601074678823,50,393202,7864.04
87.97661562170833,50,393266,7865.32
87.97726627765223,50,393330,7866.6
87.97785779275,50,393394,7867.88
87.97844018787146,50,393458,7869.16
87.97903716284782,50,393522,7870.44
87.97965926770121,50,393586,7871.72
87.98029169393703,50,393650,7873.0
88.81459150183946,50,393714,7874.28
88.8162888949737,50,393778,7875.56
88.81814189068973,50,393842,7876.84
88.81964395800605,50,393906,7878.12
88.8218256928958,50,393970,7879.4
88.82309952471405,50,394034,7880.68
88.82445226795971,50,394098,7881.96
88.82574739074335,50,394162,7883.24
88.82703636260703,50,394226,7884.52
88.82835513586178,50,394290,7885.8
88.8296961998567,50,394354,7887.08
88.83096884191036,50,394418,7888.36
88.83225205400959,50,394482,7889.64
88.83356240577996,50,394546,7890.92
88.8348152176477,50,394610,7892.2
88.83607180882245,50,394674,7893.48
88.83794085588306,50,394738,7894.76
88.84192653559148,50,394802,7896.04
88.84333544084802,50,394866,7897.32
88.84475235594437,50,394930,7898.6
88.84631582489237,50,394994,7899.88
88.84768769983202,50,395058,7901.16
88.84902788279578,50,395122,7902.44
88.85030325455591,50,395186,7903.72
88.85157932667062,50,395250,7905.0
88.85284060798585,50,395314,7906.28
88.85415755072609,50,395378,7907.56
88.85536614060402,50,395442,7908.84
88.85643558762968,50,395506,7910.12
88.85740485182032,50,395570,7911.4
88.85836422583088,50,395634,7912.68
88.85934647079557,50,395698,7913.96
88.86033723596483,50,395762,7915.24
88.86131307994947,50,395826,7916.52
88.86220079194754,50,395890,7917.8
88.86318324692547,50,395954,7919.08
88.86407935898751,50,396018,7920.36
88.86506262375042,50,396082,7921.64
88.86604991881177,50,396146,7922.92
88.8670316026546,50,396210,7924.2
88.8679908066988,50,396274,7925.48
88.86889385990798,50,396338,7926.76
88.86949026491493,50,396402,7928.04
88.8701374209486,50,396466,7929.32
88.8707260848023,50,396530,7930.6
88.87131374981254,50,396594,7931.88
88.87191275460646,50,396658,7933.16
88.87251752987504,50,396722,7934.44
88.87312155496329,50,396786,7935.72
88.87378937192261,50,396850,7937.0
89.48290517972782,50,396914,7938.28
89.48362601781264,50,396978,7939.56
89.48431861586869,50,397042,7940.84
89.48501174291596,50,397106,7942.12
89.48575634183362,50,397170,7943.4
89.48639443796128,50,397234,7944.68
89.48739287257195,50,397298,7945.96
89.48816821165383,50,397362,7947.24
89.48881012760103,50,397426,7948.52
89.48942992370576,50,397490,7949.8
89.49005055893213,50,397554,7951.08
89.49065517401323,50,397618,7952.36
89.49125886894763,50,397682,7953.64
89.49186437390745,50,397746,7954.92
89.49244048865512,50,397810,7956.2
89.49304920388386,50,397874,7957.48
89.49391198484227,50,397938,7958.76
89.49540116265416,50,398002,7960.04
89.49607921997085,50,398066,7961.32
89.49672831594944,50,398130,7962.6
89.49747647484764,50,398194,7963.88
89.49813178088516,50,398258,7965.16
89.49875394580886,50,398322,7966.44
89.49935176083818,50,398386,7967.72
89.49994144588709,50,398450,7969.0
89.50052939075977,50,398514,7970.28
89.5011314759031,50,398578,7971.56
89.50169248972088,50,398642,7972.84
89.50228771474212,50,398706,7974.12
89.50287825986743,50,398770,7975.4
89.50348436459899,50,398834,7976.68
89.50410377094522,50,398898,7977.96
89.50470887497067,50,398962,7979.24
89.5053122206591,50,399026,7980.52
89.50585317378864,50,399090,7981.8
89.50647007860243,50,399154,7983.08
89.50701465271413,50,399218,7984.36
89.50796662690118,50,399282,7985.64
89.50860265269876,50,399346,7986.92
89.50921978801489,50,399410,7988.2
89.51021875301376,50,399474,7989.48
89.51094666169956,50,399538,7990.76
89.51156981661916,50,399602,7992.04
89.51223039394245,50,399666,7993.32
89.51282862899825,50,399730,7994.6
89.51341642299667,50,399794,7995.88
89.51401786785573,50,399858,7997.16
89.5146254627034,50,399922,7998.44
89.51522990874946,50,399986,7999.72
89.51588286459446,50,400050,8001.0
90.81287999078631,50,400114,8002.28
90.81418526358902,50,400178,8003.56
90.81550182681531,50,400242,8004.84
90.81670062663034,50,400306,8006.12
90.81773316161707,50,400370,8007.4
90.81953652668744,50,400434,8008.68
90.82086516078562,50,400498,8009.96
90.821901245974,50,400562,8011.24
90.82289186073467,50,400626,8012.52
90.82388931559399,50,400690,8013.8
90.82492095185444,50,400754,8015.08
90.825895705726,50,400818,8016.36
90.82688149064779,50,400882,8017.64
90.82774493284523,50,400946,8018.92
90.82847548089921,50,401010,8020.2
90.82921994989738,50,401074,8021.48
90.8319102670066,50,401138,8022.76
90.83275201776996,50,401202,8024.04
90.83363271970302,50,401266,8025.32
90.83453242201358,50,401330,8026.6
90.83533156197518,50,401394,8027.88
90.83613757276908,50,401458,8029.16
90.83692498179153,50,401522,8030.44
90.83767284080386,50,401586,8031.72
90.83842463977635,50,401650,8033.0
90.83916826779023,50,401714,8034.28
90.83991126669571,50,401778,8035.56
90.84061640501022,50,401842,8036.84
90.841382403858,50,401906,8038.12
90.84213443193585,50,401970,8039.4
90.84288659086451,50,402034,8040.68
90.84366363100708,50,402098,8041.96
90.84443269995973,50,402162,8043.24
90.84519404871389,50,402226,8044.52
90.84587935591117,50,402290,8045.8
90.84664968494326,50,402354,8047.08
90.84734135260805,50,402418,8048.36
90.84810488158837,50,402482,8049.64
90.84927331097424,50,402546,8050.92
90.84989623678848,50,402610,8052.2
90.85097242379561,50,402674,8053.48
90.8517492627725,50,402738,8054.76
90.85238245874643,50,402802,8056.04
90.85305349575356,50,402866,8057.32
90.85366273066029,50,402930,8058.6
90.8542566858232,50,402994,8059.88
90.85486370092258,50,403058,8061.16
90.85548205580562,50,403122,8062.44
90.85609474079683,50,403186,8063.72
90.85675701778382,50,403250,8065.0
91.35931385261938,50,403303,8066.06
91.35931385261938,50,403303,8066.06
91.48006056062877,49,395249,8066.306122448979
91.4816611809656,49,395313,8067.6122448979595
91.48274208791554,49,395377,8068.918367346939
91.48370827175677,49,395441,8070.224489795918
91.48500831471756,49,395505,8071.530612244898
91.48608125187457,49,395569,8072.836734693878
91.48708579689264,49,395633,8074.142857142857
91.4881327226758,49,395697,8075.448979591837
91.48931065155193,49,395761,8076.755102040816
91.49112797761336,49,395825,8078.061224489796
91.49213217291981,49,395889,8079.367346938776
91.49314239760861,49,395953,8080.673469387755
91.49411436263472,49,396017,8081.9795918367345
91.49513346794993,49,396081,8083.285714285715
91.49608554178849,49,396145,8084.591836734694
91.49706115573645,49,396209,8085.897959183673
91.49808245198801,49,396273,8087.2040816326535
91.49900209484622,49,396337,8088.510204081633
91.5000290106982,49,396401,8089.816326530612
91.5010356255807,49,396465,8091.122448979592
91.50221458496526,49,396529,8092.428571428572
91.50342794461176,49,396593,8093.734693877551
91.50644076056778,49,396657,8095.040816326531
91.50781480455771,49,396721,8096.34693877551
91.5089571038261,49,396785,8097.65306122449
91.50995700899512,49,396849,8098.959183673469
91.51095757400617,49,396913,8100.265306122449
91.51188741670921,49,396977,8101.571428571428
91.51294647390023,49,397041,8102.877551020408
91.51394225889817,49,397105,8104.183673469388
91.51492881262675,49,397169,8105.489795918367
91.51598066883162,49,397233,8106.7959183673465
91.51699624489993,49,397297,8108.102040816327
91.51799188973382,49,397361,8109.408163265306
91.51890146173537,49,397425,8110.714285714285
91.51990512758493,49,397489,8112.0204081632655
91.52082036994398,49,397553,8113.326530612245
91.52182969590649,49,397617,8114.632653061224
91.52284410083666,49,397681,8115.938775510204
91.52386068692431,49,397745,8117.244897959184
91.52448913175613,49,397809,8118.551020408163
91.52512808796018,49,397873,8119.857142857143
91.52575070364401,49,397937,8121.163265306122
91.5263625588268,49,398001,8122.469387755102
91.52698828466237,49,398065,8123.775510204082
91.52758669992909,49,398129,8125.081632653061
91.52820012485608,49,398193,8126.3877551020405
91.52881291974336,49,398257,8127.693877551021
91.52942915586755,49,398321,8129.0
92.29950068797916,49,398385,8130.306122448979
92.30085825175047,49,398449,8131.6122448979595
92.30158199975267,49,398513,8132.918367346939
92.30222352594137,49,398577,8134.224489795918
92.3032082808204,49,398641,8135.530612244898
92.3040815629065,49,398705,8136.836734693878
92.30477479984984,49,398769,8138.142857142857
92.30541789578274,49,398833,8139.448979591837
92.30607342300937,49,398897,8140.755102040816
92.30730920284986,49,398961,8142.061224489796
92.30809539277107,49,399025,8143.367346938776
92.30873544886708,49,399089,8144.673469387755
92.30934880487621,49,399153,8145.9795918367345
92.3099796497263,49,399217,8147.285714285715
92.31058044498786,49,399281,8148.591836734694
92.31119245989248,49,399345,8149.897959183673
92.31183508690447,49,399409,8151.2040816326535
92.31241356069222,49,399473,8152.510204081633
92.31306741759181,49,399537,8153.816326530612
92.3149264738895,49,399601,8155.122448979592
92.31579432589933,49,399665,8156.428571428572
92.3165724449791,49,399729,8157.734693877551
92.31724661169574,49,399793,8159.040816326531
92.3179114786908,49,399857,8160.34693877551
92.3185978056863,49,399921,8161.65306122449
92.31921604089439,49,399985,8162.959183673469
92.31983306678012,49,400049,8164.265306122449
92.32046157168224,49,400113,8165.571428571428
92.32104670675471,49,400177,8166.877551020408
92.32164461165667,49,400241,8168.183673469388
92.32227041665465,49,400305,8169.489795918367
92.32290342263877,49,400369,8170.7959183673465
92.3235455788672,49,400433,8172.102040816327
92.32417238457128,49,400497,8173.408163265306
92.32515506865457,49,400561,8174.714285714285
92.32573413383216,49,400625,8176.0204081632655
92.327183149755,49,400689,8177.326530612245
92.32785254670307,49,400753,8178.632653061224
92.3285573348403,49,400817,8179.938775510204
92.32920164056122,49,400881,8181.244897959184
92.32983385678381,49,400945,8182.551020408163
92.3304568217136,49,401009,8183.857142857143
92.33109914790839,49,401073,8185.163265306122
92.33170788362622,49,401137,8186.469387755102
92.33233337895945,49,401201,8187.775510204082
92.3329490837641,49,401265,8189.081632653061
92.33355696965009,49,401329,8190.3877551020405
92.33418235462159,49,401393,8191.693877551021
92.33479963056743,49,401457,8193.0
92.97392385965213,49,401521,8194.30612244898
92.97566790273413,49,401585,8195.612244897959
92.9768019518815,49,401649,8196.918367346938
92.9777801958844,49,401713,8198.224489795919
92.97951500862837,49,401777,8199.530612244898
92.98080234089866,49,401841,8200.836734693878
92.98205108288676,49,401905,8202.142857142857
92.98324128193781,49,401969,8203.448979591836
92.98438723059371,49,402033,8204.755102040815
92.98544529778883,49,402097,8206.061224489797
92.98833439964801,49,402161,8207.367346938776
92.98941161669791,49,402225,8208.673469387755
92.99045459274203,49,402289,8209.979591836734
92.99149744864553,49,402353,8211.285714285714
92.99247893271968,49,402417,8212.591836734693
92.99347423762083,49,402481,8213.897959183674
92.99451358383521,49,402545,8215.204081632653
92.9954509777017,49,402609,8216.510204081633
92.99648475367576,49,402673,8217.816326530612
92.9975395295769,49,402737,8219.122448979591
92.99860957683995,49,402801,8220.42857142857
92.99962684186175,49,402865,8221.734693877552
93.00067475764081,49,402929,8223.040816326531
93.00174254458398,49,402993,8224.34693877551
93.0028119715862,49,403057,8225.65306122449
93.00392734957859,49,403121,8226.959183673469
93.00494662486017,49,403185,8228.265306122448
93.00595458084717,49,403249,8229.57142857143
93.0069729858078,49,403313,8230.877551020409
93.00792079977691,49,403377,8232.183673469388
93.00890916399658,49,403441,8233.489795918367
93.01064231758937,49,403505,8234.795918367347
93.01169500360265,49,403569,8236.102040816326
93.01271377876401,49,403633,8237.408163265307
93.01373237464577,49,403697,8238.714285714286
93.01560873165727,49,403761,8240.020408163266
93.01674526976421,49,403825,8241.326530612245
93.01768858358264,49,403889,8242.632653061224
93.01841780170798,49,403953,8243.938775510203
93.01905942801386,49,404017,8245.244897959185
93.01969059370458,49,404081,8246.551020408164
93.02030802890658,49,404145,8247.857142857143
93.02094372501597,49,404209,8249.163265306122
93.02156413067132,49,404273,8250.469387755102
93.0221851458773,49,404337,8251.775510204081
93.0227912706323,49,404401,8253.081632653062
93.02339078579098,49,404465,8254.387755102041
93.02400693157688,49,404529,8255.69387755102
93.0246347677894,49,404593,8257.0
93.65043064299971,49,404657,8258.30612244898
93.65151824057102,49,404721,8259.612244897959
93.65222771884874,49,404785,8260.918367346938
93.65284532401711,49,404849,8262.224489795919
93.65370055474341,49,404913,8263.530612244898
93.65452863555402,49,404977,8264.836734693878
93.65521124284714,49,405041,8266.142857142857
93.65584661858156,49,405105,8267.448979591836
93.65673369076103,49,405169,8268.755102040815
93.6579352109693,49,405233,8270.061224489797
93.65857469663024,49,405297,8271.367346938776
93.65921653294936,49,405361,8272.673469387755
93.65983659867197,49,405425,8273.979591836734
93.6604929449968,49,405489,8275.285714285714
93.66109980084002,49,405553,8276.591836734693
93.66170736495405,49,405617,8277.897959183674
93.66234928090125,49,405681,8279.204081632653
93.66291505564004,49,405745,8280.510204081633
93.66355581162497,49,405809,8281.816326530612
93.66419973783195,49,405873,8283.122448979591
93.66518746269867,49,405937,8284.42857142857
93.66582372784615,49,406001,8285.734693877552
93.66782317776233,49,406065,8287.040816326531
93.66871727071702,49,406129,8288.34693877551
93.66955335158855,49,406193,8289.65306122449
93.67034297157079,49,406257,8290.959183673469
93.67096783686429,49,406321,8292.265306122448
93.6716063725762,49,406385,8293.57142857143
93.67223961884156,49,406449,8294.877551020409
93.67281994270161,49,406513,8296.183673469388
93.673434458673,49,406577,8297.489795918367
93.6740559139289,49,406641,8298.795918367347
93.67469126963988,49,406705,8300.102040816326
93.67532342579216,49,406769,8301.408163265307
93.67594514088705,49,406833,8302.714285714286
93.67651841556653,49,406897,8304.020408163266
93.67716516181827,49,406961,8305.326530612245
93.67773527558893,49,407025,8306.632653061224
93.67836601193994,49,407089,8307.938775510203
93.67898240778595,49,407153,8309.244897959185
93.67961543286219,49,407217,8310.551020408164
93.68025430897251,49,407281,8311.857142857143
93.6808669148013,49,407345,8313.163265306122
93.68151155067608,49,407409,8314.469387755102
93.68213012581691,49,407473,8315.775510204081
93.68273777095601,49,407537,8317.081632653062
93.68335826694965,49,407601,8318.387755102041
93.68397699156776,49,407665,8319.69387755102
93.68491344572976,49,407729,8321.0
93.97290754597634,49,407760,8321.632653061224
93.97290754597634,49,407760,8321.632653061224
94.32722626486793,48,399472,8322.333333333334
94.3287404216826,48,399536,8323.666666666666
94.32973563764244,48,399600,8325.0
94.3311583828181,48,399664,8326.333333333334
94.33240818371996,48,399728,8327.666666666666
94.3334974409081,48,399792,8329.0
94.33452223660424,48,399856,8330.333333333334
94.33581765880808,48,399920,8331.666666666666
94.33774728793651,48,399984,8333.0
94.33912835177034,48,400048,8334.333333333334
94.34029223071411,48,400112,8335.666666666666
94.34130020672455,48,400176,8337.0
94.34231775160879,48,400240,8338.333333333334
94.34337713895366,48,400304,8339.666666666666
94.34437195258215,48,400368,8341.0
94.34536012774333,48,400432,8342.333333333334
94.3462979006581,48,400496,8343.666666666666
94.34733477793634,48,400560,8345.0
94.34837888367474,48,400624,8346.333333333334
94.34953107172623,48,400688,8347.666666666666
94.35056682769209,48,400752,8349.0
94.35203195456415,48,400816,8350.333333333334
94.35315803298727,48,400880,8351.666666666666
94.3560697156936,48,400944,8353.0
94.3572051837109,48,401008,8354.333333333334
94.35853278683499,48,401072,8355.666666666666
94.35959829390049,48,401136,8357.0
94.36060224892572,48,401200,8358.333333333334
94.36162714473903,48,401264,8359.666666666666
94.36266064969823,48,401328,8361.0
94.36361435381696,48,401392,8362.333333333334
94.3646092088893,48,401456,8363.666666666666
94.36564003489912,48,401520,8365.0
94.3666619407013,48,401584,8366.333333333334
94.3675990337506,48,401648,8367.666666666666
94.36862248973921,48,401712,8369.0
94.36957458266988,48,401776,8370.333333333334
94.37060150876641,48,401840,8371.666666666666
94.37163592455909,48,401904,8373.0
94.37240658374503,48,401968,8374.333333333334
94.37305314093828,48,402032,8375.666666666666
94.37370086694136,48,402096,8377.0
94.37434358289465,48,402160,8378.333333333334
94.37497882870957,48,402224,8379.666666666666
94.37561085401103,48,402288,8381.0
94.37623108970001,48,402352,8382.333333333334
94.37686149589717,48,402416,8383.666666666666
94.37754126265645,48,402480,8385.0
95.0732238558121,48,402544,8386.333333333334
95.07412611786276,48,402608,8387.666666666666
95.07474230369553,48,402672,8389.0
95.07557447487488,48,402736,8390.333333333334
95.07624396169558,48,402800,8391.666666666666
95.07690713787451,48,402864,8393.0
95.07763712573797,48,402928,8394.333333333334
95.07883516559377,48,402992,8395.666666666666
95.07972331764176,48,403056,8397.0
95.0803536339663,48,403120,8398.333333333334
95.0810111509636,48,403184,8399.666666666666
95.08165712701157,48,403248,8401.0
95.08227932173759,48,403312,8402.333333333334
95.08294075867161,48,403376,8403.666666666666
95.08356105396524,48,403440,8405.0
95.08419062988833,48,403504,8406.333333333334
95.08477208483964,48,403568,8407.666666666666
95.08579456992447,48,403632,8409.0
95.08646285673603,48,403696,8410.333333333334
95.08843859564513,48,403760,8411.666666666666
95.08926058700308,48,403824,8413.0
95.0900505669415,48,403888,8414.333333333334
95.09075432363898,48,403952,8415.666666666666
95.09138981997967,48,404016,8417.0
95.09205586696044,48,404080,8418.333333333334
95.09273850359023,48,404144,8419.666666666666
95.09338583983481,48,404208,8421.0
95.09401131561026,48,404272,8422.333333333334
95.09463905077428,48,404336,8423.666666666666
95.09527994692326,48,404400,8425.0
95.09587343176827,48,404464,8426.333333333334
95.09649222763255,48,404528,8427.666666666666
95.09714077366516,48,404592,8429.0
95.09777350956574,48,404656,8430.333333333334
95.09835814358667,48,404720,8431.666666666666
95.09899136982858,48,404784,8433.0
95.09957986464724,48,404848,8434.333333333334
95.10023032082245,48,404912,8435.666666666666
95.10085973655805,48,404976,8437.0
95.10149033274502,48,405040,8438.333333333334
95.10214581899345,48,405104,8439.666666666666
95.10284341592342,48,405168,8441.0
95.1040172856301,48,405232,8442.333333333334
95.10468068160117,48,405296,8443.666666666666
95.10532440897077,48,405360,8445.0
95.10595335392281,48,405424,8446.333333333334
95.10657296981663,48,405488,8447.666666666666
95.10720863565803,48,405552,8449.0
95.75429505389184,48,405616,8450.333333333334
95.75569522893056,48,405680,8451.666666666666
95.756366555579,48,405744,8453.0
95.75712717464194,48,405808,8454.333333333334
95.75793276494369,48,405872,8455.666666666666
95.75861818157136,48,405936,8457.0
95.75926606776193,48,406000,8458.333333333334
95.7600636179559,48,406064,8459.666666666666
95.76075621601194,48,406128,8461.0
95.76193551486358,48,406192,8462.333333333334
95.76266545290127,48,406256,8463.666666666666
95.76331639988348,48,406320,8465.0
95.76395740592852,48,406384,8466.333333333334
95.7646236717701,48,406448,8467.666666666666
95.76525663770735,48,406512,8469.0
95.76589243393391,48,406576,8470.333333333334
95.76649398868904,48,406640,8471.666666666666
95.76715657580644,48,406704,8473.0
95.76780525175855,48,406768,8474.333333333334
95.76903544273227,48,406832,8475.666666666666
95.76982266269624,48,406896,8477.0
95.77048327866942,48,406960,8478.333333333334
95.77116549573839,48,407024,8479.666666666666
95.77317160600796,48,407088,8481.0
95.77390668494627,48,407152,8482.333333333334
95.77472684485838,48,407216,8483.666666666666
95.7753830216825,48,407280,8485.0
95.7760049267672,48,407344,8486.333333333334
95.77664803294465,48,407408,8487.666666666666
95.77728716889396,48,407472,8489.0
95.77789038373157,48,407536,8490.333333333334
95.77853065961972,48,407600,8491.666666666666
95.77923461794853,48,407664,8493.0
95.77987958397716,48,407728,8494.333333333334
95.78047798899934,48,407792,8495.666666666666
95.7811351949349,48,407856,8497.0
95.78171836957335,48,407920,8498.333333333334
95.78237463580444,48,407984,8499.666666666666
95.78301618201658,48,408048,8501.0
95.78365469770506,48,408112,8502.333333333334
95.78430614480749,48,408176,8503.666666666666
95.78496595099568,48,408240,8505.0
95.78560872655362,48,408304,8506.333333333334
95.78626751387492,48,408368,8507.666666666666
95.7869076388888,48,408432,8509.0
95.78772813966498,48,408496,8510.333333333334
95.7883532056585,48,408560,8511.666666666666
95.78897737059742,48,408624,8513.0
96.43606533994898,48,408688,8514.333333333334
96.43753614695743,48,408752,8515.666666666666
96.43858677288517,48,408816,8517.0
96.43993378663436,48,408880,8518.333333333334
96.44100991263986,48,408944,8519.666666666666
96.44210205087438,48,409008,8521.0
96.44316565664485,48,409072,8522.333333333334
96.4444062486291,48,409136,8523.666666666666
96.44635629700497,48,409200,8525.0
96.44742960389704,48,409264,8526.333333333334
96.44853476155549,48,409328,8527.666666666666
96.44957145769149,48,409392,8529.0
96.45059639262035,48,409456,8530.333333333334
96.45168362976983,48,409520,8531.666666666666
96.4526835149154,48,409584,8533.0
96.45372059056535,48,409648,8534.333333333334
96.4546939455904,48,409712,8535.666666666666
96.45578749291599,48,409776,8537.0
96.45683781895787,48,409840,8538.333333333334
96.45791709562764,48,409904,8539.666666666666
96.45972325094044,48,409968,8541.0
96.46079004788771,48,410032,8542.333333333334
96.46185589488596,48,410096,8543.666666666666
96.46509806578979,48,410160,8545.0
96.46641010791063,48,410224,8546.333333333334
96.46765606990084,48,410288,8547.666666666666
96.46886975970119,48,410352,8549.0
96.47005392983556,48,410416,8550.333333333334
96.47108227480203,48,410480,8551.666666666666
96.47211318090558,48,410544,8553.0
96.4731689565815,48,410608,8554.333333333334
96.47414438193664,48,410672,8555.666666666666
96.47520529897884,48,410736,8557.0
96.47627205494791,48,410800,8558.333333333334
96.47724231891334,48,410864,8559.666666666666
96.47830785578117,48,410928,8561.0
96.47927006985992,48,410992,8562.333333333334
96.48033537669107,48,411056,8563.666666666666
96.48125546984375,48,411120,8565.0
96.48190333601087,48,411184,8566.333333333334
96.48256457177922,48,411248,8567.666666666666
96.48322623874992,48,411312,8569.0
96.48387187486514,48,411376,8570.333333333334
96.48453461192548,48,411440,8571.666666666666
96.48518716776744,48,411504,8573.0
96.48591916589066,48,411568,8574.333333333334
96.48655964201316,48,411632,8575.666666666666
96.48719712765887,48,411696,8577.0
97.18087562173605,48,411760,8578.333333333334
97.18189668655396,48,411824,8579.666666666666
97.1825518636033,48,411888,8581.0
97.18347154697403,48,411952,8582.333333333334
97.18431809777394,48,412016,8583.666666666666
97.18502177484334,48,412080,8585.0
97.18567907158285,48,412144,8586.333333333334
97.18715430889279,48,412208,8587.666666666666
97.18798273988068,48,412272,8589.0
97.18864558590576,48,412336,8590.333333333334
97.18933645263314,48,412400,8591.666666666666
97.18999835988507,48,412464,8593.0
97.19065153598785,48,412528,8594.333333333334
97.19141703471541,48,412592,8595.666666666666
97.19207099173218,48,412656,8597.0
97.19270790787414,48,412720,8598.333333333334
97.19331752276048,48,412784,8599.666666666666
97.19398102955893,48,412848,8601.0
97.19464488560334,48,412912,8602.333333333334
97.19530394300818,48,412976,8603.666666666666
97.19627725658938,48,413040,8605.0
97.1985027519986,48,413104,8606.333333333334
97.19933240255341,48,413168,8607.666666666666
97.2000745316036,48,413232,8609.0
97.20073425769806,48,413296,8610.333333333334
97.2014366555959,48,413360,8611.666666666666
97.20215547364205,48,413424,8613.0
97.20280920993537,48,413488,8614.333333333334
97.20344327576458,48,413552,8615.666666666666
97.20408160192892,48,413616,8617.0
97.20471685798839,48,413680,8618.333333333334
97.20533634256572,48,413744,8619.666666666666
97.20597653882578,48,413808,8621.0
97.2066412656568,48,413872,8622.333333333334
97.20724361063913,48,413936,8623.666666666666
97.20789792668074,48,414000,8625.0
97.20853978255764,48,414064,8626.333333333334
97.20913906861097,48,414128,8627.666666666666
97.20979177486151,48,414192,8629.0
97.21043499093503,48,414256,8630.333333333334
97.21108792675659,48,414320,8631.666666666666
97.21175914397463,48,414384,8633.0
97.21242497069761,48,414448,8634.333333333334
97.21307403687388,48,414512,8635.666666666666
97.21374233299866,48,414576,8637.0
97.21439223969355,48,414640,8638.333333333334
97.21520470967516,48,414704,8639.666666666666
97.21583278570324,48,414768,8641.0
97.94807149283588,48,414832,8642.333333333334
97.94951460976154,48,414896,8643.666666666666
97.95015517575666,48,414960,8645.0
97.9510590378195,48,415024,8646.333333333334
97.95188263896853,48,415088,8647.666666666666
97.9527247697115,48,415152,8649.0
97.95446567283943,48,415216,8650.333333333334
97.95620451681316,48,415280,8651.666666666666
97.95796863082796,48,415344,8653.0
97.95881435181946,48,415408,8654.333333333334
97.95960127189755,48,415472,8655.666666666666
97.96028686873615,48,415536,8657.0
97.96094226557761,48,415600,8658.333333333334
97.96161896176636,48,415664,8659.666666666666
97.96224788762629,48,415728,8661.0
97.96288783382624,48,415792,8662.333333333334
97.96351672988385,48,415856,8663.666666666666
97.9642365979962,48,415920,8665.0
97.96489713387564,48,415984,8666.333333333334
97.9655775106512,48,416048,8667.666666666666
97.9662581779994,48,416112,8669.0
97.96691526472569,48,416176,8670.333333333334
97.96762282168493,48,416240,8671.666666666666
97.96894532581791,48,416304,8673.0
97.96973410481587,48,416368,8674.333333333334
97.97045623278245,48,416432,8675.666666666666
97.97117000073195,48,416496,8677.0
97.97312050964683,48,416560,8678.333333333334
97.9739157599397,48,416624,8679.666666666666
97.97457415563986,48,416688,8681.0
97.97526708384976,48,416752,8682.333333333334
97.97587004862726,48,416816,8683.666666666666
97.97657724563032,48,416880,8685.0
97.97723216284066,48,416944,8686.333333333334
97.97783857770264,48,417008,8687.666666666666
97.97849810356274,48,417072,8689.0
97.97915192088112,48,417136,8690.333333333334
97.97974597569555,48,417200,8691.666666666666
97.9804049716331,48,417264,8693.0
97.98105591768399,48,417328,8694.333333333334
97.98169247386977,48,417392,8695.666666666666
97.98235402069986,48,417456,8697.0
97.98302142694592,48,417520,8698.333333333334
97.98367983382195,48,417584,8699.666666666666
97.98434549057856,48,417648,8701.0
97.98501084698364,48,417712,8702.333333333334
97.98573886556551,48,417776,8703.666666666666
97.98637785064057,48,417840,8705.0
98.90987560059875,48,417904,8706.333333333334
98.91098197875544,48,417968,8707.666666666666
98.91176574770361,48,418032,8709.0
98.91241169488057,48,418096,8710.333333333334
98.91347036091611,48,418160,8711.666666666666
98.91434753267094,48,418224,8713.0
98.91509259166196,48,418288,8714.333333333334
98.9157534679398,48,418352,8715.666666666666
98.91645327582955,48,418416,8717.0
98.91714232275262,48,418480,8718.333333333334
98.9188658958301,48,418544,8719.666666666666
98.91971567692235,48,418608,8721.0
98.92042443482205,48,418672,8722.333333333334
98.9211133918725,48,418736,8723.666666666666
98.92175343772396,48,418800,8725.0
98.92238089395687,48,418864,8726.333333333334
98.92299152864143,48,418928,8727.666666666666
98.92365793557838,48,418992,8729.0
98.9243241418153,48,419056,8730.333333333334
98.92499692877755,48,419120,8731.666666666666
98.9256936069578,48,419184,8733.0
98.92634574277326,48,419248,8734.333333333334
98.92702045990154,48,419312,8735.666666666666
98.92771492665634,48,419376,8737.0
98.9283694839105,48,419440,8738.333333333334
98.92902494966984,48,419504,8739.666666666666
98.9296993566677,48,419568,8741.0
98.93097684858367,48,419632,8742.333333333334
98.93180865980685,48,419696,8743.666666666666
98.93247264577076,48,419760,8745.0
98.93312845285982,48,419824,8746.333333333334
98.93445641594008,48,419888,8747.666666666666
98.93520258460194,48,419952,8749.0
98.9360005245544,48,420016,8750.333333333334
98.936641309876,48,420080,8751.666666666666
98.93733043782413,48,420144,8753.0
98.93797853356227,48,420208,8754.333333333334
98.9385861386545,48,420272,8755.666666666666
98.93925303593278,48,420336,8757.0
98.93990480201319,48,420400,8758.333333333334
98.9405572176911,48,420464,8759.666666666666
98.94124451559037,48,420528,8761.0
98.94190906174481,48,420592,8762.333333333334
98.94257916882634,48,420656,8763.666666666666
98.94324751477689,48,420720,8765.0
98.94390662200749,48,420784,8766.333333333334
98.9446269897744,48,420848,8767.666666666666
98.94527217559516,48,420912,8769.0
99.71263295179233,48,420976,8770.333333333334
99.71375459060073,48,421040,8771.666666666666
99.71452785981819,48,421104,8773.0
99.71517165564,48,421168,8774.333333333334
99.71626718295738,48,421232,8775.666666666666
99.71713867457584,48,421296,8777.0
99.71789801400155,48,421360,8778.333333333334
99.71857082098722,48,421424,8779.666666666666
99.71926172776148,48,421488,8781.0
99.71994760492817,48,421552,8782.333333333334
99.7217276096344,48,421616,8783.666666666666
99.72258492093533,48,421680,8785.0
99.72325761755928,48,421744,8786.333333333334
99.72392376465723,48,421808,8787.666666666666
99.72457837080583,48,421872,8789.0
99.72522525675595,48,421936,8790.333333333334
99.72583117196336,48,422000,8791.666666666666
99.7265151985921,48,422064,8793.0
99.7271724557504,48,422128,8794.333333333334
99.72784709278494,48,422192,8795.666666666666
99.72854594979435,48,422256,8797.0
99.72921597678214,48,422320,8798.333333333334
99.72988369362429,48,422384,8799.666666666666
99.73058856092393,48,422448,8801.0
99.73125375760719,48,422512,8802.333333333334
99.73191414494067,48,422576,8803.666666666666
99.73259089095518,48,422640,8805.0
99.73377100098878,48,422704,8806.333333333334
99.73460285179317,48,422768,8807.666666666666
99.73527217796072,48,422832,8809.0
99.73595351492986,48,422896,8810.333333333334
99.73659089067951,48,422960,8811.666666666666
99.73812499968335,48,423024,8813.0
99.7389496397227,48,423088,8814.333333333334
99.73959773685783,48,423152,8815.666666666666
99.74027553386986,48,423216,8817.0
99.74093953985721,48,423280,8818.333333333334
99.74155181460083,48,423344,8819.666666666666
99.74222141178325,48,423408,8821.0
99.74289385881275,48,423472,8822.333333333334
99.74355155555531,48,423536,8823.666666666666
99.74420620175079,48,423600,8825.0
99.74487186875194,48,423664,8826.333333333334
99.74554756470025,48,423728,8827.666666666666
99.74620695179328,48,423792,8829.0
99.74688630877063,48,423856,8830.333333333334
99.74758480582386,48,423920,8831.666666666666
99.74829379376024,48,423984,8833.0
100.73833167785779,48,424048,8834.333333333334
100.73939443472773,48,424112,8835.666666666666
100.74015931366012,48,424176,8837.0
100.74079929897562,48,424240,8838.333333333334
100.74184494558722,48,424304,8839.666666666666
100.74269748665392,48,424368,8841.0
100.74341882485896,48,424432,8842.333333333334
100.74410629179329,48,424496,8843.666666666666
100.74476456874982,48,424560,8845.0
100.74544554576278,48,424624,8846.333333333334
100.74631572794169,48,424688,8847.666666666666
100.74773169262335,48,424752,8849.0
100.74858784396201,48,424816,8850.333333333334
100.74926420068368,48,424880,8851.666666666666
100.74989820690826,48,424944,8853.0
100.75055311387405,48,425008,8854.333333333334
100.75118248863146,48,425072,8855.666666666666
100.75185155589134,48,425136,8857.0
100.75252768257633,48,425200,8858.333333333334
100.75320378970355,48,425264,8859.666666666666
100.75389124685898,48,425328,8861.0
100.75456185359508,48,425392,8862.333333333334
100.75525247072801,48,425456,8863.666666666666
100.75594054767862,48,425520,8865.0
100.757083396893,48,425584,8866.333333333334
100.75786423590034,48,425648,8867.666666666666
100.75858049374074,48,425712,8869.0
100.7592974617146,48,425776,8870.333333333334
100.76107495697215,48,425840,8871.666666666666
100.76185951568186,48,425904,8873.0
100.76253592269495,48,425968,8874.333333333334
100.7631811387837,48,426032,8875.666666666666
100.76383542595431,48,426096,8877.0
100.76449808198959,48,426160,8878.333333333334
100.76511066686362,48,426224,8879.666666666666
100.76578874373809,48,426288,8881.0
100.76645192084834,48,426352,8882.333333333334
100.76707488670945,48,426416,8883.666666666666
100.7677342328243,48,426480,8885.0
100.76840522978455,48,426544,8886.333333333334
100.76908991672099,48,426608,8887.666666666666
100.76973956264555,48,426672,8889.0
100.77041108999401,48,426736,8890.333333333334
100.77109488658607,48,426800,8891.666666666666
100.77174646267667,48,426864,8893.0
100.77244373084977,48,426928,8894.333333333334
100.77313861763105,48,426992,8895.666666666666
100.77385387569666,48,427056,8897.0
101.42373901465908,48,427120,8898.333333333334
101.42478134064004,48,427184,8899.666666666666
101.42554241977632,48,427248,8901.0
101.42618929594755,48,427312,8902.333333333334
101.42722608195618,48,427376,8903.666666666666
101.42796734068543,48,427440,8905.0
101.42863563774154,48,427504,8906.333333333334
101.42931116465479,48,427568,8907.666666666666
101.43000333197415,48,427632,8909.0
101.43068156857044,48,427696,8910.333333333334
101.43137586582452,48,427760,8911.666666666666
101.4331864817068,48,427824,8913.0
101.43399787181988,48,427888,8914.333333333334
101.43471655994654,48,427952,8915.666666666666
101.43555110087618,48,428016,8917.0
101.43631655955687,48,428080,8918.333333333334
101.43693552492186,48,428144,8919.666666666666
101.4376332629472,48,428208,8921.0
101.43830405874178,48,428272,8922.333333333334
101.4389905356802,48,428336,8923.666666666666
101.43969258386642,48,428400,8925.0
101.44037770060822,48,428464,8926.333333333334
101.44107417855412,48,428528,8927.666666666666
101.44177693594247,48,428592,8929.0
101.44244356267154,48,428656,8930.333333333334
101.44312582956627,48,428720,8931.666666666666
101.4438031069003,48,428784,8933.0
101.4449760359712,48,428848,8934.333333333334
101.44625944783911,48,428912,8935.666666666666
101.44718706095591,48,428976,8937.0
101.44786861771718,48,429040,8938.333333333334
101.44851424498484,48,429104,8939.666666666666
101.45007254369557,48,429168,8941.0
101.45090847369283,48,429232,8942.333333333334
101.45153631968424,48,429296,8943.666666666666
101.45222040684894,48,429360,8945.0
101.4528914638795,48,429424,8946.333333333334
101.45350702991709,48,429488,8947.666666666666
101.45419513667002,48,429552,8949.0
101.45486290380359,48,429616,8950.333333333334
101.45553433988243,48,429680,8951.666666666666
101.45621041674167,48,429744,8953.0
101.45688297366723,48,429808,8954.333333333334
101.45756430085748,48,429872,8955.666666666666
101.45823240792379,48,429936,8957.0
101.45890928478912,48,430000,8958.333333333334
101.45958762196824,48,430064,8959.666666666666
101.46030360879377,48,430128,8961.0
102.05716427275911,48,430187,8962.229166666666
102.05716427275911,48,430187,8962.229166666666
102.1822310499847,47,421231,8962.36170212766
102.18359220400453,47,421295,8963.72340425532
102.1847292818129,47,421359,8965.08510638298
102.18582755001262,47,421423,8966.446808510638
102.18725263560191,47,421487,8967.808510638299
102.18867449089885,47,421551,8969.170212765957
102.18996509257704,47,421615,8970.531914893618
102.19107221066952,47,421679,8971.893617021276
102.19219642877579,47,421743,8973.255319148937
102.19345464091748,47,421807,8974.617021276596
102.19457090785727,47,421871,8975.978723404256
102.1966895009391,47,421935,8977.340425531915
102.1981087368913,47,421999,8978.702127659575
102.19923167489469,47,422063,8980.063829787234
102.20027594082057,47,422127,8981.425531914894
102.20135499769822,47,422191,8982.787234042553
102.20250984700397,47,422255,8984.148936170213
102.20362106477842,47,422319,8985.510638297872
102.20473518269137,47,422383,8986.872340425532
102.20588425081223,47,422447,8988.234042553191
102.20696414867416,47,422511,8989.595744680852
102.20810631662607,47,422575,8990.95744680851
102.20926558598876,47,422639,8992.31914893617
102.2103612027131,47,422703,8993.68085106383
102.21157348388806,47,422767,8995.04255319149
102.21358716394752,47,422831,8996.404255319148
102.21499848878011,47,422895,8997.765957446809
102.21614544792101,47,422959,8999.127659574468
102.21724722580984,47,423023,9000.489361702128
102.21833806298673,47,423087,9001.851063829787
102.21942002978176,47,423151,9003.212765957447
102.22046596556902,47,423215,9004.574468085106
102.22155113285407,47,423279,9005.936170212766
102.22254148777574,47,423343,9007.297872340425
102.22494413796812,47,423407,9008.659574468085
102.22621679957956,47,423471,9010.021276595744
102.22685676580295,47,423535,9011.382978723404
102.22754005296156,47,423599,9012.744680851063
102.22823477955535,47,423663,9014.106382978724
102.22890319675207,47,423727,9015.468085106382
102.2295665028505,47,423791,9016.829787234043
102.230293831788,47,423855,9018.191489361701
102.23097307886928,47,423919,9019.553191489362
102.2316629155539,47,423983,9020.91489361702
102.23234756290913,47,424047,9022.27659574468
102.23301892960444,47,424111,9023.63829787234
102.23372294660658,47,424175,9025.0
103.0759337558411,47,424239,9026.36170212766
103.07712131459266,47,424303,9027.72340425532
103.07806740887463,47,424367,9029.08510638298
103.07870644470677,47,424431,9030.446808510638
103.07938481168821,47,424495,9031.808510638299
103.08069655485451,47,424559,9033.170212765957
103.08156969677657,47,424623,9034.531914893618
103.08229610463604,47,424687,9035.893617021276
103.08312584459782,47,424751,9037.255319148937
103.08380092168227,47,424815,9038.617021276596
103.08451415970922,47,424879,9039.978723404256
103.08519067661837,47,424943,9041.340425531915
103.08587649371475,47,425007,9042.702127659575
103.08649820974097,47,425071,9044.063829787234
103.08714511571452,47,425135,9045.425531914894
103.08780325297266,47,425199,9046.787234042553
103.08873296575621,47,425263,9048.148936170213
103.09114554570988,47,425327,9049.510638297872
103.09204821893945,47,425391,9050.872340425532
103.09285456873477,47,425455,9052.234042553191
103.09354429598898,47,425519,9053.595744680852
103.09423201298341,47,425583,9054.95744680851
103.09494063071907,47,425647,9056.31914893617
103.09562508761883,47,425711,9057.68085106383
103.09631872456521,47,425775,9059.04255319149
103.0970058827661,47,425839,9060.404255319148
103.09774940088391,47,425903,9061.765957446809
103.09843689762056,47,425967,9063.127659574468
103.0991605357267,47,426031,9064.489361702128
103.09982304275036,47,426095,9065.851063829787
103.1005084598437,47,426159,9067.212765957447
103.10117514664307,47,426223,9068.574468085106
103.10190415475518,47,426287,9069.936170212766
103.10255528101698,47,426351,9071.297872340425
103.10324223898351,47,426415,9072.659574468085
103.1039069746621,47,426479,9074.021276595744
103.1045262105763,47,426543,9075.382978723404
103.10521505773067,47,426607,9076.744680851063
103.10588657390326,47,426671,9078.106382978724
103.10657329158857,47,426735,9079.468085106382
103.10736655071378,47,426799,9080.829787234043
103.10806783894077,47,426863,9082.191489361701
103.10876719700173,47,426927,9083.553191489362
103.10944178281352,47,426991,9084.91489361702
103.11013207072392,47,427055,9086.27659574468
103.11080544767901,47,427119,9087.63829787234
103.11152661498636,47,427183,9089.0
103.97413833392784,47,427247,9090.36170212766
103.97531185299158,47,427311,9091.72340425532
103.97607310162857,47,427375,9093.08510638298
103.97671116795391,47,427439,9094.446808510638
103.97747007664293,47,427503,9095.808510638299
103.97850389266387,47,427567,9097.170212765957
103.97936580469832,47,427631,9098.531914893618
103.98007934261113,47,427695,9099.893617021276
103.98077778983861,47,427759,9101.255319148937
103.98144939681515,47,427823,9102.617021276596
103.98214898398146,47,427887,9103.978723404256
103.9831304489635,47,427951,9105.340425531915
103.98382860561833,47,428015,9106.702127659575
103.98445236170664,47,428079,9108.063829787234
103.98595829866827,47,428143,9109.425531914894
103.986673747655,47,428207,9110.787234042553
103.98742211563513,47,428271,9112.148936170213
103.98825684655458,47,428335,9113.510638297872
103.98894581384957,47,428399,9114.872340425532
103.98966739187017,47,428463,9116.234042553191
103.99034223891795,47,428527,9117.595744680852
103.9910794775933,47,428591,9118.95744680851
103.9917832845822,47,428655,9120.31914893617
103.99247347284108,47,428719,9121.68085106383
103.99318876955658,47,428783,9123.04255319149
103.99389575794339,47,428847,9124.404255319148
103.99463140685111,47,428911,9125.765957446809
103.99534320365638,47,428975,9127.127659574468
103.99602366099134,47,429039,9128.489361702128
103.99671302782372,47,429103,9129.851063829787
103.99739351589233,47,429167,9131.212765957447
103.99880975065753,47,429231,9132.574468085106
103.99957864964381,47,429295,9133.936170212766
104.00032234890386,47,429359,9135.297872340425
104.00106016686186,47,429423,9136.659574468085
104.0017286837101,47,429487,9138.021276595744
104.00235206866637,47,429551,9139.382978723404
104.00302604585886,47,429615,9140.744680851063
104.00373017368838,47,429679,9142.106382978724
104.00440212059766,47,429743,9143.468085106382
104.00508838798851,47,429807,9144.829787234043
104.00626171659678,47,429871,9146.191489361701
104.00714224856347,47,429935,9147.553191489362
104.00795242888853,47,429999,9148.91489361702
104.00865115690976,47,430063,9150.27659574468
104.0093410438858,47,430127,9151.63829787234
104.01006181165576,47,430191,9153.0
105.3495751847513,47,430255,9154.36170212766
105.3511821446009,47,430319,9155.72340425532
105.35240712575614,47,430383,9157.08510638298
105.3534405818209,47,430447,9158.446808510638
105.35518013499677,47,430511,9159.808510638299
105.35639145597816,47,430575,9161.170212765957
105.35749743273482,47,430639,9162.531914893618
105.35861483076587,47,430703,9163.893617021276
105.35975458985195,47,430767,9165.255319148937
105.36088397772983,47,430831,9166.617021276596
105.36202384578064,47,430895,9167.978723404256
105.36347290268168,47,430959,9169.340425531915
105.36642349557951,47,431023,9170.702127659575
105.36762497667223,47,431087,9172.063829787234
105.36868930282071,47,431151,9173.425531914894
105.36979033984244,47,431215,9174.787234042553
105.37097146967426,47,431279,9176.148936170213
105.37210069783032,47,431343,9177.510638297872
105.37323179701343,47,431407,9178.872340425532
105.37433563359082,47,431471,9180.234042553191
105.37548105278984,47,431535,9181.595744680852
105.3766060709022,47,431599,9182.95744680851
105.37769390782341,47,431663,9184.31914893617
105.37880889559165,47,431727,9185.68085106383
105.37997836479917,47,431791,9187.04255319149
105.38108280301094,47,431855,9188.404255319148
105.38221322093159,47,431919,9189.765957446809
105.38336361991242,47,431983,9191.127659574468
105.3845726698637,47,432047,9192.489361702128
105.38569948775694,47,432111,9193.851063829787
105.38682395685464,47,432175,9195.212765957447
105.38850658759475,47,432239,9196.574468085106
105.38971378887072,47,432303,9197.936170212766
105.39086261764169,47,432367,9199.297872340425
105.3920696368441,47,432431,9200.659574468085
105.39287002757192,47,432495,9202.021276595744
105.39407929778099,47,432559,9203.382978723404
105.3947682948783,47,432623,9204.744680851063
105.39546228200197,47,432687,9206.106382978724
105.39617283968255,47,432751,9207.468085106382
105.39684339659289,47,432815,9208.829787234043
105.39755129488185,47,432879,9210.191489361701
105.39825089182705,47,432943,9211.553191489362
105.39892642898485,47,433007,9212.91489361702
105.3996323668398,47,433071,9214.27659574468
105.4003164540045,47,433135,9215.63829787234
105.40103251161054,47,433199,9217.0
106.04566631978378,47,433263,9218.36170212766
106.0465804929845,47,433327,9219.72340425532
106.04734743200243,47,433391,9221.08510638298
106.04798752767965,47,433455,9222.446808510638
106.04901006398723,47,433519,9223.808510638299
106.04975633276626,47,433583,9225.170212765957
106.05042676860467,47,433647,9226.531914893618
106.05111156590283,47,433711,9227.893617021276
106.0517996638082,47,433775,9229.255319148937
106.05247584963217,47,433839,9230.617021276596
106.05319454800338,47,433903,9231.978723404256
106.0550569249317,47,433967,9233.340425531915
106.05591253563762,47,434031,9234.702127659575
106.05659730359912,47,434095,9236.063829787234
106.05739707266912,47,434159,9237.425531914894
106.05807344987988,47,434223,9238.787234042553
106.05878663761541,47,434287,9240.148936170213
106.05949487583712,47,434351,9241.510638297872
106.06019292259589,47,434415,9242.872340425532
106.06086776964366,47,434479,9244.234042553191
106.0615805676207,47,434543,9245.595744680852
106.06226045498624,47,434607,9246.95744680851
106.06293928157538,47,434671,9248.31914893617
106.06363371992484,47,434735,9249.68085106383
106.06435347767547,47,434799,9251.04255319149
106.065035703592,47,434863,9252.404255319148
106.065726661589,47,434927,9253.765957446809
106.06643746979535,47,434991,9255.127659574468
106.06751159578562,47,435055,9256.489361702128
106.06823013396934,47,435119,9257.851063829787
106.0689120106399,47,435183,9259.212765957447
106.0702988859266,47,435247,9260.574468085106
106.07106650481,47,435311,9261.936170212766
106.07170637091622,47,435375,9263.297872340425
106.07239766791463,47,435439,9264.659574468085
106.0730957556516,47,435503,9266.021276595744
106.0737333917059,47,435567,9267.382978723404
106.0744378096424,47,435631,9268.744680851063
106.07512616692111,47,435695,9270.106382978724
106.07580150384456,47,435759,9271.468085106382
106.076534781605,47,435823,9272.829787234043
106.07723115896806,47,435887,9274.191489361701
106.07793411659077,47,435951,9275.553191489362
106.07861469360068,47,436015,9276.91489361702
106.07931417180225,47,436079,9278.27659574468
106.08000639872625,47,436143,9279.63829787234
106.08072247682139,47,436207,9281.0
106.746987065766,47,436271,9282.36170212766
106.74802169157192,47,436335,9283.72340425532
106.748772920575,47,436399,9285.08510638298
106.7494361368008,47,436463,9286.446808510638
106.75020603695884,47,436527,9287.808510638299
106.75123148178682,47,436591,9289.170212765957
106.7519809808582,47,436655,9290.531914893618
106.75267091766,47,436719,9291.893617021276
106.75336501467973,47,436783,9293.255319148937
106.75407182285562,47,436847,9294.617021276596
106.75475270999596,47,436911,9295.978723404256
106.75546260783449,47,436975,9297.340425531915
106.75649797357619,47,437039,9298.702127659575
106.75721274176612,47,437103,9300.063829787234
106.75876130070537,47,437167,9301.425531914894
106.75945566780865,47,437231,9302.787234042553
106.76023585768417,47,437295,9304.148936170213
106.76109283883125,47,437359,9305.510638297872
106.76180354692042,47,437423,9306.872340425532
106.76249688398093,47,437487,9308.234042553191
106.76322116190568,47,437551,9309.595744680852
106.76390672894195,47,437615,9310.95744680851
106.76458757556975,47,437679,9312.31914893617
106.76530260359868,47,437743,9313.68085106383
106.76601956179366,47,437807,9315.04255319149
106.76671006856486,47,437871,9316.404255319148
106.76741658663377,47,437935,9317.765957446809
106.76813165470958,47,437999,9319.127659574468
106.76888575358316,47,438063,9320.489361702128
106.76960439188406,47,438127,9321.851063829787
106.77035741088912,47,438191,9323.212765957447
106.77158955065534,47,438255,9324.574468085106
106.77235508989543,47,438319,9325.936170212766
106.77308094780892,47,438383,9327.297872340425
106.77382387686521,47,438447,9328.659574468085
106.77451652381569,47,438511,9330.021276595744
106.77516255062073,47,438575,9331.382978723404
106.77586037758738,47,438639,9332.744680851063
106.77655521500856,47,438703,9334.106382978724
106.77724735299125,47,438767,9335.468085106382
106.77832684991881,47,438831,9336.829787234043
106.77923353295773,47,438895,9338.191489361701
106.7800894738175,47,438959,9339.553191489362
106.780787630938,47,439023,9340.91489361702
106.78150015883148,47,439087,9342.27659574468
106.78220045659691,47,439151,9343.63829787234
106.78292265487835,47,439215,9345.0
107.49817738868296,47,439279,9346.36170212766
107.49966221582144,47,439343,9347.72340425532
107.50084844557568,47,439407,9349.08510638298
107.50191157171503,47,439471,9350.446808510638
107.50356252398342,47,439535,9351.808510638299
107.5049704387784,47,439599,9353.170212765957
107.50621739961207,47,439663,9354.531914893618
107.50750662200153,47,439727,9355.893617021276
107.50866499077529,47,439791,9357.255319148937
107.50982912071049,47,439855,9358.617021276596
107.51094461791217,47,439919,9359.978723404256
107.51251379679888,47,439983,9361.340425531915
107.51536776870489,47,440047,9362.702127659575
107.5168712255545,47,440111,9364.063829787234
107.51805453561246,47,440175,9365.425531914894
107.51914851274341,47,440239,9366.787234042553
107.52034221263602,47,440303,9368.148936170213
107.52147874189541,47,440367,9369.510638297872
107.52272428292781,47,440431,9370.872340425532
107.52385239070281,47,440495,9372.234042553191
107.5250268499367,47,440559,9373.595744680852
107.52616448886693,47,440623,9374.95744680851
107.52729538688436,47,440687,9376.31914893617
107.52842998597771,47,440751,9377.68085106383
107.52962941583246,47,440815,9379.04255319149
107.5307446429506,47,440879,9380.404255319148
107.531872080639,47,440943,9381.765957446809
107.53305926080793,47,441007,9383.127659574468
107.53428692184389,47,441071,9384.489361702128
107.5354631608352,47,441135,9385.851063829787
107.53764828573912,47,441199,9387.212765957447
107.53891833778471,47,441263,9388.574468085106
107.54013919783756,47,441327,9389.936170212766
107.54120076494291,47,441391,9391.297872340425
107.54235142376274,47,441455,9392.659574468085
107.54309340193868,47,441519,9394.021276595744
107.54372466774657,47,441583,9395.382978723404
107.54508480196819,47,441647,9396.744680851063
107.54589914157987,47,441711,9398.106382978724
107.54659886984155,47,441775,9399.468085106382
107.54729107674211,47,441839,9400.829787234043
107.54800307471305,47,441903,9402.191489361701
107.5487235528417,47,441967,9403.553191489362
107.54941667988896,47,442031,9404.91489361702
107.55013562785462,47,442095,9406.27659574468
107.55082789482549,47,442159,9407.63829787234
107.55155676370487,47,442223,9409.0
108.28092906065285,47,442287,9410.36170212766
108.28179665282369,47,442351,9411.72340425532
108.28253461094573,47,442415,9413.08510638298
108.28318934794515,47,442479,9414.446808510638
108.2842857548967,47,442543,9415.808510638299
108.2851452366449,47,442607,9417.170212765957
108.28591135563329,47,442671,9418.531914893618
108.28666021488607,47,442735,9419.893617021276
108.2873784028925,47,442799,9421.255319148937
108.28816879168153,47,442863,9422.617021276596
108.28886183956638,47,442927,9423.978723404256
108.28957995772362,47,442991,9425.340425531915
108.29163934895769,47,443055,9426.702127659575
108.29243313893676,47,443119,9428.063829787234
108.293087544851,47,443183,9429.425531914894
108.29374665161595,47,443247,9430.787234042553
108.29444278869778,47,443311,9432.148936170213
108.29515901673585,47,443375,9433.510638297872
108.29589396482334,47,443439,9434.872340425532
108.29658643295988,47,443503,9436.234042553191
108.29731007060036,47,443567,9437.595744680852
108.29799665790051,47,443631,9438.95744680851
108.29868727456778,47,443695,9440.31914893617
108.29938822286204,47,443759,9441.68085106383
108.30012283101678,47,443823,9443.04255319149
108.30082512879744,47,443887,9444.404255319148
108.30152360582724,47,443951,9445.765957446809
108.30224368395284,47,444015,9447.127659574468
108.30300619266927,47,444079,9448.489361702128
108.30372059065849,47,444143,9449.851063829787
108.3044336787425,47,444207,9451.212765957447
108.30510453600436,47,444271,9452.574468085106
108.30579781299457,47,444335,9453.936170212766
108.30643409863114,47,444399,9455.297872340425
108.30766029981896,47,444463,9456.659574468085
108.30850111087784,47,444527,9458.021276595744
108.30916107678786,47,444591,9459.382978723404
108.30985195375979,47,444655,9460.744680851063
108.31099249282852,47,444719,9462.106382978724
108.31170740071684,47,444783,9463.468085106382
108.31239537801594,47,444847,9464.829787234043
108.31311765592545,47,444911,9466.191489361701
108.3138743150048,47,444975,9467.553191489362
108.31458117300645,47,445039,9468.91489361702
108.31529060099274,47,445103,9470.27659574468
108.31599980778992,47,445167,9471.63829787234
108.31672790599987,47,445231,9473.0
108.98294587479904,47,445295,9474.36170212766
108.98390581877902,47,445359,9475.72340425532
108.98465126659721,47,445423,9477.08510638298
108.98530718358234,47,445487,9478.446808510638
108.98642093176022,47,445551,9479.808510638299
108.98728415276855,47,445615,9481.170212765957
108.98806692287326,47,445679,9482.531914893618
108.98881951160729,47,445743,9483.893617021276
108.98953827982768,47,445807,9485.255319148937
108.9903400898911,47,445871,9486.617021276596
108.99104802682996,47,445935,9487.978723404256
108.99177055573091,47,445999,9489.340425531915
108.99262690683827,47,446063,9490.702127659575
108.99477529060096,47,446127,9492.063829787234
108.9955787207,47,446191,9493.425531914894
108.9963064189069,47,446255,9494.787234042553
108.99700940679759,47,446319,9496.148936170213
108.99775940459222,47,446383,9497.510638297872
108.9985073436983,47,446447,9498.872340425532
108.99925032258034,47,446511,9500.234042553191
108.99999283067882,47,446575,9501.595744680852
109.0007034689188,47,446639,9502.95744680851
109.00140272593126,47,446703,9504.31914893617
109.00211248360574,47,446767,9505.68085106383
109.00284911273047,47,446831,9507.04255319149
109.00354508962482,47,446895,9508.404255319148
109.00425853766501,47,446959,9509.765957446809
109.00497319595888,47,447023,9511.127659574468
109.00573263457045,47,447087,9512.489361702128
109.00646077282727,47,447151,9513.851063829787
109.00717104086652,47,447215,9515.212765957447
109.00783607689664,47,447279,9516.574468085106
109.00853938469663,47,447343,9517.936170212766
109.00919752055779,47,447407,9519.297872340425
109.00994873978198,47,447471,9520.659574468085
109.01125961262733,47,447535,9522.021276595744
109.01204619277269,47,447599,9523.382978723404
109.01276296097785,47,447663,9524.744680851063
109.01349993888289,47,447727,9526.106382978724
109.01421831687912,47,447791,9527.468085106382
109.0149164935574,47,447855,9528.829787234043
109.01604988286272,47,447919,9530.191489361701
109.01695319497958,47,447983,9531.553191489362
109.01779947569594,47,448047,9532.91489361702
109.01853525498882,47,448111,9534.27659574468
109.01926812296733,47,448175,9535.63829787234
109.01996485097334,47,448239,9537.0
109.75310790259391,47,448303,9538.36170212766
109.75442834571004,47,448367,9539.72340425532
109.75542553095147,47,448431,9541.08510638298
109.75615682872012,47,448495,9542.446808510638
109.75687129655853,47,448559,9543.808510638299
109.7583735738881,47,448623,9545.170212765957
109.75938670989126,47,448687,9546.531914893618
109.7602594117634,47,448751,9547.893617021276
109.76099182991311,47,448815,9549.255319148937
109.76175868883729,47,448879,9550.617021276596
109.76246780669317,47,448943,9551.978723404256
109.76320783467963,47,449007,9553.340425531915
109.76391090266407,47,449071,9554.702127659575
109.76463973056525,47,449135,9556.063829787234
109.76537466887385,47,449199,9557.425531914894
109.76612649764866,47,449263,9558.787234042553
109.76699065975845,47,449327,9560.148936170213
109.76770811760798,47,449391,9561.510638297872
109.77023153100163,47,449455,9562.872340425532
109.77113459259272,47,449519,9564.234042553191
109.77190077165142,47,449583,9565.595744680852
109.77261207997799,47,449647,9566.95744680851
109.77331957779825,47,449711,9568.31914893617
109.77403024584055,47,449775,9569.68085106383
109.77477180399,47,449839,9571.04255319149
109.77547388197854,47,449903,9572.404255319148
109.77620458975434,47,449967,9573.765957446809
109.77694320864975,47,450031,9575.127659574468
109.77770837768912,47,450095,9576.489361702128
109.77843664586544,47,450159,9577.851063829787
109.7791625438258,47,450223,9579.212765957447
109.77983138058335,47,450287,9580.574468085106
109.78054099855945,47,450351,9581.936170212766
109.78120470466092,47,450415,9583.297872340425
109.78192875301465,47,450479,9584.659574468085
109.78263414092362,47,450543,9586.021276595744
109.78330055763945,47,450607,9587.382978723404
109.78400596464053,47,450671,9588.744680851063
109.7847315329127,47,450735,9590.106382978724
109.78543145069852,47,450799,9591.468085106382
109.78614512877539,47,450863,9592.829787234043
109.78687255689874,47,450927,9594.191489361701
109.7875954946503,47,450991,9595.553191489362
109.78830183297396,47,451055,9596.91489361702
109.78901333967224,47,451119,9598.27659574468
109.789743358735,47,451183,9599.63829787234
109.79050894780084,47,451247,9601.0
110.45705659501255,47,451311,9602.36170212766
110.45806104969233,47,451375,9603.72340425532
110.45883661881089,47,451439,9605.08510638298
110.45956921763718,47,451503,9606.446808510638
110.4608278288506,47,451567,9607.808510638299
110.46170073095709,47,451631,9609.170212765957
110.46248425077647,47,451695,9610.531914893618
110.4632614296861,47,451759,9611.893617021276
110.46399637777358,47,451823,9613.255319148937
110.46482312865555,47,451887,9614.617021276596
110.46553417667747,47,451951,9615.978723404256
110.46627580467612,47,452015,9617.340425531915
110.46715651685372,47,452079,9618.702127659575
110.46932870196179,47,452143,9620.063829787234
110.4702934557572,47,452207,9621.425531914894
110.47107976581901,47,452271,9622.787234042553
110.47181271389127,47,452335,9624.148936170213
110.47254154179245,47,452399,9625.510638297872
110.47327475994825,47,452463,9626.872340425532
110.47398384800181,47,452527,9628.234042553191
110.47474096668884,47,452591,9629.595744680852
110.47545206500217,47,452655,9630.95744680851
110.47615577187389,47,452719,9632.31914893617
110.47686520963907,47,452783,9633.68085106383
110.47760757897049,47,452847,9635.04255319149
110.47831562580541,47,452911,9636.404255319148
110.47901993384585,47,452975,9637.765957446809
110.47975365165621,47,453039,9639.127659574468
110.4805340017192,47,453103,9640.489361702128
110.48126010969281,47,453167,9641.851063829787
110.48196789762005,47,453231,9643.212765957447
110.48264998476952,47,453295,9644.574468085106
110.48335238173604,47,453359,9645.936170212766
110.48401186894625,47,453423,9647.297872340425
110.48479423765093,47,453487,9648.659574468085
110.48551011597738,47,453551,9650.021276595744
110.48683747975156,47,453615,9651.382978723404
110.4877227107063,47,453679,9652.744680851063
110.48846032982692,47,453743,9654.106382978724
110.48919255798683,47,453807,9655.468085106382
110.48988244496286,47,453871,9656.829787234043
110.49058562284335,47,453935,9658.191489361701
110.4913173718378,47,453999,9659.553191489362
110.49233616655692,47,454063,9660.91489361702
110.49319297773764,47,454127,9662.27659574468
110.49392173672095,47,454191,9663.63829787234
110.49463909491897,47,454255,9665.0
111.16915794089437,47,454319,9666.36170212766
111.1701587960124,47,454383,9667.72340425532
111.17096867598593,47,454447,9669.08510638298
111.17163638258353,47,454511,9670.446808510638
111.1726730489172,47,454575,9671.808510638299
111.1735908719711,47,454639,9673.170212765957
111.17452077474445,47,454703,9674.531914893618
111.17533681495115,47,454767,9675.893617021276
111.17609352385625,47,454831,9677.255319148937
111.17685066256672,47,454895,9678.617021276596
111.17757711093873,47,454959,9679.978723404256
111.17864582780749,47,455023,9681.340425531915
111.18052976485342,47,455087,9682.702127659575
111.18147080857307,47,455151,9684.063829787234
111.18235400086269,47,455215,9685.425531914894
111.18308298895136,47,455279,9686.787234042553
111.183878518641,47,455343,9688.148936170213
111.18459187680855,47,455407,9689.510638297872
111.18534235469997,47,455471,9690.872340425532
111.18605924397707,47,455535,9692.234042553191
111.18679278157651,47,455599,9693.595744680852
111.18752735992894,47,455663,9694.95744680851
111.18822711799294,47,455727,9696.31914893617
111.18893610499799,47,455791,9697.68085106383
111.18968167388812,47,455855,9699.04255319149
111.1903892219998,47,455919,9700.404255319148
111.19110966986045,47,455983,9701.765957446809
111.19183355756104,47,456047,9703.127659574468
111.19264318794012,47,456111,9704.489361702128
111.19395391084254,47,456175,9705.851063829787
111.19487292366102,47,456239,9707.212765957447
111.19565025297925,47,456303,9708.574468085106
111.19637034088373,47,456367,9709.936170212766
111.1970176869072,47,456431,9711.297872340425
111.19775262568146,47,456495,9712.659574468085
111.19917124090716,47,456559,9714.021276595744
111.19984914781526,47,456623,9715.382978723404
111.20058996696025,47,456687,9716.744680851063
111.20132447499782,47,456751,9718.106382978724
111.20203029271215,47,456815,9719.468085106382
111.20274352096021,47,456879,9720.829787234043
111.20344833796844,47,456943,9722.191489361701
111.20419031661004,47,457007,9723.553191489362
111.20492344489321,47,457071,9724.91489361702
111.20564616285264,47,457135,9726.27659574468
111.20637074066326,47,457199,9727.63829787234
111.20708867860958,47,457263,9729.0
111.20780204655603,47,457264,9729.021276595744
111.20780204655603,47,457264,9729.021276595744
111.87237869482487,46,447598,9730.391304347826
111.87338168965653,46,447662,9731.782608695652
111.8742239009589,46,447726,9733.173913043478
111.87496431870386,46,447790,9734.565217391304
111.87617062963545,46,447854,9735.95652173913
111.87691162759438,46,447918,9737.347826086956
111.87768869800493,46,447982,9738.739130434782
111.87839770456776,46,448046,9740.130434782608
111.87911779386923,46,448110,9741.521739130434
111.87984281172976,46,448174,9742.91304347826
111.88059867965057,46,448238,9744.304347826086
111.8814984029159,46,448302,9745.695652173914
111.88344337185845,46,448366,9747.08695652174
111.88437111489475,46,448430,9748.478260869566
111.88525952678174,46,448494,9749.869565217392
111.88597768498585,46,448558,9751.260869565218
111.88670132262632,46,448622,9752.652173913044
111.88752411399037,46,448686,9754.04347826087
111.88827177183703,46,448750,9755.434782608696
111.88901492068544,46,448814,9756.826086956522
111.88973661884665,46,448878,9758.217391304348
111.89047597767785,46,448942,9759.608695652174
111.89120554598048,46,449006,9761.0
111.8919516238384,46,449070,9762.391304347826
111.89266257174313,46,449134,9763.782608695652
111.89340923074633,46,449198,9765.173913043478
111.89416550984606,46,449262,9766.565217391304
111.89494218863547,46,449326,9767.95652173913
111.89567984780297,46,449390,9769.347826086956
111.89692977862433,46,449454,9770.739130434782
111.89783707074821,46,449518,9772.130434782608
111.89861104078591,46,449582,9773.521739130434
111.89927414664999,46,449646,9774.91304347826
111.8999946047552,46,449710,9776.304347826086
111.90141733083874,46,449774,9777.695652173914
111.90211194893345,46,449838,9779.08695652174
111.90284974686801,46,449902,9780.478260869566
111.90358629496768,46,449966,9781.869565217392
111.90432683378458,46,450030,9783.260869565218
111.90502793062478,46,450094,9784.652173913044
111.90575809963048,46,450158,9786.04347826087
111.90648922789842,46,450222,9787.434782608696
111.90722942585126,46,450286,9788.826086956522
111.90795526374131,46,450350,9790.217391304348
111.90870121261105,46,450414,9791.608695652174
111.90942815085873,46,450478,9793.0
112.64422354474664,46,450528,9794.08695652174
112.64422354474664,46,450528,9794.08695652174
112.96245327172801,45,440749,9794.422222222222
112.9641406047158,45,440813,9795.844444444445
112.96573668485507,45,440877,9797.266666666666
112.96699375566095,45,440941,9798.68888888889
112.96827861759812,45,441005,9800.111111111111
112.97034259000793,45,441069,9801.533333333333
112.97177126584575,45,441133,9802.955555555556
112.9729954758659,45,441197,9804.377777777778
112.97417630581185,45,441261,9805.8
112.97550438856706,45,441325,9807.222222222223
112.97674998966977,45,441389,9808.644444444444
112.9779819007963,45,441453,9810.066666666668
112.97918806085363,45,441517,9811.488888888889
112.98090120358393,45,441581,9812.91111111111
112.98227566760033,45,441645,9814.333333333334
112.98340091574937,45,441709,9815.755555555555
112.98667027801275,45,441773,9817.177777777777
112.98810495389625,45,441837,9818.6
112.98944706656039,45,441901,9820.022222222222
112.99081053165719,45,441965,9821.444444444445
112.9919707509689,45,442029,9822.866666666667
112.99319908069447,45,442093,9824.288888888888
112.99450607364997,45,442157,9825.711111111112
112.99566578259692,45,442221,9827.133333333333
112.99683394189924,45,442285,9828.555555555555
112.99803706165403,45,442349,9829.977777777778
112.99930755374953,45,442413,9831.4
113.00050427392125,45,442477,9832.822222222223
113.00168686360121,45,442541,9834.244444444445
113.00288759358227,45,442605,9835.666666666666
113.00396338058636,45,442669,9837.08888888889
113.00508813885972,45,442733,9838.511111111111
113.00604800274596,45,442797,9839.933333333332
113.00675855064765,45,442861,9841.355555555556
113.00743804778904,45,442925,9842.777777777777
113.00817540567368,45,442989,9844.2
113.00890272390097,45,443053,9845.622222222222
113.0096220918931,45,443117,9847.044444444444
113.01097443560138,45,443181,9848.466666666667
113.01170553360134,45,443245,9849.888888888889
113.012537764851,45,443309,9851.31111111111
113.01333853462711,45,443373,9852.733333333334
113.01406168285757,45,443437,9854.155555555555
113.01480478188023,45,443501,9855.577777777778
113.01554752979428,45,443565,9857.0
113.86803433671594,45,443629,9858.422222222222
113.86916926456615,45,443693,9859.844444444445
113.87018449092284,45,443757,9861.266666666666
113.87096174992621,45,443821,9862.68888888889
113.87177588092163,45,443885,9864.111111111111
113.87312547396868,45,443949,9865.533333333333
113.87401189701632,45,444013,9866.955555555556
113.87476693559438,45,444077,9868.377777777778
113.87549161398783,45,444141,9869.8
113.87631016364321,45,444205,9871.222222222223
113.87708748271689,45,444269,9872.644444444444
113.87786283297464,45,444333,9874.066666666668
113.8786083208397,45,444397,9875.488888888889
113.87969366880134,45,444461,9876.91111111111
113.88054337957874,45,444525,9878.333333333334
113.88125031767413,45,444589,9879.755555555555
113.88345179287717,45,444653,9881.177777777777
113.88435228494927,45,444717,9882.6
113.8851842856966,45,444781,9884.022222222222
113.88605710770935,45,444845,9885.444444444445
113.88677996583283,45,444909,9886.866666666667
113.88751526363194,45,444973,9888.288888888888
113.8883605147712,45,445037,9889.711111111112
113.88908483367413,45,445101,9891.133333333333
113.88980517163873,45,445165,9892.555555555555
113.89055248955265,45,445229,9893.977777777778
113.89133643964306,45,445293,9895.4
113.89207951771095,45,445357,9896.822222222223
113.89280636655167,45,445421,9898.244444444445
113.8935810457915,45,445485,9899.666666666666
113.8942738827318,45,445549,9901.08888888889
113.89496132964268,45,445613,9902.511111111111
113.89569065859541,45,445677,9903.933333333332
113.89642309676856,45,445741,9905.355555555556
113.89709168393165,45,445805,9906.777777777777
113.8978276415728,45,445869,9908.2
113.8985739108175,45,445933,9909.622222222222
113.89931544894353,45,445997,9911.044444444444
113.90065849293023,45,446061,9912.466666666667
113.90140943182632,45,446125,9913.888888888889
113.90223350189626,45,446189,9915.31111111111
113.90305132279173,45,446253,9916.733333333334
113.90377381071448,45,446317,9918.155555555555
113.9045132487081,45,446381,9919.577777777778
113.90526487771422,45,446445,9921.0
114.61739868484437,45,446509,9922.422222222222
114.6184867429547,45,446573,9923.844444444445
114.61949628777802,45,446637,9925.266666666666
114.6202753665857,45,446701,9926.68888888889
114.62109691789374,45,446765,9928.111111111111
114.62245182180777,45,446829,9929.533333333333
114.62334944400936,45,446893,9930.955555555556
114.62411154294387,45,446957,9932.377777777778
114.62483619060367,45,447021,9933.8
114.62565889162943,45,447085,9935.222222222223
114.62643130077049,45,447149,9936.644444444444
114.62722330074757,45,447213,9938.066666666668
114.62798264995217,45,447277,9939.488888888889
114.62908288696781,45,447341,9940.91111111111
114.629930538591,45,447405,9942.333333333334
114.63063855655491,45,447469,9943.755555555555
114.63283717166632,45,447533,9945.177777777777
114.6337717147544,45,447597,9946.6
114.63482029084116,45,447661,9948.022222222222
114.63569284277037,45,447725,9949.444444444445
114.63644035067409,45,447789,9950.866666666667
114.63719328958541,45,447853,9952.288888888888
114.63801542064175,45,447917,9953.711111111112
114.63876604987308,45,447981,9955.133333333333
114.63950111763552,45,448045,9956.555555555555
114.64025776693597,45,448109,9957.977777777778
114.6410523368977,45,448173,9959.4
114.64179416466504,45,448237,9960.822222222223
114.64252712391317,45,448301,9962.244444444445
114.6432637218386,45,448365,9963.666666666666
114.6439315485768,45,448429,9965.08888888889
114.64463802659884,45,448493,9966.511111111111
114.64537034463137,45,448557,9967.933333333332
114.64610133273527,45,448621,9969.355555555556
114.64678743993863,45,448685,9970.777777777777
114.64753125887364,45,448749,9972.2
114.64828897779807,45,448813,9973.622222222222
114.6490265657194,45,448877,9975.044444444444
114.64981148578227,45,448941,9976.466666666667
114.65112909860909,45,449005,9977.888888888889
114.65210672281682,45,449069,9979.31111111111
114.65297710476443,45,449133,9980.733333333334
114.65373087394983,45,449197,9982.155555555555
114.65447751292959,45,449261,9983.577777777778
114.65522087085992,45,449325,9985.0
115.57228175271302,45,449389,9986.422222222222
115.57336272997782,45,449453,9987.844444444445
115.5743881156668,45,449517,9989.266666666666
115.57542418176308,45,449581,9990.68888888889
115.57617523986846,45,449645,9992.111111111111
115.57703232159838,45,449709,9993.533333333333
115.57800159556791,45,449773,9994.955555555556
115.57874804455787,45,449837,9996.377777777778
115.57961631566286,45,449901,9997.8
115.58058327063918,45,449965,9999.222222222223
115.58154799463227,45,450029,10000.644444444444
115.58236168464646,45,450093,10002.066666666668
115.58334069978446,45,450157,10003.488888888889
115.58437452465296,45,450221,10004.91111111111
115.58523050695658,45,450285,10006.333333333334
115.58593182358891,45,450349,10007.755555555555
115.58683437667787,45,450413,10009.177777777777
115.5876177358441,45,450477,10010.6
115.58871399378404,45,450541,10012.022222222222
115.5895613245666,45,450605,10013.444444444445
115.59029189264402,45,450669,10014.866666666667
115.59105149190873,45,450733,10016.288888888888
115.5918716727756,45,450797,10017.711111111112
115.59291967889294,45,450861,10019.133333333333
115.59377938089892,45,450925,10020.555555555555
115.59462627163157,45,450989,10021.977777777778
115.59548578271642,45,451053,10023.4
115.59690953884274,45,451117,10024.822222222223
115.59787621255964,45,451181,10026.244444444445
115.59872983396053,45,451245,10027.666666666666
115.59941219072789,45,451309,10029.08888888889
115.60010812897235,45,451373,10030.511111111111
115.60084930667654,45,451437,10031.933333333332
115.60160020599142,45,451501,10033.355555555556
115.60227316292003,45,451565,10034.777777777777
115.6030179518275,45,451629,10036.2
115.60375308990479,45,451693,10037.622222222222
115.60504906158894,45,451757,10039.044444444444
115.60590705368668,45,451821,10040.466666666667
115.60667987260967,45,451885,10041.888888888889
115.6074497019872,45,451949,10043.31111111111
115.60821262188256,45,452013,10044.733333333334
115.60893540875986,45,452077,10046.155555555555
115.60970089863986,45,452141,10047.577777777778
115.61044357670471,45,452205,10049.0
116.2926894868724,45,452269,10050.422222222222
116.2944188406691,45,452333,10051.844444444445
116.29612743295729,45,452397,10053.266666666666
116.29742320580408,45,452461,10054.68888888889
116.29942607600242,45,452525,10056.111111111111
116.3010581266135,45,452589,10057.533333333333
116.3024695715867,45,452653,10058.955555555556
116.30370227294043,45,452717,10060.377777777778
116.30490642273799,45,452781,10061.8
116.30626679677516,45,452845,10063.222222222223
116.30752245755866,45,452909,10064.644444444444
116.30878622969612,45,452973,10066.066666666668
116.31039050966501,45,453037,10067.488888888889
116.31380801601335,45,453101,10068.91111111111
116.31539376499131,45,453165,10070.333333333334
116.31657383497804,45,453229,10071.755555555555
116.31787077663466,45,453293,10073.177777777777
116.31918565975502,45,453357,10074.6
116.32055646367371,45,453421,10076.022222222222
116.32175372401252,45,453485,10077.444444444445
116.32293183356524,45,453549,10078.866666666667
116.32414997369051,45,453613,10080.288888888888
116.32546174665913,45,453677,10081.711111111112
116.32664133561775,45,453741,10083.133333333333
116.3278413657099,45,453805,10084.555555555555
116.329118788708,45,453869,10085.977777777778
116.33040504064411,45,453933,10087.4
116.33161360071972,45,453997,10088.822222222223
116.33281232090667,45,454061,10090.244444444445
116.33400967065245,45,454125,10091.666666666666
116.33512767869979,45,454189,10093.08888888889
116.33626526687294,45,454253,10094.511111111111
116.33746584691107,45,454317,10095.933333333332
116.33832255890593,45,454381,10097.355555555556
116.33899989584461,45,454445,10098.777777777777
116.34076391998678,45,454509,10100.2
116.34170612273738,45,454573,10101.622222222222
116.34258275479078,45,454637,10103.044444444444
116.34332982357591,45,454701,10104.466666666667
116.34408593270928,45,454765,10105.888888888889
116.34487164160237,45,454829,10107.31111111111
116.34574387362227,45,454893,10108.733333333334
116.34673664858565,45,454957,10110.155555555555
116.34749733796343,45,455021,10111.577777777778
116.34829113772139,45,455085,10113.0
117.21902032196522,45,455149,10114.422222222222
117.22026869282126,45,455213,10115.844444444445
117.22140864096582,45,455277,10117.266666666666
117.2222445816733,45,455341,10118.68888888889
117.22354734363034,45,455405,10120.111111111111
117.22457921970636,45,455469,10121.533333333333
117.22544379159808,45,455533,10122.955555555556
117.2262064809911,45,455597,10124.377777777778
117.22697687987238,45,455661,10125.8
117.22780372062698,45,455725,10127.222222222223
117.22857571998611,45,455789,10128.644444444444
117.229364879895,45,455853,10130.066666666668
117.2304262155667,45,455917,10131.488888888889
117.23264921177179,45,455981,10132.91111111111
117.23363261669874,45,456045,10134.333333333334
117.23446966800839,45,456109,10135.755555555555
117.23531346861273,45,456173,10137.177777777777
117.23610707884654,45,456237,10138.6
117.23694960959256,45,456301,10140.022222222222
117.23769447766244,45,456365,10141.444444444445
117.23844118695706,45,456429,10142.866666666667
117.23919559596106,45,456493,10144.288888888888
117.24001237563789,45,456557,10145.711111111112
117.24076491501182,45,456621,10147.133333333333
117.24151636380702,45,456685,10148.555555555555
117.24228578293696,45,456749,10149.977777777778
117.24311385396868,45,456813,10151.4
117.24386894283816,45,456877,10152.822222222223
117.24461338156834,45,456941,10154.244444444445
117.2453578999266,45,457005,10155.666666666666
117.24603650672361,45,457069,10157.08888888889
117.24678368587047,45,457133,10158.511111111111
117.2475206637755,45,457197,10159.933333333332
117.24825548194349,45,457261,10161.355555555556
117.24953304463997,45,457325,10162.777777777777
117.2503084037453,45,457389,10164.2
117.25108372280374,45,457453,10165.622222222222
117.25183683168143,45,457517,10167.044444444444
117.25256901979446,45,457581,10168.466666666667
117.25332092866302,45,457645,10169.888888888889
117.25409906869754,45,457709,10171.31111111111
117.2552524167113,45,457773,10172.733333333334
117.25615157978609,45,457837,10174.155555555555
117.25697050988674,45,457901,10175.577777777778
117.25772785861045,45,457965,10177.0
118.95447975862771,45,458029,10178.422222222222
118.95607895869762,45,458093,10179.844444444445
118.9578094216995,45,458157,10181.266666666666
118.9591197646223,45,458221,10182.68888888889
118.96046958863735,45,458285,10184.111111111111
118.96257901098579,45,458349,10185.533333333333
118.96402637800202,45,458413,10186.955555555556
118.96528538875282,45,458477,10188.377777777778
118.96651995973662,45,458541,10189.8
118.9678989239037,45,458605,10191.222222222223
118.96916780574247,45,458669,10192.644444444444
118.97045582765713,45,458733,10194.066666666668
118.97169884992763,45,458797,10195.488888888889
118.97362979780883,45,458861,10196.91111111111
118.9751574457623,45,458925,10198.333333333334
118.97648205887526,45,458989,10199.755555555555
118.9779100548476,45,459053,10201.177777777777
118.98132587969303,45,459117,10202.6
118.98289521876723,45,459181,10204.022222222222
118.98438490694389,45,459245,10205.444444444445
118.98574782069772,45,459309,10206.866666666667
118.9869872815907,45,459373,10208.288888888888
118.98837630683556,45,459437,10209.711111111112
118.98964133765548,45,459501,10211.133333333333
118.99088096898049,45,459565,10212.555555555555
118.9921784917824,45,459629,10213.977777777778
118.993490554858,45,459693,10215.4
118.99477203562856,45,459757,10216.822222222223
118.99599275691435,45,459821,10218.244444444445
118.99722812790424,45,459885,10219.666666666666
118.99815350072458,45,459949,10221.08888888889
118.99885757872835,45,460013,10222.511111111111
118.99960842775181,45,460077,10223.933333333332
119.00034979591146,45,460141,10225.355555555556
119.0010365829803,45,460205,10226.777777777777
119.0018114829436,45,460269,10228.2
119.00256617087871,45,460333,10229.622222222222
119.00331143988296,45,460397,10231.044444444444
119.00405985862017,45,460461,10232.466666666667
119.0047917868942,45,460525,10233.888888888889
119.0061366809532,45,460589,10235.31111111111
119.00707912398502,45,460653,10236.733333333334
119.00787475379184,45,460717,10238.155555555555
119.00864045275375,45,460781,10239.577777777778
119.00948026357219,45,460845,10241.0
119.66441452177241,45,460909,10242.422222222222
119.66545454785228,45,460973,10243.844444444445
119.66647253278643,45,461037,10245.266666666666
119.66746080759913,45,461101,10246.68888888889
119.66882489155978,45,461165,10248.111111111111
119.66985166771337,45,461229,10249.533333333333
119.67065352760255,45,461293,10250.955555555556
119.67148798890412,45,461357,10252.377777777778
119.67223528772593,45,461421,10253.8
119.67308028880507,45,461485,10255.222222222223
119.67383003700525,45,461549,10256.644444444444
119.67460513673723,45,461613,10258.066666666668
119.67537971585989,45,461677,10259.488888888889
119.67644320288673,45,461741,10260.91111111111
119.67882553162053,45,461805,10262.333333333334
119.679670013953,45,461869,10263.755555555555
119.68059698585421,45,461933,10265.177777777777
119.68144249776378,45,461997,10266.6
119.68234039982781,45,462061,10268.022222222222
119.68315750965849,45,462125,10269.444444444445
119.6839027586393,45,462189,10270.866666666667
119.68467433890328,45,462253,10272.288888888888
119.68555548088625,45,462317,10273.711111111112
119.68630842864513,45,462381,10275.133333333333
119.68706556782126,45,462445,10276.555555555555
119.68785056797788,45,462509,10277.977777777778
119.68866818770766,45,462573,10279.4
119.68944352772087,45,462637,10280.822222222223
119.69023103779182,45,462701,10282.244444444445
119.69097958598286,45,462765,10283.666666666666
119.69168001366779,45,462829,10285.08888888889
119.69239359162748,45,462893,10286.511111111111
119.69315227074549,45,462957,10287.933333333332
119.6938938186504,45,463021,10289.355555555556
119.69458852661774,45,463085,10290.777777777777
119.69534965464845,45,463149,10292.2
119.69612794462591,45,463213,10293.622222222222
119.6968735838309,45,463277,10295.044444444444
119.69761624187231,45,463341,10296.466666666667
119.6983811208047,45,463405,10297.888888888889
119.69977874588221,45,463469,10299.31111111111
119.70073123974726,45,463533,10300.733333333334
119.70154276071116,45,463597,10302.155555555555
119.70232605980709,45,463661,10303.577777777778
119.70316799078137,45,463725,10305.0
120.38246862776577,45,463789,10306.422222222222
120.38356466498226,45,463853,10307.844444444445
120.38465764280409,45,463917,10309.266666666666
120.38569723861292,45,463981,10310.68888888889
120.3871816857718,45,464045,10312.111111111111
120.3882434326224,45,464109,10313.533333333333
120.38906880281866,45,464173,10314.955555555556
120.38990825368091,45,464237,10316.377777777778
120.39066140260547,45,464301,10317.8
120.3914990639314,45,464365,10319.222222222223
120.39226232282817,45,464429,10320.644444444444
120.39305338263512,45,464493,10322.066666666668
120.39382625184953,45,464557,10323.488888888889
120.3949123788625,45,464621,10324.91111111111
120.39731354871765,45,464685,10326.333333333334
120.39818604057655,45,464749,10327.755555555555
120.39906662283465,45,464813,10329.177777777777
120.39995049498975,45,464877,10330.6
120.40081120701507,45,464941,10332.022222222222
120.4015768058598,45,465005,10333.444444444445
120.40232577500865,45,465069,10334.866666666667
120.40309854364023,45,465133,10336.288888888888
120.40388953359798,45,465197,10337.711111111112
120.40463666291907,45,465261,10339.133333333333
120.40539355063811,45,465325,10340.555555555555
120.40618262067437,45,465389,10341.977777777778
120.40700990194455,45,465453,10343.4
120.407785221003,45,465517,10344.822222222223
120.40855021961033,45,465581,10346.244444444445
120.40934058977291,45,465645,10347.666666666666
120.4100346066989,45,465709,10349.08888888889
120.4107538247481,45,465773,10350.511111111111
120.41150594362989,45,465837,10351.933333333332
120.41226887283847,45,465901,10353.355555555556
120.41296720085666,45,465965,10354.777777777777
120.41373161971569,45,466029,10356.2
120.41448980895802,45,466093,10357.622222222222
120.41525843786076,45,466157,10359.044444444444
120.41599338594824,45,466221,10360.466666666667
120.41740710195154,45,466285,10361.888888888889
120.41844345768914,45,466349,10363.31111111111
120.41937760077417,45,466413,10364.733333333334
120.42015789076686,45,466477,10366.155555555555
120.42093535000458,45,466541,10367.577777777778
120.42172283958644,45,466605,10369.0
121.17137482576072,45,466669,10370.422222222222
121.17327035358176,45,466733,10371.844444444445
121.17507561901584,45,466797,10373.266666666666
121.1766714588739,45,466861,10374.68888888889
121.1787938317284,45,466925,10376.111111111111
121.18044392298907,45,466989,10377.533333333333
121.18178778560832,45,467053,10378.955555555556
121.18322962289676,45,467117,10380.377777777778
121.18447016365826,45,467181,10381.8
121.18577982578427,45,467245,10383.222222222223
121.18711250973865,45,467309,10384.644444444444
121.18874273076653,45,467373,10386.066666666668
121.19220179691911,45,467437,10387.488888888889
121.19382821768522,45,467501,10388.91111111111
121.19527540355921,45,467565,10390.333333333334
121.19647432398051,45,467629,10391.755555555555
121.19787260890007,45,467693,10393.177777777777
121.199216412846,45,467757,10394.6
121.20066442899406,45,467821,10396.022222222222
121.20194318098947,45,467885,10397.444444444445
121.20318198157474,45,467949,10398.866666666667
121.20443498296663,45,468013,10400.288888888888
121.20574363600463,45,468077,10401.711111111112
121.20697147585452,45,468141,10403.133333333333
121.20821908768266,45,468205,10404.555555555555
121.20949802966788,45,468269,10405.977777777778
121.21083288267255,45,468333,10407.4
121.21213927585632,45,468397,10408.822222222223
121.21338489698246,45,468461,10410.244444444445
121.21462726779282,45,468525,10411.666666666666
121.21587760886177,45,468589,10413.08888888889
121.21722508268431,45,468653,10414.511111111111
121.21806461364031,45,468717,10415.933333333332
121.21896700561047,45,468781,10417.355555555556
121.21967394370586,45,468845,10418.777777777777
121.22057625558227,45,468909,10420.2
121.22136712586507,45,468973,10421.622222222222
121.22212531464174,45,469037,10423.044444444444
121.22323437267914,45,469101,10424.466666666667
121.22402080288157,45,469165,10425.888888888889
121.22491045482457,45,469229,10427.31111111111
121.22585679870099,45,469293,10428.733333333334
121.22662225784734,45,469357,10430.155555555555
121.22742450796068,45,469421,10431.577777777778
121.2282161777839,45,469485,10433.0
121.89258513180539,45,469549,10434.422222222222
121.89378810161725,45,469613,10435.844444444445
121.89492585975677,45,469677,10437.266666666666
121.89589930372313,45,469741,10438.68888888889
121.8974019116722,45,469805,10440.111111111111
121.89847436873242,45,469869,10441.533333333333
121.8992978585884,45,469933,10442.955555555556
121.90017408085987,45,469997,10444.377777777778
121.90095212077722,45,470061,10445.8
121.90181465167552,45,470125,10447.222222222223
121.9026125119999,45,470189,10448.644444444444
121.90342661272734,45,470253,10450.066666666668
121.90423608291894,45,470317,10451.488888888889
121.90539691178128,45,470381,10452.91111111111
121.9078641938977,45,470445,10454.333333333334
121.908735784702,45,470509,10455.755555555555
121.9096633689478,45,470573,10457.177777777777
121.9104985599406,45,470637,10458.6
121.9114212426357,45,470701,10460.022222222222
121.9123435257934,45,470765,10461.444444444445
121.91312315501273,45,470829,10462.866666666667
121.91390027385205,45,470893,10464.288888888888
121.91472714487463,45,470957,10465.711111111112
121.91548860399053,45,471021,10467.133333333333
121.9162526326254,45,471085,10468.555555555555
121.91705029271543,45,471149,10469.977777777778
121.91793885501102,45,471213,10471.4
121.91874192561954,45,471277,10472.822222222223
121.91954134590924,45,471341,10474.244444444445
121.92031710455194,45,471405,10475.666666666666
121.92102134274319,45,471469,10477.08888888889
121.92176826065406,45,471533,10478.511111111111
121.92254055058584,45,471597,10479.933333333332
121.9233000096865,45,471661,10481.355555555556
121.9240014469251,45,471725,10482.777777777777
121.92477590590715,45,471789,10484.2
121.92555067595094,45,471853,10485.622222222222
121.92631756467745,45,471917,10487.044444444444
121.9277257998474,45,471981,10488.466666666667
121.92853795969859,45,472045,10489.888888888889
121.92949006380513,45,472109,10491.31111111111
121.93033891590312,45,472173,10492.733333333334
121.93112077470869,45,472237,10494.155555555555
121.93189622368664,45,472301,10495.577777777778
121.9326881938614,45,472365,10497.0
122.38564530201256,45,472409,10497.977777777778
122.38564530201256,45,472409,10497.977777777778
122.75638565281406,44,461932,10498.454545454546
122.75841039279476,44,461996,10499.90909090909
122.76032424066216,44,462060,10501.363636363636
122.76209889585152,44,462124,10502.818181818182
122.76393849169835,44,462188,10504.272727272728
122.76659938786179,44,462252,10505.727272727272
122.76810180582106,44,462316,10507.181818181818
122.7694034576416,44,462380,10508.636363636364
122.77067673997954,44,462444,10510.09090909091
122.7721801479347,44,462508,10511.545454545454
122.77361408388242,44,462572,10513.0
122.77505602873862,44,462636,10514.454545454546
122.77636873256415,44,462700,10515.90909090909
122.77763788355514,44,462764,10517.363636363636
122.77919075265527,44,462828,10518.818181818182
122.78056733682752,44,462892,10520.272727272728
122.78229599073529,44,462956,10521.727272727272
122.78372227586806,44,463020,10523.181818181818
122.7853286457248,44,463084,10524.636363636364
122.786680909805,44,463148,10526.09090909091
122.78821387887001,44,463212,10527.545454545454
122.79195030173287,44,463276,10529.0
122.79338154755533,44,463340,10530.454545454546
122.79464411875233,44,463404,10531.90909090909
122.7964571849443,44,463468,10533.363636363636
122.79806688474491,44,463532,10534.818181818182
122.79888552473858,44,463596,10536.272727272728
122.79967860458419,44,463660,10537.727272727272
122.8004776746966,44,463724,10539.181818181818
122.80119754280895,44,463788,10540.636363636364
122.8019920126535,44,463852,10542.09090909091
122.80272334069014,44,463916,10543.545454545454
122.80351039068773,44,463980,10545.0
122.80423410888761,44,464044,10546.454545454546
122.80502039892599,44,464108,10547.90909090909
122.80580798862502,44,464172,10549.363636363636
122.80658230790868,44,464236,10550.818181818182
122.8073480068706,44,464300,10552.272727272728
122.8081189058721,44,464364,10553.727272727272
122.8089747177437,44,464428,10555.181818181818
122.80977315781638,44,464492,10556.636363636364
122.81054622679949,44,464556,10558.09090909091
122.81134945666417,44,464620,10559.545454545454
122.81213302677497,44,464684,10561.0
123.54415637301281,44,464748,10562.454545454546
123.54523777961731,44,464812,10563.90909090909
123.54609130090103,44,464876,10565.363636363636
123.54690112080425,44,464940,10566.818181818182
123.54800769872963,44,465004,10568.272727272728
123.5491229868494,44,465068,10569.727272727272
123.55006048968062,44,465132,10571.181818181818
123.5509023508057,44,465196,10572.636363636364
123.55168883083388,44,465260,10574.09090909091
123.5525418817997,44,465324,10575.545454545454
123.55337818292901,44,465388,10577.0
123.55430605588481,44,465452,10578.454545454546
123.55640691891313,44,465516,10579.90909090909
123.55741924373433,44,465580,10581.363636363636
123.5584924207069,44,465644,10582.818181818182
123.5593357118778,44,465708,10584.272727272728
123.56010361155495,44,465772,10585.727272727272
123.56094506196678,44,465836,10587.181818181818
123.56172900181264,44,465900,10588.636363636364
123.56250421190634,44,465964,10590.09090909091
123.56331251189113,44,466028,10591.545454545454
123.5641438527964,44,466092,10593.0
123.56490749167278,44,466156,10594.454545454546
123.56568104075268,44,466220,10595.90909090909
123.5664854105562,44,466284,10597.363636363636
123.56734521267936,44,466348,10598.818181818182
123.56816483289003,44,466412,10600.272727272728
123.56894499296322,44,466476,10601.727272727272
123.56972141191363,44,466540,10603.181818181818
123.57045227987692,44,466604,10604.636363636364
123.5712407999672,44,466668,10606.09090909091
123.57241375884041,44,466732,10607.545454545454
123.57319027883932,44,466796,10609.0
123.57418113294989,44,466860,10610.454545454546
123.57496900297701,44,466924,10611.90909090909
123.57577512273565,44,466988,10613.363636363636
123.57655409257859,44,467052,10614.818181818182
123.57757373759523,44,467116,10616.272727272728
123.57855932274833,44,467180,10617.727272727272
123.5796634205617,44,467244,10619.181818181818
123.58070051576942,44,467308,10620.636363636364
123.58154604770243,44,467372,10622.09090909091
123.58241828996688,44,467436,10623.545454545454
123.5832418599166,44,467500,10625.0
124.2655657925643,44,467564,10626.454545454546
124.26657871855423,44,467628,10627.90909090909
124.26742859976366,44,467692,10629.363636363636
124.26825212081894,44,467756,10630.818181818182
124.26934375800192,44,467820,10632.272727272728
124.27047548582777,44,467884,10633.727272727272
124.27143710991368,44,467948,10635.181818181818
124.27230413164943,44,468012,10636.636363636364
124.27309991186485,44,468076,10638.09090909091
124.27396081294864,44,468140,10639.545454545454
124.2748169247061,44,468204,10641.0
124.27578990859911,44,468268,10642.454545454546
124.27786666061729,44,468332,10643.90909090909
124.2788503547199,44,468396,10645.363636363636
124.27992592193186,44,468460,10646.818181818182
124.28079353366047,44,468524,10648.272727272728
124.281562382821,44,468588,10649.727272727272
124.28246213588864,44,468652,10651.181818181818
124.2833730080165,44,468716,10652.636363636364
124.28414843790233,44,468780,10654.09090909091
124.28492824686691,44,468844,10655.545454545454
124.28576658759266,44,468908,10657.0
124.28656424768269,44,468972,10658.454545454546
124.28734565759078,44,469036,10659.90909090909
124.28820212883875,44,469100,10661.363636363636
124.28904943075031,44,469164,10662.818181818182
124.28985346062109,44,469228,10664.272727272728
124.29064890975133,44,469292,10665.727272727272
124.29143705964088,44,469356,10667.181818181818
124.29215671774,44,469420,10668.636363636364
124.29300243966281,44,469484,10670.09090909091
124.2938616508618,44,469548,10671.545454545454
124.29501796001568,44,469612,10673.0
124.29589366167784,44,469676,10674.454545454546
124.29670452186838,44,469740,10675.90909090909
124.29752257280052,44,469804,10677.363636363636
124.29829730186611,44,469868,10678.818181818182
124.2990584205836,44,469932,10680.272727272728
124.3001295980066,44,469996,10681.727272727272
124.301189083606,44,470060,10683.181818181818
124.30216426867992,44,470124,10684.636363636364
124.30295129772276,44,470188,10686.09090909091
124.30373987788334,44,470252,10687.545454545454
124.30452785780653,44,470316,10689.0
124.99043638072908,44,470380,10690.454545454546
124.99157922901213,44,470444,10691.90909090909
124.99276897870004,44,470508,10693.363636363636
124.99387093586847,44,470572,10694.818181818182
124.99545958591625,44,470636,10696.272727272728
124.99644983094186,44,470700,10697.727272727272
124.99734964268282,44,470764,10699.181818181818
124.9982377057895,44,470828,10700.636363636364
124.99903484480456,44,470892,10702.09090909091
124.99987724656239,44,470956,10703.545454545454
125.0006540059112,44,471020,10705.0
125.00147830694914,44,471084,10706.454545454546
125.00230200681835,44,471148,10707.90909090909
125.00352478772402,44,471212,10709.363636363636
125.0045624137856,44,471276,10710.818181818182
125.00696865376085,44,471340,10712.272727272728
125.00779114384204,44,471404,10713.727272727272
125.00873451773077,44,471468,10715.181818181818
125.00972846290097,44,471532,10716.636363636364
125.01055610366166,44,471596,10718.09090909091
125.01143521582708,44,471660,10719.545454545454
125.01231888774782,44,471724,10721.0
125.01316283876076,44,471788,10722.454545454546
125.0139518789947,44,471852,10723.90909090909
125.01478968979791,44,471916,10725.363636363636
125.01563126081601,44,471980,10726.818181818182
125.01643775077537,44,472044,10728.272727272728
125.01726705161855,44,472108,10729.727272727272
125.0180760519579,44,472172,10731.181818181818
125.01879720995203,44,472236,10732.636363636364
125.01960923988372,44,472300,10734.09090909091
125.020369078964,44,472364,10735.545454545454
125.02114298800007,44,472428,10737.0
125.02196907857433,44,472492,10738.454545454546
125.02279037889093,44,472556,10739.90909090909
125.02361616957933,44,472620,10741.363636363636
125.02440751995891,44,472684,10742.818181818182
125.02518296986818,44,472748,10744.272727272728
125.02595778880641,44,472812,10745.727272727272
125.02753443783149,44,472876,10747.181818181818
125.02851898269728,44,472940,10748.636363636364
125.02939588483423,44,473004,10750.09090909091
125.03034413885325,44,473068,10751.545454545454
125.0311457789503,44,473132,10753.0
125.71373330894858,44,473196,10754.454545454546
125.71489109797403,44,473260,10755.90909090909
125.71595850400627,44,473324,10757.363636363636
125.71708496194333,44,473388,10758.818181818182
125.71838399488479,44,473452,10760.272727272728
125.71931891795248,44,473516,10761.727272727272
125.72016588971019,44,473580,10763.181818181818
125.72106265183538,44,473644,10764.636363636364
125.7218485516496,44,473708,10766.09090909091
125.7226812117733,44,473772,10767.545454545454
125.72379950992763,44,473836,10769.0
125.7248815568164,44,473900,10770.454545454546
125.72707225196064,44,473964,10771.90909090909
125.72815545881167,44,474028,10773.363636363636
125.72919966466725,44,474092,10774.818181818182
125.72999351471663,44,474156,10776.272727272728
125.73078008461744,44,474220,10777.727272727272
125.73170908773318,44,474284,10779.181818181818
125.73250118782744,44,474348,10780.636363636364
125.7332784566097,44,474412,10782.09090909091
125.73407373670489,44,474476,10783.545454545454
125.73489071801305,44,474540,10785.0
125.73570413794369,44,474604,10786.454545454546
125.73651672760025,44,474668,10787.90909090909
125.73734340863302,44,474732,10789.363636363636
125.73819022998214,44,474796,10790.818181818182
125.73898569960147,44,474860,10792.272727272728
125.74053015885875,44,474924,10793.727272727272
125.74149819277227,44,474988,10795.181818181818
125.74244281556457,44,475052,10796.636363636364
125.74365764670074,44,475116,10798.09090909091
125.74441797565669,44,475180,10799.545454545454
125.74520084494725,44,475244,10801.0
125.74601726559922,44,475308,10802.454545454546
125.74681186582893,44,475372,10803.90909090909
125.74763549584895,44,475436,10805.363636363636
125.74902059091255,44,475500,10806.818181818182
125.7499177227728,44,475564,10808.272727272728
125.75073046376929,44,475628,10809.727272727272
125.75163364596665,44,475692,10811.181818181818
125.75257792975754,44,475756,10812.636363636364
125.75336764985695,44,475820,10814.09090909091
125.75417153956369,44,475884,10815.545454545454
125.75524959666654,44,475948,10817.0
125.77783377189189,44,475954,10817.136363636364
125.77783377189189,44,475954,10817.136363636364
126.49377927556634,43,465195,10818.488372093023
126.49498447589576,43,465259,10819.976744186046
126.49608233384788,43,465323,10821.46511627907
126.49699420575052,43,465387,10822.953488372093
126.49853028357029,43,465451,10824.441860465116
126.49948477884755,43,465515,10825.93023255814
126.50033944984898,43,465579,10827.418604651162
126.50114921992645,43,465643,10828.906976744185
126.50196044100448,43,465707,10830.39534883721
126.50276068970561,43,465771,10831.883720930233
126.50356945069507,43,465835,10833.372093023256
126.50438008084893,43,465899,10834.860465116279
126.50524596264586,43,465963,10836.348837209302
126.50646883295849,43,466027,10837.837209302326
126.50733156455681,43,466091,10839.32558139535
126.50963778188452,43,466155,10840.813953488372
126.5106128170155,43,466219,10842.302325581395
126.51162579189986,43,466283,10843.790697674418
126.51252265367657,43,466347,10845.279069767443
126.51335136499256,43,466411,10846.767441860466
126.51428119791672,43,466475,10848.255813953489
126.5152040719986,43,466539,10849.744186046511
126.51598552055657,43,466603,10851.232558139534
126.5168170616962,43,466667,10852.720930232557
126.51768875401467,43,466731,10854.209302325582
126.51849922398105,43,466795,10855.697674418605
126.51929757371545,43,466859,10857.186046511628
126.52013295469806,43,466923,10858.67441860465
126.52085871296003,43,466987,10860.162790697674
126.52166530257091,43,467051,10861.651162790698
126.52245000284165,43,467115,10863.139534883721
126.52321371156722,43,467179,10864.627906976744
126.52401596168056,43,467243,10866.116279069767
126.52481747185811,43,467307,10867.60465116279
126.5256176115945,43,467371,10869.093023255815
126.5264005009085,43,467435,10870.581395348838
126.5271859606728,43,467499,10872.06976744186
126.52795779984444,43,467563,10873.558139534884
126.52876254078001,43,467627,10875.046511627907
126.5296084517613,43,467691,10876.53488372093
126.53079392155632,43,467755,10878.023255813954
126.53188315872103,43,467819,10879.511627906977
126.5329036237672,43,467883,10881.0
127.56766433082521,43,467947,10882.488372093023
127.56997657893226,43,468011,10883.976744186046
127.5716647207737,43,468075,10885.46511627907
127.57302675489336,43,468139,10886.953488372093
127.5748304198496,43,468203,10888.441860465116
127.57637643860653,43,468267,10889.93023255814
127.57920575980097,43,468331,10891.418604651162
127.5808775308542,43,468395,10892.906976744185
127.58264845469967,43,468459,10894.39534883721
127.58417096361518,43,468523,10895.883720930233
127.5856561306864,43,468587,10897.372093023256
127.58699778374285,43,468651,10898.860465116279
127.58830210659653,43,468715,10900.348837209302
127.589651980903,43,468779,10901.837209302326
127.59096088260412,43,468843,10903.32558139535
127.59220003383234,43,468907,10904.813953488372
127.59352914756164,43,468971,10906.302325581395
127.59481837972999,43,469035,10907.790697674418
127.59611479192972,43,469099,10909.279069767443
127.59839958883822,43,469163,10910.767441860466
127.60020482493564,43,469227,10912.255813953489
127.60170020163059,43,469291,10913.744186046511
127.60298678372055,43,469355,10915.232558139534
127.60435511777177,43,469419,10916.720930232557
127.60789171699435,43,469483,10918.209302325582
127.60971463192254,43,469547,10919.697674418605
127.61131787160411,43,469611,10921.186046511628
127.61225310573354,43,469675,10922.67441860465
127.61298424378037,43,469739,10924.162790697674
127.61380696482956,43,469803,10925.651162790698
127.61460275482386,43,469867,10927.139534883721
127.61535782366991,43,469931,10928.627906976744
127.61618355382234,43,469995,10930.116279069767
127.61699739471078,43,470059,10931.60465116279
127.61780487466604,43,470123,10933.093023255815
127.6185919647105,43,470187,10934.581395348838
127.61936684371904,43,470251,10936.06976744186
127.62016846379265,43,470315,10937.558139534884
127.6209701737389,43,470379,10939.046511627907
127.62181533500552,43,470443,10940.53488372093
127.62262936588377,43,470507,10942.023255813954
127.62344206590205,43,470571,10943.511627906977
127.62425566557795,43,470635,10945.0
128.3468352565542,43,470699,10946.488372093023
128.34832054376602,43,470763,10947.976744186046
128.349460771773,43,470827,10949.46511627907
128.35034522460774,43,470891,10950.953488372093
128.3514688219875,43,470955,10952.441860465116
128.35300007089972,43,471019,10953.93023255814
128.3540697270073,43,471083,10955.418604651162
128.35507001262158,43,471147,10956.906976744185
128.35609727771953,43,471211,10958.39534883721
128.35703469160944,43,471275,10959.883720930233
128.35786640178412,43,471339,10961.372093023256
128.35870247380808,43,471403,10962.860465116279
128.35959098581225,43,471467,10964.348837209302
128.36095956992358,43,471531,10965.837209302326
128.3619930157438,43,471595,10967.32558139535
128.3627934558317,43,471659,10968.813953488372
128.363694017753,43,471723,10970.302325581395
128.36470294371247,43,471787,10971.790697674418
128.3670947928913,43,471851,10973.279069767443
128.36820004088804,43,471915,10974.767441860466
128.36932144872844,43,471979,10976.255813953489
128.3702705129981,43,472043,10977.744186046511
128.37107791285962,43,472107,10979.232558139534
128.37195852492005,43,472171,10980.720930232557
128.3729548198171,43,472235,10982.209302325582
128.37379635078833,43,472299,10983.697674418605
128.37462266068906,43,472363,10985.186046511628
128.37546595279127,43,472427,10986.67441860465
128.376211410854,43,472491,10988.162790697674
128.37702139187604,43,472555,10989.651162790698
128.37781342072412,43,472619,10991.139534883721
128.3785748197697,43,472683,10992.627906976744
128.37940185097978,43,472747,10994.116279069767
128.38025578157976,43,472811,10995.60465116279
128.38106968300417,43,472875,10997.093023255815
128.38185834186152,43,472939,10998.581395348838
128.38264343189076,43,473003,11000.06976744186
128.38344720192254,43,473067,11001.558139534884
128.38428551284596,43,473131,11003.046511627907
128.38510735379532,43,473195,11004.53488372093
128.3859068439342,43,473259,11006.023255813954
128.38674131501466,43,473323,11007.511627906977
128.38777986960486,43,473387,11009.0
129.32351403171197,43,473451,11010.488372093023
129.32458942895755,43,473515,11011.976744186046
129.32567030470818,43,473579,11013.46511627907
129.32649618573487,43,473643,11014.953488372093
129.3273541177623,43,473707,11016.441860465116
129.32817614777014,43,473771,11017.93023255814
129.32914504269138,43,473835,11019.418604651162
129.32997306296602,43,473899,11020.906976744185
129.33113946160302,43,473963,11022.39534883721
129.33195198187605,43,474027,11023.883720930233
129.33281031390652,43,474091,11025.372093023256
129.33376318775117,43,474155,11026.860465116279
129.3347689327784,43,474219,11028.348837209302
129.3356388946995,43,474283,11029.837209302326
129.3364569749683,43,474347,11031.32558139535
129.33724146476015,43,474411,11032.813953488372
129.33810486691073,43,474475,11034.302325581395
129.33945484971628,43,474539,11035.790697674418
129.34044306492433,43,474603,11037.279069767443
129.3413851778023,43,474667,11038.767441860466
129.34246486471966,43,474731,11040.255813953489
129.34348747087643,43,474795,11041.744186046511
129.34588962094858,43,474859,11043.232558139534
129.3468686058186,43,474923,11044.720930232557
129.34791348176077,43,474987,11046.209302325582
129.3488541347906,43,475051,11047.697674418605
129.34984844969586,43,475115,11049.186046511628
129.35069991089404,43,475179,11050.67441860465
129.35145910084248,43,475243,11052.162790697674
129.35229015070945,43,475307,11053.651162790698
129.353097980842,43,475371,11055.139534883721
129.35386532079428,43,475435,11056.627906976744
129.35469183092937,43,475499,11058.116279069767
129.35551315173507,43,475563,11059.60465116279
129.35636982275173,43,475627,11061.093023255815
129.3571875137277,43,475691,11062.581395348838
129.35798197286204,43,475755,11064.06976744186
129.35878522368148,43,475819,11065.558139534884
129.35961725376546,43,475883,11067.046511627907
129.3604626460001,43,475947,11068.53488372093
129.36130366660655,43,476011,11070.023255813954
129.36213112669066,43,476075,11071.511627906977
129.36295128799975,43,476139,11073.0
129.4433833686635,43,476150,11073.255813953489
129.4433833686635,43,476150,11073.255813953489
130.07038404978812,42,465130,11074.52380952381
130.07180709484965,42,465194,11076.047619047618
130.07285538176075,42,465258,11077.57142857143
130.073928007856,42,465322,11079.095238095239
130.07552952785045,42,465386,11080.619047619048
130.07654884364456,42,465450,11082.142857142857
130.0775318276137,42,465514,11083.666666666666
130.07847392186522,42,465578,11085.190476190477
130.0793394036591,42,465642,11086.714285714286
130.08017617370933,42,465706,11088.238095238095
130.08107251673937,42,465770,11089.761904761905
130.08188636694103,42,465834,11091.285714285714
130.08274145890027,42,465898,11092.809523809523
130.08378734486178,42,465962,11094.333333333334
130.08629735792056,42,466026,11095.857142857143
130.08720464957878,42,466090,11097.380952380952
130.0881093828939,42,466154,11098.904761904761
130.08894851384684,42,466218,11100.42857142857
130.08987050689757,42,466282,11101.952380952382
130.09081804100424,42,466346,11103.47619047619
130.09185760701075,42,466410,11105.0
130.09267943678424,42,466474,11106.52380952381
130.0935566588305,42,466538,11108.047619047618
130.09443628089502,42,466602,11109.57142857143
130.09526369161904,42,466666,11111.095238095239
130.0960797718726,42,466730,11112.619047619048
130.09692605258897,42,466794,11114.142857142857
130.09769348287955,42,466858,11115.666666666666
130.09851483255625,42,466922,11117.190476190477
130.09931729268283,42,466986,11118.714285714286
130.10015796357766,42,467050,11120.238095238095
130.10091093275696,42,467114,11121.761904761905
130.10171715263277,42,467178,11123.285714285714
130.10254036355764,42,467242,11124.809523809523
130.10337354475632,42,467306,11126.333333333334
130.10416960483417,42,467370,11127.857142857143
130.10498099494725,42,467434,11129.380952380952
130.10583225591108,42,467498,11130.904761904761
130.1071937996894,42,467562,11132.42857142857
130.10818480467424,42,467626,11133.952380952382
130.1091335886158,42,467690,11135.47619047619
130.10996441869065,42,467754,11137.0
130.7902995138429,42,467818,11138.52380952381
130.79225625284016,42,467882,11140.047619047618
130.79382900195196,42,467946,11141.57142857143
130.7955956859514,42,468010,11143.095238095239
130.79810900893062,42,468074,11144.619047619048
130.7997213685885,42,468138,11146.142857142857
130.8012866876088,42,468202,11147.666666666666
130.8028268967755,42,468266,11149.190476190477
130.80423385184258,42,468330,11150.714285714286
130.80558625562117,42,468394,11152.238095238095
130.80693607963622,42,468458,11153.761904761905
130.80835759500042,42,468522,11155.285714285714
130.8097132788971,42,468586,11156.809523809523
130.81154074473307,42,468650,11158.333333333334
130.8130284617655,42,468714,11159.857142857143
130.8169517298229,42,468778,11161.380952380952
130.81918572587892,42,468842,11162.904761904761
130.82090590894222,42,468906,11164.42857142857
130.822373455856,42,468970,11165.952380952382
130.82421518163756,42,469034,11167.47619047619
130.8257638309151,42,469098,11169.0
130.82711477391422,42,469162,11170.52380952381
130.82850975869223,42,469226,11172.047619047618
130.8299419148825,42,469290,11173.57142857143
130.8313074898906,42,469354,11175.095238095239
130.83269133372232,42,469418,11176.619047619048
130.83434065477923,42,469482,11178.142857142857
130.83512054476887,42,469546,11179.666666666666
130.83596235560253,42,469610,11181.190476190477
130.83677159575745,42,469674,11182.714285714286
130.83762212656438,42,469738,11184.238095238095
130.83839397598058,42,469802,11185.761904761905
130.839198066853,42,469866,11187.285714285714
130.84000943694264,42,469930,11188.809523809523
130.8408236866817,42,469994,11190.333333333334
130.84163603791967,42,470058,11191.857142857143
130.8424386777915,42,470122,11193.380952380952
130.84327173791826,42,470186,11194.904761904761
130.84415401984006,42,470250,11196.42857142857
130.84496469097212,42,470314,11197.952380952382
130.84581461176276,42,470378,11199.47619047619
130.8466420127079,42,470442,11201.0
131.8723297836259,42,470506,11202.52380952381
131.8735908055678,42,470570,11204.047619047618
131.87449114769697,42,470634,11205.57142857143
131.8753744997084,42,470698,11207.095238095239
131.87643904658034,42,470762,11208.619047619048
131.87728490773588,42,470826,11210.142857142857
131.87814839882776,42,470890,11211.666666666666
131.8790059206076,42,470954,11213.190476190477
131.8798507116735,42,471018,11214.714285714286
131.8806998138316,42,471082,11216.238095238095
131.88215516973287,42,471146,11217.761904761905
131.88331531872973,42,471210,11219.285714285714
131.88440656568855,42,471274,11220.809523809523
131.88528632791713,42,471338,11222.333333333334
131.88634405471385,42,471402,11223.857142857143
131.88739864062518,42,471466,11225.380952380952
131.88833244377747,42,471530,11226.904761904761
131.8891779659316,42,471594,11228.42857142857
131.89003550680354,42,471658,11229.952380952382
131.8909006086178,42,471722,11231.47619047619
131.89173322869465,42,471786,11233.0
131.8925481098704,42,471850,11234.52380952381
131.89340808056295,42,471914,11236.047619047618
131.89435123465955,42,471978,11237.57142857143
131.89559261593968,42,472042,11239.095238095239
131.89779626065865,42,472106,11240.619047619048
131.8988458570093,42,472170,11242.142857142857
131.89971186872572,42,472234,11243.666666666666
131.90061475196853,42,472298,11245.190476190477
131.90144946193323,42,472362,11246.714285714286
131.9023534245789,42,472426,11248.238095238095
131.90313336392865,42,472490,11249.761904761905
131.90395918488503,42,472554,11251.285714285714
131.90479240566492,42,472618,11252.809523809523
131.9056406565942,42,472682,11254.333333333334
131.9064445765689,42,472746,11255.857142857143
131.90727908769622,42,472810,11257.380952380952
131.90811608871445,42,472874,11258.904761904761
131.90894728992134,42,472938,11260.42857142857
131.90976546984166,42,473002,11261.952380952382
131.91064995201305,42,473066,11263.47619047619
131.91150398366153,42,473130,11265.0
132.8523804838769,42,473194,11266.52380952381
132.8540849769488,42,473258,11268.047619047618
132.85521615482867,42,473322,11269.57142857143
132.85634557297453,42,473386,11271.095238095239
132.85749055165797,42,473450,11272.619047619048
132.8589479275979,42,473514,11274.142857142857
132.85996961360797,42,473578,11275.666666666666
132.86093136761338,42,473642,11277.190476190477
132.86184792080894,42,473706,11278.714285714286
132.86275117378682,42,473770,11280.238095238095
132.86361235473305,42,473834,11281.761904761905
132.86482982570305,42,473898,11283.285714285714
132.86596217378974,42,473962,11284.809523809523
132.86689440673217,42,474026,11286.333333333334
132.86865584086627,42,474090,11287.857142857143
132.8696060446091,42,474154,11289.380952380952
132.8705364279449,42,474218,11290.904761904761
132.87143493071198,42,474282,11292.42857142857
132.87243399582803,42,474346,11293.952380952382
132.87351863272488,42,474410,11295.47619047619
132.87447461672127,42,474474,11297.0
132.8753259978257,42,474538,11298.52380952381
132.87618545861915,42,474602,11300.047619047618
132.87717687385157,42,474666,11301.57142857143
132.87862787069753,42,474730,11303.095238095239
132.87963923579082,42,474794,11304.619047619048
132.88050928665325,42,474858,11306.142857142857
132.88129923678935,42,474922,11307.666666666666
132.88214751891792,42,474986,11309.190476190477
132.88298263959587,42,475050,11310.714285714286
132.88386512175202,42,475114,11312.238095238095
132.88533933879808,42,475178,11313.761904761905
132.8862021197565,42,475242,11315.285714285714
132.8870955617167,42,475306,11316.809523809523
132.88808425655589,42,475370,11318.333333333334
132.88894189801067,42,475434,11319.857142857143
132.88984906068072,42,475498,11321.380952380952
132.890740793664,42,475562,11322.904761904761
132.89158629486337,42,475626,11324.42857142857
132.89241673564538,42,475690,11325.952380952382
132.89326178561896,42,475754,11327.47619047619
132.89410213800147,42,475818,11329.0
132.89642392564565,42,475821,11329.07142857143
132.89642392564565,42,475821,11329.07142857143
133.53923413157463,41,464550,11330.487804878048
133.53923413157463,41,464550,11330.487804878048
133.57714615995064,40,453224,11330.6
133.5783029589802,40,453288,11332.2
133.57918329071254,40,453352,11333.8
133.58048730390146,40,453416,11335.4
133.58155332971364,40,453480,11337.0
133.582442891784,40,453544,11338.6
133.58331419387832,40,453608,11340.2
133.58497040579095,40,453672,11341.8
133.58613415481523,40,453736,11343.4
133.58725129300728,40,453800,11345.0
133.58836115989834,40,453864,11346.6
133.58928833296522,40,453928,11348.2
133.59030961897224,40,453992,11349.8
133.5912015317008,40,454056,11351.4
133.5921608246863,40,454120,11353.0
133.59298342559487,40,454184,11354.6
133.59384450688958,40,454248,11356.2
133.59487414266914,40,454312,11357.8
133.5974407279864,40,454376,11359.4
133.59852024400607,40,454440,11361.0
133.59937133593485,40,454504,11362.6
133.60040943184868,40,454568,11364.2
133.60135018499568,40,454632,11365.8
133.60225786780939,40,454696,11367.4
133.60311509901658,40,454760,11369.0
133.60397070087492,40,454824,11370.6
133.60475106956437,40,454888,11372.2
133.6056081717834,40,454952,11373.8
133.6064491425641,40,455016,11375.4
133.60735471500084,40,455080,11377.0
133.60823852661997,40,455144,11378.6
133.6090338169597,40,455208,11380.2
133.60989167867228,40,455272,11381.8
133.61075233994052,40,455336,11383.4
133.61160389194265,40,455400,11385.0
133.61247643269598,40,455464,11386.6
133.61337122600526,40,455528,11388.2
133.6142257465981,40,455592,11389.8
133.6150967888534,40,455656,11391.4
133.61595779983327,40,455720,11393.0
134.15154387475923,40,455771,11394.275
134.15154387475923,40,455771,11394.275
134.3018339537084,39,444391,11394.641025641025
134.30396370682865,39,444455,11396.28205128205
134.30567971989512,39,444519,11397.923076923076
134.3075102455914,39,444583,11399.564102564103
134.3101550117135,39,444647,11401.205128205129
134.31182386400178,39,444711,11402.846153846154
134.31344633363187,39,444775,11404.48717948718
134.3150052926503,39,444839,11406.128205128205
134.31652893079445,39,444903,11407.76923076923
134.3179452768527,39,444967,11409.410256410256
134.31935451179743,39,445031,11411.051282051281
134.32074978668243,39,445095,11412.692307692309
134.3221539617516,39,445159,11414.333333333334
134.3240598598495,39,445223,11415.97435897436
134.32574699167162,39,445287,11417.615384615385
134.32963112881407,39,445351,11419.25641025641
134.331006672699,39,445415,11420.897435897436
134.33257238194346,39,445479,11422.538461538461
134.33404665859416,39,445543,11424.179487179486
134.33544233394787,39,445607,11425.820512820514
134.33684063889086,39,445671,11427.461538461539
134.33840062795207,39,445735,11429.102564102564
134.34006540989503,39,445799,11430.74358974359
134.34148240461946,39,445863,11432.384615384615
134.34288971079513,39,445927,11434.02564102564
134.34427550481632,39,445991,11435.666666666666
134.34548186464235,39,446055,11437.307692307691
134.3463377165608,39,446119,11438.948717948719
134.34716603765264,39,446183,11440.589743589744
134.3480468597263,39,446247,11442.23076923077
134.3489172407426,39,446311,11443.871794871795
134.34977919282392,39,446375,11445.51282051282
134.35060311295092,39,446439,11447.153846153846
134.3514489447698,39,446503,11448.794871794871
134.35235497681424,39,446567,11450.435897435897
134.35323385894299,39,446631,11452.076923076924
134.35411173058674,39,446695,11453.71794871795
134.354973572772,39,446759,11455.358974358975
134.35584183456376,39,446823,11457.0
135.02672779280692,39,446887,11458.641025641025
135.02934622764587,39,446951,11460.28205128205
135.03131353762,39,447015,11461.923076923076
135.033438550774,39,447079,11463.564102564103
135.03526023589075,39,447143,11465.205128205129
135.03813718771562,39,447207,11466.846153846154
135.03984910063446,39,447271,11468.48717948718
135.0417500687763,39,447335,11470.128205128205
135.0431608138606,39,447399,11471.76923076923
135.0446005598642,39,447463,11473.410256410256
135.04606401687488,39,447527,11475.051282051281
135.04744330095127,39,447591,11476.692307692309
135.04908078163862,39,447655,11478.333333333334
135.0505461487919,39,447719,11479.97435897436
135.05192678282037,39,447783,11481.615384615385
135.05334443878382,39,447847,11483.25641025641
135.05532545782626,39,447911,11484.897435897436
135.05721377488226,39,447975,11486.538461538461
135.05870232265443,39,448039,11488.179487179486
135.0602545919828,39,448103,11489.820512820514
135.06182124093175,39,448167,11491.461538461539
135.0657265377231,39,448231,11493.102564102564
135.06727050663903,39,448295,11494.74358974359
135.06888123694807,39,448359,11496.384615384615
135.06991028273478,39,448423,11498.02564102564
135.07080644462258,39,448487,11499.666666666666
135.07159867463633,39,448551,11501.307692307691
135.0724662267603,39,448615,11502.948717948719
135.07330963760614,39,448679,11504.589743589744
135.07419937988743,39,448743,11506.23076923077
135.0750636216253,39,448807,11507.871794871795
135.07592872390524,39,448871,11509.51282051282
135.07677606493235,39,448935,11511.153846153846
135.0776243158616,39,448999,11512.794871794871
135.07848534779623,39,449063,11514.435897435897
135.0793600389734,39,449127,11516.076923076924
135.08021382056177,39,449191,11517.71794871795
135.08113649394363,39,449255,11519.358974358975
135.08200078457594,39,449319,11521.0
135.74701366666704,39,449383,11522.641025641025
135.74847064260393,39,449447,11524.28205128205
135.74958033068106,39,449511,11525.923076923076
135.75074215000495,39,449575,11527.564102564103
135.75186385773122,39,449639,11529.205128205129
135.7535733608529,39,449703,11530.846153846154
135.7546170866117,39,449767,11532.48717948718
135.755646282807,39,449831,11534.128205128205
135.75656922580674,39,449895,11535.76923076923
135.75745384767652,39,449959,11537.410256410256
135.75834060972556,39,450023,11539.051282051281
135.75920436158776,39,450087,11540.692307692309
135.7600860837847,39,450151,11542.333333333334
135.76143337693065,39,450215,11543.97435897436
135.76258290559053,39,450279,11545.615384615385
135.76351462956518,39,450343,11547.25641025641
135.76432901993394,39,450407,11548.897435897436
135.76526834396645,39,450471,11550.538461538461
135.76769321365282,39,450535,11552.179487179486
135.7685856865719,39,450599,11553.820512820514
135.76943240780383,39,450663,11555.461538461539
135.77047156263143,39,450727,11557.102564102564
135.7714365576394,39,450791,11558.74358974359
135.77233379986137,39,450855,11560.384615384615
135.7732760538347,39,450919,11562.02564102564
135.7741775456816,39,450983,11563.666666666666
135.77498969668522,39,451047,11565.307692307691
135.77585829794407,39,451111,11566.948717948719
135.77671149978414,39,451175,11568.589743589744
135.7776212929748,39,451239,11570.23076923077
135.77848760364577,39,451303,11571.871794871795
135.77936717588454,39,451367,11573.51282051282
135.7802280378528,39,451431,11575.153846153846
135.7811546009034,39,451495,11576.794871794871
135.78208611393347,39,451559,11578.435897435897
135.78295136569068,39,451623,11580.076923076924
135.78380618663505,39,451687,11581.71794871795
135.78470776975155,39,451751,11583.358974358975
135.7855895818211,39,451815,11585.0
136.28608602890745,39,451863,11586.23076923077
136.28608602890745,39,451863,11586.23076923077
136.473472755868,38,440294,11586.684210526315
136.4756136490032,38,440358,11588.368421052632
136.47735094185919,38,440422,11590.052631578947
136.47915546689183,38,440486,11591.736842105263
136.48097306257114,38,440550,11593.421052631578
136.48368377098814,38,440614,11595.105263157895
136.4853351218626,38,440678,11596.78947368421
136.48692462174222,38,440742,11598.473684210527
136.48840049887076,38,440806,11600.157894736842
136.48980377381667,38,440870,11601.842105263158
136.49121757876128,38,440934,11603.526315789473
136.492643694859,38,440998,11605.21052631579
136.4940589996986,38,441062,11606.894736842105
136.4957257816568,38,441126,11608.578947368422
136.49793444667011,38,441190,11610.263157894737
136.4994677659124,38,441254,11611.947368421053
136.50080920895562,38,441318,11613.631578947368
136.50238504773006,38,441382,11615.315789473685
136.50378826400265,38,441446,11617.0
136.5053884536028,38,441510,11618.684210526315
136.5089175319299,38,441574,11620.368421052632
136.51069292565808,38,441638,11622.052631578947
136.5122307348065,38,441702,11623.736842105263
136.51402460969985,38,441766,11625.421052631578
136.51554209785536,38,441830,11627.105263157895
136.5168187287636,38,441894,11628.78947368421
136.5176129490137,38,441958,11630.473684210527
136.51849328167737,38,442022,11632.157894736842
136.5193416629918,38,442086,11633.842105263158
136.5202318849042,38,442150,11635.526315789473
136.52108885580674,38,442214,11637.21052631579
136.52193712769076,38,442278,11638.894736842105
136.52278345869854,38,442342,11640.578947368422
136.52366683073342,38,442406,11642.263157894737
136.52453491277993,38,442470,11643.947368421053
136.5253888037987,38,442534,11645.631578947368
136.52625945582986,38,442598,11647.315789473685
136.5271228067577,38,442662,11649.0
137.1969308089465,38,442726,11650.684210526315
137.19844154687598,38,442790,11652.368421052632
137.1995182139799,38,442854,11654.052631578947
137.20066962298006,38,442918,11655.736842105263
137.20164332678542,38,442982,11657.421052631578
137.20350190298632,38,443046,11659.105263157895
137.20460523059592,38,443110,11660.78947368421
137.20571866864339,38,443174,11662.473684210527
137.20670167263597,38,443238,11664.157894736842
137.20758165465668,38,443302,11665.842105263158
137.20845440682024,38,443366,11667.526315789473
137.20930288778618,38,443430,11669.21052631579
137.21017006970942,38,443494,11670.894736842105
137.2110624825582,38,443558,11672.578947368422
137.21190639259294,38,443622,11674.263157894737
137.21275988500565,38,443686,11675.947368421053
137.21358232572675,38,443750,11677.631578947368
137.2148098857142,38,443814,11679.315789473685
137.21566417766735,38,443878,11681.0
137.2179392236285,38,443942,11682.684210526315
137.21893764892593,38,444006,11684.368421052632
137.21995776472613,38,444070,11686.052631578947
137.22091276897117,38,444134,11687.736842105263
137.22184627177194,38,444198,11689.421052631578
137.2227245136164,38,444262,11691.105263157895
137.22359247598797,38,444326,11692.78947368421
137.22441807668656,38,444390,11694.473684210527
137.22531007882208,38,444454,11696.157894736842
137.22617790056393,38,444518,11697.842105263158
137.22707423288375,38,444582,11699.526315789473
137.2279302040115,38,444646,11701.21052631579
137.2287906757556,38,444710,11702.894736842105
137.2296523069963,38,444774,11704.578947368422
137.23051934875548,38,444838,11706.263157894737
137.23140273056924,38,444902,11707.947368421053
137.23226614296436,38,444966,11709.631578947368
137.2331497645937,38,445030,11711.315789473685
137.23400704562664,38,445094,11713.0
137.9905722476542,38,445158,11714.684210526315
137.99319141265005,38,445222,11716.368421052632
137.99502019863576,38,445286,11718.052631578947
137.99687798460945,38,445350,11719.736842105263
137.99849745584652,38,445414,11721.421052631578
138.00035422295332,38,445478,11723.105263157895
138.003490710631,38,445542,11724.78947368421
138.0055137006566,38,445606,11726.473684210527
138.007250984665,38,445670,11728.157894736842
138.009031008929,38,445734,11729.842105263158
138.01088209589943,38,445798,11731.526315789473
138.0123416017741,38,445862,11733.21052631579
138.01380314864218,38,445926,11734.894736842105
138.01519543398172,38,445990,11736.578947368422
138.01657449780032,38,446054,11738.263157894737
138.01789674069732,38,446118,11739.947368421053
138.0192369245924,38,446182,11741.631578947368
138.02064505964518,38,446246,11743.315789473685
138.02195237297565,38,446310,11745.0
138.0243892739527,38,446374,11746.684210526315
138.02607915597036,38,446438,11748.368421052632
138.02785048959777,38,446502,11750.052631578947
138.02959211356938,38,446566,11751.736842105263
138.03105565998703,38,446630,11753.421052631578
138.03262199880555,38,446694,11755.105263157895
138.03469632193446,38,446758,11756.78947368421
138.03559430362657,38,446822,11758.473684210527
138.0366007089615,38,446886,11760.157894736842
138.03746095998213,38,446950,11761.842105263158
138.03838826389983,38,447014,11763.526315789473
138.03926286567003,38,447078,11765.21052631579
138.0401337267831,38,447142,11766.894736842105
138.04098646901548,38,447206,11768.578947368422
138.04186312062666,38,447270,11770.263157894737
138.042738662567,38,447334,11771.947368421053
138.0436173947528,38,447398,11773.631578947368
138.04451531684026,38,447462,11775.315789473685
138.04538321867585,38,447526,11777.0
138.71442986186594,38,447590,11778.684210526315
138.71689333301038,38,447654,11780.368421052632
138.71883437177166,38,447718,11782.052631578947
138.7206813278608,38,447782,11783.736842105263
138.72230399865657,38,447846,11785.421052631578
138.72544422699139,38,447910,11787.105263157895
138.72732831398025,38,447974,11788.78947368421
138.7293261839077,38,448038,11790.473684210527
138.73072254890576,38,448102,11792.157894736842
138.7322416268289,38,448166,11793.842105263158
138.73385211685672,38,448230,11795.526315789473
138.73524699173868,38,448294,11797.21052631579
138.73668518755585,38,448358,11798.894736842105
138.73808054300025,38,448422,11800.578947368422
138.73946876777336,38,448486,11802.263157894737
138.74078480061144,38,448550,11803.947368421053
138.74212331371382,38,448614,11805.631578947368
138.74356901971623,38,448678,11807.315789473685
138.74508396768942,38,448742,11809.0
138.74680249067023,38,448806,11810.684210526315
138.74848045269027,38,448870,11812.368421052632
138.75230754865333,38,448934,11814.052631578947
138.75390880880877,38,448998,11815.736842105263
138.75570344366133,38,449062,11817.421052631578
138.75726485298946,38,449126,11819.105263157895
138.7582538179122,38,449190,11820.78947368421
138.75907511776313,38,449254,11822.473684210527
138.75995001988485,38,449318,11824.157894736842
138.76082876184955,38,449382,11825.842105263158
138.7617278737016,38,449446,11827.526315789473
138.76262133661658,38,449510,11829.21052631579
138.763490118552,38,449574,11830.894736842105
138.76435674959794,38,449638,11832.578947368422
138.7652310617268,38,449702,11834.263157894737
138.76610883371904,38,449766,11835.947368421053
138.7669674558565,38,449830,11837.631578947368
138.76787180779502,38,449894,11839.315789473685
138.76874931994826,38,449958,11841.0
139.44177271286026,38,450022,11842.684210526315
139.44413855159655,38,450086,11844.368421052632
139.44594786688685,38,450150,11846.052631578947
139.4478320539929,38,450214,11847.736842105263
139.449636568781,38,450278,11849.421052631578
139.45245768968016,38,450342,11851.105263157895
139.45422455389053,38,450406,11852.78947368421
139.45607029972598,38,450470,11854.473684210527
139.45757318800315,38,450534,11856.157894736842
139.45901629375294,38,450598,11857.842105263158
139.46045506978408,38,450662,11859.526315789473
139.46186841465533,38,450726,11861.21052631579
139.46329657081515,38,450790,11862.894736842105
139.46483760979027,38,450854,11864.578947368422
139.466275554616,38,450918,11866.263157894737
139.46814976166934,38,450982,11867.947368421053
139.46958210784942,38,451046,11869.631578947368
139.47134121181443,38,451110,11871.315789473685
139.4727480467409,38,451174,11873.0
139.47429122589529,38,451238,11874.684210526315
139.47782626375556,38,451302,11876.368421052632
139.4796037785709,38,451366,11878.052631578947
139.48120391881093,38,451430,11879.736842105263
139.4830055939965,38,451494,11881.421052631578
139.4845579629764,38,451558,11883.105263157895
139.4858273747377,38,451622,11884.78947368421
139.48663373477757,38,451686,11886.473684210527
139.48753423662856,38,451750,11888.157894736842
139.48840198898688,38,451814,11889.842105263158
139.48933333158493,38,451878,11891.526315789473
139.49021238368005,38,451942,11893.21052631579
139.49112612660974,38,452006,11894.894736842105
139.4919815179892,38,452070,11896.578947368422
139.49286043969914,38,452134,11898.263157894737
139.49374543270096,38,452198,11899.947368421053
139.4946193038486,38,452262,11901.631578947368
139.4955065366812,38,452326,11903.315789473685
139.49640693888068,38,452390,11905.0
140.16403090581298,38,452454,11906.684210526315
140.16556802485138,38,452518,11908.368421052632
140.16665471158922,38,452582,11910.052631578947
140.1682223007083,38,452646,11911.736842105263
140.16913094371557,38,452710,11913.421052631578
140.17002945579588,38,452774,11915.105263157895
140.17108675278723,38,452838,11916.78947368421
140.1729135387577,38,452902,11918.473684210527
140.17381213093176,38,452966,11920.157894736842
140.17471178388223,38,453030,11921.842105263158
140.17561174556613,38,453094,11923.526315789473
140.17649153759703,38,453158,11925.21052631579
140.17738725058734,38,453222,11926.894736842105
140.17848532786593,38,453286,11928.578947368422
140.18032050365582,38,453350,11930.263157894737
140.18130920873955,38,453414,11931.947368421053
140.18220358062536,38,453478,11933.631578947368
140.18331575859338,38,453542,11935.315789473685
140.1842023106292,38,453606,11937.0
140.18520069587976,38,453670,11938.684210526315
140.18620579084381,38,453734,11940.368421052632
140.18714702455327,38,453798,11942.052631578947
140.18809276772663,38,453862,11943.736842105263
140.18899546097964,38,453926,11945.421052631578
140.18996379477903,38,453990,11947.105263157895
140.19131330866367,38,454054,11948.78947368421
140.1922372719273,38,454118,11950.473684210527
140.1931655947119,38,454182,11952.157894736842
140.1950104306452,38,454246,11953.842105263158
140.19621265074238,38,454310,11955.526315789473
140.19718378596008,38,454374,11957.21052631579
140.19819265091792,38,454438,11958.894736842105
140.19908573292196,38,454502,11960.578947368422
140.19997913576663,38,454566,11962.263157894737
140.20086966780946,38,454630,11963.947368421053
140.20174911990762,38,454694,11965.631578947368
140.20263848174363,38,454758,11967.315789473685
140.20351709378883,38,454822,11969.0
140.88950696075335,38,454886,11970.684210526315
140.89171450585127,38,454950,11972.368421052632
140.89311683084816,38,455014,11974.052631578947
140.89440325275064,38,455078,11975.736842105263
140.89555461192504,38,455142,11977.421052631578
140.89686753461137,38,455206,11979.105263157895
140.89916831301525,38,455270,11980.78947368421
140.9005196657963,38,455334,11982.473684210527
140.9016526248306,38,455398,11984.157894736842
140.90282206377015,38,455462,11985.842105263158
140.90401266375557,38,455526,11987.526315789473
140.9050757996738,38,455590,11989.21052631579
140.90603135386482,38,455654,11990.894736842105
140.9069281066768,38,455718,11992.578947368422
140.90781561890617,38,455782,11994.263157894737
140.9086762899533,38,455846,11995.947368421053
140.9095301218331,38,455910,11997.631578947368
140.91044507501647,38,455974,11999.315789473685
140.911297515966,38,456038,12001.0
140.9121838179417,38,456102,12002.684210526315
140.91373326675966,38,456166,12004.368421052632
140.91496103769168,38,456230,12006.052631578947
140.91618843795732,38,456294,12007.736842105263
140.91734311683103,38,456358,12009.421052631578
140.91857844777405,38,456422,12011.105263157895
140.9208064437844,38,456486,12012.78947368421
140.92178317764774,38,456550,12014.473684210527
140.92275491263717,38,456614,12016.157894736842
140.92365277465433,38,456678,12017.842105263158
140.92464429000393,38,456742,12019.526315789473
140.92554618185386,38,456806,12021.21052631579
140.92646382469684,38,456870,12022.894736842105
140.92735156789422,38,456934,12024.578947368422
140.9282896607183,38,456998,12026.263157894737
140.92920264368877,38,457062,12027.947368421053
140.93011542595923,38,457126,12029.631578947368
140.93102688901126,38,457190,12031.315789473685
140.93193593155593,38,457254,12033.0
141.61681587062776,38,457318,12034.684210526315
141.61948111793026,38,457382,12036.368421052632
141.62129842396826,38,457446,12038.052631578947
141.62307078763843,38,457510,12039.736842105263
141.62477323086932,38,457574,12041.421052631578
141.6267387289554,38,457638,12043.105263157895
141.62987813772634,38,457702,12044.78947368421
141.63191604893655,38,457766,12046.473684210527
141.6334023657255,38,457830,12048.157894736842
141.6350268269889,38,457894,12049.842105263158
141.6367922509089,38,457958,12051.526315789473
141.6385661647655,38,458022,12053.21052631579
141.6402188166976,38,458086,12054.894736842105
141.6417140136473,38,458150,12056.578947368422
141.6431463896297,38,458214,12058.263157894737
141.6445681345649,38,458278,12059.947368421053
141.6459663095884,38,458342,12061.631578947368
141.6474266066216,38,458406,12063.315789473685
141.64877505088225,38,458470,12065.0
141.65109739871696,38,458534,12066.684210526315
141.6527410298586,38,458598,12068.368421052632
141.65440275194123,38,458662,12070.052631578947
141.65617529582232,38,458726,12071.736842105263
141.65763891255483,38,458790,12073.421052631578
141.6598529177718,38,458854,12075.105263157895
141.66099308570847,38,458918,12076.78947368421
141.6618439378217,38,458982,12078.473684210527
141.66284718271345,38,459046,12080.157894736842
141.66372285364196,38,459110,12081.842105263158
141.6646408769302,38,459174,12083.526315789473
141.6655465499498,38,459238,12085.21052631579
141.66642787167802,38,459302,12086.894736842105
141.66732185473666,38,459366,12088.578947368422
141.66822404693812,38,459430,12090.263157894737
141.66913545969874,38,459494,12091.947368421053
141.67001151200384,38,459558,12093.631578947368
141.67097124597058,38,459622,12095.315789473685
141.67186107765883,38,459686,12097.0
142.42604672070593,38,459750,12098.684210526315
142.4279604186304,38,459814,12100.368421052632
142.42914612870663,38,459878,12102.052631578947
142.43024202575907,38,459942,12103.736842105263
142.43129761191085,38,460006,12105.421052631578
142.4325139527209,38,460070,12107.105263157895
142.43427417660132,38,460134,12108.78947368421
142.43548700679094,38,460198,12110.473684210527
142.4363890788518,38,460262,12112.157894736842
142.43739892495796,38,460326,12113.842105263158
142.43833275791258,38,460390,12115.526315789473
142.4392374008894,38,460454,12117.21052631579
142.44024553569034,38,460518,12118.894736842105
142.44160891976207,38,460582,12120.578947368422
142.44272082764655,38,460646,12122.263157894737
142.44382447563112,38,460710,12123.947368421053
142.44571457291022,38,460774,12125.631578947368
142.44684043060988,38,460838,12127.315789473685
142.44773136265576,38,460902,12129.0
142.44875244889408,38,460966,12130.684210526315
142.44978306489065,38,461030,12132.368421052632
142.45072490768507,38,461094,12134.052631578947
142.45167748164386,38,461158,12135.736842105263
142.45258883479983,38,461222,12137.421052631578
142.4534765467979,38,461286,12139.105263157895
142.4543707589619,38,461350,12140.78947368421
142.45520768966526,38,461414,12142.473684210527
142.45614674361423,38,461478,12144.157894736842
142.4577915146947,38,461542,12145.842105263158
142.45894974377006,38,461606,12147.526315789473
142.46001017978415,38,461670,12149.21052631579
142.46092527266592,38,461734,12150.894736842105
142.46180677460507,38,461798,12152.578947368422
142.4627199578099,38,461862,12154.263157894737
142.4636901319027,38,461926,12155.947368421053
142.46494453400373,38,461990,12157.631578947368
142.46602977067232,38,462054,12159.315789473685
142.46709058666602,38,462118,12161.0
143.29681429965422,38,462182,12162.684210526315
143.2981729125604,38,462246,12164.368421052632
143.29927531071007,38,462310,12166.052631578947
143.300544842612,38,462374,12167.736842105263
143.3017813237384,38,462438,12169.421052631578
143.30293947272003,38,462502,12171.105263157895
143.30406128056347,38,462566,12172.78947368421
143.30532376188785,38,462630,12174.473684210527
143.30623973486945,38,462694,12176.157894736842
143.3077303627506,38,462758,12177.842105263158
143.30887998081744,38,462822,12179.526315789473
143.30999843869358,38,462886,12181.21052631579
143.3110343348235,38,462950,12182.894736842105
143.31196489790455,38,463014,12184.578947368422
143.31291788164526,38,463078,12186.263157894737
143.31422330485657,38,463142,12187.947368421053
143.31529951188713,38,463206,12189.631578947368
143.3164181197062,38,463270,12191.315789473685
143.31824064580724,38,463334,12193.0
143.3192559108138,38,463398,12194.684210526315
143.32031479664147,38,463462,12196.368421052632
143.32143767457455,38,463526,12198.052631578947
143.32253449270502,38,463590,12199.736842105263
143.3234453657642,38,463654,12201.421052631578
143.32433403795585,38,463718,12203.105263157895
143.325231899973,38,463782,12204.78947368421
143.32604751084,38,463846,12206.473684210527
143.32695887284353,38,463910,12208.157894736842
143.32783854566514,38,463974,12209.842105263158
143.32875150768086,38,464038,12211.526315789473
143.33023482561111,38,464102,12213.21052631579
143.33135091280565,38,464166,12214.894736842105
143.3324481206946,38,464230,12216.578947368422
143.33354298770428,38,464294,12218.263157894737
143.3346603657119,38,464358,12219.947368421053
143.33573064301163,38,464422,12221.631578947368
143.33700770465657,38,464486,12223.315789473685
143.33816474396735,38,464550,12225.0
143.48380683595315,38,464567,12225.447368421053
143.48380683595315,38,464567,12225.447368421053
144.02393128490075,37,452389,12226.72972972973
144.02580267190933,37,452453,12228.45945945946
144.02710372488946,37,452517,12230.18918918919
144.02831130474806,37,452581,12231.918918918918
144.02942945295945,37,452645,12233.648648648648
144.03073654556647,37,452709,12235.378378378378
144.03286287887022,37,452773,12237.108108108108
144.0341642606072,37,452837,12238.837837837838
144.03510373458266,37,452901,12240.567567567568
144.0361666106619,37,452965,12242.297297297297
144.03731440985575,37,453029,12244.027027027027
144.0384146478027,37,453093,12245.756756756757
144.0394558836706,37,453157,12247.486486486487
144.04040934797376,37,453221,12249.216216216217
144.04131769994274,37,453285,12250.945945945947
144.04222503257915,37,453349,12252.675675675675
144.04311356460676,37,453413,12254.405405405405
144.04402215778828,37,453477,12256.135135135135
144.04493477055803,37,453541,12257.864864864865
144.04655620083213,37,453605,12259.594594594595
144.0477402205579,37,453669,12261.324324324325
144.0488587487489,37,453733,12263.054054054053
144.0498103229329,37,453797,12264.783783783783
144.05073158582672,37,453861,12266.513513513513
144.05164152896032,37,453925,12268.243243243243
144.05355015583336,37,453989,12269.972972972973
144.05467680469155,37,454053,12271.702702702703
144.055744970683,37,454117,12273.432432432432
144.05672337580472,37,454181,12275.162162162162
144.0576313380152,37,454245,12276.891891891892
144.0585345607251,37,454309,12278.621621621622
144.0594331836328,37,454373,12280.351351351352
144.0603678068146,37,454437,12282.081081081082
144.06128679960966,37,454501,12283.81081081081
144.062206142582,37,454565,12285.54054054054
144.0631235158071,37,454629,12287.27027027027
144.06405184883624,37,454693,12289.0
144.74920900491998,37,454757,12290.72972972973
144.7509898697026,37,454821,12292.45945945946
144.75218158960342,37,454885,12294.18918918919
144.75331915775314,37,454949,12295.918918918918
144.75439484464005,37,455013,12297.648648648648
144.75619123969227,37,455077,12299.378378378378
144.75731475790963,37,455141,12301.108108108108
144.75845868699253,37,455205,12302.837837837838
144.75937320990488,37,455269,12304.567567567568
144.7603580537252,37,455333,12306.297297297297
144.76130520785227,37,455397,12308.027027027027
144.76226767199114,37,455461,12309.756756756757
144.7632906776853,37,455525,12311.486486486487
144.764575809706,37,455589,12313.216216216217
144.7667308836244,37,455653,12314.945945945947
144.7679413938895,37,455717,12316.675675675675
144.76901436084881,37,455781,12318.405405405405
144.77016114862636,37,455845,12320.135135135135
144.7710735918954,37,455909,12321.864864864865
144.77206507697701,37,455973,12323.594594594595
144.773009610828,37,456037,12325.324324324325
144.77402330562472,37,456101,12327.054054054053
144.77495927968994,37,456165,12328.783783783783
144.77587400190532,37,456229,12330.513513513513
144.7767830248922,37,456293,12332.243243243243
144.7776115857996,37,456357,12333.972972972973
144.77858142973855,37,456421,12335.702702702703
144.77947612199932,37,456485,12337.432432432432
144.78104664199054,37,456549,12339.162162162162
144.78217300958931,37,456613,12340.891891891892
144.78322577569634,37,456677,12342.621621621622
144.78480988601223,37,456741,12344.351351351352
144.78602470597252,37,456805,12346.081081081082
144.7871546735987,37,456869,12347.81081081081
144.78813622891903,37,456933,12349.54054054054
144.78908988274634,37,456997,12351.27027027027
144.79001369560137,37,457061,12353.0
145.71100755082443,37,457125,12354.72972972973
145.71313719358295,37,457189,12356.45945945946
145.71455025998875,37,457253,12358.18918918919
145.71588023286313,37,457317,12359.918918918918
145.7171122939326,37,457381,12361.648648648648
145.7195108239539,37,457445,12363.378378378378
145.7208361667581,37,457509,12365.108108108108
145.72210736898705,37,457573,12366.837837837838
145.72309101372957,37,457637,12368.567567567568
145.72412722883746,37,457701,12370.297297297297
145.72511016391218,37,457765,12372.027027027027
145.72610021894798,37,457829,12373.756756756757
145.72703665168956,37,457893,12375.486486486487
145.72812282899395,37,457957,12377.216216216217
145.72908412385732,37,458021,12378.945945945947
145.73006460769102,37,458085,12380.675675675675
145.7310236818157,37,458149,12382.405405405405
145.73255094978958,37,458213,12384.135135135135
145.73364233784378,37,458277,12385.864864864865
145.73475535493344,37,458341,12387.594594594595
145.73751480365172,37,458405,12389.324324324325
145.73878891579807,37,458469,12391.054054054053
145.7399547449313,37,458533,12392.783783783783
145.74108380358666,37,458597,12394.513513513513
145.7420772886835,37,458661,12396.243243243243
145.74300735164434,37,458725,12397.972972972973
145.7439569849521,37,458789,12399.702702702703
145.74486712785438,37,458853,12401.432432432432
145.74581949179992,37,458917,12403.162162162162
145.74676410574466,37,458981,12404.891891891892
145.74768096860498,37,459045,12406.621621621622
145.74858450097963,37,459109,12408.351351351352
145.74951327499002,37,459173,12410.081081081082
145.75045665772632,37,459237,12411.81081081081
145.75139595055953,37,459301,12413.54054054054
145.75233176490292,37,459365,12415.27027027027
145.7532723979093,37,459429,12417.0
146.58134368993342,37,459493,12418.72972972973
146.58324607694522,37,459557,12420.45945945946
146.5845315796323,37,459621,12422.18918918919
146.58576972968876,37,459685,12423.918918918918
146.5869112587534,37,459749,12425.648648648648
146.58921823697165,37,459813,12427.378378378378
146.59046582784504,37,459877,12429.108108108108
146.59167713765055,37,459941,12430.837837837838
146.5926099019125,37,460005,12432.567567567568
146.59361611679196,37,460069,12434.297297297297
146.5945576298982,37,460133,12436.027027027027
146.59549502376467,37,460197,12437.756756756757
146.5964266168885,37,460261,12439.486486486487
146.59736500959843,37,460325,12441.216216216217
146.59827693272382,37,460389,12442.945945945947
146.59919408569112,37,460453,12444.675675675675
146.60009498894215,37,460517,12446.405405405405
146.60101810190827,37,460581,12448.135135135135
146.60225476277992,37,460645,12449.864864864865
146.6032723276876,37,460709,12451.594594594595
146.6059392746538,37,460773,12453.324324324325
146.6071917358786,37,460837,12455.054054054053
146.6083777458407,37,460901,12456.783783783783
146.60954650491476,37,460965,12458.513513513513
146.6105831307359,37,461029,12460.243243243243
146.61143349157646,37,461093,12461.972972972973
146.61237643565983,37,461157,12463.702702702703
146.61329060886055,37,461221,12465.432432432432
146.61427839286625,37,461285,12467.162162162162
146.6152084567584,37,461349,12468.891891891892
146.6161469798535,37,461413,12470.621621621622
146.6170634329319,37,461477,12472.351351351352
146.61801228672266,37,461541,12474.081081081082
146.61895073996857,37,461605,12475.81081081081
146.61986893275753,37,461669,12477.54054054054
146.62081872671843,37,461733,12479.27027027027
146.6217442797497,37,461797,12481.0
148.07469283090904,37,461861,12482.72972972973
148.07651473674923,37,461925,12484.45945945946
148.07778408797458,37,461989,12486.18918918919
148.0789696779102,37,462053,12487.918918918918
148.0802754308097,37,462117,12489.648648648648
148.08228238066658,37,462181,12491.378378378378
148.08346600970253,37,462245,12493.108108108108
148.08469576062635,37,462309,12494.837837837838
148.0855901329778,37,462373,12496.567567567568
148.08656579768285,37,462437,12498.297297297297
148.087523361668,37,462501,12500.027027027027
148.08846848458052,37,462565,12501.756756756757
148.0893985289149,37,462629,12503.486486486487
148.09035823261365,37,462693,12505.216216216217
148.0913777477108,37,462757,12506.945945945947
148.0928163137287,37,462821,12508.675675675675
148.09393884195015,37,462885,12510.405405405405
148.0951073616743,37,462949,12512.135135135135
148.09601048380136,37,463013,12513.864864864865
148.0984288849868,37,463077,12515.594594594595
148.09984825970605,37,463141,12517.324324324325
148.10101896896958,37,463205,12519.054054054053
148.102056204807,37,463269,12520.783783783783
148.10317893279716,37,463333,12522.513513513513
148.10414650756866,37,463397,12524.243243243243
148.10497702797875,37,463461,12525.972972972973
148.10593091184273,37,463525,12527.702702702703
148.1068585049361,37,463589,12529.432432432432
148.1078036786057,37,463653,12531.162162162162
148.1087196818553,37,463717,12532.891891891892
148.10962813487276,37,463781,12534.621621621622
148.1105511477217,37,463845,12536.351351351352
148.11147526092827,37,463909,12538.081081081082
148.11240355391055,37,463973,12539.81081081081
148.11331634689122,37,464037,12541.54054054054
148.11424350971356,37,464101,12543.27027027027
148.1151871639304,37,464165,12545.0
149.00626140087843,37,464229,12546.72972972973
149.00882301479578,37,464293,12548.45945945946
149.0106697017327,37,464357,12550.18918918919
149.01253802794963,37,464421,12551.918918918918
149.01454700762406,37,464485,12553.648648648648
149.0176568957977,37,464549,12555.378378378378
149.0195253728889,37,464613,12557.108108108108
149.02148708188906,37,464677,12558.837837837838
149.02291784761474,37,464741,12560.567567567568
149.02449245657772,37,464805,12562.297297297297
149.02602171478793,37,464869,12564.027027027027
149.0277145076543,37,464933,12565.756756756757
149.0294662117958,37,464997,12567.486486486487
149.03115231357515,37,465061,12569.216216216217
149.03294309880584,37,465125,12570.945945945947
149.03534769872203,37,465189,12572.675675675675
149.03717905376107,37,465253,12574.405405405405
149.03906976198778,37,465317,12576.135135135135
149.0405825986527,37,465381,12577.864864864865
149.04227407183498,37,465445,12579.594594594595
149.04648073669523,37,465509,12581.324324324325
149.048481406644,37,465573,12583.054054054053
149.0501882797107,37,465637,12584.783783783783
149.05131696769968,37,465701,12586.513513513513
149.05230103293434,37,465765,12588.243243243243
149.05315440380946,37,465829,12589.972972972973
149.05410167761147,37,465893,12591.702702702703
149.05501085100695,37,465957,12593.432432432432
149.05597162386402,37,466021,12595.162162162162
149.0568990278989,37,466085,12596.891891891892
149.05781750101596,37,466149,12598.621621621622
149.0587334325537,37,466213,12600.351351351352
149.05969061655924,37,466277,12602.081081081082
149.06063508056104,37,466341,12603.81081081081
149.06155822379515,37,466405,12605.54054054054
149.06250473763794,37,466469,12607.27027027027
149.06343880062923,37,466533,12609.0
149.92695065960288,37,466597,12610.72972972973
149.92879645572975,37,466661,12612.45945945946
149.93011282756925,37,466725,12614.18918918919
149.93134356895462,37,466789,12615.918918918918
149.93250497756526,37,466853,12617.648648648648
149.9348375867121,37,466917,12619.378378378378
149.9360944177024,37,466981,12621.108108108108
149.93733758898452,37,467045,12622.837837837838
149.93827862292528,37,467109,12624.567567567568
149.93933358881623,37,467173,12626.297297297297
149.9403018229641,37,467237,12628.027027027027
149.94127044687048,37,467301,12629.756756756757
149.94219578057528,37,467365,12631.486486486487
149.94315080484375,37,467429,12633.216216216217
149.9440791979432,37,467493,12634.945945945947
149.9450207008049,37,467557,12636.675675675675
149.94593222392723,37,467621,12638.405405405405
149.9468759279698,37,467685,12640.135135135135
149.9481757399626,37,467749,12641.864864864865
149.94936611969024,37,467813,12643.594594594595
149.95058842096478,37,467877,12645.324324324325
149.95330183859915,37,467941,12647.054054054053
149.9545857408084,37,468005,12648.783783783783
149.9555785646662,37,468069,12650.513513513513
149.95670372387394,37,468133,12652.243243243243
149.95757295470685,37,468197,12653.972972972973
149.95857643987983,37,468261,12655.702702702703
149.95949567388743,37,468325,12657.432432432432
149.96045970683917,37,468389,12659.162162162162
149.96139391092584,37,468453,12660.891891891892
149.96232046373188,37,468517,12662.621621621622
149.9632396865636,37,468581,12664.351351351352
149.9641873408109,37,468645,12666.081081081082
149.96515778498724,37,468709,12667.81081081081
149.96608883794397,37,468773,12669.54054054054
149.96702649164945,37,468837,12671.27027027027
149.96796296490356,37,468901,12673.0
150.68249947670847,37,468965,12674.72972972973
150.68454222893342,37,469029,12676.45945945946
150.68577974895015,37,469093,12678.18918918919
150.68699084967375,37,469157,12679.918918918918
150.68827341170982,37,469221,12681.648648648648
150.6898940517567,37,469285,12683.378378378378
150.69111288292333,37,469349,12685.108108108108
150.69232053263113,37,469413,12686.837837837838
150.69327612686902,37,469477,12688.567567567568
150.69434062298387,37,469541,12690.297297297297
150.6957552586682,37,469605,12692.027027027027
150.69698989996687,37,469669,12693.756756756757
150.6988493357785,37,469733,12695.486486486487
150.70008554682136,37,469797,12697.216216216217
150.701176173985,37,469861,12698.945945945947
150.70213824883103,37,469925,12700.675675675675
150.70308472169563,37,469989,12702.405405405405
150.7040603067726,37,470053,12704.135135135135
150.7049917196855,37,470117,12705.864864864865
150.70597754465416,37,470181,12707.594594594595
150.70775997871533,37,470245,12709.324324324325
150.70899543957785,37,470309,12711.054054054053
150.71017342992127,37,470373,12712.783783783783
150.71120356488973,37,470437,12714.513513513513
150.71215858869255,37,470501,12716.243243243243
150.7143643735908,37,470565,12717.972972972973
150.71543797058985,37,470629,12719.702702702703
150.71651904797181,37,470693,12721.432432432432
150.7175959548913,37,470757,12723.162162162162
150.7185359490104,37,470821,12724.891891891892
150.71947115194052,37,470885,12726.621621621622
150.72039927495643,37,470949,12728.351351351352
150.72135530877858,37,471013,12730.081081081082
150.72231904277578,37,471077,12731.81081081081
150.7232755967416,37,471141,12733.54054054054
150.72423812095076,37,471205,12735.27027027027
150.72518320474774,37,471269,12737.0
150.78593732463196,37,471278,12737.243243243243
150.78593732463196,37,471278,12737.243243243243
151.6131193540059,36,458596,12738.777777777777
151.61478150589392,36,458660,12740.555555555555
151.6159702357836,36,458724,12742.333333333334
151.61712873494253,36,458788,12744.111111111111
151.61838993569836,36,458852,12745.888888888889
151.62004932761192,36,458916,12747.666666666666
151.6212159669958,36,458980,12749.444444444445
151.62240017578006,36,459044,12751.222222222223
151.6233466998674,36,459108,12753.0
151.62429820373654,36,459172,12754.777777777777
151.62526107765734,36,459236,12756.555555555555
151.62621201155707,36,459300,12758.333333333334
151.62755340477452,36,459364,12760.111111111111
151.62867381284013,36,459428,12761.888888888889
151.62976039061323,36,459492,12763.666666666666
151.63176646083593,36,459556,12765.444444444445
151.63301059184596,36,459620,12767.222222222223
151.63397014560178,36,459684,12769.0
151.63498981064186,36,459748,12770.777777777777
151.63598333578557,36,459812,12772.555555555555
151.63699556095526,36,459876,12774.333333333334
151.6379563556984,36,459940,12776.111111111111
151.63890734873712,36,460004,12777.888888888889
151.6398506029509,36,460068,12779.666666666666
151.64071964472532,36,460132,12781.444444444445
151.6417164299637,36,460196,12783.222222222223
151.64338111085817,36,460260,12785.0
151.64457436092198,36,460324,12786.777777777777
151.6457069586031,36,460388,12788.555555555555
151.6468124166131,36,460452,12790.333333333334
151.647802751977,36,460516,12792.111111111111
151.64876070572063,36,460580,12793.888888888889
151.65028910385445,36,460644,12795.666666666666
151.65141293173656,36,460708,12797.444444444445
151.6524006468244,36,460772,12799.222222222223
151.65335834072903,36,460836,12801.0
152.35300902090967,36,460900,12802.777777777777
152.3548097857274,36,460964,12804.555555555555
152.35597222484648,36,461028,12806.333333333334
152.35715085361153,36,461092,12808.111111111111
152.3584053358063,36,461156,12809.888888888889
152.3601730898954,36,461220,12811.666666666666
152.36134092882276,36,461284,12813.444444444445
152.36259298073128,36,461348,12815.222222222223
152.36351693375036,36,461412,12817.0
152.36444446677342,36,461476,12818.777777777777
152.36541195074096,36,461540,12820.555555555555
152.36639366485178,36,461604,12822.333333333334
152.36779437074438,36,461668,12824.111111111111
152.36892343871295,36,461732,12825.888888888889
152.37002789601684,36,461796,12827.666666666666
152.37231931369752,36,461860,12829.444444444445
152.3735383739695,36,461924,12831.222222222223
152.37450968800113,36,461988,12833.0
152.37556959455833,36,462052,12834.777777777777
152.37674921471626,36,462116,12836.555555555555
152.37794410483912,36,462180,12838.333333333334
152.37901559099555,36,462244,12840.111111111111
152.37997052492574,36,462308,12841.888888888889
152.38091782899573,36,462372,12843.666666666666
152.3817860209383,36,462436,12845.444444444445
152.38275549467653,36,462500,12847.222222222223
152.38369950884953,36,462564,12849.0
152.3846866725944,36,462628,12850.777777777777
152.38563015684485,36,462692,12852.555555555555
152.38657546974719,36,462756,12854.333333333334
152.38824589177966,36,462820,12856.111111111111
152.38948920276016,36,462884,12857.888888888889
152.3905137288384,36,462948,12859.666666666666
152.39153209375218,36,463012,12861.444444444445
152.39250545855612,36,463076,12863.222222222223
152.39349801372737,36,463140,12865.0
153.25215995078906,36,463204,12866.777777777777
153.25402268674225,36,463268,12868.555555555555
153.25529776979238,36,463332,12870.333333333334
153.2565298397094,36,463396,12872.111111111111
153.25769808981568,36,463460,12873.888888888889
153.25970349973068,36,463524,12875.666666666666
153.26093467976898,36,463588,12877.444444444445
153.26213652081788,36,463652,12879.222222222223
153.26311984471977,36,463716,12881.0
153.26415402069688,36,463780,12882.777777777777
153.26518999692053,36,463844,12884.555555555555
153.26618639193475,36,463908,12886.333333333334
153.26713790558279,36,463972,12888.111111111111
153.26808983879164,36,464036,12889.888888888889
153.26902585290372,36,464100,12891.666666666666
153.26996351592243,36,464164,12893.444444444445
153.27259160159156,36,464228,12895.222222222223
153.27365308860317,36,464292,12897.0
153.27466087369248,36,464356,12898.777777777777
153.27564302785322,36,464420,12900.555555555555
153.27666631387547,36,464484,12902.333333333334
153.27767253899947,36,464548,12904.111111111111
153.278628742788,36,464612,12905.888888888889
153.27958565670997,36,464676,12907.666666666666
153.28050149977207,36,464740,12909.444444444445
153.28146554389969,36,464804,12911.222222222223
153.2824168279767,36,464868,12913.0
153.28339239163324,36,464932,12914.777777777777
153.28434223588556,36,464996,12916.555555555555
153.2852909299545,36,465060,12918.333333333334
153.28623847290874,36,465124,12920.111111111111
153.28719444666058,36,465188,12921.888888888889
153.28855261066929,36,465252,12923.666666666666
153.28999851690605,36,465316,12925.444444444445
153.29118187678978,36,465380,12927.222222222223
153.29232077579945,36,465444,12929.0
153.99607135774568,36,465508,12930.777777777777
153.99880876671523,36,465572,12932.555555555555
154.00069340365008,36,465636,12934.333333333334
154.00256360089406,36,465700,12936.111111111111
154.0046003316529,36,465764,12937.888888888889
154.00750965392217,36,465828,12939.666666666666
154.00941908173263,36,465892,12941.444444444445
154.01147633278742,36,465956,12943.222222222223
154.01295754965395,36,466020,12945.0
154.0146365929395,36,466084,12946.777777777777
154.01630964456126,36,466148,12948.555555555555
154.01797197572887,36,466212,12950.333333333334
154.01965872757137,36,466276,12952.111111111111
154.02216803096235,36,466340,12953.888888888889
154.02402087673545,36,466404,12955.666666666666
154.02573882974684,36,466468,12957.444444444445
154.02743319282308,36,466532,12959.222222222223
154.0315541359596,36,466596,12961.0
154.0333019788377,36,466660,12962.777777777777
154.03528305888176,36,466724,12964.555555555555
154.03639792697504,36,466788,12966.333333333334
154.0376096968539,36,466852,12968.111111111111
154.03867085371166,36,466916,12969.888888888889
154.03968600882217,36,466980,12971.666666666666
154.04057452082634,36,467044,12973.444444444445
154.0415427358821,36,467108,12975.222222222223
154.04248986858875,36,467172,12977.0
154.04348180396482,36,467236,12978.777777777777
154.04444084782153,36,467300,12980.555555555555
154.04538756189868,36,467364,12982.333333333334
154.04634772567078,36,467428,12984.111111111111
154.04731315979734,36,467492,12985.888888888889
154.04829098377377,36,467556,12987.666666666666
154.0492489580065,36,467620,12989.444444444445
154.05022468278185,36,467684,12991.222222222223
154.05118480697274,36,467748,12993.0
154.73772538872436,36,467812,12994.777777777777
154.73970416886732,36,467876,12996.555555555555
154.74101880099624,36,467940,12998.333333333334
154.74229192268103,36,468004,13000.111111111111
154.7434622226283,36,468068,13001.888888888889
154.74555259477347,36,468132,13003.666666666666
154.74685462657362,36,468196,13005.444444444445
154.74811059888452,36,468260,13007.222222222223
154.7491277139634,36,468324,13009.0
154.75018899096176,36,468388,13010.777777777777
154.75126714771613,36,468452,13012.555555555555
154.75226202281192,36,468516,13014.333333333334
154.7532309065573,36,468580,13016.111111111111
154.75420179078355,36,468644,13017.888888888889
154.7551605948247,36,468708,13019.666666666666
154.75610568886623,36,468772,13021.444444444445
154.75751664396375,36,468836,13023.222222222223
154.76000204589218,36,468900,13025.0
154.7611217238009,36,468964,13026.777777777777
154.7624262967147,36,469028,13028.555555555555
154.7635539546609,36,469092,13030.333333333334
154.76473395479843,36,469156,13032.111111111111
154.76580261159688,36,469220,13033.888888888889
154.76681392686442,36,469284,13035.666666666666
154.76769875874743,36,469348,13037.444444444445
154.76869210368022,36,469412,13039.222222222223
154.7696410366334,36,469476,13041.0
154.77063711173832,36,469540,13042.777777777777
154.7716022967361,36,469604,13044.555555555555
154.7725516599603,36,469668,13046.333333333334
154.77350176358595,36,469732,13048.111111111111
154.77447434794158,36,469796,13049.888888888889
154.77545430278406,36,469860,13051.666666666666
154.77641656668857,36,469924,13053.444444444445
154.77739677065983,36,469988,13055.222222222223
154.77836612565443,36,470052,13057.0
154.77985042287037,36,470054,13057.055555555555
154.77985042287037,36,470054,13057.055555555555
155.480054366868,35,457059,13058.828571428572
155.4816473866813,35,457123,13060.657142857142
155.4828933379613,35,457187,13062.485714285714
155.48399679595605,35,457251,13064.314285714287
155.485557094682,35,457315,13066.142857142857
155.48675859486684,35,457379,13067.971428571429
155.4879703046754,35,457443,13069.8
155.48892309889197,35,457507,13071.628571428571
155.4900030856952,35,457571,13073.457142857143
155.49130224762484,35,457635,13075.285714285714
155.49312366358936,35,457699,13077.114285714286
155.49427749263123,35,457763,13078.942857142858
155.49536613980308,35,457827,13080.771428571428
155.49633953394368,35,457891,13082.6
155.49726881692186,35,457955,13084.42857142857
155.49822370056063,35,458019,13086.257142857143
155.49938850989565,35,458083,13088.085714285715
155.50057457992807,35,458147,13089.914285714285
155.5018016207032,35,458211,13091.742857142857
155.50379690062255,35,458275,13093.57142857143
155.50489616766572,35,458339,13095.4
155.50605692667887,35,458403,13097.228571428572
155.50719956588,35,458467,13099.057142857142
155.5080839577131,35,458531,13100.885714285714
155.50908031268045,35,458595,13102.714285714286
155.5100162057206,35,458659,13104.542857142857
155.51099377078936,35,458723,13106.371428571429
155.51258316077292,35,458787,13108.2
155.51380566088483,35,458851,13110.028571428571
155.51479599578306,35,458915,13111.857142857143
155.51591700362042,35,458979,13113.685714285713
155.51706031290814,35,459043,13115.514285714286
155.51850174879655,35,459107,13117.342857142858
155.51965740788728,35,459171,13119.171428571428
155.5207806956023,35,459235,13121.0
156.2218140307814,35,459299,13122.828571428572
156.22373062884435,35,459363,13124.657142857142
156.22521975589916,35,459427,13126.485714285714
156.2266123709269,35,459491,13128.314285714287
156.22867088159546,35,459555,13130.142857142857
156.23011017777026,35,459619,13131.971428571429
156.23160837590694,35,459683,13133.8
156.2327655549161,35,459747,13135.628571428571
156.23390921298414,35,459811,13137.457142857143
156.23514885362238,35,459875,13139.285714285714
156.2363426135853,35,459939,13141.114285714286
156.2378895226866,35,460003,13142.942857142858
156.24039476457983,35,460067,13144.771428571428
156.2418244406581,35,460131,13146.6
156.24314640369266,35,460195,13148.42857142857
156.2443770347163,35,460259,13150.257142857143
156.245494262781,35,460323,13152.085714285715
156.24665346182883,35,460387,13153.914285714285
156.24788751266897,35,460451,13155.742857142857
156.24917454458773,35,460515,13157.57142857143
156.25038306461647,35,460579,13159.4
156.2515858048573,35,460643,13161.228571428572
156.2527690846473,35,460707,13163.057142857142
156.25441108597443,35,460771,13164.885714285714
156.25569057790563,35,460835,13166.714285714286
156.2567788148299,35,460899,13168.542857142857
156.25777333974838,35,460963,13170.371428571429
156.2596204970032,35,461027,13172.2
156.26080414559692,35,461091,13174.028571428571
156.26189063256606,35,461155,13175.857142857143
156.26312520401552,35,461219,13177.685714285713
156.2641093088314,35,461283,13179.514285714286
156.26506604300812,35,461347,13181.342857142858
156.26602558698505,35,461411,13183.171428571428
156.26699181087315,35,461475,13185.0
157.0673858607188,35,461539,13186.828571428572
157.07023422187194,35,461603,13188.657142857142
157.07170477882028,35,461667,13190.485714285714
157.07293150993064,35,461731,13192.314285714287
157.0740255266428,35,461795,13194.142857142857
157.07552953483537,35,461859,13195.971428571429
157.0779032940045,35,461923,13197.8
157.07903050165623,35,461987,13199.628571428571
157.0801237099804,35,462051,13201.457142857143
157.08133732993156,35,462115,13203.285714285714
157.08253759983927,35,462179,13205.114285714286
157.0836942489259,35,462243,13206.942857142858
157.0847257147543,35,462307,13208.771428571428
157.08569784881547,35,462371,13210.6
157.08665864355862,35,462435,13212.42857142857
157.08763841772452,35,462499,13214.257142857143
157.08921589655802,35,462563,13216.085714285715
157.0902779540047,35,462627,13217.914285714285
157.09158355556428,35,462691,13219.742857142857
157.092704474926,35,462755,13221.57142857143
157.09374951059,35,462819,13223.4
157.09623014274985,35,462883,13225.228571428572
157.09751987457275,35,462947,13227.057142857142
157.09842753782868,35,463011,13228.885714285714
157.0995351257734,35,463075,13230.714285714286
157.100540259853,35,463139,13232.542857142857
157.10156614566222,35,463203,13234.371428571429
157.10254047065973,35,463267,13236.2
157.1035092547536,35,463331,13238.028571428571
157.1044686785899,35,463395,13239.857142857143
157.10545058269054,35,463459,13241.685714285713
157.1064361575991,35,463523,13243.514285714286
157.10740694170818,35,463587,13245.342857142858
157.10839871689677,35,463651,13247.171428571428
157.1093799318187,35,463715,13249.0
157.8151448648423,35,463779,13250.828571428572
157.81668847380206,35,463843,13252.657142857142
157.81794031476602,35,463907,13254.485714285714
157.81929505895823,35,463971,13256.314285714287
157.82089518895373,35,464035,13258.142857142857
157.822198681999,35,464099,13259.971428571429
157.82346634287387,35,464163,13261.8
157.82448824867606,35,464227,13263.628571428571
157.82561178691685,35,464291,13265.457142857143
157.82724041771144,35,464355,13267.285714285714
157.8285276996903,35,464419,13269.114285714286
157.82975343056023,35,464483,13270.942857142858
157.83094136975706,35,464547,13272.771428571428
157.83312221476808,35,464611,13274.6
157.8342510126531,35,464675,13276.42857142857
157.8352682585828,35,464739,13278.257142857143
157.8352682585828,35,464739,13278.257142857143
157.83628163393587,34,451490,13279.117647058823
157.8372504976578,34,451554,13281.0
157.83829355379567,34,451618,13282.882352941177
157.83936344087124,34,451682,13284.764705882353
157.84037335589528,34,451746,13286.64705882353
157.8413740908727,34,451810,13288.529411764706
157.8423772356473,34,451874,13290.411764705883
157.84329656977206,34,451938,13292.29411764706
157.84545132284984,34,452002,13294.176470588236
157.84663245268166,34,452066,13296.058823529413
157.8478851239197,34,452130,13297.941176470587
157.8489753715694,34,452194,13299.823529411764
157.84999489691108,34,452258,13301.70588235294
157.85096869058907,34,452322,13303.588235294117
157.85201081680134,34,452386,13305.470588235294
157.85301704285666,34,452450,13307.35294117647
157.85400241659954,34,452514,13309.235294117647
157.85499126184732,34,452578,13311.117647058823
157.85600227676332,34,452642,13313.0
158.70838618883863,34,452706,13314.882352941177
158.71041940897703,34,452770,13316.764705882353
158.71174036199227,34,452834,13318.64705882353
158.71293381182477,34,452898,13320.529411764706
158.71431625680998,34,452962,13322.411764705883
158.71619215374812,34,453026,13324.29411764706
158.71745983464643,34,453090,13326.176470588236
158.7184211886488,34,453154,13328.058823529413
158.71947153564543,34,453218,13329.941176470587
158.72070689685643,34,453282,13331.823529411764
158.72178459260613,34,453346,13333.70588235294
158.72290980163962,34,453410,13335.588235294117
158.72452809195966,34,453474,13337.470588235294
158.72579329367727,34,453538,13339.35294117647
158.7269329619594,34,453602,13341.235294117647
158.72792475670576,34,453666,13343.117647058823
158.73036928800866,34,453730,13345.0
158.73168943077326,34,453794,13346.882352941177
158.73302497481927,34,453858,13348.764705882353
158.73421888472512,34,453922,13350.64705882353
158.7353169019334,34,453986,13352.529411764706
158.73635625792667,34,454050,13354.411764705883
158.7372699007392,34,454114,13356.29411764706
158.7382929767482,34,454178,13358.176470588236
158.7392793809995,34,454242,13360.058823529413
158.74030076665804,34,454306,13361.941176470587
158.74128277087584,34,454370,13363.823529411764
158.74225362483412,34,454434,13365.70588235294
158.7432262399234,34,454498,13367.588235294117
158.74422948481515,34,454562,13369.470588235294
158.7452222397551,34,454626,13371.35294117647
158.74668812658638,34,454690,13373.235294117647
158.7478927867487,34,454754,13375.117647058823
158.74913416756317,34,454818,13377.0
159.52249006181955,34,454882,13378.882352941177
159.5244176806882,34,454946,13380.764705882353
159.52574774390087,34,455010,13382.64705882353
159.5269352835603,34,455074,13384.529411764706
159.52903256565332,34,455138,13386.411764705883
159.53026767680421,34,455202,13388.29411764706
159.5315568386577,34,455266,13390.176470588236
159.53251609299332,34,455330,13392.058823529413
159.5335690388456,34,455394,13393.941176470587
159.5346199455671,34,455458,13395.823529411764
159.53561608074233,34,455522,13397.70588235294
159.5367087177001,34,455586,13399.588235294117
159.53803490055725,34,455650,13401.470588235294
159.54035939881578,34,455714,13403.35294117647
159.54149774787948,34,455778,13405.235294117647
159.54245115164667,34,455842,13407.117647058823
159.54344045557082,34,455906,13409.0
159.5444788816385,34,455970,13410.882352941177
159.54554495867342,34,456034,13412.764705882353
159.5465473337099,34,456098,13414.64705882353
159.54753642855212,34,456162,13416.529411764706
159.55073449900374,34,456226,13418.411764705883
159.55238229967654,34,456290,13420.29411764706
159.5536105907522,34,456354,13422.176470588236
159.5554592567496,34,456418,13424.058823529413
159.55682286061347,34,456482,13425.941176470587
159.55806787172332,34,456546,13427.823529411764
159.55974169401452,34,456610,13429.70588235294
159.56095109367743,34,456674,13431.588235294117
159.56221777573228,34,456738,13433.470588235294
159.56333561381325,34,456802,13435.35294117647
159.56436791969463,34,456866,13437.235294117647
159.56537550501525,34,456930,13439.117647058823
159.5663758199662,34,456994,13441.0
159.71630261978135,34,457011,13441.5
159.71630261978135,34,457011,13441.5
160.74221369158477,33,443608,13442.666666666666
160.74221369158477,33,443608,13442.666666666666
161.74710857868195,32,430176,13443.0
161.75091715389863,32,430240,13445.0
161.75356267997995,32,430304,13447.0
161.75601373100653,32,430368,13449.0
161.758202385623,32,430432,13451.0
161.76341555686668,32,430496,13453.0
161.7663530400023,32,430560,13455.0
161.76854411466047,32,430624,13457.0
161.770991475787,32,430688,13459.0
161.77345029776916,32,430752,13461.0
161.7759950608015,32,430816,13463.0
161.77851934498176,32,430880,13465.0
161.78073322959244,32,430944,13467.0
161.78288319380954,32,431008,13469.0
161.78501209663227,32,431072,13471.0
161.7868540827185,32,431136,13473.0
161.78846252290532,32,431200,13475.0
161.79010985372588,32,431264,13477.0
161.79181620664895,32,431328,13479.0
161.79434305988252,32,431392,13481.0
161.7961302548647,32,431456,13483.0
161.79807375371456,32,431520,13485.0
161.79972589481622,32,431584,13487.0
161.80174394557253,32,431648,13489.0
161.80291147483513,32,431712,13491.0
161.80405366281047,32,431776,13493.0
161.80520079191774,32,431840,13495.0
161.8063437808305,32,431904,13497.0
161.80752697959542,32,431968,13499.0
161.80852011498064,32,432032,13501.0
161.80951325967908,32,432096,13503.0
161.81050251377746,32,432160,13505.0
162.87780980300158,32,432224,13507.0
162.88089674990624,32,432288,13509.0
162.88295116089284,32,432352,13511.0
162.88483409769833,32,432416,13513.0
162.88647434860468,32,432480,13515.0
162.89007911877707,32,432544,13517.0
162.892300224863,32,432608,13519.0
162.8939622156322,32,432672,13521.0
162.89580988278612,32,432736,13523.0
162.897818622645,32,432800,13525.0
162.89975512074307,32,432864,13527.0
162.9016456590034,32,432928,13529.0
162.9033169299364,32,432992,13531.0
162.90494567062706,32,433056,13533.0
162.90652232058346,32,433120,13535.0
162.90805111872032,32,433184,13537.0
162.90962998755276,32,433248,13539.0
162.91198786674067,32,433312,13541.0
162.9141825218685,32,433376,13543.0
162.91777464188635,32,433440,13545.0
162.91950899455696,32,433504,13547.0
162.9208849798888,32,433568,13549.0
162.92203189898282,32,433632,13551.0
162.92320643784478,32,433696,13553.0
162.92427667463198,32,433760,13555.0
162.92525691865012,32,433824,13557.0
162.9262335440144,32,433888,13559.0
162.9272313285619,32,433952,13561.0
162.92823140369728,32,434016,13563.0
162.92921664798632,32,434080,13565.0
162.9302128427662,32,434144,13567.0
162.9312070379965,32,434208,13569.0
164.05331236682832,32,434272,13571.0
164.05516049265862,32,434336,13573.0
164.056529476773,32,434400,13575.0
164.05771463690326,32,434464,13577.0
164.05972993699834,32,434528,13579.0
164.06103706965223,32,434592,13581.0
164.06233854265884,32,434656,13583.0
164.0633585578762,32,434720,13585.0
164.06445557577536,32,434784,13587.0
164.06555901281536,32,434848,13589.0
164.0665887487121,32,434912,13591.0
164.06759304367006,32,434976,13593.0
164.068597888574,32,435040,13595.0
164.0699120219797,32,435104,13597.0
164.0725921485573,32,435168,13599.0
164.07353988289833,32,435232,13601.0
164.07462139986455,32,435296,13603.0
164.0758620109409,32,435360,13605.0
164.07715762360021,32,435424,13607.0
164.07822030968964,32,435488,13609.0
164.07914134301245,32,435552,13611.0
164.08015433885157,32,435616,13613.0
164.08113642269745,32,435680,13615.0
164.08216648874804,32,435744,13617.0
164.08316070400178,32,435808,13619.0
164.08417549869046,32,435872,13621.0
164.0851741535589,32,435936,13623.0
164.08619337901473,32,436000,13625.0
164.0872116549872,32,436064,13627.0
164.08820791961625,32,436128,13629.0
164.0892205745913,32,436192,13631.0
164.09022483974695,32,436256,13633.0
164.81445385655388,32,436320,13635.0
164.81712360261008,32,436384,13637.0
164.81918503483757,32,436448,13639.0
164.82103409059346,32,436512,13641.0
164.82326337695122,32,436576,13643.0
164.82646850682795,32,436640,13645.0
164.82865970162675,32,436704,13647.0
164.8303101528436,32,436768,13649.0
164.8321293387562,32,436832,13651.0
164.83412060886621,32,436896,13653.0
164.83604981657118,32,436960,13655.0
164.83776339981705,32,437024,13657.0
164.83938602963462,32,437088,13659.0
164.84099553059787,32,437152,13661.0
164.84260651096702,32,437216,13663.0
164.84474192373455,32,437280,13665.0
164.84673437383026,32,437344,13667.0
164.8488751379773,32,437408,13669.0
164.85089739784598,32,437472,13671.0
164.85463972156867,32,437536,13673.0
164.85638673556969,32,437600,13675.0
164.85785434162244,32,437664,13677.0
164.85900222091004,32,437728,13679.0
164.86018563061953,32,437792,13681.0
164.86124499700963,32,437856,13683.0
164.86223093187436,32,437920,13685.0
164.86323703685775,32,437984,13687.0
164.86425009183586,32,438048,13689.0
164.86525178700686,32,438112,13691.0
164.86624260200188,32,438176,13693.0
164.86724491696805,32,438240,13695.0
164.86824716161937,32,438304,13697.0
165.05975979287177,32,438325,13697.65625
165.05975979287177,32,438325,13697.65625
165.63368821982294,31,424662,13698.774193548386
165.63368821982294,31,424662,13698.774193548386
165.74241810897365,30,410974,13699.133333333333
165.74618216371164,30,411038,13701.266666666666
165.74882903974503,30,411102,13703.4
165.75131517183036,30,411166,13705.533333333333
165.7535479478538,30,411230,13707.666666666666
165.7565469229594,30,411294,13709.8
165.76184742571786,30,411358,13711.933333333332
165.7641162215732,30,411422,13714.066666666668
165.76666835555807,30,411486,13716.2
165.7693569730036,30,411550,13718.333333333334
165.77193393791094,30,411614,13720.466666666667
165.77448392193764,30,411678,13722.6
165.7767503177747,30,411742,13724.733333333334
165.77893728297204,30,411806,13726.866666666667
165.780952563975,30,411870,13729.0
165.7824965119362,30,411934,13731.133333333333
165.78410500194877,30,411998,13733.266666666666
165.7857567728497,30,412062,13735.4
165.78751795785502,30,412126,13737.533333333333
165.78914400795475,30,412190,13739.666666666666
165.79081366956234,30,412254,13741.8
165.7936129500158,30,412318,13743.933333333332
165.79493496287614,30,412382,13746.066666666668
165.79621991468593,30,412446,13748.2
165.79724064096808,30,412510,13750.333333333334
165.79824548587203,30,412574,13752.466666666667
165.79928821185604,30,412638,13754.6
165.8003095178865,30,412702,13756.733333333334
165.80164360068738,30,412766,13758.866666666667
165.80294836359099,30,412830,13761.0
166.48045663069934,30,412894,13763.133333333333
166.48272108798847,30,412958,13765.266666666666
166.4842325556092,30,413022,13767.4
166.4855097378604,30,413086,13769.533333333333
166.48698552465066,30,413150,13771.666666666666
166.4889539037831,30,413214,13773.8
166.49039145978168,30,413278,13775.933333333332
166.49144673580304,30,413342,13778.066666666668
166.4925675247796,30,413406,13780.2
166.49378552474082,30,413470,13782.333333333334
166.4949131226167,30,413534,13784.466666666667
166.4961436437443,30,413598,13786.6
166.49725200189278,30,413662,13788.733333333334
166.49878718983382,30,413726,13790.866666666667
166.50002715084702,30,413790,13793.0
166.50106191681698,30,413854,13795.133333333333
166.50352323893458,30,413918,13797.266666666666
166.50490061286837,30,413982,13799.4
166.5062597868964,30,414046,13801.533333333333
166.5073943049647,30,414110,13803.666666666666
166.50862327590585,30,414174,13805.8
166.5097015229985,30,414238,13807.933333333332
166.51077699987218,30,414302,13810.066666666668
166.51180196600035,30,414366,13812.2
166.5128112710081,30,414430,13814.333333333334
166.5138347968459,30,414494,13816.466666666667
166.51486840192229,30,414558,13818.6
166.5159250688739,30,414622,13820.733333333334
166.51693661371246,30,414686,13822.866666666667
166.5183150577359,30,414750,13825.0
167.21720709092915,30,414814,13827.133333333333
167.21967562288046,30,414878,13829.266666666666
167.2212007706985,30,414942,13831.4
167.2225053939037,30,415006,13833.533333333333
167.22360386094078,30,415070,13835.666666666666
167.22597141982988,30,415134,13837.8
167.22745223669335,30,415198,13839.933333333332
167.22854856494814,30,415262,13842.066666666668
167.22972986474633,30,415326,13844.2
167.23104686662555,30,415390,13846.333333333334
167.23230062890798,30,415454,13848.466666666667
167.23351826891303,30,415518,13850.6
167.23459652578458,30,415582,13852.733333333334
167.23563184170052,30,415646,13854.866666666667
167.2366405269131,30,415710,13857.0
167.23759954189882,30,415774,13859.133333333333
167.23901101667434,30,415838,13861.266666666666
167.2415601806715,30,415902,13863.4
167.2429771455936,30,415966,13865.533333333333
167.2441261447966,30,416030,13867.666666666666
167.24537413567305,30,416094,13869.8
167.24652619473636,30,416158,13871.933333333332
167.2477863957174,30,416222,13874.066666666668
167.2488140319474,30,416286,13876.2
167.24983013700694,30,416350,13878.333333333334
167.2508485126309,30,416414,13880.466666666667
167.25188122875988,30,416478,13882.6
167.25291067361832,30,416542,13884.733333333334
167.253955130931,30,416606,13886.866666666667
167.25498292595148,30,416670,13889.0
167.95546824857593,30,416734,13891.133333333333
167.95713786082342,30,416798,13893.266666666666
167.95864365855232,30,416862,13895.4
167.96061012800783,30,416926,13897.533333333333
167.9639798416756,30,416990,13899.666666666666
167.9663357208483,30,417054,13901.8
167.9677995275706,30,417118,13903.933333333332
167.96885799383745,30,417182,13906.066666666668
167.9700173526071,30,417246,13908.2
167.97112041059881,30,417310,13910.333333333334
167.97218076698482,30,417374,13912.466666666667
167.97320709284395,30,417438,13914.6
167.97423374885693,30,417502,13916.733333333334
167.97525289375335,30,417566,13918.866666666667
167.97666484862566,30,417630,13921.0
167.97769998479635,30,417694,13923.133333333333
167.9799806517549,30,417758,13925.266666666666
167.98168144468218,30,417822,13927.4
167.9832843649201,30,417886,13929.533333333333
167.98476756177843,30,417950,13931.666666666666
167.98600297281519,30,418014,13933.8
167.98718085186556,30,418078,13935.933333333332
167.98841313272715,30,418142,13938.066666666668
167.98950007976964,30,418206,13940.2
167.99050825601444,30,418270,13942.333333333334
167.99152176082134,30,418334,13944.466666666667
167.99255283689126,30,418398,13946.6
167.9935856219381,30,418462,13948.733333333334
167.9946109978482,30,418526,13950.866666666667
167.9956515938975,30,418590,13953.0
168.76725991582498,30,418654,13955.133333333333
168.769188744016,30,418718,13957.266666666666
168.77051187679172,30,418782,13959.4
168.7717128568329,30,418846,13961.533333333333
168.77310703182593,30,418910,13963.666666666666
168.77484094491228,30,418974,13965.8
168.77603530557826,30,419038,13967.933333333332
168.7770955916494,30,419102,13970.066666666668
168.7782206395641,30,419166,13972.2
168.77971294661984,30,419230,13974.333333333334
168.78103398997337,30,419294,13976.466666666667
168.7828444656916,30,419358,13978.6
168.78408622695133,30,419422,13980.733333333334
168.78530329698697,30,419486,13982.866666666667
168.78638720372692,30,419550,13985.0
168.7873497577384,30,419614,13987.133333333333
168.78835519356653,30,419678,13989.266666666666
168.78993926290423,30,419742,13991.4
168.79128322657198,30,419806,13993.533333333333
168.79248254699633,30,419870,13995.666666666666
168.79475668398663,30,419934,13997.8
168.79596573393792,30,419998,13999.933333333332
168.79729796666652,30,420062,14002.066666666668
168.79844076558948,30,420126,14004.2
168.79952186299488,30,420190,14006.333333333334
168.80054163886234,30,420254,14008.466666666667
168.80159333487973,30,420318,14010.6
168.80262904055417,30,420382,14012.733333333334
168.80366114573553,30,420446,14014.866666666667
168.80468859197572,30,420510,14017.0
169.09990597655997,30,420539,14017.966666666667
169.09990597655997,30,420539,14017.966666666667
169.50897020986304,29,406557,14019.206896551725
169.5117166186683,29,406621,14021.413793103447
169.5138320317492,29,406685,14023.620689655172
169.51576565997675,29,406749,14025.827586206897
169.51914765499532,29,406813,14028.034482758621
169.5212953076698,29,406877,14030.241379310344
169.52320230565965,29,406941,14032.448275862069
169.52484331699088,29,407005,14034.655172413793
169.52671835385263,29,407069,14036.862068965518
169.52855216991156,29,407133,14039.068965517241
169.53021511156112,29,407197,14041.275862068966
169.5318797128275,29,407261,14043.48275862069
169.53354610456154,29,407325,14045.689655172413
169.53524878667668,29,407389,14047.896551724138
169.53707024268806,29,407453,14050.103448275862
169.54064158163965,29,407517,14052.310344827587
169.54276739479974,29,407581,14054.51724137931
169.54489103890955,29,407645,14056.724137931034
169.54685423756018,29,407709,14058.931034482759
169.54881942691281,29,407773,14061.137931034482
169.55071351397783,29,407837,14063.344827586207
169.5526894237846,29,407901,14065.551724137931
169.55376496072859,29,407965,14067.758620689656
169.55479379557073,29,408029,14069.965517241379
169.5558402617462,29,408093,14072.172413793103
169.55689234891906,29,408157,14074.379310344828
169.55793643463403,29,408221,14076.586206896553
169.55897051095963,29,408285,14078.793103448275
169.5600093868561,29,408349,14081.0
169.69952392671257,29,408366,14081.586206896553
169.69952392671257,29,408366,14081.586206896553
170.2480596988462,28,394332,14083.285714285714
170.25216413196176,28,394396,14085.57142857143
170.25490872981027,28,394460,14087.857142857143
170.25752364564687,28,394524,14090.142857142857
170.2598787136376,28,394588,14092.42857142857
170.26289010979235,28,394652,14094.714285714286
170.26825295388699,28,394716,14097.0
170.2705862117,28,394780,14099.285714285714
170.2730959849432,28,394844,14101.57142857143
170.27581724291667,28,394908,14103.857142857143
170.2784850196913,28,394972,14106.142857142857
170.2808169675991,28,395036,14108.42857142857
170.2829918116331,28,395100,14110.714285714286
170.28465403383598,28,395164,14113.0
170.28624874399975,28,395228,14115.285714285714
170.2878941348754,28,395292,14117.57142857143
170.28963505895808,28,395356,14119.857142857143
170.2914411840029,28,395420,14122.142857142857
170.29313808586448,28,395484,14124.42857142857
170.2948325886391,28,395548,14126.714285714286
170.29626835463569,28,395612,14129.0
170.29820688301697,28,395676,14131.285714285714
170.29942746367306,28,395740,14133.57142857143
170.30067393463105,28,395804,14135.857142857143
170.3018231736496,28,395868,14138.142857142857
170.3030482046306,28,395932,14140.42857142857
170.30418609268963,28,395996,14142.714285714286
170.30523257888854,28,396060,14145.0
170.52906072791666,28,396085,14145.892857142857
170.52906072791666,28,396085,14145.892857142857
171.05744422599673,27,381979,14147.37037037037
171.059701572638,27,382043,14149.74074074074
171.06135964393616,27,382107,14152.111111111111
171.06286014057696,27,382171,14154.481481481482
171.06522834068164,27,382235,14156.851851851852
171.06688889255747,27,382299,14159.222222222223
171.06855534389615,27,382363,14161.592592592593
171.06985921692103,27,382427,14163.962962962964
171.07131190272048,27,382491,14166.333333333334
171.0727193779312,27,382555,14168.703703703704
171.0740138106048,27,382619,14171.074074074075
171.07718114973977,27,382683,14173.444444444445
171.07871870789677,27,382747,14175.814814814816
171.0800633719191,27,382811,14178.185185185184
171.08143950579688,27,382875,14180.555555555555
171.08300146460533,27,382939,14182.925925925925
171.08465169696137,27,383003,14185.296296296296
171.08601240068674,27,383067,14187.666666666666
171.08732171263546,27,383131,14190.037037037036
171.08859375491738,27,383195,14192.407407407407
171.08993029873818,27,383259,14194.777777777777
171.09099278459325,27,383323,14197.148148148148
171.09205085178837,27,383387,14199.518518518518
171.0931173088029,27,383451,14201.888888888889
171.09416154399514,27,383515,14204.25925925926
171.09556821966544,27,383579,14206.62962962963
171.09706709673628,27,383643,14209.0
171.6508761709556,27,383695,14210.925925925925
171.6508761709556,27,383695,14210.925925925925
171.79981438675895,26,369498,14211.461538461539
171.80333655467257,26,369562,14213.923076923076
171.80553757958114,26,369626,14216.384615384615
171.8075605807826,26,369690,14218.846153846154
171.80957199074328,26,369754,14221.307692307691
171.81368248397484,26,369818,14223.76923076923
171.81566568370908,26,369882,14226.23076923077
171.8173917667009,26,369946,14228.692307692309
171.81937101576477,26,370010,14231.153846153846
171.8214820488356,26,370074,14233.615384615385
171.82333356468007,26,370138,14236.076923076924
171.82509647961706,26,370202,14238.538461538461
171.8267604308203,26,370266,14241.0
171.82835569093004,26,370330,14243.461538461539
171.83005184400827,26,370394,14245.923076923076
171.8317762669176,26,370458,14248.384615384615
171.83359499182552,26,370522,14250.846153846154
171.83611759496853,26,370586,14253.307692307691
171.83831653976813,26,370650,14255.76923076923
171.84014771599323,26,370714,14258.23076923077
171.8421471659094,26,370778,14260.692307692309
171.84321362292394,26,370842,14263.153846153846
171.84429412987083,26,370906,14265.615384615385
171.84544917894527,26,370970,14268.076923076924
171.846630777698,26,371034,14270.538461538461
171.84790797997266,26,371098,14273.0
171.84948697965592,26,371103,14273.192307692309
171.84948697965592,26,371103,14273.192307692309
172.1086341016926,25,356853,14274.12
172.1086341016926,25,356853,14274.12
172.5240060929209,24,342616,14275.666666666666
172.5268102628179,24,342680,14278.333333333334
172.52883741399273,24,342744,14281.0
172.53090564580634,24,342808,14283.666666666666
172.5333464667201,24,342872,14286.333333333334
172.5366202685982,24,342936,14289.0
172.5385461365804,24,343000,14291.666666666666
172.5406457995996,24,343064,14294.333333333334
172.54279363295063,24,343128,14297.0
172.54481380386278,24,343192,14299.666666666666
172.5466715497896,24,343256,14302.333333333334
172.54798279283568,24,343320,14305.0
172.54941403865814,24,343384,14307.666666666666
172.5511034806259,24,343448,14310.333333333334
172.55401594378054,24,343512,14313.0
172.55619299784303,24,343576,14315.666666666666
172.55806632479653,24,343640,14318.333333333334
172.5597586077638,24,343704,14321.0
172.56126578478143,24,343768,14323.666666666666
172.56372186681256,24,343832,14326.333333333334
172.56586976069957,24,343896,14329.0
172.56747502088547,24,343960,14331.666666666666
172.5687756827101,24,344024,14334.333333333334
172.57001921487972,24,344088,14337.0
173.25307926163077,24,344152,14339.666666666666
173.25484134582803,24,344216,14342.333333333334
173.256109517999,24,344280,14345.0
173.25734790880233,24,344344,14347.666666666666
173.2588517256081,24,344408,14350.333333333334
173.26088174665347,24,344472,14353.0
173.26207330683246,24,344536,14355.666666666666
173.2632460957393,24,344600,14358.333333333334
173.26453462895006,24,344664,14361.0
173.26574518857524,24,344728,14363.666666666666
173.2668640767224,24,344792,14366.333333333334
173.26787640200928,24,344856,14369.0
173.26884908601642,24,344920,14371.666666666666
173.27039295481518,24,344984,14374.333333333334
173.2717665587552,24,345048,14377.0
173.27307352190837,24,345112,14379.666666666666
173.27420202968642,24,345176,14382.333333333334
173.27605452667922,24,345240,14385.0
173.2774207405746,24,345304,14387.666666666666
173.27862147055566,24,345368,14390.333333333334
173.27980503998697,24,345432,14393.0
173.2809003177099,24,345496,14395.666666666666
173.28196436492726,24,345560,14398.333333333334
173.28300641989335,24,345624,14401.0
174.4458883618936,24,345688,14403.666666666666
174.44750164169818,24,345752,14406.333333333334
174.44887713575736,24,345816,14409.0
174.45028154086322,24,345880,14411.666666666666
174.4526217598468,24,345944,14414.333333333334
174.45394479297101,24,346008,14417.0
174.4550790609792,24,346072,14419.666666666666
174.45636820374057,24,346136,14422.333333333334
174.45767738576978,24,346200,14425.0
174.45890019694343,24,346264,14427.666666666666
174.46003005467355,24,346328,14430.333333333334
174.4610959617421,24,346392,14433.0
174.4621084369719,24,346456,14435.666666666666
174.46316391369328,24,346520,14438.333333333334
174.4646182898432,24,346584,14441.0
174.46673467289656,24,346648,14443.666666666666
174.46814691787586,24,346712,14446.333333333334
174.46943369088694,24,346776,14449.0
174.47081231465563,24,346840,14451.666666666666
174.47189573198557,24,346904,14454.333333333334
174.4729588488117,24,346968,14457.0
174.47402867488563,24,347032,14459.666666666666
174.47511795256287,24,347096,14462.333333333334
174.47619413957,24,347160,14465.0
175.77847827784717,24,347224,14467.666666666666
175.78105344297364,24,347288,14470.333333333334
175.78285534773022,24,347352,14473.0
175.78465339262038,24,347416,14475.666666666666
175.78624813258648,24,347480,14478.333333333334
175.78957281587645,24,347544,14481.0
175.79111772356555,24,347608,14483.666666666666
175.79260768182576,24,347672,14486.333333333334
175.79435630468652,24,347736,14489.0
175.79583372175694,24,347800,14491.666666666666
175.7972204866819,24,347864,14494.333333333334
175.79857825068757,24,347928,14497.0
175.7998675527051,24,347992,14499.666666666666
175.8012059465982,24,348056,14502.333333333334
175.8026223918423,24,348120,14505.0
175.80408614873886,24,348184,14507.666666666666
175.80545067274943,24,348248,14510.333333333334
175.80819400167093,24,348312,14513.0
175.81107524363324,24,348376,14515.666666666666
175.813348879572,24,348440,14518.333333333334
175.81536114076152,24,348504,14521.0
175.8167862566188,24,348568,14523.666666666666
175.8182461927645,24,348632,14526.333333333334
175.81946733267978,24,348696,14529.0
176.09505614778027,24,348713,14529.708333333334
176.09505614778027,24,348713,14529.708333333334
176.6365193235688,23,334231,14531.782608695652
176.63863830594346,23,334295,14534.565217391304
176.6402349169366,23,334359,14537.347826086956
176.64185727667063,23,334423,14540.130434782608
176.64333388395607,23,334487,14542.91304347826
176.64528924273327,23,334551,14545.695652173914
176.64761969074607,23,334615,14548.478260869566
176.64912557881325,23,334679,14551.260869565218
176.6507753096521,23,334743,14554.04347826087
176.6523580197245,23,334807,14556.826086956522
176.65387406758964,23,334871,14559.608695652174
176.65550577873364,23,334935,14562.391304347826
176.65688509261236,23,334999,14565.173913043478
176.65827419795096,23,335063,14567.95652173913
176.6596801127307,23,335127,14570.739130434782
176.66124507179484,23,335191,14573.521739130434
176.66295597469434,23,335255,14576.304347826086
176.66446756292135,23,335319,14579.08695652174
176.6663187588565,23,335383,14581.869565217392
176.66903511667624,23,335447,14584.652173913044
176.6704910127446,23,335511,14587.434782608696
176.67189666861668,23,335575,14590.217391304348
176.67310858890414,23,335639,14593.0
177.52953817369416,23,335703,14595.782608695652
177.53322145575657,23,335767,14598.565217391304
177.53607079666108,23,335831,14601.347826086956
177.5390099505894,23,335895,14604.130434782608
177.5416206056252,23,335959,14606.91304347826
177.5474384818226,23,336023,14609.695652173914
177.54978558979928,23,336087,14612.478260869566
177.55215111887082,23,336151,14615.260869565218
177.5546569218859,23,336215,14618.04347826087
177.55724341701716,23,336279,14620.826086956522
177.5596074159257,23,336343,14623.608695652174
177.56192086357623,23,336407,14626.391304347826
177.56417040992528,23,336471,14629.173913043478
177.56651899870485,23,336535,14631.95652173913
177.5687735946849,23,336599,14634.739130434782
177.5705823409371,23,336663,14637.521739130434
177.57237033592537,23,336727,14640.304347826086
177.5742210620083,23,336791,14643.08695652174
177.57612699875608,23,336855,14645.869565217392
177.5785870309919,23,336919,14648.652173913044
177.580768245738,23,336983,14651.434782608696
177.58258285094053,23,337047,14654.217391304348
177.5839558346197,23,337111,14657.0
178.34751701680943,23,337162,14659.217391304348
178.34751701680943,23,337162,14659.217391304348
178.50686149392277,22,322518,14659.90909090909
178.50961254164577,22,322582,14662.818181818182
178.51198192173615,22,322646,14665.727272727272
178.51430614991114,22,322710,14668.636363636364
178.5168927339837,22,322774,14671.545454545454
178.51976812584326,22,322838,14674.454545454546
178.52184457797557,22,322902,14677.363636363636
178.5242139478214,22,322966,14680.272727272728
178.52607079362497,22,323030,14683.181818181818
178.52786566875875,22,323094,14686.09090909091
178.52955989073962,22,323158,14689.0
178.53120774263516,22,323222,14691.90909090909
178.53290361491963,22,323286,14694.818181818182
178.53477497166023,22,323350,14697.727272727272
178.5365307959728,22,323414,14700.636363636364
178.53913235059008,22,323478,14703.545454545454
178.5414431989193,22,323542,14706.454545454546
178.5435791919008,22,323606,14709.363636363636
178.54531621560454,22,323670,14712.272727272728
178.54743339773268,22,323734,14715.181818181818
178.54940034775063,22,323798,14718.09090909091
178.55070607969537,22,323862,14721.0
179.41300670290366,22,323926,14723.90909090909
179.41472015483305,22,323990,14726.818181818182
179.41614517057315,22,324054,14729.727272727272
179.41753819584846,22,324118,14732.636363636364
179.4330032528378,22,324182,14735.545454545454
179.43493226077408,22,324246,14738.454545454546
179.43690091976896,22,324310,14741.363636363636
179.43921282794327,22,324374,14744.272727272728
179.441258629784,22,324438,14747.181818181818
179.44312308588997,22,324502,14750.09090909091
179.44480317784473,22,324566,14753.0
179.44643329875544,22,324630,14755.90909090909
179.44815835170448,22,324694,14758.818181818182
179.45002070860937,22,324758,14761.727272727272
179.45179108297452,22,324822,14764.636363636364
179.45351991569623,22,324886,14767.545454545454
179.45532305072993,22,324950,14770.454545454546
179.45703258365393,22,325014,14773.363636363636
179.45875549688935,22,325078,14776.272727272728
179.4604852097109,22,325142,14779.181818181818
179.4622435439378,22,325206,14782.09090909091
179.46397204790264,22,325270,14785.0
180.19378316495568,22,325321,14787.318181818182
180.19378316495568,22,325321,14787.318181818182
180.3477566279471,21,310549,14788.047619047618
180.3517135665752,21,310613,14791.095238095239
180.3548810458742,21,310677,14794.142857142857
180.35808090586215,21,310741,14797.190476190477
180.36115306289867,21,310805,14800.238095238095
180.36358564393595,21,310869,14803.285714285714
180.36846478562802,21,310933,14806.333333333334
180.37163404468447,21,310997,14809.380952380952
180.37456264765933,21,311061,14812.42857142857
180.3768986365758,21,311125,14815.47619047619
180.37915594270453,21,311189,14818.52380952381
180.38132384698838,21,311253,14821.57142857143
180.38365041464567,21,311317,14824.619047619048
180.38587576057762,21,311381,14827.666666666666
180.38759979372844,21,311445,14830.714285714286
180.38949448196217,21,311509,14833.761904761905
180.3912133546546,21,311573,14836.809523809523
180.39292442658916,21,311637,14839.857142857143
180.3946574809961,21,311701,14842.904761904761
180.39648389583454,21,311765,14845.952380952382
180.39823211962357,21,311829,14849.0
181.08215477969497,21,311893,14852.047619047618
181.08459969097748,21,311957,14855.095238095239
181.0868212566711,21,312021,14858.142857142857
181.0891197337769,21,312085,14861.190476190477
181.09285769797862,21,312149,14864.238095238095
181.09462736174464,21,312213,14867.285714285714
181.09676693566144,21,312277,14870.333333333334
181.09892758959904,21,312341,14873.380952380952
181.10090737883002,21,312405,14876.42857142857
181.1027033138089,21,312469,14879.47619047619
181.10441291658208,21,312533,14882.52380952381
181.10605234792456,21,312597,14885.57142857143
181.10775412991643,21,312661,14888.619047619048
181.10963211767375,21,312725,14891.666666666666
181.1118156015873,21,312789,14894.714285714286
181.11485557770357,21,312853,14897.761904761905
181.11688948888332,21,312917,14900.809523809523
181.11902852263302,21,312981,14903.857142857143
181.12091129971668,21,313045,14906.904761904761
181.12269711494446,21,313109,14909.952380952382
181.12445983896032,21,313173,14913.0
181.82001364883035,21,313237,14916.047619047618
181.82164479978383,21,313301,14919.095238095239
181.82307093590498,21,313365,14922.142857142857
181.82445582095534,21,313429,14925.190476190477
181.82603654963896,21,313493,14928.238095238095
181.82710623694584,21,313557,14931.285714285714
181.82828778680414,21,313621,14934.333333333334
181.82976967375726,21,313685,14937.380952380952
181.8311277278699,21,313749,14940.42857142857
181.83254401292652,21,313813,14943.47619047619
181.8340818407014,21,313877,14946.52380952381
181.83523944066837,21,313941,14949.57142857143
181.83645538100973,21,314005,14952.619047619048
181.83793268771842,21,314069,14955.666666666666
181.83901179488748,21,314133,14958.714285714286
181.8405342726037,21,314197,14961.761904761905
181.84178524371237,21,314261,14964.809523809523
181.84341982472688,21,314325,14967.857142857143
181.84473530761898,21,314389,14970.904761904761
181.8461202629842,21,314453,14973.952380952382
181.8473001117818,21,314517,14977.0
182.56241193274036,21,314581,14980.047619047618
182.56672986969352,21,314645,14983.095238095239
182.5703663607128,21,314709,14986.142857142857
182.5738630988635,21,314773,14989.190476190477
182.57743295794353,21,314837,14992.238095238095
182.5802389276214,21,314901,14995.285714285714
182.58333209576085,21,314965,14998.333333333334
182.58913829084486,21,315029,15001.380952380952
182.59255548659712,21,315093,15004.42857142857
182.59556054184213,21,315157,15007.47619047619
182.59849241469055,21,315221,15010.52380952381
182.60120243299752,21,315285,15013.57142857143
182.6041666166857,21,315349,15016.619047619048
182.60591694060713,21,315413,15019.666666666666
182.60751278093085,21,315477,15022.714285714286
182.60918992292136,21,315541,15025.761904761905
182.61076405178756,21,315605,15028.809523809523
182.61244395375252,21,315669,15031.857142857143
182.61408312479034,21,315733,15034.904761904761
182.61574591696262,21,315797,15037.952380952382
182.6173754078336,21,315861,15041.0
183.23181168874726,21,315919,15043.761904761905
183.23181168874726,21,315919,15043.761904761905
183.30341760069132,20,300884,15044.2
183.3053369289264,20,300948,15047.4
183.3070873329416,20,301012,15050.6
183.30879294499755,20,301076,15053.8
183.3116602767259,20,301140,15057.0
183.31311325263232,20,301204,15060.2
183.31461676070467,20,301268,15063.4
183.31617103982717,20,301332,15066.6
183.31755688460544,20,301396,15069.8
183.31892422866076,20,301460,15073.0
183.32022072095424,20,301524,15076.2
183.321517333854,20,301588,15079.4
183.32279983581975,20,301652,15082.6
183.3241954408586,20,301716,15085.8
183.3255518847145,20,301780,15089.0
183.32730842893943,20,301844,15092.2
183.3288058056496,20,301908,15095.4
183.3306320719421,20,301972,15098.6
183.3322449317202,20,302036,15101.8
183.3338273805566,20,302100,15105.0
184.11351527785882,20,302164,15108.2
184.11520357988775,20,302228,15111.4
184.11662591574714,20,302292,15114.6
184.11802747100592,20,302356,15117.8
184.12035679863766,20,302420,15121.0
184.1214140546508,20,302484,15124.2
184.12261938583106,20,302548,15127.4
184.1239599888213,20,302612,15130.6
184.12517775874585,20,302676,15133.8
184.12633110769093,20,302740,15137.0
184.1274859267287,20,302804,15140.2
184.1293695238419,20,302868,15143.4
184.13134914357215,20,302932,15146.6
184.13389871781692,20,302996,15149.8
184.1357390237972,20,303060,15153.0
184.1372350906022,20,303124,15156.2
184.1384373609908,20,303188,15159.4
184.1395644787699,20,303252,15162.6
184.1408208408393,20,303316,15165.8
184.1419253377244,20,303380,15169.0
184.85819683782756,20,303444,15172.2
184.8598393588327,20,303508,15175.4
184.86128678591922,20,303572,15178.6
184.86271178070456,20,303636,15181.8
184.86490096570924,20,303700,15185.0
184.86614421661943,20,303764,15188.2
184.86744082858786,20,303828,15191.4
184.8687324919738,20,303892,15194.6
184.87008818564937,20,303956,15197.8
184.87126254476607,20,304020,15201.0
184.87239743256941,20,304084,15204.2
184.87343759881333,20,304148,15207.4
184.87451785663143,20,304212,15210.6
184.87598443264142,20,304276,15213.8
184.87774656666443,20,304340,15217.0
184.8791925138794,20,304404,15220.2
184.8805404365994,20,304468,15223.4
184.88163706380874,20,304532,15226.6
184.88286581495777,20,304596,15229.8
184.8841747175902,20,304660,15233.0
185.46313655283302,20,304706,15235.3
185.46313655283302,20,304706,15235.3
185.67638871772215,19,289491,15236.368421052632
185.6800752999261,19,289555,15239.736842105263
185.68303407356143,19,289619,15243.105263157895
185.6859643869102,19,289683,15246.473684210527
185.6884639998898,19,289747,15249.842105263158
185.69142567366362,19,289811,15253.21052631579
185.69664014456794,19,289875,15256.578947368422
185.69972570193931,19,289939,15259.947368421053
185.70274185668677,19,290003,15263.315789473685
185.7055056556128,19,290067,15266.684210526315
185.70788251562044,19,290131,15270.052631578947
185.71055067284033,19,290195,15273.421052631578
185.71347249485552,19,290259,15276.78947368421
185.71612282190472,19,290323,15280.157894736842
185.7182217137888,19,290387,15283.526315789473
185.72014250187203,19,290451,15286.894736842105
185.7221011905931,19,290515,15290.263157894737
185.72400091867894,19,290579,15293.631578947368
185.725964887999,19,290643,15297.0
186.42021681694314,19,290707,15300.368421052632
186.42272235965356,19,290771,15303.736842105263
186.4245717455633,19,290835,15307.105263157895
186.42648286372423,19,290899,15310.473684210527
186.42869350872934,19,290963,15313.842105263158
186.43049586378038,19,291027,15317.21052631579
186.43230876000598,19,291091,15320.578947368422
186.43398401187733,19,291155,15323.947368421053
186.43548865895718,19,291219,15327.315789473685
186.43689486384392,19,291283,15330.684210526315
186.4382337979041,19,291347,15334.052631578947
186.4400225528516,19,291411,15337.421052631578
186.44270501984283,19,291475,15340.78947368421
186.44414788577706,19,291539,15344.157894736842
186.4459644909948,19,291603,15347.526315789473
186.4474864685908,19,291667,15350.894736842105
186.44888819381595,19,291731,15354.263157894737
186.45049830479547,19,291795,15357.631578947368
186.45189759973437,19,291859,15361.0
186.90596279967576,19,291901,15363.21052631579
186.90596279967576,19,291901,15363.21052631579
187.164332233835,18,276562,15364.555555555555
187.1672414257191,18,276626,15368.111111111111
187.1698813228868,18,276690,15371.666666666666
187.1719067026861,18,276754,15375.222222222223
187.17441108589992,18,276818,15378.777777777777
187.17774586891755,18,276882,15382.333333333334
187.18000230565667,18,276946,15385.888888888889
187.1821217685938,18,277010,15389.444444444445
187.18407719768584,18,277074,15393.0
187.18581339064986,18,277138,15396.555555555555
187.18764625675976,18,277202,15400.111111111111
187.18960400577635,18,277266,15403.666666666666
187.19139750069007,18,277330,15407.222222222223
187.193457451649,18,277394,15410.777777777777
187.19540345063433,18,277458,15414.333333333334
187.19811691856012,18,277522,15417.888888888889
187.20048694778234,18,277586,15421.444444444445
187.20237842481583,18,277650,15425.0
187.9072721209377,18,277714,15428.555555555555
187.9100152598694,18,277778,15432.111111111111
187.91254176292568,18,277842,15435.666666666666
187.91442361986265,18,277906,15439.222222222223
187.91806317074224,18,277970,15442.777777777777
187.92025060486048,18,278034,15446.333333333334
187.9224454909563,18,278098,15449.888888888889
187.92434342764318,18,278162,15453.444444444445
187.9261105619371,18,278226,15457.0
187.92785708559677,18,278290,15460.555555555555
187.92966647073627,18,278354,15464.111111111111
187.93163914093748,18,278418,15467.666666666666
187.93341922480613,18,278482,15471.222222222223
187.93537569371983,18,278546,15474.777777777777
187.93774635298178,18,278610,15478.333333333334
187.9399718088098,18,278674,15481.888888888889
187.94274621782824,18,278738,15485.444444444445
187.94496226357296,18,278802,15489.0
190.49206843879074,18,278866,15492.555555555555
190.4961447105743,18,278930,15496.111111111111
190.49959533661604,18,278994,15499.666666666666
190.50244815880433,18,279058,15503.222222222223
190.50555203668773,18,279122,15506.777777777777
190.5090104029514,18,279186,15510.333333333334
190.5143253155984,18,279250,15513.888888888889
190.51741166273132,18,279314,15517.444444444445
190.5202610846609,18,279378,15521.0
190.52273584669456,18,279442,15524.555555555555
190.52517821686342,18,279506,15528.111111111111
190.52781701367348,18,279570,15531.666666666666
190.53021316276863,18,279634,15535.222222222223
190.53214974189177,18,279698,15538.777777777777
190.53393256664276,18,279762,15542.333333333334
190.53579373285174,18,279826,15545.888888888889
190.53768026968464,18,279890,15549.444444444445
190.53949035564438,18,279954,15553.0
191.05836370773613,18,280001,15555.611111111111
191.05836370773613,18,280001,15555.611111111111
191.30220254790038,17,264465,15556.764705882353
191.3065793067217,17,264529,15560.529411764706
191.3106634397991,17,264593,15564.29411764706
191.31361367367208,17,264657,15568.058823529413
191.31810289574787,17,264721,15571.823529411764
191.32188400998712,17,264785,15575.588235294117
191.32721192389727,17,264849,15579.35294117647
191.3302299687639,17,264913,15583.117647058823
191.3330599796027,17,264977,15586.882352941177
191.33543077856302,17,265041,15590.64705882353
191.3380478345789,17,265105,15594.411764705883
191.34051166661084,17,265169,15598.176470588236
191.34265153994784,17,265233,15601.941176470587
191.3446163488552,17,265297,15605.70588235294
191.34644478466362,17,265361,15609.470588235294
191.34835739294067,17,265425,15613.235294117647
191.35040257358924,17,265489,15617.0
192.2432093108073,17,265553,15620.764705882353
192.24725886201486,17,265617,15624.529411764706
192.2507174089551,17,265681,15628.29411764706
192.25323599157855,17,265745,15632.058823529413
192.2565223639831,17,265809,15635.823529411764
192.26112183881924,17,265873,15639.588235294117
192.26422414695844,17,265937,15643.35294117647
192.26707954891026,17,266001,15647.117647058823
192.26963174156845,17,266065,15650.882352941177
192.2719270098023,17,266129,15654.64705882353
192.27453255467117,17,266193,15658.411764705883
192.2775020985864,17,266257,15662.176470588236
192.281868618913,17,266321,15665.941176470587
192.2841690457426,17,266385,15669.70588235294
192.286166255828,17,266449,15673.470588235294
192.2883602506481,17,266513,15677.235294117647
192.29019462689757,17,266577,15681.0
192.87376892799512,17,266618,15683.411764705883
192.87376892799512,17,266618,15683.411764705883
193.08368532871827,16,250955,15684.6875
193.08368532871827,16,250955,15684.6875
193.14382693357766,15,235279,15685.266666666666
193.14660399360582,15,235343,15689.533333333333
193.1499215257354,15,235407,15693.8
193.15455076191574,15,235471,15698.066666666668
193.1578060137108,15,235535,15702.333333333334
193.16082398872823,15,235599,15706.6
193.16358659882098,15,235663,15710.866666666667
193.166019838769,15,235727,15715.133333333333
193.16868558572605,15,235791,15719.4
193.17118892865255,15,235855,15723.666666666666
193.17445701081306,15,235919,15727.933333333332
193.1782101439312,15,235983,15732.2
193.1811694377102,15,236047,15736.466666666667
193.18360990891233,15,236111,15740.733333333334
193.18596201762557,15,236175,15745.0
193.57590520381927,15,236211,15747.4
193.57590520381927,15,236211,15747.4
193.99114575283602,14,220494,15749.57142857143
193.99490320682526,14,220558,15754.142857142857
194.14137692190707,14,220622,15758.714285714286
194.1447354457341,14,220686,15763.285714285714
194.14795275684446,14,220750,15767.857142857143
194.15147254476324,14,220814,15772.42857142857
194.15603057900444,14,220878,15777.0
194.15873880684376,14,220942,15781.57142857143
194.1616576598026,14,221006,15786.142857142857
194.16449908073992,14,221070,15790.714285714286
194.1672523599118,14,221134,15795.285714285714
194.16968910070136,14,221198,15799.857142857143
194.17221820401028,14,221262,15804.42857142857
194.1747081456706,14,221326,15809.0
194.94391334056854,14,221390,15813.57142857143
194.94763628393412,14,221454,15818.142857142857
194.9508847258985,14,221518,15822.714285714286
194.95405395468697,14,221582,15827.285714285714
194.95746580976993,14,221646,15831.857142857143
194.96224098978564,14,221710,15836.42857142857
194.9653410068713,14,221774,15841.0
194.96927002584562,14,221838,15845.57142857143
194.9724383847788,14,221902,15850.142857142857
194.9753368375823,14,221966,15854.714285714286
194.97815528791398,14,222030,15859.285714285714
194.98062349995598,14,222094,15863.857142857143
194.98275083256885,14,222158,15868.42857142857
194.98468014085665,14,222222,15873.0
195.35547664901242,14,222258,15875.57142857143
195.35547664901242,14,222258,15875.57142857143
195.68121265759692,13,206413,15877.923076923076
195.68522059870884,13,206477,15882.846153846154
195.68859093263745,13,206541,15887.76923076923
195.69188712490723,13,206605,15892.692307692309
195.69483045861125,13,206669,15897.615384615385
195.69758423790336,13,206733,15902.538461538461
195.70069310581312,13,206797,15907.461538461539
195.70525137986988,13,206861,15912.384615384615
195.70824842480943,13,206925,15917.307692307691
195.71140887355432,13,206989,15922.23076923077
195.71445481991395,13,207053,15927.153846153846
195.71700878394768,13,207117,15932.076923076924
195.71928153093904,13,207181,15937.0
196.4188621439971,13,207245,15941.923076923076
196.4226593687199,13,207309,15946.846153846154
196.426130595617,13,207373,15951.76923076923
196.43177720764652,13,207437,15956.692307692309
196.43727894499898,13,207501,15961.615384615385
196.44087852491066,13,207565,15966.538461538461
196.4439519615844,13,207629,15971.461538461539
196.44557084189728,13,207693,15976.384615384615
196.44698454765603,13,207757,15981.307692307691
196.4484751848504,13,207821,15986.23076923077
196.44976464658976,13,207885,15991.153846153846
196.45099208783358,13,207949,15996.076923076924
196.45219077775255,13,208013,16001.0
197.1574521935545,13,208077,16005.923076923076
197.16031040484086,13,208141,16010.846153846154
197.16288075968623,13,208205,16015.76923076923
197.16542125260457,13,208269,16020.692307692309
197.16778258187696,13,208333,16025.615384615385
197.17139975260943,13,208397,16030.538461538461
197.17345616361126,13,208461,16035.461538461539
197.17566761979833,13,208525,16040.384615384615
197.17790914559737,13,208589,16045.307692307691
197.18006057897583,13,208653,16050.23076923077
197.1819152259268,13,208717,16055.153846153846
197.1838290640153,13,208781,16060.076923076924
197.1857188809663,13,208845,16065.0
197.36386868776754,13,208863,16066.384615384615
197.36386868776754,13,208863,16066.384615384615
197.8950247578323,12,192844,16070.333333333334
197.89710566960275,12,192908,16075.666666666666
197.89934848574921,12,192972,16081.0
197.90144896879792,12,193036,16086.333333333334
197.90511529985815,12,193100,16091.666666666666
197.90734107559547,12,193164,16097.0
197.9094857396558,12,193228,16102.333333333334
197.91173797566444,12,193292,16107.666666666666
197.91400341270491,12,193356,16113.0
197.91613377584144,12,193420,16118.333333333334
197.91802933393046,12,193484,16123.666666666666
197.91993111092597,12,193548,16129.0
198.6333561106585,12,193612,16134.333333333334
198.63503317255527,12,193676,16139.666666666666
198.6364773688838,12,193740,16145.0
198.63791957497597,12,193804,16150.333333333334
198.63947579357773,12,193868,16155.666666666666
198.6414620038122,12,193932,16161.0
198.64271531486884,12,193996,16166.333333333334
198.6440984196961,12,194060,16171.666666666666
198.64524703891948,12,194124,16177.0
198.64672084571794,12,194188,16182.333333333334
198.64789893478155,12,194252,16187.666666666666
198.6490857549943,12,194316,16193.0
199.44808151572943,12,194380,16198.333333333334
199.45165011473,12,194444,16203.666666666666
199.4550168896094,12,194508,16209.0
199.4582341099158,12,194572,16214.333333333334
199.46126887574792,12,194636,16219.666666666666
199.46453909762204,12,194700,16225.0
199.46841460466385,12,194764,16230.333333333334
199.4714506608434,12,194828,16235.666666666666
199.47421049000695,12,194892,16241.0
199.47726951586083,12,194956,16246.333333333334
199.47988515160978,12,195020,16251.666666666666
199.482502466999,12,195084,16257.0
200.2646153657697,12,195148,16262.333333333334
200.26827427791432,12,195212,16267.666666666666
200.2716496619396,12,195276,16273.0
200.27497646491975,12,195340,16278.333333333334
200.2780817328021,12,195404,16283.666666666666
200.2812832025811,12,195468,16289.0
200.28520915098488,12,195532,16294.333333333334
200.28840827057138,12,195596,16299.666666666666
200.29114069975913,12,195660,16305.0
200.2944475519471,12,195724,16310.333333333334
200.2969686356373,12,195788,16315.666666666666
200.29966268269345,12,195852,16321.0
201.00839944556355,12,195916,16326.333333333334
201.0120780975558,12,195980,16331.666666666666
201.01541993161663,12,196044,16337.0
201.0186568526551,12,196108,16342.333333333334
201.0218018507585,12,196172,16347.666666666666
201.025056572631,12,196236,16353.0
201.02892672969028,12,196300,16358.333333333334
201.0320980087854,12,196364,16363.666666666666
201.03516750596464,12,196428,16369.0
201.03840236691758,12,196492,16374.333333333334
201.04122350690886,12,196556,16379.666666666666
201.04383664298803,12,196620,16385.0
201.75314936973155,12,196684,16390.333333333332
201.75690802372992,12,196748,16395.666666666668
201.76035032980144,12,196812,16401.0
201.76364667294547,12,196876,16406.333333333332
201.76693998463452,12,196940,16411.666666666668
201.77036506077275,12,197004,16417.0
201.77433738997206,12,197068,16422.333333333332
201.77758724195883,12,197132,16427.666666666668
201.78068722877651,12,197196,16433.0
201.78406754368916,12,197260,16438.333333333332
201.78661410696805,12,197324,16443.666666666668
201.78927123360336,12,197388,16449.0
201.90305911097676,12,197401,16450.083333333332
201.90305911097676,12,197401,16450.083333333332
202.7460184218362,11,181003,16454.81818181818
202.74999872175977,11,181067,16460.636363636364
202.75347642879933,11,181131,16466.454545454544
202.7567717107013,11,181195,16472.272727272728
202.75994572089985,11,181259,16478.090909090908
202.762457143981,11,181323,16483.909090909092
202.76618993701413,11,181387,16489.727272727272
202.77022694796324,11,181451,16495.545454545456
202.77383032767102,11,181515,16501.363636363636
202.77675310196355,11,181579,16507.18181818182
202.7793953367509,11,181643,16513.0
203.48590132500976,11,181707,16518.81818181818
203.48794904584065,11,181771,16524.636363636364
203.48998246667907,11,181835,16530.454545454544
203.49211400095373,11,181899,16536.272727272728
203.4947209856473,11,181963,16542.090909090908
203.49636645661667,11,182027,16547.909090909092
203.49812283087522,11,182091,16553.727272727272
203.49984260369092,11,182155,16559.545454545456
203.50169190997258,11,182219,16565.363636363636
203.50320591777563,11,182283,16571.18181818182
203.50533632095903,11,182347,16577.0
204.38072657492012,11,182411,16582.81818181818
204.38498550094664,11,182475,16588.636363636364
204.3886832939461,11,182539,16594.454545454544
204.39214473962784,11,182603,16600.272727272728
204.39538707071915,11,182667,16606.090909090908
204.39800760662183,11,182731,16611.909090909092
204.40177415078506,11,182795,16617.727272727272
204.40589980501682,11,182859,16623.545454545456
204.40941977268085,11,182923,16629.363636363636
204.412252523005,11,182987,16635.18181818182
204.41493882099167,11,183051,16641.0
205.12373188557103,11,183115,16646.81818181818
205.12757146172225,11,183179,16652.636363636364
205.1311397207901,11,183243,16658.454545454544
205.13452643575147,11,183307,16664.272727272728
205.1377315558493,11,183371,16670.090909090908
205.1404098928906,11,183435,16675.909090909092
205.14501828793436,11,183499,16681.727272727272
205.1480323029682,11,183563,16687.545454545456
205.1513895066455,11,183627,16693.363636363636
205.1539804628119,11,183691,16699.18181818182
205.15667975973338,11,183755,16705.0
205.89740748377517,11,183819,16710.81818181818
205.90144150471315,11,183883,16716.636363636364
205.90488611068577,11,183947,16722.454545454544
205.90834932774305,11,184011,16728.272727272728
205.91157897887751,11,184075,16734.090909090908
205.91425097500905,11,184139,16739.909090909092
205.9180335397832,11,184203,16745.727272727272
205.92244963068515,11,184267,16751.545454545456
205.92598827881739,11,184331,16757.363636363636
205.92885332088917,11,184395,16763.18181818182
205.93158506881446,11,184459,16769.0
206.850097771734,11,184523,16774.81818181818
206.8542010039091,11,184587,16780.636363636364
206.85770801175386,11,184651,16786.454545454544
206.86107461666688,11,184715,16792.272727272728
206.8643794786185,11,184779,16798.090909090908
206.86708886688575,11,184843,16803.909090909092
206.87087143072858,11,184907,16809.727272727272
206.87498739361763,11,184971,16815.545454545456
206.87863660557196,11,185035,16821.363636363636
206.881669791881,11,185099,16827.18181818182
206.88445777073503,11,185163,16833.0
207.71976351179183,11,185227,16838.81818181818
207.7237219410017,11,185291,16844.636363636364
207.7272582598962,11,185355,16850.454545454544
207.73073231661692,11,185419,16856.272727272728
207.73392985668033,11,185483,16862.090909090908
207.73664423357695,11,185547,16867.909090909092
207.74149863561615,11,185611,16873.727272727272
207.7442678050138,11,185675,16879.545454545456
207.7477082409896,11,185739,16885.363636363636
207.75033497670665,11,185803,16891.18181818182
207.75301948376,11,185867,16897.0
208.71962698968127,11,185931,16902.81818181818
208.7235529087484,11,185995,16908.636363636364
208.72707640659064,11,186059,16914.454545454544
208.73069468699396,11,186123,16920.272727272728
208.73434171872213,11,186187,16926.090909090908
208.73758761957288,11,186251,16931.909090909092
208.74232672899961,11,186315,16937.727272727272
208.74527113186195,11,186379,16943.545454545456
208.7487824195996,11,186443,16949.363636363636
208.75148171791807,11,186507,16955.18181818182
208.754190354608,11,186571,16961.0
209.5555600868538,11,186635,16966.81818181818
209.55976625159383,11,186699,16972.636363636364
209.56343074375764,11,186763,16978.454545454544
209.56697173276916,11,186827,16984.272727272728
209.5702749248594,11,186891,16990.090909090908
209.5729862828739,11,186955,16995.909090909092
209.57777373259887,11,187019,17001.727272727272
209.58063992485404,11,187083,17007.545454545456
209.58419226389378,11,187147,17013.363636363636
209.58696377277374,11,187211,17019.18181818182
209.58975648274645,11,187275,17025.0
210.30562473461032,11,187339,17030.81818181818
210.3096164339222,11,187403,17036.636363636364
210.31325289560482,11,187467,17042.454545454544
210.3166609108448,11,187531,17048.272727272728
210.320016534999,11,187595,17054.090909090908
210.3233503876254,11,187659,17059.909090909092
210.3280712859705,11,187723,17065.727272727272
210.330790954642,11,187787,17071.545454545456
210.3342116898857,11,187851,17077.363636363636
210.3372168247588,11,187915,17083.18181818182
210.34011087799445,11,187979,17089.0
211.0566208558157,11,188043,17094.81818181818
211.06083406182006,11,188107,17100.636363636364
211.06443714164197,11,188171,17106.454545454544
211.06788117764518,11,188235,17112.272727272728
211.07119080098346,11,188299,17118.090909090908
211.07387696765363,11,188363,17123.909090909092
211.0786914578639,11,188427,17129.727272727272
211.08156180987135,11,188491,17135.545454545456
211.08493192493916,11,188555,17141.363636363636
211.08787070773542,11,188619,17147.18181818182
211.09064031671733,11,188683,17153.0
211.80911531485617,11,188747,17158.81818181818
211.81299641169608,11,188811,17164.636363636364
211.81657751183957,11,188875,17170.454545454544
211.81997351674363,11,188939,17176.272727272728
211.82331887073815,11,189003,17182.090909090908
211.82651176070794,11,189067,17187.909090909092
211.83126970985904,11,189131,17193.727272727272
211.83407310955226,11,189195,17199.545454545456
211.83775656158105,11,189259,17205.363636363636
211.84049724088982,11,189323,17211.18181818182
211.84329110989347,11,189387,17217.0
212.2192699490115,11,189422,17220.18181818182
212.2192699490115,11,189422,17220.18181818182
212.5637594689615,10,172234,17223.4
212.56810528691858,10,172298,17229.8
212.5717554287985,10,172362,17236.2
212.57518263394013,10,172426,17242.6
212.57792818266898,10,172490,17249.0
212.58117215381935,10,172554,17255.4
212.58486702665687,10,172618,17261.8
212.58939988957718,10,172682,17268.2
212.59277213457972,10,172746,17274.6
212.59593887394294,10,172810,17281.0
213.3149652145803,10,172874,17287.4
213.31917990092188,10,172938,17293.8
213.3228569026105,10,173002,17300.2
213.32624129764736,10,173066,17306.6
213.32897706562653,10,173130,17313.0
213.33221582695842,10,173194,17319.4
213.33582620788366,10,173258,17325.8
213.34031486976892,10,173322,17332.2
213.3436777438037,10,173386,17338.6
213.34671628987417,10,173450,17345.0
213.62010927079245,10,173476,17347.6
213.62010927079245,10,173476,17347.6
214.14536581374705,9,156169,17352.11111111111
214.14976455457509,9,156233,17359.222222222223
214.1535224178806,9,156297,17366.333333333332
214.1571160578169,9,156361,17373.444444444445
214.16089357296005,9,156425,17380.555555555555
214.16376279480755,9,156489,17387.666666666668
214.16770971287042,9,156553,17394.777777777777
214.17151521891356,9,156617,17401.88888888889
214.17499626567587,9,156681,17409.0
214.96721172891557,9,156745,17416.11111111111
214.97161079896614,9,156809,17423.222222222223
214.9753483729437,9,156873,17430.333333333332
214.97902389382944,9,156937,17437.444444444445
214.9822188639082,9,157001,17444.555555555555
214.98502203496173,9,157065,17451.666666666668
214.9892513998784,9,157129,17458.777777777777
214.9930347148329,9,157193,17465.88888888889
214.996483290568,9,157257,17473.0
215.46004928089678,9,157299,17477.666666666668
215.46004928089678,9,157299,17477.666666666668
215.72026872169226,8,139848,17481.0
215.722974519711,8,139912,17489.0
215.72584219183773,8,139976,17497.0
215.7287051025778,8,140040,17505.0
215.7312382669188,8,140104,17513.0
215.7338911429979,8,140168,17521.0
215.73685180675238,8,140232,17529.0
215.74062521057203,8,140296,17537.0
216.47717790165916,8,140360,17545.0
216.48158670263365,8,140424,17553.0
216.4847991829738,8,140488,17561.0
216.48788507981226,8,140552,17569.0
216.4906185688451,8,140616,17577.0
216.49349475093186,8,140680,17585.0
216.49673664197326,8,140744,17593.0
216.5006313486956,8,140808,17601.0
217.55079599795863,8,140872,17609.0
217.55522562889382,8,140936,17617.0
217.55845443857834,8,141000,17625.0
217.5615536365658,8,141064,17633.0
217.5643015759997,8,141128,17641.0
217.5671973680146,8,141192,17649.0
217.57044348865747,8,141256,17657.0
217.5743614169769,8,141320,17665.0
218.3098638416268,8,141384,17673.0
218.3144919979386,8,141448,17681.0
218.31761442590505,8,141512,17689.0
218.32053117873147,8,141576,17697.0
218.32330766879022,8,141640,17705.0
218.32626397162676,8,141704,17713.0
218.32958948565647,8,141768,17721.0
218.33357484498993,8,141832,17729.0
219.09313601162285,8,141896,17737.0
219.09745175996795,8,141960,17745.0
219.1010082787834,8,142024,17753.0
219.10425881063566,8,142088,17761.0
219.1071365517564,8,142152,17769.0
219.1115317218937,8,142216,17777.0
219.11537573859096,8,142280,17785.0
219.1188761657104,8,142344,17793.0
219.98958492465317,8,142408,17801.0
219.9940239158459,8,142472,17809.0
219.99710929300636,8,142536,17817.0
219.9999956046231,8,142600,17825.0
220.0027990648523,8,142664,17833.0
220.00578298978508,8,142728,17841.0
220.00911773275584,8,142792,17849.0
220.0135674448684,8,142856,17857.0
220.89065416157246,8,142920,17865.0
220.89348832378164,8,142984,17873.0
220.8952729976736,8,143048,17881.0
220.89697225065902,8,143112,17889.0
220.89862085180357,8,143176,17897.0
220.90036696568131,8,143240,17905.0
220.90258931089193,8,143304,17913.0
220.90486943768337,8,143368,17921.0
221.81331770075485,8,143432,17929.0
221.81788333598524,8,143496,17937.0
221.82091536093503,8,143560,17945.0
221.82391010597348,8,143624,17953.0
221.8267558068037,8,143688,17961.0
221.82975671300665,8,143752,17969.0
221.8335544168949,8,143816,17977.0
221.83757052756846,8,143880,17985.0
222.59875474590808,8,143944,17993.0
222.60325226886198,8,144008,18001.0
222.60630995500833,8,144072,18009.0
222.60928591899574,8,144136,18017.0
222.61212238995358,8,144200,18025.0
222.615115464665,8,144264,18033.0
222.6188705987297,8,144328,18041.0
222.6228848299943,8,144392,18049.0
223.36328325700015,8,144440,18055.0
223.36328325700015,8,144440,18055.0
223.55020254477859,7,126407,18058.14285714286
223.55262458557263,7,126471,18067.285714285714
223.55470201792195,7,126535,18076.428571428572
223.5566206658259,7,126599,18085.571428571428
223.5583040677011,7,126663,18094.714285714286
223.5604474809952,7,126727,18103.85714285714
223.56271188799292,7,126791,18113.0
224.31559484777972,7,126855,18122.14285714286
224.320104080718,7,126919,18131.285714285714
224.3233859227039,7,126983,18140.428571428572
224.326378157828,7,127047,18149.571428571428
224.329236689955,7,127111,18158.714285714286
224.33209598064423,7,127175,18167.85714285714
224.33620748389512,7,127239,18177.0
225.221100137569,7,127303,18186.14285714286
225.22565296199173,7,127367,18195.285714285714
225.22893667360768,7,127431,18204.428571428572
225.2319340389222,7,127495,18213.571428571428
225.23478788975626,7,127559,18222.714285714286
225.2378552868031,7,127623,18231.85714285714
225.24200227065012,7,127687,18241.0
225.98720849864185,7,127751,18250.14285714286
225.99169535189867,7,127815,18259.285714285714
225.994972134009,7,127879,18268.428571428572
225.99810516182333,7,127943,18277.571428571428
226.0009787939489,7,128007,18286.714285714286
226.00387192657217,7,128071,18295.85714285714
226.00800128979608,7,128135,18305.0
226.7536094877869,7,128199,18314.14285714286
226.75812782160938,7,128263,18323.285714285714
226.7614023028873,7,128327,18332.428571428572
226.76442630868405,7,128391,18341.571428571428
226.7673000008799,7,128455,18350.714285714286
226.77018589293584,7,128519,18359.85714285714
226.7744666999206,7,128583,18369.0
227.52058769157156,7,128647,18378.14285714286
227.52516203559935,7,128711,18387.285714285714
227.52840166678652,7,128775,18396.428571428572
227.53150374488905,7,128839,18405.571428571428
227.53437996655703,7,128903,18414.714285714286
227.53728181961924,7,128967,18423.85714285714
227.5413973517716,7,129031,18433.0
228.28941965196282,7,129095,18442.14285714286
228.29394234484062,7,129159,18451.285714285714
228.2972035757266,7,129223,18460.428571428572
228.30027351295575,7,129287,18469.571428571428
228.3031634655781,7,129351,18478.714285714286
228.3060739375651,7,129415,18487.85714285714
228.3102117916569,7,129479,18497.0
229.14238382689655,7,129543,18506.14285714286
229.14724450884387,7,129607,18515.285714285714
229.15055384067819,7,129671,18524.428571428572
229.1536175077781,7,129735,18533.571428571428
229.15654766187072,7,129799,18542.714285714286
229.15955941658467,7,129863,18551.85714285714
229.16375891165808,7,129927,18561.0
230.0776822627522,7,129991,18570.14285714286
230.08233755873516,7,130055,18579.285714285714
230.08569568255916,7,130119,18588.428571428572
230.0887389187701,7,130183,18597.571428571428
230.09166108258069,7,130247,18606.714285714286
230.09458167571574,7,130311,18615.85714285714
230.09880287060514,7,130375,18625.0
231.07274118391797,7,130439,18634.14285714286
231.07768320757896,7,130503,18643.285714285714
231.08101064059883,7,130567,18652.428571428572
231.08410139894113,7,130631,18661.571428571428
231.08699474064633,7,130695,18670.714285714286
231.08994763484225,7,130759,18679.85714285714
231.09423107188195,7,130823,18689.0
232.80388523684815,7,130887,18698.14285714286
232.8088543806225,7,130951,18707.285714285714
232.81259623495862,7,131015,18716.428571428572
232.81582453567535,7,131079,18725.571428571428
232.81875882856548,7,131143,18734.714285714286
232.82177414465696,7,131207,18743.85714285714
232.8260137909092,7,131271,18753.0
233.58963026059791,7,131335,18762.14285714286
233.59444030094892,7,131399,18771.285714285714
233.59817117499188,7,131463,18780.428571428572
233.6013402538374,7,131527,18789.571428571428
233.6043000780046,7,131591,18798.714285714286
233.60724092181772,7,131655,18807.85714285714
233.61167349293828,7,131719,18817.0
234.36488176183775,7,131783,18826.14285714286
234.36975332396105,7,131847,18835.285714285714
234.3736419309862,7,131911,18844.428571428572
234.3765092426911,7,131975,18853.571428571428
234.37942840578035,7,132039,18862.714285714286
234.382401809562,7,132103,18871.85714285714
234.38701968593523,7,132167,18881.0
235.51493623293936,7,132231,18890.14285714286
235.51936872396618,7,132295,18899.285714285714
235.5232500405982,7,132359,18908.428571428572
235.5266639967449,7,132423,18917.571428571428
235.531063886825,7,132487,18926.714285714286
235.53474673861638,7,132551,18935.85714285714
235.53837355971336,7,132615,18945.0
236.43881368357688,7,132679,18954.14285714286
236.4438263787888,7,132743,18963.285714285714
236.44773320667446,7,132807,18972.428571428572
236.45062209991738,7,132871,18981.571428571428
236.45352103188634,7,132935,18990.714285714286
236.45655446778983,7,132999,18999.85714285714
236.46110660163686,7,133063,19009.0
237.4262933167629,7,133127,19018.14285714286
237.43068624660373,7,133191,19027.285714285714
237.43442337960005,7,133255,19036.428571428572
237.43784868577495,7,133319,19045.571428571428
237.4411191176623,7,133383,19054.714285714286
237.4450525958091,7,133447,19063.85714285714
237.44963488075882,7,133511,19073.0
237.77737597282976,7,133540,19077.14285714286
237.77737597282976,7,133540,19077.14285714286
238.1985944849439,6,114502,19083.666666666668
238.20314842881635,6,114566,19094.333333333332
238.20579078467563,6,114630,19105.0
238.20847666170448,6,114694,19115.666666666668
238.21035438869148,6,114758,19126.333333333332
238.21342867566273,6,114822,19137.0
238.9701605439186,6,114886,19147.666666666668
238.97470132773742,6,114950,19158.333333333332
238.97765735164285,6,115014,19169.0
238.98063803697005,6,115078,19179.666666666668
238.9836324006319,6,115142,19190.333333333332
238.98821282573044,6,115206,19201.0
239.06551441084594,6,115214,19202.333333333332
239.06551441084594,6,115214,19202.333333333332
239.72458068467677,5,96069,19213.8
239.72904827678576,5,96133,19226.6
239.73185082664713,5,96197,19239.4
239.73480341071263,5,96261,19252.2
239.73789789760485,5,96325,19265.0
240.5433988366276,5,96389,19277.8
240.54784043785185,5,96453,19290.6
240.55071020964533,5,96517,19303.4
240.55368800461292,5,96581,19316.2
240.55681635299698,5,96645,19329.0
241.29722467297688,5,96709,19341.8
241.301617952995,5,96773,19354.6
241.30445028375834,5,96837,19367.4
241.30745346890762,5,96901,19380.2
241.31050614500418,5,96965,19393.0
242.05151721974835,5,97029,19405.8
242.0543549018912,5,97093,19418.6
242.0563203007914,5,97157,19431.4
242.0584153626114,5,97221,19444.2
242.0612446037121,5,97285,19457.0
242.81124443374574,5,97349,19469.8
242.81587995961308,5,97413,19482.6
242.81878065271303,5,97477,19495.4
242.8217906979844,5,97541,19508.2
242.82495367666706,5,97605,19521.0
243.64597662491724,5,97669,19533.8
243.65083733666688,5,97733,19546.6
243.6537946308963,5,97797,19559.4
243.6568174357526,5,97861,19572.2
243.6602082005702,5,97925,19585.0
244.40430033393204,5,97989,19597.8
244.4089545798488,5,98053,19610.6
244.41193333500996,5,98117,19623.4
244.41496875090525,5,98181,19636.2
244.41816574055701,5,98245,19649.0
246.60313991457224,5,98309,19661.8
246.60808596899733,5,98373,19674.6
246.6110124415718,5,98437,19687.4
246.61407332867384,5,98501,19700.2
246.61725600762293,5,98565,19713.0
247.64125657686964,5,98629,19725.8
247.6460023857653,5,98693,19738.6
247.64896241994575,5,98757,19751.4
247.6523572136648,5,98821,19764.2
247.65550469281152,5,98885,19777.0
248.40996574563906,5,98949,19789.8
248.41464058263227,5,99013,19802.6
248.4176025968045,5,99077,19815.4
248.42058348096907,5,99141,19828.2
248.42375647090375,5,99205,19841.0
248.86894697276875,5,99240,19848.0
248.86894697276875,5,99240,19848.0
249.2018856056966,4,79428,19857.0
249.20618625357747,4,79492,19873.0
249.20915256766602,4,79556,19889.0
249.21227078558877,4,79620,19905.0
250.31268443679437,4,79684,19921.0
250.31717349868268,4,79748,19937.0
250.320593314711,4,79812,19953.0
250.32416695496067,4,79876,19969.0
251.09972685482353,4,79940,19985.0
251.10408361488953,4,80004,20001.0
251.10749378986657,4,80068,20017.0
251.1111079696566,4,80132,20033.0
252.06959392875433,4,80196,20049.0
252.0739051667042,4,80260,20065.0
252.07733540283516,4,80324,20081.0
252.08082675095648,4,80388,20097.0
252.82398534100503,4,80452,20113.0
252.82843677187338,4,80516,20129.0
252.83185038762167,4,80580,20145.0
252.83536330563948,4,80644,20161.0
253.57585428887978,4,80708,20177.0
253.57844906393439,4,80772,20193.0
253.58043049369007,4,80836,20209.0
253.5824965746142,4,80900,20225.0
254.33658496895805,4,80964,20241.0
254.34093433758244,4,81028,20257.0
254.3443673737347,4,81092,20273.0
254.34802112495527,4,81156,20289.0
254.41793641494587,4,81163,20290.75
254.41793641494587,4,81163,20290.75
255.08595183491707,3,60931,20310.333333333332
255.09017992997542,3,60995,20331.666666666668
255.09349242364988,3,61059,20353.0
255.89744325494394,3,61123,20374.333333333332
255.90167517168447,3,61187,20395.666666666668
255.90498091373593,3,61251,20417.0
256.6476521519944,3,61315,20438.333333333332
256.65178340580314,3,61379,20459.666666666668
256.6551230698824,3,61443,20481.0
257.4751262627542,3,61507,20502.333333333332
257.4792994176969,3,61571,20523.666666666668
257.48266325192526,3,61635,20545.0
258.2271898565814,3,61699,20566.333333333332
258.2314164726995,3,61763,20587.666666666668
258.2348848897964,3,61827,20609.0
259.1846147705801,3,61891,20630.333333333332
259.18898173980415,3,61955,20651.666666666668
259.1924505168572,3,62019,20673.0
260.15722495364025,3,62083,20694.333333333332
260.1615315717645,3,62147,20715.666666666668
260.1650325898081,3,62211,20737.0
260.9892360698432,3,62275,20758.333333333332
260.99356934800744,3,62339,20779.666666666668
260.9970081737265,3,62403,20801.0
261.74272176856175,3,62467,20822.333333333332
261.7471095486544,3,62531,20843.666666666668
261.7505233436823,3,62595,20865.0
262.50176655780524,3,62659,20886.333333333332
262.506162147969,3,62723,20907.666666666668
262.50967244571075,3,62787,20929.0
263.2783952867612,3,62851,20950.333333333332
263.2828564476222,3,62915,20971.666666666668
263.28631698479876,3,62979,20993.0
264.2114998116158,3,63043,21014.333333333332
264.2158314008266,3,63107,21035.666666666668
264.21936221886426,3,63171,21057.0
265.10524780256674,3,63235,21078.333333333332
265.10951094981283,3,63299,21099.666666666668
265.1130220280029,3,63363,21121.0
265.94900056160986,3,63427,21142.333333333332
266.1067814817652,3,63491,21163.666666666668
266.1103736408986,3,63555,21185.0
266.90116698574275,3,63619,21206.333333333332
266.9055554745719,3,63683,21227.666666666668
266.9090836639516,3,63747,21249.0
267.6640900420025,3,63811,21270.333333333332
267.66852131299675,3,63875,21291.666666666668
267.67202187981457,3,63939,21313.0
268.4269991875626,3,64003,21334.333333333332
268.42961429292336,3,64067,21355.666666666668
268.4316175826825,3,64131,21377.0
269.1933731706813,3,64195,21398.333333333332
269.19762802682817,3,64259,21419.666666666668
269.2010752437636,3,64323,21441.0
269.96040391968563,3,64387,21462.333333333332
269.9647155376151,3,64451,21483.666666666668
269.9681836445816,3,64515,21505.0
270.78690328774974,3,64579,21526.333333333332
270.79192779399455,3,64643,21547.666666666668
270.79562929691747,3,64707,21569.0
271.5582706257701,3,64771,21590.333333333332
271.56283675087616,3,64835,21611.666666666668
271.5664906320162,3,64899,21633.0
272.4103376446292,3,64963,21654.333333333332
272.41473266482353,3,65027,21675.666666666668
272.4183638058603,3,65091,21697.0
273.3919593957253,3,65155,21718.333333333332
273.39638584665954,3,65219,21739.666666666668
273.3999786567874,3,65283,21761.0
274.97473958460614,3,65347,21782.333333333332
274.9793879217468,3,65411,21803.666666666668
274.98301737289876,3,65475,21825.0
275.8502638009377,3,65539,21846.333333333332
275.8547723037191,3,65603,21867.666666666668
275.85835194401443,3,65667,21889.0
276.6301572327502,3,65731,21910.333333333332
276.6346115148626,3,65795,21931.666666666668
276.6381995147094,3,65859,21953.0
277.40478437393904,3,65923,21974.333333333332
277.40929592680186,3,65987,21995.666666666668
277.4129230766557,3,66051,22017.0
278.20336273359135,3,66115,22038.333333333332
278.20777388382703,3,66179,22059.666666666668
278.21141139464453,3,66243,22081.0
279.17696324456483,3,66307,22102.333333333332
279.18142000585794,3,66371,22123.666666666668
279.1852307016961,3,66435,22145.0
280.08157831896096,3,66499,22166.333333333332
280.08602146059275,3,66563,22187.666666666668
280.0897194026038,3,66627,22209.0
281.0657773260027,3,66691,22230.333333333332
281.0703035797924,3,66755,22251.666666666668
281.0740032517351,3,66819,22273.0
281.8431526958011,3,66883,22294.333333333332
281.8460027365945,3,66947,22315.666666666668
281.8481601807289,3,67011,22337.0
282.62527919374406,3,67075,22358.333333333332
282.6299628317356,3,67139,22379.666666666668
282.6336312335916,3,67203,22401.0
283.40569600090384,3,67267,22422.333333333332
283.4101305808872,3,67331,22443.666666666668
283.4137506815605,3,67395,22465.0
284.18484007474035,3,67459,22486.333333333332
284.18948604073375,3,67523,22507.666666666668
284.1931673628278,3,67587,22529.0
284.9647622979246,3,67651,22550.333333333332
284.96761393966153,3,67715,22571.666666666668
284.9697965546511,3,67779,22593.0
285.82033807598054,3,67843,22614.333333333332
285.8255055649206,3,67907,22635.666666666668
285.8293656716123,3,67971,22657.0
286.6747745149769,3,68035,22678.333333333332
286.6792687177658,3,68099,22699.666666666668
286.6830189418979,3,68163,22721.0
288.5650798860006,3,68227,22742.333333333332
288.5699523575604,3,68291,22763.666666666668
288.5737637029961,3,68355,22785.0
289.40467278379947,3,68419,22806.333333333332
289.40953673562035,3,68483,22827.666666666668
289.41336256079376,3,68547,22849.0
290.19378093769774,3,68611,22870.333333333332
290.1985524967313,3,68675,22891.666666666668
290.20227178093046,3,68739,22913.0
291.05134455580264,3,68803,22934.333333333332
291.0558278276585,3,68867,22955.666666666668
291.0595438205637,3,68931,22977.0
291.8389540426433,3,68995,22998.333333333332
291.84338399395347,3,69059,23019.666666666668
291.8468656609766,3,69123,23041.0
292.67532507982105,3,69187,23062.333333333332
292.67861932190135,3,69251,23083.666666666668
292.682181710843,3,69315,23105.0
293.741654463578,3,69379,23126.333333333332
293.74656831659377,3,69443,23147.666666666668
293.75045866472647,3,69507,23169.0
294.5496285506524,3,69571,23190.333333333332
294.5543805100024,3,69635,23211.666666666668
294.55825708666816,3,69699,23233.0
295.5457880985923,3,69763,23254.333333333332
295.5506769618951,3,69827,23275.666666666668
295.5545364478603,3,69891,23297.0
296.4089037566446,3,69955,23318.333333333332
296.4138677706942,3,70019,23339.666666666668
296.41774727776647,3,70083,23361.0
297.20897221565247,3,70147,23382.333333333332
297.2139282496646,3,70211,23403.666666666668
297.21777382679284,3,70275,23425.0
298.0088591706008,3,70339,23446.333333333332
298.0137313925661,3,70403,23467.666666666668
298.0176071198657,3,70467,23489.0
298.80521525768563,3,70531,23510.333333333332
298.80827912455425,3,70595,23531.666666666668
298.81053194077685,3,70659,23553.0
299.6096873176284,3,70723,23574.333333333332
299.61463160067797,3,70787,23595.666666666668
299.6185855898075,3,70851,23617.0
300.4122624597512,3,70915,23638.333333333332
300.41730811586604,3,70979,23659.666666666668
300.42135181697085,3,71043,23681.0
302.06753990985453,3,71107,23702.333333333332
302.072518624831,3,71171,23723.666666666668
302.0765029648319,3,71235,23745.0
303.2848963965662,3,71299,23766.333333333332
303.28982178959996,3,71363,23787.666666666668
303.2937712687999,3,71427,23809.0
304.13197727361694,3,71491,23830.333333333332
304.13496274873614,3,71555,23851.666666666668
304.13727243663743,3,71619,23873.0
304.94064367888495,3,71683,23894.333333333332
304.94561782386154,3,71747,23915.666666666668
304.94962902367115,3,71811,23937.0
305.74629419855773,3,71875,23958.333333333332
305.75137421581894,3,71939,23979.666666666668
305.7553253658116,3,72003,24001.0
306.6979846255854,3,72067,24022.333333333332
306.7030242215842,3,72131,24043.666666666668
306.70698809064925,3,72195,24065.0
307.19320646394044,3,72233,24077.666666666668
307.19320646394044,3,72233,24077.666666666668
307.63277917867526,2,48194,24097.0
307.6372507107444,2,48258,24129.0
308.56734603689983,2,48322,24161.0
308.5717594968155,2,48386,24193.0
309.56469850661233,2,48450,24225.0
309.56907336600125,2,48514,24257.0
310.36367330979556,2,48578,24289.0
310.36805821955204,2,48642,24321.0
311.1650736639276,2,48706,24353.0
311.1695379759185,2,48770,24385.0
312.01990858558565,2,48834,24417.0
312.02438277797773,2,48898,24449.0
312.8221138706431,2,48962,24481.0
312.82652017101645,2,49026,24513.0
313.62236183555797,2,49090,24545.0
313.62514005601406,2,49154,24577.0
314.7834302559495,2,49218,24609.0
314.7861076728441,2,49282,24641.0
316.0637798719108,2,49346,24673.0
316.06838422687724,2,49410,24705.0
317.14625154295936,2,49474,24737.0
317.1509064096026,2,49538,24769.0
317.94942234270275,2,49602,24801.0
317.9539896165952,2,49666,24833.0
318.816779398825,2,49730,24865.0
318.821374243591,2,49794,24897.0
319.6222302056849,2,49858,24929.0
319.6268271408044,2,49922,24961.0
320.42709709657356,2,49986,24993.0
320.4316297606565,2,50050,25025.0
321.24033904867247,2,50114,25057.0
321.245066777803,2,50178,25089.0
322.23092443076894,2,50242,25121.0
322.23558366764337,2,50306,25153.0
323.20325373578817,2,50370,25185.0
323.20802052598447,2,50434,25217.0
324.18009534385055,2,50498,25249.0
324.18481211178005,2,50562,25281.0
325.0116301737726,2,50626,25313.0
325.01638241298497,2,50690,25345.0
325.8218158297241,2,50754,25377.0
325.8266136199236,2,50818,25409.0
326.64510797383264,2,50882,25441.0
326.64972974872217,2,50946,25473.0
327.45881213760003,2,51010,25505.0
327.463425422553,2,51074,25537.0
328.2728187586181,2,51138,25569.0
328.2775985086337,2,51202,25601.0
329.28780121263117,2,51266,25633.0
329.2907672566362,2,51330,25665.0
330.1100032296963,2,51394,25697.0
330.11488537164405,2,51458,25729.0
330.92869857884943,2,51522,25761.0
330.93356615072116,2,51586,25793.0
331.97641721274704,2,51650,25825.0
331.9793251059018,2,51714,25857.0
332.8631734056398,2,51778,25889.0
332.86595370573923,2,51842,25921.0
333.6875345367007,2,51906,25953.0
333.6903198468499,2,51970,25985.0
334.51568049378693,2,52034,26017.0
334.5184384919703,2,52098,26049.0
335.3408089936711,2,52162,26081.0
335.34357533277944,2,52226,26113.0
336.20200939755887,2,52290,26145.0
336.2048246287741,2,52354,26177.0
337.32040498172864,2,52418,26209.0
337.3231918415986,2,52482,26241.0
338.19790015462786,2,52546,26273.0
338.20288528874516,2,52610,26305.0
339.25048241065815,2,52674,26337.0
339.2553047616966,2,52738,26369.0
340.0799084799364,2,52802,26401.0
340.08465941855684,2,52866,26433.0
340.9126024399884,2,52930,26465.0
340.91745100170374,2,52994,26497.0
341.74409954063594,2,53058,26529.0
341.7489046617411,2,53122,26561.0
342.91830414393917,2,53186,26593.0
342.92309299390763,2,53250,26625.0
343.83159966301173,2,53314,26657.0
343.83638062281534,2,53378,26689.0
344.68977075163275,2,53442,26721.0
344.6947006159462,2,53506,26753.0
345.52366115292534,2,53570,26785.0
345.52856302587315,2,53634,26817.0
346.43408787064254,2,53698,26849.0
346.43905944470316,2,53762,26881.0
347.44806693168357,2,53826,26913.0
347.45296208467335,2,53890,26945.0
348.2827920136042,2,53954,26977.0
348.2876962865703,2,54018,27009.0
349.12062781397253,2,54082,27041.0
349.1255876789801,2,54146,27073.0
349.9572229636833,2,54210,27105.0
349.96228200988844,2,54274,27137.0
350.82358151767403,2,54338,27169.0
350.828590313904,2,54402,27201.0
351.999835872557,2,54466,27233.0
352.00295389071107,2,54530,27265.0
352.941675348673,2,54594,27297.0
352.944083168637,2,54658,27329.0
354.00197643972933,2,54722,27361.0
354.0070826676674,2,54786,27393.0
354.8443649346009,2,54850,27425.0
354.8493786896579,2,54914,27457.0
355.6888155108318,2,54978,27489.0
355.69382347678766,2,55042,27521.0
356.76478905556723,2,55106,27553.0
356.77048348868266,2,55170,27585.0
357.74193147569895,2,55234,27617.0
357.74696970172226,2,55298,27649.0
358.5914762299508,2,55362,27681.0
358.59646964492276,2,55426,27713.0
359.44415859272704,2,55490,27745.0
359.4499045065604,2,55554,27777.0
360.36997996782884,2,55618,27809.0
360.3750627748668,2,55682,27841.0
361.2216283646412,2,55746,27873.0
361.2266468605958,2,55810,27905.0
362.1201846068725,2,55874,27937.0
362.1253283256665,2,55938,27969.0
363.0436852336861,2,56002,28001.0
363.0488993646577,2,56066,28033.0
363.90587486559525,2,56130,28065.0
363.90910106664523,2,56194,28097.0
364.79741483181715,2,56258,28129.0
364.8004824197851,2,56322,28161.0
365.82184344669804,2,56386,28193.0
365.8274613376707,2,56450,28225.0
366.7829837468453,2,56514,28257.0
366.7882663286291,2,56578,28289.0
367.9964394858107,2,56642,28321.0
368.0016707465984,2,56706,28353.0
368.8569782366976,2,56770,28385.0
368.86220545787364,2,56834,28417.0
369.7186782769859,2,56898,28449.0
369.72401188965887,2,56962,28481.0
370.781765779946,2,57026,28513.0
370.787102793809,2,57090,28545.0
371.9990736655891,2,57154,28577.0
372.0043433778919,2,57218,28609.0
373.1097134905867,2,57282,28641.0
373.1150249838829,2,57346,28673.0
373.97462111199275,2,57410,28705.0
373.979948754888,2,57474,28737.0
374.8407012219541,2,57538,28769.0
374.84601696487516,2,57602,28801.0
375.70614875573665,2,57666,28833.0
375.7115029199049,2,57730,28865.0
376.6286424486898,2,57794,28897.0
376.6339932428673,2,57858,28929.0
377.49629406863824,2,57922,28961.0
377.50173204485327,2,57986,28993.0
378.4924791576341,2,58050,29025.0
378.49797962466255,2,58114,29057.0
379.3806525818072,2,58178,29089.0
379.38615437876433,2,58242,29121.0
380.5709932525642,2,58306,29153.0
380.576350166928,2,58370,29185.0
381.4509955928661,2,58434,29217.0
381.4607508867048,2,58498,29249.0
382.4933160468936,2,58562,29281.0
382.4986294298433,2,58626,29313.0
383.42873028479517,2,58690,29345.0
383.4339200449176,2,58754,29377.0
384.3011264735833,2,58818,29409.0
384.30634140456095,2,58882,29441.0
385.36931304680184,2,58946,29473.0
385.37458710884675,2,59010,29505.0
386.247242894955,2,59074,29537.0
386.2526084985584,2,59138,29569.0
387.2994847786613,2,59202,29601.0
387.3047949518077,2,59266,29633.0
388.2420716956258,2,59330,29665.0
388.2474968917668,2,59394,29697.0
389.1978103928268,2,59458,29729.0
389.20327241998166,2,59522,29761.0
390.0872878609225,2,59586,29793.0
390.09279131889343,2,59650,29825.0
391.03519670199603,2,59714,29857.0
391.04067416861653,2,59778,29889.0
391.9161203056574,2,59842,29921.0
391.9216302637942,2,59906,29953.0
392.5672425138764,2,59953,29976.5
392.5672425138764,2,59953,29976.5
392.5728284539655,1,30000,30000.0
392.5728284539655,1,30000,30000.0
