time_since_decode_start_s,live_requests,decoded_token_mass,mean_decoded_len
0.0,128,1,0.0078125
0.42374497279524803,128,2,0.015625
0.4244227190501988,128,3,0.0234375
0.42452234076336026,128,4,0.03125
0.42459413269534707,128,5,0.0390625
0.42465793481096625,128,6,0.046875
0.4247291558422148,128,7,0.0546875
0.42479643784463406,128,8,0.0625
0.42486439971253276,128,9,0.0703125
0.42545287404209375,128,10,0.078125
0.42553523601964116,128,11,0.0859375
0.4256094880402088,128,12,0.09375
0.42566898884251714,128,13,0.1015625
0.42572818975895643,128,14,0.109375
0.42578934179618955,128,15,0.1171875
0.42584464279934764,128,16,0.125
0.425910874735564,128,17,0.1328125
0.4259690260514617,128,18,0.140625
0.4964822609908879,128,19,0.1484375
0.49678302789106965,128,20,0.15625
0.496839779894799,128,21,0.1640625
0.4968797299079597,128,22,0.171875
0.4969155308790505,128,23,0.1796875
0.4969524717889726,128,24,0.1875
0.4969931826926768,128,25,0.1953125
0.49737398186698556,128,26,0.203125
0.4974246537312865,128,27,0.2109375
0.49746652506291866,128,28,0.21875
0.49750916566699743,128,29,0.2265625
0.49754839669913054,128,30,0.234375
0.49758426705375314,128,31,0.2421875
0.4976184479892254,128,32,0.25
0.4976585987024009,128,33,0.2578125
0.4976927600800991,128,34,0.265625
0.4981547109782696,128,35,0.2734375
0.4982035527937114,128,36,0.28125
0.4982411339879036,128,37,0.2890625
0.49827505368739367,128,38,0.296875
0.49830739479511976,128,39,0.3046875
0.4983389559201896,128,40,0.3125
0.4983760667964816,128,41,0.3203125
0.4984102067537606,128,42,0.328125
0.4984426978044212,128,43,0.3359375
0.49847480887547135,128,44,0.34375
0.4985060398466885,128,45,0.3515625
0.49889524886384606,128,46,0.359375
0.4989402098581195,128,47,0.3671875
0.49897637078538537,128,48,0.375
0.4990180819295347,128,49,0.3828125
0.4990552826784551,128,50,0.390625
0.4990899837575853,128,51,0.3984375
0.49913721485063434,128,52,0.40625
0.49917397601529956,128,53,0.4140625
0.4992252066731453,128,54,0.421875
0.49926186772063375,128,55,0.4296875
0.4992949590086937,128,56,0.4375
0.4993256498128176,128,57,0.4453125
0.637787336949259,128,58,0.453125
0.6381054637022316,128,59,0.4609375
0.6381966369226575,128,60,0.46875
0.6382380067370832,128,61,0.4765625
0.6382807889021933,128,62,0.484375
0.638315059710294,128,63,0.4921875
0.6383490199223161,128,64,0.5
0.6383827910758555,128,65,0.5078125
0.6387009988538921,128,66,0.515625
0.6387519100680947,128,67,0.5234375
0.6387928510084748,128,68,0.53125
0.6388328317552805,128,69,0.5390625
0.6388691430911422,128,70,0.546875
0.6389045836403966,128,71,0.5546875
0.6389375240541995,128,72,0.5625
0.6389759960584342,128,73,0.5703125
0.6394879380241036,128,74,0.578125
0.6395345986820757,128,75,0.5859375
0.6395714096724987,128,76,0.59375
0.63960394077003,128,77,0.6015625
0.6396354208700359,128,78,0.609375
0.6396662420593202,128,79,0.6171875
0.6397049026563764,128,80,0.625
0.6397372838109732,128,81,0.6328125
0.6397684146650136,128,82,0.640625
0.63980528479442,128,83,0.6484375
0.6398422056809068,128,84,0.65625
0.6398793770931661,128,85,0.6640625
0.6399138276465237,128,86,0.671875
0.6399448090232909,128,87,0.6796875
0.6399773498997092,128,88,0.6875
0.6400083499029279,128,89,0.6953125
0.6401887950487435,128,90,0.703125
0.6402314258739352,128,91,0.7109375
0.7960373419336975,128,92,0.71875
0.7963925208896399,128,93,0.7265625
0.7964461417868733,128,94,0.734375
0.7964874128811061,128,95,0.7421875
0.7965235440060496,128,96,0.75
0.7965589249506593,128,97,0.7578125
0.7965915859676898,128,98,0.765625
0.796629976015538,128,99,0.7734375
0.7969230939634144,128,100,0.78125
0.7969701248221099,128,101,0.7890625
0.7970040156506002,128,102,0.796875
0.797053046990186,128,103,0.8046875
0.7970882668159902,128,104,0.8125
0.7971429489552975,128,105,0.8203125
0.7971800598315895,128,106,0.828125
0.7972174207679927,128,107,0.8359375
0.7976329908706248,128,108,0.84375
0.7976786820217967,128,109,0.8515625
0.7977118226699531,128,110,0.859375
0.7977449139580131,128,111,0.8671875
0.7977820639498532,128,112,0.875
0.7978146248497069,128,113,0.8828125
0.7978456760756671,128,114,0.890625
0.7978758569806814,128,115,0.8984375
0.7979101669043303,128,116,0.90625
0.7979415277950466,128,117,0.9140625
0.7980031198821962,128,118,0.921875
0.7980341897346079,128,119,0.9296875
0.8139323848299682,128,120,0.9375
0.8141357996501029,128,121,0.9453125
0.8141844510100782,128,122,0.953125
0.8142204619944096,128,123,0.9609375
0.8142601829022169,128,124,0.96875
0.8144079660996795,128,125,0.9765625
0.8144508767873049,128,126,0.984375
0.8159167929552495,128,127,0.9921875
1.3522190968506038,128,191,1.4921875
1.352704658638686,128,255,1.9921875
1.3527750708162785,128,319,2.4921875
1.3528220518492162,128,383,2.9921875
1.35286497278139,128,447,3.4921875
1.3529150537215173,128,511,3.9921875
1.352957614697516,128,575,4.4921875
1.3530020960606635,128,639,4.9921875
1.3530514370650053,128,703,5.4921875
1.3531047380529344,128,767,5.9921875
1.3531796098686755,128,831,6.4921875
1.353227520827204,128,895,6.9921875
1.3534560869447887,128,959,7.4921875
1.3535114577971399,128,1023,7.9921875
1.3535549188964069,128,1087,8.4921875
1.3535987897776067,128,1151,8.9921875
1.3540966119617224,128,1215,9.4921875
1.3541665337979794,128,1279,9.9921875
1.3542133546434343,128,1343,10.4921875
1.3542635468766093,128,1407,10.9921875
1.3543070368468761,128,1471,11.4921875
1.3543557086959481,128,1535,11.9921875
1.3544033700600266,128,1599,12.4921875
1.3544461410492659,128,1663,12.9921875
1.3544925418682396,128,1727,13.4921875
1.3545368127524853,128,1791,13.9921875
1.354579723905772,128,1855,14.4921875
1.3546205847524107,128,1919,14.9921875
1.3546622660942376,128,1983,15.4921875
1.3547007767483592,128,2047,15.9921875
1.3547401777468622,128,2111,16.4921875
1.3547820188105106,128,2175,16.9921875
1.355326831806451,128,2239,17.4921875
1.3553873039782047,128,2303,17.9921875
1.355432365089655,128,2367,18.4921875
1.3554734257049859,128,2431,18.9921875
1.355512486770749,128,2495,19.4921875
1.3555583776906133,128,2559,19.9921875
1.355605049058795,128,2623,20.4921875
1.3556487797759473,128,2687,20.9921875
1.3556956807151437,128,2751,21.4921875
1.3557360116392374,128,2815,21.9921875
1.3557737828232348,128,2879,22.4921875
1.3558112536557019,128,2943,22.9921875
1.3558649150654674,128,3007,23.4921875
1.3559028157033026,128,3071,23.9921875
1.3559401668608189,128,3135,24.4921875
1.3559769378043711,128,3199,24.9921875
1.3566529639065266,128,3263,25.4921875
1.3567093457095325,128,3327,25.9921875
1.3567536766640842,128,3391,26.4921875
1.3567939880304039,128,3455,26.9921875
1.3568336688913405,128,3519,27.4921875
1.3568735187873244,128,3583,27.9921875
1.3569188509136438,128,3647,28.4921875
1.3569673420861363,128,3711,28.9921875
1.35701221274212,128,3775,29.4921875
1.357052133884281,128,3839,29.9921875
1.3570914948359132,128,3903,30.4921875
1.3571470957249403,128,3967,30.9921875
1.3571898867376149,128,4031,31.4921875
1.357230827677995,128,4095,31.9921875
1.3572797486558557,128,4159,32.4921875
1.3573217098601162,128,4223,32.9921875
1.3573672818019986,128,4287,33.4921875
1.3574074320495129,128,4351,33.9921875
1.3574481229297817,128,4415,34.4921875
1.3574853437021375,128,4479,34.9921875
1.3575221947394311,128,4543,35.4921875
1.3575665960088372,128,4607,35.9921875
1.3585225488059223,128,4671,36.4921875
1.35857939068228,128,4735,36.9921875
1.358633671887219,128,4799,37.4921875
1.3586908136494458,128,4863,37.9921875
1.3587421346455812,128,4927,38.4921875
1.3587817456573248,128,4991,38.9921875
1.358820485882461,128,5055,39.4921875
1.3588590268045664,128,5119,39.9921875
1.3588955379091203,128,5183,40.4921875
1.358932158909738,128,5247,40.9921875
1.358985629864037,128,5311,41.4921875
1.3590500820428133,128,5375,41.9921875
1.359095542691648,128,5439,42.4921875
1.3591596046462655,128,5503,42.9921875
1.3592013758607209,128,5567,43.4921875
1.359260967001319,128,5631,43.9921875
1.3593112579546869,128,5695,44.4921875
1.3593520899303257,128,5759,44.9921875
1.3593909800983965,128,5823,45.4921875
1.3594312006607652,128,5887,45.9921875
1.3594700116664171,128,5951,46.4921875
1.3595066228881478,128,6015,46.9921875
1.359543614089489,128,6079,47.4921875
1.359580664895475,128,6143,47.9921875
1.3596165059134364,128,6207,48.4921875
1.3596533369272947,128,6271,48.9921875
1.3605122868902981,128,6335,49.4921875
1.3605655888095498,128,6399,49.9921875
1.360611299984157,128,6463,50.4921875
1.360649470705539,128,6527,50.9921875
1.3606858518905938,128,6591,51.4921875
1.36072239279747,128,6655,51.9921875
1.3607588838785887,128,6719,52.4921875
1.3608066849410534,128,6783,52.9921875
1.360846595838666,128,6847,53.4921875
1.3608837956562638,128,6911,53.9921875
1.3609216478653252,128,6975,54.4921875
1.3609568676911294,128,7039,54.9921875
1.360991528723389,128,7103,55.4921875
1.3610312696546316,128,7167,55.9921875
1.3610666207969189,128,7231,56.4921875
1.3611008618026972,128,7295,56.9921875
1.3611524826847017,128,7359,57.4921875
1.3611913537606597,128,7423,57.9921875
1.3612301647663116,128,7487,58.4921875
1.3612679056823254,128,7551,58.9921875
1.3613052270375192,128,7615,59.4921875
1.3613397269509733,128,7679,59.9921875
1.3613804480992258,128,7743,60.4921875
1.3614193489775062,128,7807,60.9921875
1.3614554097875953,128,7871,61.4921875
1.3614912307821214,128,7935,61.9921875
1.3615324418060482,128,7999,62.4921875
1.3615727527067065,128,8063,62.9921875
1.3616136540658772,128,8127,63.4921875
1.361651404760778,128,8191,63.9921875
1.3616874758154154,128,8255,64.4921875
1.894237469881773,128,8319,64.9921875
1.8947046608664095,128,8383,65.4921875
1.894778952933848,128,8447,65.9921875
1.8948353049345315,128,8511,66.4921875
1.894886455964297,128,8575,66.9921875
1.8949337666854262,128,8639,67.4921875
1.8949815179221332,128,8703,67.9921875
1.895030568819493,128,8767,68.4921875
1.8950806707143784,128,8831,68.9921875
1.8951509119942784,128,8895,69.4921875
1.8952112840488553,128,8959,69.9921875
1.8954696697182953,128,9023,70.4921875
1.8955432018265128,128,9087,70.9921875
1.8956000730395317,128,9151,71.4921875
1.8956531146541238,128,9215,71.9921875
1.8957025660201907,128,9279,72.4921875
1.8962845900096,128,9343,72.9921875
1.8963494109921157,128,9407,73.4921875
1.8964029629714787,128,9471,73.9921875
1.8964594840072095,128,9535,74.4921875
1.8965088850818574,128,9599,74.9921875
1.8965544360689819,128,9663,75.4921875
1.8966078776866198,128,9727,75.9921875
1.8966570990160108,128,9791,76.4921875
1.8967015300877392,128,9855,76.9921875
1.896746520884335,128,9919,77.4921875
1.8967901719734073,128,9983,77.9921875
1.8968338929116726,128,10047,78.4921875
1.8968776538968086,128,10111,78.9921875
1.8969220747239888,128,10175,79.4921875
1.8969665956683457,128,10239,79.9921875
1.897013716865331,128,10303,80.4921875
1.8975955820642412,128,10367,80.9921875
1.8976625329814851,128,10431,81.4921875
1.8977145939134061,128,10495,81.9921875
1.897764534689486,128,10559,82.4921875
1.8978105769492686,128,10623,82.9921875
1.8978638877160847,128,10687,83.4921875
1.8979141488671303,128,10751,83.9921875
1.8979613999836147,128,10815,84.4921875
1.8980082320049405,128,10879,84.9921875
1.8980532018467784,128,10943,85.4921875
1.8980981237255037,128,11007,85.9921875
1.8981577549129725,128,11071,86.4921875
1.8982085958123207,128,11135,86.9921875
1.8982556578703225,128,11199,87.4921875
1.8983071888796985,128,11263,87.9921875
1.8983568400144577,128,11327,88.4921875
1.898944634012878,128,11391,88.9921875
1.8990116859786212,128,11455,89.4921875
1.899062556680292,128,11519,89.9921875
1.8991110678762197,128,11583,90.4921875
1.8991729500703514,128,11647,90.9921875
1.8992189806886017,128,11711,91.4921875
1.8992723217234015,128,11775,91.9921875
1.8993240729905665,128,11839,92.4921875
1.899375124834478,128,11903,92.9921875
1.8994229957461357,128,11967,93.4921875
1.8994688768871129,128,12031,93.9921875
1.8995151780545712,128,12095,94.4921875
1.8995599588379264,128,12159,94.9921875
1.8996043000370264,128,12223,95.4921875
1.8996529509313405,128,12287,95.9921875
1.8996979417279363,128,12351,96.4921875
1.899743963032961,128,12415,96.9921875
1.9006690657697618,128,12479,97.4921875
1.900730496738106,128,12543,97.9921875
1.900781787931919,128,12607,98.4921875
1.900828329846263,128,12671,98.9921875
1.9008817006833851,128,12735,99.4921875
1.9009292917326093,128,12799,99.9921875
1.9009799528867006,128,12863,100.4921875
1.9010264039970934,128,12927,100.9921875
1.901077225804329,128,12991,101.4921875
1.901138006709516,128,13055,101.9921875
1.9011923177167773,128,13119,102.4921875
1.9012408098205924,128,13183,102.9921875
1.9012889810837805,128,13247,103.4921875
1.901339491829276,128,13311,103.9921875
1.9013861827552319,128,13375,104.4921875
1.9014354338869452,128,13439,104.9921875
1.9014823157340288,128,13503,105.4921875
1.901528256945312,128,13567,105.9921875
1.901572106871754,128,13631,106.4921875
1.9016178888268769,128,13695,106.9921875
1.9016668600961566,128,13759,107.4921875
1.9017120907083154,128,13823,107.9921875
1.90175552200526,128,13887,108.4921875
1.9017991027794778,128,13951,108.9921875
1.9018475436605513,128,14015,109.4921875
1.9018954746425152,128,14079,109.9921875
1.901947246864438,128,14143,110.4921875
1.9019926078617573,128,14207,110.9921875
1.9020376587286592,128,14271,111.4921875
1.902087280061096,128,14335,111.9921875
1.902139700949192,128,14399,112.4921875
1.9031624756753445,128,14463,112.9921875
1.9032268077135086,128,14527,113.4921875
1.903276118915528,128,14591,113.9921875
1.9033233798108995,128,14655,114.4921875
1.9033689410425723,128,14719,114.9921875
1.9034196818247437,128,14783,115.4921875
1.9034674926660955,128,14847,115.9921875
1.903519544750452,128,14911,116.4921875
1.903566055931151,128,14975,116.9921875
1.9036103868857026,128,15039,117.4921875
1.9036534279584885,128,15103,117.9921875
1.903698808979243,128,15167,118.4921875
1.9037429196760058,128,15231,118.9921875
1.9037907007150352,128,15295,119.4921875
1.9038387327454984,128,15359,119.9921875
1.9038826026953757,128,15423,120.4921875
1.9039276037365198,128,15487,120.9921875
1.903982155956328,128,15551,121.4921875
1.904041996691376,128,15615,121.9921875
1.904091018717736,128,15679,122.4921875
1.9041484696790576,128,15743,122.9921875
1.9042094219475985,128,15807,123.4921875
1.9042920130304992,128,15871,123.9921875
1.9043479547835886,128,15935,124.4921875
1.904395435936749,128,15999,124.9921875
1.904441847000271,128,16063,125.4921875
1.9044918776489794,128,16127,125.9921875
1.904543018899858,128,16191,126.4921875
1.9045917708426714,128,16255,126.9921875
1.9046386117115617,128,16319,127.4921875
1.9046828127466142,128,16383,127.9921875
2.4377374188043177,128,16447,128.4921875
2.438284652773291,128,16511,128.9921875
2.4383709239773452,128,16575,129.4921875
2.4384458758868277,128,16639,129.9921875
2.438508037943393,128,16703,130.4921875
2.438563518691808,128,16767,130.9921875
2.4386186096817255,128,16831,131.4921875
2.4386748517863452,128,16895,131.9921875
2.438730842899531,128,16959,132.4921875
2.438791925087571,128,17023,132.9921875
2.4388489960692823,128,17087,133.4921875
2.4389040768146515,128,17151,133.9921875
2.4389586988836527,128,17215,134.4921875
2.4392127650789917,128,17279,134.9921875
2.4392814370803535,128,17343,135.4921875
2.4393378477543592,128,17407,135.9921875
2.4398707509972155,128,17471,136.4921875
2.439951573032886,128,17535,136.9921875
2.4400201039388776,128,17599,137.4921875
2.4400827158242464,128,17663,137.9921875
2.4401568076573312,128,17727,138.4921875
2.4402183890342712,128,17791,138.9921875
2.440279990900308,128,17855,139.4921875
2.440337941981852,128,17919,139.9921875
2.4404119136743248,128,17983,140.4921875
2.4404710847884417,128,18047,140.9921875
2.440524575766176,128,18111,141.4921875
2.440582017879933,128,18175,141.9921875
2.440636708866805,128,18239,142.4921875
2.4406878110021353,128,18303,142.9921875
2.440739612095058,128,18367,143.4921875
2.440794142894447,128,18431,143.9921875
2.4413738269358873,128,18495,144.4921875
2.441446539014578,128,18559,144.9921875
2.441503749694675,128,18623,145.4921875
2.441557991784066,128,18687,145.9921875
2.441609933041036,128,18751,146.4921875
2.441685094963759,128,18815,146.9921875
2.441751156002283,128,18879,147.4921875
2.4418067070655525,128,18943,147.9921875
2.4418599689379334,128,19007,148.4921875
2.4419105499982834,128,19071,148.9921875
2.441968142054975,128,19135,149.4921875
2.4420215729624033,128,19199,149.9921875
2.4420729340054095,128,19263,150.4921875
2.4421352059580386,128,19327,150.9921875
2.442195656709373,128,19391,151.4921875
2.442253077868372,128,19455,151.9921875
2.4430539277382195,128,19519,152.4921875
2.443138009868562,128,19583,152.9921875
2.4431981309317052,128,19647,153.4921875
2.4432555129751563,128,19711,153.9921875
2.443309263791889,128,19775,154.4921875
2.4433649349957705,128,19839,154.9921875
2.4434229470789433,128,19903,155.4921875
2.4434773279353976,128,19967,155.9921875
2.443534428719431,128,20031,156.4921875
2.443587020970881,128,20095,156.9921875
2.443638192024082,128,20159,157.4921875
2.443692313041538,128,20223,157.9921875
2.4437434249557555,128,20287,158.4921875
2.4437910546548665,128,20351,158.9921875
2.4438464269042015,128,20415,159.4921875
2.4438968179747462,128,20479,159.9921875
2.4439475587569177,128,20543,160.4921875
2.4439997910521924,128,20607,160.9921875
2.4440504917874932,128,20671,161.4921875
2.4441025727428496,128,20735,161.9921875
2.4441686146892607,128,20799,162.4921875
2.4442254756577313,128,20863,162.9921875
2.44427886698395,128,20927,163.4921875
2.4443346890620887,128,20991,163.9921875
2.444387170020491,128,21055,164.4921875
2.4444416207261384,128,21119,164.9921875
2.444494371768087,128,21183,165.4921875
2.4452398410066962,128,21247,165.9921875
2.445305911824107,128,21311,166.4921875
2.4453587038442492,128,21375,166.9921875
2.4454079647548497,128,21439,167.4921875
2.4454588959924877,128,21503,167.9921875
2.445514916907996,128,21567,168.4921875
2.4455726286396384,128,21631,168.9921875
2.4456276297569275,128,21695,169.4921875
2.4456774606369436,128,21759,169.9921875
2.445727721787989,128,21823,170.4921875
2.4457809240557253,128,21887,170.9921875
2.445833564735949,128,21951,171.4921875
2.44588384591043,128,22015,171.9921875
2.4459331780672073,128,22079,172.4921875
2.4459829088300467,128,22143,172.9921875
2.446031670086086,128,22207,173.4921875
2.4460853608325124,128,22271,173.9921875
2.446146151982248,128,22335,174.4921875
2.446198363788426,128,22399,174.9921875
2.446248014923185,128,22463,175.4921875
2.446297585964203,128,22527,175.9921875
2.4463468068279326,128,22591,176.4921875
2.446396568790078,128,22655,176.9921875
2.4473553518764675,128,22719,177.4921875
2.4474426237866282,128,22783,177.9921875
2.447501074988395,128,22847,178.4921875
2.4475598968565464,128,22911,178.9921875
2.4476121980696917,128,22975,179.4921875
2.447670998983085,128,23039,179.9921875
2.447726500686258,128,23103,180.4921875
2.447795262094587,128,23167,180.9921875
2.447849053889513,128,23231,181.4921875
2.447901354636997,128,23295,181.9921875
2.447950745932758,128,23359,182.4921875
2.4480071770958602,128,23423,182.9921875
2.4480614587664604,128,23487,183.4921875
2.4481123900040984,128,23551,183.9921875
2.4481774917803705,128,23615,184.4921875
2.4482293827459216,128,23679,184.9921875
2.4482791940681636,128,23743,185.4921875
2.4483295348472893,128,23807,185.9921875
2.4483789168298244,128,23871,186.4921875
2.44842764781788,128,23935,186.9921875
2.448483109008521,128,23999,187.4921875
2.4485348598100245,128,24063,187.9921875
2.4485854506492615,128,24127,188.4921875
2.4486337727867067,128,24191,188.9921875
2.4486861238256097,128,24255,189.4921875
2.448739254847169,128,24319,189.9921875
2.4487925358116627,128,24383,190.4921875
2.4488433180376887,128,24447,190.9921875
2.4489217987284064,128,24511,191.4921875
2.9875768828205764,128,24575,191.9921875
2.9880598937161267,128,24639,192.4921875
2.988188636954874,128,24703,192.9921875
2.9882753896526992,128,24767,193.4921875
2.988346361089498,128,24831,193.9921875
2.988415482919663,128,24895,194.4921875
2.9884798950515687,128,24959,194.9921875
2.988552805967629,128,25023,195.4921875
2.988619617652148,128,25087,195.9921875
2.9886903800070286,128,25151,196.4921875
2.9887520908378065,128,25215,196.9921875
2.989063408691436,128,25279,197.4921875
2.9891520510427654,128,25343,197.9921875
2.989220262039453,128,25407,198.4921875
2.989283593837172,128,25471,198.9921875
2.9893458848819137,128,25535,199.4921875
2.989907248876989,128,25599,199.9921875
2.9899853309616446,128,25663,200.4921875
2.990057493094355,128,25727,200.9921875
2.9901361749507487,128,25791,201.4921875
2.9902059859596193,128,25855,201.9921875
2.9902699580416083,128,25919,202.4921875
2.9903382286429405,128,25983,202.9921875
2.9904007907025516,128,26047,203.4921875
2.9904604917392135,128,26111,203.9921875
2.9905184539966285,128,26175,204.4921875
2.9905765750445426,128,26239,204.9921875
2.9906407268717885,128,26303,205.4921875
2.9907010779716074,128,26367,205.9921875
2.9907588697969913,128,26431,206.4921875
2.99081697082147,128,26495,206.9921875
2.990874311886728,128,26559,207.4921875
2.9915292877703905,128,26623,207.9921875
2.9916185797192156,128,26687,208.4921875
2.9916872419416904,128,26751,208.9921875
2.9917508428916335,128,26815,209.4921875
2.991810904815793,128,26879,209.9921875
2.9918781369924545,128,26943,210.4921875
2.9919413877651095,128,27007,210.9921875
2.9920020289719105,128,27071,211.4921875
2.992059930693358,128,27135,211.9921875
2.992126571945846,128,27199,212.4921875
2.9921958837658167,128,27263,212.9921875
2.992257455829531,128,27327,213.4921875
2.992317936848849,128,27391,213.9921875
2.9923755787312984,128,27455,214.4921875
2.992437789682299,128,27519,214.9921875
2.992497020866722,128,27583,215.4921875
2.993067604955286,128,27647,215.9921875
2.993155676871538,128,27711,216.4921875
2.993221108801663,128,27775,216.9921875
2.993283359799534,128,27839,217.4921875
2.9933431916870177,128,27903,217.9921875
2.993405262939632,128,27967,218.4921875
2.9934690450318158,128,28031,218.9921875
2.9935279968194664,128,28095,219.4921875
2.9935882878489792,128,28159,219.9921875
2.993646398652345,128,28223,220.4921875
2.9937032908201218,128,28287,220.9921875
2.9937618616968393,128,28351,221.4921875
2.993818443734199,128,28415,221.9921875
2.9938732348382473,128,28479,222.4921875
2.9939341857098043,128,28543,222.9921875
2.993990477640182,128,28607,223.4921875
2.9945736220106483,128,28671,223.9921875
2.994648292660713,128,28735,224.4921875
2.994708764832467,128,28799,224.9921875
2.9947682758793235,128,28863,225.4921875
2.9948291778564453,128,28927,225.9921875
2.9948955099098384,128,28991,226.4921875
2.994955671019852,128,29055,226.9921875
2.9950178330764174,128,29119,227.4921875
2.995074233971536,128,29183,227.9921875
2.995144944638014,128,29247,228.4921875
2.9952092966996133,128,29311,228.9921875
2.9952691388316453,128,29375,229.4921875
2.9953250400722027,128,29439,229.9921875
2.9953823410905898,128,29503,230.4921875
2.995438491925597,128,29567,230.9921875
2.9954973440617323,128,29631,231.4921875
2.9961351198144257,128,29695,231.9921875
2.996220961678773,128,29759,232.4921875
2.9962871628813446,128,29823,232.9921875
2.9963448848575354,128,29887,233.4921875
2.9964035358279943,128,29951,233.9921875
2.9964679679833353,128,30015,234.4921875
2.9965282189659774,128,30079,234.9921875
2.9965829900465906,128,30143,235.4921875
2.996638451702893,128,30207,235.9921875
2.9966941429302096,128,30271,236.4921875
2.9967508637346327,128,30335,236.9921875
2.996812625788152,128,30399,237.4921875
2.9968677167780697,128,30463,237.9921875
2.9969229586422443,128,30527,238.4921875
2.9969760896638036,128,30591,238.9921875
2.9970276607200503,128,30655,239.4921875
2.997080181725323,128,30719,239.9921875
2.9971448238939047,128,30783,240.4921875
2.9980063447728753,128,30847,240.9921875
2.998079586774111,128,30911,241.4921875
2.9981523980386555,128,30975,241.9921875
2.998227419797331,128,31039,242.4921875
2.9982896209694445,128,31103,242.9921875
2.998354692943394,128,31167,243.4921875
2.9984156847931445,128,31231,243.9921875
2.998475655913353,128,31295,244.4921875
2.9985324977897108,128,31359,244.9921875
2.9985900190658867,128,31423,245.4921875
2.9986460600048304,128,31487,245.9921875
2.99871032172814,128,31551,246.4921875
2.998770442791283,128,31615,246.9921875
2.998826273716986,128,31679,247.4921875
2.998882405925542,128,31743,247.9921875
2.99893821682781,128,31807,248.4921875
2.9989916090853512,128,31871,248.9921875
2.999049609992653,128,31935,249.4921875
2.999110500793904,128,31999,249.9921875
2.9991818629205227,128,32063,250.4921875
2.999245344661176,128,32127,250.9921875
2.999303265940398,128,32191,251.4921875
2.9993583778850734,128,32255,251.9921875
2.9994138590991497,128,32319,252.4921875
2.9994733300991356,128,32383,252.9921875
2.999537101946771,128,32447,253.4921875
2.999596872832626,128,32511,253.9921875
2.999654364772141,128,32575,254.4921875
2.999714005738497,128,32639,254.9921875
3.5455477526411414,128,32703,255.4921875
3.545895560644567,128,32767,255.9921875
3.5459804027341306,128,32831,256.4921875
3.5460622357204556,128,32895,256.9921875
3.546172827947885,128,32959,257.4921875
3.5462480699643493,128,33023,257.9921875
3.546317801810801,128,33087,258.4921875
3.5466958009637892,128,33151,258.9921875
3.5467805727384984,128,33215,259.4921875
3.546856055036187,128,33279,259.9921875
3.546931705903262,128,33343,260.4921875
3.5470005976967514,128,33407,260.9921875
3.547067009843886,128,33471,261.4921875
3.547147511970252,128,33535,261.9921875
3.547221892978996,128,33599,262.4921875
3.547290634829551,128,33663,262.9921875
3.547754486091435,128,33727,263.4921875
3.5478361579589546,128,33791,263.9921875
3.547912459820509,128,33855,264.4921875
3.5479861018247902,128,33919,264.9921875
3.548051703721285,128,33983,265.4921875
3.5481306547299027,128,34047,265.9921875
3.548209636937827,128,34111,266.4921875
3.5482784188352525,128,34175,266.9921875
3.5483439210802317,128,34239,267.4921875
3.5484102820046246,128,34303,267.9921875
3.548474583774805,128,34367,268.4921875
3.5485447756946087,128,34431,268.9921875
3.5491441800259054,128,34495,269.4921875
3.549228021875024,128,34559,269.9921875
3.549296553712338,128,34623,270.4921875
3.5493661747314036,128,34687,270.9921875
3.5494348066858947,128,34751,271.4921875
3.549504268914461,128,34815,271.9921875
3.5495710298419,128,34879,272.4921875
3.549636932089925,128,34943,272.9921875
3.549702072981745,128,35007,273.4921875
3.5497726746834815,128,35071,273.9921875
3.549840376712382,128,35135,274.4921875
3.549902817700058,128,35199,274.9921875
3.549967359751463,128,35263,275.4921875
3.5500275208614767,128,35327,275.9921875
3.5500962627120316,128,35391,276.4921875
3.5501730646938086,128,35455,276.9921875
3.5502380169928074,128,35519,277.4921875
3.550864121876657,128,35583,277.9921875
3.5509501937776804,128,35647,278.4921875
3.5510232048109174,128,35711,278.9921875
3.551089846994728,128,35775,279.4921875
3.5511708590202034,128,35839,279.9921875
3.551238830666989,128,35903,280.4921875
3.551306531764567,128,35967,280.9921875
3.5513739939779043,128,36031,281.4921875
3.551442956086248,128,36095,281.9921875
3.5515138870105147,128,36159,282.4921875
3.5515813790261745,128,36223,282.9921875
3.5516498209908605,128,36287,283.4921875
3.551714991685003,128,36351,283.9921875
3.551779014058411,128,36415,284.4921875
3.551842364948243,128,36479,284.9921875
3.551904646679759,128,36543,285.4921875
3.5519665479660034,128,36607,285.9921875
3.5520352800376713,128,36671,286.4921875
3.5520960707217455,128,36735,286.9921875
3.5527589176781476,128,36799,287.4921875
3.5528431688435376,128,36863,287.9921875
3.552913100924343,128,36927,288.4921875
3.552979742642492,128,36991,288.9921875
3.553046583663672,128,37055,289.4921875
3.5531319859437644,128,37119,289.9921875
3.553204807918519,128,37183,290.4921875
3.5532806497067213,128,37247,290.9921875
3.553346820641309,128,37311,291.4921875
3.5534164127893746,128,37375,291.9921875
3.553484284784645,128,37439,292.4921875
3.553550465963781,128,37503,292.9921875
3.5536166578531265,128,37567,293.4921875
3.553684540092945,128,37631,293.9921875
3.553750771097839,128,37695,294.4921875
3.5538198626600206,128,37759,294.9921875
3.5538198626600206,128,37759,294.9921875
3.554476758930832,127,37502,295.29133858267716
3.554566980805248,127,37566,295.79527559055117
3.554641912691295,127,37630,296.2992125984252
3.554708804935217,127,37694,296.8031496062992
3.5547765158116817,127,37758,297.3070866141732
3.5548478877171874,127,37822,297.81102362204723
3.5549128986895084,127,37886,298.31496062992125
3.554975240956992,127,37950,298.81889763779526
3.5550344330258667,127,38014,299.3228346456693
3.5550973936915398,127,38078,299.8267716535433
3.5551758860237896,127,38142,300.3307086614173
3.55524620693177,127,38206,300.8346456692913
3.5553103489801288,127,38270,301.33858267716533
3.55537227075547,127,38334,301.84251968503935
3.555436932016164,127,38398,302.34645669291336
3.5555000538006425,127,38462,302.8503937007874
3.556054466869682,127,38526,303.3543307086614
3.5561447688378394,127,38590,303.8582677165354
3.5562150310724974,127,38654,304.3622047244094
3.556280971970409,127,38718,304.86614173228344
3.5563496239483356,127,38782,305.37007874015745
3.5564235858619213,127,38846,305.87401574803147
3.5564877279102802,127,38910,306.37795275590554
3.5565547486767173,127,38974,306.88188976377955
3.5566177307628095,127,39038,307.38582677165357
3.556681291665882,127,39102,307.8897637795276
3.5567423440515995,127,39166,308.3937007874016
3.556801544968039,127,39230,308.8976377952756
3.556859996635467,127,39294,309.40157480314963
3.556927297729999,127,39358,309.90551181102364
3.556992979720235,127,39422,310.40944881889766
3.5570533708669245,127,39486,310.9133858267717
3.55758041376248,127,39550,311.4173228346457
3.5576578257605433,127,39614,311.9212598425197
3.5577217577956617,127,39678,312.4251968503937
3.557792318984866,127,39742,312.92913385826773
3.55786081077531,127,39806,313.43307086614175
3.5579245020635426,127,39870,313.93700787401576
3.557994093745947,127,39934,314.4409448818898
3.5580577747896314,127,39998,314.9448818897638
3.5581387570127845,127,40062,315.4488188976378
3.558209469076246,127,40126,315.9527559055118
3.558276740834117,127,40190,316.45669291338584
3.5583439129404724,127,40254,316.96062992125985
3.5584105737507343,127,40318,317.46456692913387
3.558471396099776,127,40382,317.9685039370079
3.558538286946714,127,40446,318.4724409448819
3.5811706739477813,127,40447,318.4803149606299
4.141481571830809,127,40511,318.98425196850394
4.1418959917500615,127,40575,319.48818897637796
4.141989544034004,127,40639,319.99212598425197
4.14207854680717,127,40703,320.496062992126
4.142243479844183,127,40767,321.0
4.142327252775431,127,40831,321.503937007874
4.14240407384932,127,40895,322.00787401574803
4.1424844060093164,127,40959,322.51181102362204
4.142560537904501,127,41023,323.01574803149606
4.142639460042119,127,41087,323.5196850393701
4.142980217933655,127,41151,324.0236220472441
4.14306531008333,127,41215,324.5275590551181
4.143151981756091,127,41279,325.0314960629921
4.143228393979371,127,41343,325.53543307086613
4.143301515839994,127,41407,326.03937007874015
4.143372786697,127,41471,326.54330708661416
4.143923720810562,127,41535,327.0472440944882
4.144009752664715,127,41599,327.5511811023622
4.144098944962025,127,41663,328.0551181102362
4.144196758046746,127,41727,328.5590551181102
4.144273289013654,127,41791,329.06299212598424
4.14434593077749,127,41855,329.56692913385825
4.144425092730671,127,41919,330.07086614173227
4.144500464666635,127,41983,330.5748031496063
4.144571826793253,127,42047,331.0787401574803
4.144642437808216,127,42111,331.5826771653543
4.1447113999165595,127,42175,332.0866141732283
4.144784681964666,127,42239,332.59055118110234
4.144853042904288,127,42303,333.09448818897636
4.144920615013689,127,42367,333.59842519685037
4.144989316817373,127,42431,334.1023622047244
4.145058237947524,127,42495,334.6062992125984
4.1461099637672305,127,42559,335.1102362204724
4.146439061965793,127,42623,335.61417322834643
4.146537273656577,127,42687,336.11811023622045
4.146632345858961,127,42751,336.62204724409446
4.146721079014242,127,42815,337.12598425196853
4.146810221020132,127,42879,337.62992125984255
4.14689521305263,127,42943,338.13385826771656
4.146974284667522,127,43007,338.6377952755906
4.147056797053665,127,43071,339.1417322834646
4.147147508803755,127,43135,339.6456692913386
4.147237300872803,127,43199,340.1496062992126
4.147316442802548,127,43263,340.65354330708664
4.147391695063561,127,43327,341.15748031496065
4.147466546855867,127,43391,341.66141732283467
4.147550468798727,127,43455,342.1653543307087
4.147630921099335,127,43519,342.6692913385827
4.148951782844961,127,43583,343.1732283464567
4.149052804801613,127,43647,343.6771653543307
4.149152837693691,127,43711,344.18110236220474
4.149237819947302,127,43775,344.68503937007875
4.149317150935531,127,43839,345.18897637795277
4.149394172709435,127,43903,345.6929133858268
4.14947735471651,127,43967,346.1968503937008
4.149553836788982,127,44031,346.7007874015748
4.149634118657559,127,44095,347.20472440944883
4.149710190948099,127,44159,347.70866141732284
4.149783962871879,127,44223,348.21259842519686
4.149859583936632,127,44287,348.7165354330709
4.149931425694376,127,44351,349.2204724409449
4.150002317968756,127,44415,349.7244094488189
4.150083600077778,127,44479,350.2283464566929
4.15016751177609,127,44543,350.73228346456693
4.1502439538016915,127,44607,351.23622047244095
4.150319825857878,127,44671,351.74015748031496
4.1503958366811275,127,44735,352.244094488189
4.1504720486700535,127,44799,352.748031496063
4.150545530952513,127,44863,353.251968503937
4.150626033078879,127,44927,353.755905511811
4.150700234808028,127,44991,354.25984251968504
4.150779926683754,127,45055,354.76377952755905
4.15085329907015,127,45119,355.26771653543307
4.150930460076779,127,45183,355.7716535433071
4.151008802000433,127,45247,356.2755905511811
4.151083763688803,127,45311,356.7795275590551
4.151173226069659,127,45375,357.2834645669291
4.151250788010657,127,45439,357.78740157480314
4.151322959922254,127,45503,358.29133858267716
4.151394552085549,127,45567,358.79527559055117
4.152982159983367,127,45631,359.2992125984252
4.153089692816138,127,45695,359.8031496062992
4.153188314754516,127,45759,360.3070866141732
4.153269216883928,127,45823,360.81102362204723
4.153346999082714,127,45887,361.31496062992125
4.15341998077929,127,45951,361.81889763779526
4.153491341974586,127,46015,362.3228346456693
4.153562854044139,127,46079,362.8267716535433
4.153638545889407,127,46143,363.3307086614173
4.153711338061839,127,46207,363.8346456692913
4.153790459036827,127,46271,364.33858267716533
4.153862640727311,127,46335,364.84251968503935
4.153934912756085,127,46399,365.34645669291336
4.1540108746849,127,46463,365.8503937007874
4.154083776753396,127,46527,366.3543307086614
4.15417175879702,127,46591,366.8582677165354
4.154245589859784,127,46655,367.3622047244094
4.154318572022021,127,46719,367.86614173228344
4.154393434058875,127,46783,368.37007874015745
4.154465565923601,127,46847,368.87401574803147
4.154545767698437,127,46911,369.37795275590554
4.154622599948198,127,46975,369.88188976377955
4.154703502077609,127,47039,370.38582677165357
4.1547824940644205,127,47103,370.8897637795276
4.154855034779757,127,47167,371.3937007874016
4.154929087031633,127,47231,371.8976377952756
4.154999038670212,127,47295,372.40157480314963
4.155067900661379,127,47359,372.90551181102364
4.155148311983794,127,47423,373.40944881889766
4.155227603856474,127,47487,373.9133858267717
4.155302745755762,127,47551,374.4173228346457
4.155376497656107,127,47615,374.9212598425197
4.155449090059847,127,47679,375.4251968503937
4.155524061061442,127,47743,375.92913385826773
4.155594412703067,127,47807,376.43307086614175
4.155670684762299,127,47871,376.93700787401576
4.155744936782867,127,47935,377.4409448818898
4.155816548038274,127,47999,377.9448818897638
4.15589139983058,127,48063,378.4488188976378
4.155967281665653,127,48127,378.9527559055118
4.1560388137586415,127,48191,379.45669291338584
4.156109814997762,127,48255,379.96062992125985
4.156199847813696,127,48319,380.46456692913387
4.156277500092983,127,48383,380.9685039370079
4.156346831005067,127,48447,381.4724409448819
4.156416452955455,127,48511,381.9763779527559
4.156464413739741,127,48575,382.4803149606299
4.730711899697781,127,48639,382.98425196850394
4.731377095915377,127,48703,383.48818897637796
4.731493608094752,127,48767,383.99212598425197
4.731599950697273,127,48831,384.496062992126
4.7317022127099335,127,48895,385.0
4.731792375911027,127,48959,385.503937007874
4.731882237829268,127,49023,386.00787401574803
4.731984899844974,127,49087,386.51181102362204
4.732075372710824,127,49151,387.01574803149606
4.732179224956781,127,49215,387.5196850393701
4.732276926748455,127,49279,388.0236220472441
4.732364259660244,127,49343,388.5275590551181
4.732449071016163,127,49407,389.0314960629921
4.732766538858414,127,49471,389.53543307086613
4.73286119196564,127,49535,390.03937007874015
4.732944543007761,127,49599,390.54330708661416
4.733897825703025,127,49663,391.0472440944882
4.73399825906381,127,49727,391.5511811023622
4.734096220694482,127,49791,392.0551181102362
4.734204024076462,127,49855,392.5590551181102
4.7342898258939385,127,49919,393.06299212598424
4.734376717824489,127,49983,393.56692913385825
4.734468650072813,127,50047,394.07086614173227
4.7345570819452405,127,50111,394.5748031496063
4.734638563822955,127,50175,395.0787401574803
4.7347205257974565,127,50239,395.5826771653543
4.734799837693572,127,50303,396.0866141732283
4.734886740799993,127,50367,396.59055118110234
4.734968782868236,127,50431,397.09448818897636
4.735047353897244,127,50495,397.59842519685037
4.735139037016779,127,50559,398.1023622047244
4.735225138720125,127,50623,398.6062992125984
4.73531702067703,127,50687,399.1102362204724
4.735402892809361,127,50751,399.61417322834643
4.735483844764531,127,50815,400.11811023622045
4.735568036790937,127,50879,400.62204724409446
4.735649298876524,127,50943,401.12598425196853
4.735736400820315,127,51007,401.62992125984255
4.735822802875191,127,51071,402.13385826771656
4.7359029850922525,127,51135,402.6377952755906
4.7359841470606625,127,51199,403.1417322834646
4.73605928895995,127,51263,403.6456692913386
4.736941339913756,127,51327,404.1496062992126
4.737042252905667,127,51391,404.65354330708664
4.737135214731097,127,51455,405.15748031496065
4.737224067095667,127,51519,405.66141732283467
4.737313048914075,127,51583,406.1653543307087
4.73739975085482,127,51647,406.6692913385827
4.737482592929155,127,51711,407.1732283464567
4.737569734919816,127,51775,407.6771653543307
4.737652217037976,127,51839,408.18110236220474
4.737735819071531,127,51903,408.68503937007875
4.7378174918703735,127,51967,409.18897637795277
4.737901062704623,127,52031,409.6929133858268
4.737986505031586,127,52095,410.1968503937008
4.73807214666158,127,52159,410.7007874015748
4.7381679699756205,127,52223,411.20472440944883
4.738255411852151,127,52287,411.70866141732284
4.7383377039805055,127,52351,412.21259842519686
4.738421655725688,127,52415,412.7165354330709
4.738500057719648,127,52479,413.2204724409449
4.738579819910228,127,52543,413.7244094488189
4.7386660519987345,127,52607,414.2283464566929
4.738746523857117,127,52671,414.73228346456693
4.740001953672618,127,52735,415.23622047244095
4.740102055948228,127,52799,415.74015748031496
4.74020151887089,127,52863,416.244094488189
4.740286770742387,127,52927,416.748031496063
4.740368332713842,127,52991,417.251968503937
4.740457764826715,127,53055,417.755905511811
4.74054064694792,127,53119,418.25984251968504
4.740632269065827,127,53183,418.76377952755905
4.7407200508750975,127,53247,419.26771653543307
4.7408070638775826,127,53311,419.7716535433071
4.7408962259069085,127,53375,420.2755905511811
4.74097801791504,127,53439,420.7795275590551
4.741063439752907,127,53503,421.2834645669291
4.741157141979784,127,53567,421.78740157480314
4.7412385838106275,127,53631,422.29133858267716
4.741317555774003,127,53695,422.79527559055117
4.741393228061497,127,53699,422.8267716535433
4.741393228061497,127,53699,422.8267716535433
4.741533481050283,126,53310,423.0952380952381
4.741629923693836,126,53374,423.6031746031746
4.741715216077864,126,53438,424.1111111111111
4.741799507755786,126,53502,424.6190476190476
4.741882779635489,126,53566,425.12698412698415
4.741961740888655,126,53630,425.63492063492066
4.742038213647902,126,53694,426.14285714285717
4.7421338660642505,126,53758,426.6507936507937
4.742218778003007,126,53822,427.1587301587302
4.742298449855298,126,53886,427.6666666666667
4.742386211641133,126,53950,428.1746031746032
4.742464853916317,126,54014,428.6825396825397
4.742561335675418,126,54078,429.1904761904762
4.742653527762741,126,54142,429.6984126984127
4.742730590049177,126,54206,430.2063492063492
4.742811591830105,126,54270,430.7142857142857
4.742889073677361,126,54334,431.22222222222223
4.742970936000347,126,54398,431.73015873015873
4.743974389974028,126,54462,432.23809523809524
4.744070282671601,126,54526,432.74603174603175
4.744174494873732,126,54590,433.25396825396825
4.7442612666636705,126,54654,433.76190476190476
4.744353878777474,126,54718,434.26984126984127
4.744442692026496,126,54782,434.77777777777777
4.74452621396631,126,54846,435.2857142857143
4.7446092260070145,126,54910,435.7936507936508
4.744683997705579,126,54974,436.3015873015873
4.744757788721472,126,55038,436.8095238095238
4.744834330864251,126,55102,437.3174603174603
4.744916453026235,126,55166,437.8253968253968
4.744999454822391,126,55230,438.3333333333333
4.7450813869945705,126,55294,438.8412698412698
4.745171468704939,126,55358,439.3492063492063
4.745251590851694,126,55422,439.85714285714283
4.745328942779452,126,55486,440.36507936507934
4.745412204880267,126,55550,440.87301587301585
4.7454986670054495,126,55614,441.3809523809524
4.745577518828213,126,55678,441.8888888888889
4.7456609210930765,126,55742,442.3968253968254
4.745745172724128,126,55806,442.9047619047619
4.74582233466208,126,55870,443.41269841269843
4.745901097077876,126,55934,443.92063492063494
4.745981998741627,126,55998,444.42857142857144
4.7460634908638895,126,56062,444.93650793650795
4.74615225289017,126,56126,445.44444444444446
4.746232044883072,126,56190,445.95238095238096
4.746284655760974,126,56254,446.46031746031747
4.92267258092761,126,56279,446.6587301587302
4.92267258092761,126,56279,446.6587301587302
5.290235478896648,125,55869,446.952
5.290620907675475,125,55933,447.464
5.290725410915911,125,55997,447.976
5.290829912759364,125,56061,448.488
5.2909263856709,125,56125,449.0
5.291013848036528,125,56189,449.512
5.291106170043349,125,56253,450.024
5.291551420930773,125,56317,450.536
5.2916548126377165,125,56381,451.048
5.291751165874302,125,56445,451.56
5.291845947969705,125,56509,452.072
5.2919330899603665,125,56573,452.584
5.292023252695799,125,56637,453.096
5.292110454756767,125,56701,453.608
5.292210816871375,125,56765,454.12
5.2922962489537895,125,56829,454.632
5.292906693648547,125,56893,455.144
5.293013696093112,125,56957,455.656
5.293107398785651,125,57021,456.168
5.293216610793024,125,57085,456.68
5.29330472368747,125,57149,457.192
5.293392874766141,125,57213,457.704
5.2934881476685405,125,57277,458.216
5.2935761897824705,125,57341,458.728
5.293661141768098,125,57405,459.24
5.293744263704866,125,57469,459.752
5.29382668575272,125,57533,460.264
5.293916177935898,125,57597,460.776
5.294002269860357,125,57661,461.288
5.294086602050811,125,57725,461.8
5.294180073775351,125,57789,462.312
5.29426633566618,125,57853,462.824
5.294922962784767,125,57917,463.336
5.295025405008346,125,57981,463.848
5.295123356860131,125,58045,464.36
5.295213178731501,125,58109,464.872
5.295297461096197,125,58173,465.384
5.295382242649794,125,58237,465.896
5.295462484937161,125,58301,466.408
5.295545946806669,125,58365,466.92
5.295631669927388,125,58429,467.432
5.295711261685938,125,58493,467.944
5.295802373904735,125,58557,468.456
5.295885025989264,125,58621,468.968
5.295966347679496,125,58685,469.48
5.29604549985379,125,58749,469.992
5.296142992097884,125,58813,470.504
5.296235873829573,125,58877,471.016
5.29734816076234,125,58941,471.528
5.297448843717575,125,59005,472.04
5.297547845635563,125,59069,472.552
5.297634577844292,125,59133,473.064
5.297720899805427,125,59197,473.576
5.297807882074267,125,59261,474.088
5.297897443640977,125,59325,474.6
5.297984196804464,125,59389,475.112
5.298071898985654,125,59453,475.624
5.298171560745686,125,59517,476.136
5.298255862668157,125,59581,476.648
5.298338104970753,125,59645,477.16
5.298420906998217,125,59709,477.672
5.2985087390989065,125,59773,478.184
5.298598380759358,125,59837,478.696
5.298711923882365,125,59901,479.208
5.298808696679771,125,59965,479.72
5.2988966489210725,125,60029,480.232
5.2990175019949675,125,60093,480.744
5.2991279740817845,125,60157,481.256
5.2992165558971465,125,60221,481.768
5.29930106876418,125,60285,482.28
5.299391519743949,125,60349,482.792
5.299475823063403,125,60413,483.304
5.299566394649446,125,60477,483.816
5.299655897077173,125,60541,484.328
5.2997417487204075,125,60605,484.84
5.299827100709081,125,60669,485.352
5.299909872934222,125,60733,485.864
5.2999964049085975,125,60797,486.376
5.3000796767883,125,60861,486.888
5.300175349693745,125,60925,487.4
5.301628113724291,125,60989,487.912
5.301743017043918,125,61053,488.424
5.301835939753801,125,61117,488.936
5.301921762060374,125,61181,489.448
5.302007403690368,125,61245,489.96
5.302095836028457,125,61309,490.472
5.302194317802787,125,61373,490.984
5.302280330099165,125,61437,491.496
5.3023623917251825,125,61501,492.008
5.30244484404102,125,61565,492.52
5.302532686851919,125,61629,493.032
5.3026136490516365,125,61693,493.544
5.30269180983305,125,61757,494.056
5.302775161806494,125,61821,494.568
5.302853404078633,125,61885,495.08
5.302932235877961,125,61949,495.592
5.303014087956399,125,62013,496.104
5.303097099997103,125,62077,496.616
5.3031865120865405,125,62141,497.128
5.30327837402001,125,62205,497.64
5.303362756036222,125,62269,498.152
5.303450368810445,125,62333,498.664
5.303531670942903,125,62397,499.176
5.303613742813468,125,62461,499.688
5.303693194873631,125,62525,500.2
5.303779566660523,125,62589,500.712
5.3038587076589465,125,62653,501.224
5.3039411297068,125,62717,501.736
5.304027312900871,125,62781,502.248
5.304109455086291,125,62845,502.76
5.304209956899285,125,62909,503.272
5.3042961386963725,125,62973,503.784
5.304377700667828,125,63037,504.296
5.304454803001136,125,63101,504.808
5.304531064815819,125,63165,505.32
5.30461948690936,125,63229,505.832
5.304708539042622,125,63293,506.344
5.304786630906165,125,63357,506.856
5.304870293010026,125,63421,507.368
5.3049571346491575,125,63485,507.88
5.305034946650267,125,63549,508.392
5.305129248648882,125,63613,508.904
5.305211980827153,125,63677,509.416
5.305291193071753,125,63741,509.928
5.30558178992942,125,63805,510.44
5.390193826984614,125,63818,510.544
5.390193826984614,125,63818,510.544
5.7525664190761745,124,63345,510.8467741935484
5.7525664190761745,124,63345,510.8467741935484
5.8660210929811,123,62843,510.9186991869919
5.86665517790243,123,62907,511.4390243902439
5.866780170705169,123,62971,511.9593495934959
5.866896333638579,123,63035,512.479674796748
5.867009196896106,123,63099,513.0
5.867105528712273,123,63163,513.520325203252
5.867214702069759,123,63227,514.040650406504
5.867326545063406,123,63291,514.560975609756
5.867423956748098,123,63355,515.0813008130082
5.867528828792274,123,63419,515.6016260162602
5.867630451917648,123,63483,516.1219512195122
5.867723254021257,123,63547,516.6422764227642
5.868061211891472,123,63611,517.1626016260162
5.868191274814308,123,63675,517.6829268292682
5.868288647849113,123,63739,518.2032520325204
5.868383890017867,123,63803,518.7235772357724
5.869079906959087,123,63867,519.2439024390244
5.8692078199237585,123,63931,519.7642276422764
5.869309901725501,123,63995,520.2845528455284
5.869409854989499,123,64059,520.8048780487804
5.869503146968782,123,64123,521.3252032520326
5.869594939053059,123,64187,521.8455284552846
5.869698941707611,123,64251,522.3658536585366
5.869791984092444,123,64315,522.8861788617886
5.869881455786526,123,64379,523.4065040650406
5.869970228988677,123,64443,523.9268292682926
5.870057690888643,123,64507,524.4471544715448
5.870163312647492,123,64571,524.9674796747968
5.8702558246441185,123,64635,525.4878048780488
5.870343586895615,123,64699,526.0081300813008
5.870435159653425,123,64763,526.5284552845528
5.8705266220495105,123,64827,527.0487804878048
5.870626583695412,123,64891,527.569105691057
5.871331640984863,123,64955,528.089430894309
5.871439553797245,123,65019,528.609756097561
5.871533955913037,123,65083,529.130081300813
5.871625618077815,123,65147,529.650406504065
5.871723610907793,123,65211,530.170731707317
5.871815832797438,123,65275,530.6910569105692
5.871910165064037,123,65339,531.2113821138212
5.87202036799863,123,65403,531.7317073170732
5.872142010834068,123,65467,532.2520325203252
5.87224886380136,123,65531,532.7723577235772
5.872343996074051,123,65595,533.2926829268292
5.872434318065643,123,65659,533.8130081300814
5.872521999757737,123,65723,534.3333333333334
5.872617452871054,123,65787,534.8536585365854
5.872712085023522,123,65851,535.3739837398374
5.873895942699164,123,65915,535.8943089430894
5.874002235941589,123,65979,536.4146341463414
5.874106267932802,123,66043,536.9349593495934
5.87421484105289,123,66107,537.4552845528456
5.874326114077121,123,66171,537.9756097560976
5.874425835907459,123,66235,538.4959349593496
5.874521207995713,123,66299,539.0162601626016
5.874620751012117,123,66363,539.5365853658536
5.874714503064752,123,66427,540.0569105691056
5.874810774810612,123,66491,540.5772357723578
5.8749028677120805,123,66555,541.0975609756098
5.8749990300275385,123,66619,541.6178861788618
5.875087341759354,123,66683,542.1382113821138
5.875193505082279,123,66747,542.6585365853658
5.875290236901492,123,66811,543.1788617886178
5.875378638971597,123,66875,543.69918699187
5.875470722094178,123,66939,544.219512195122
5.875563053879887,123,67003,544.739837398374
5.875650566071272,123,67067,545.260162601626
5.87574366806075,123,67131,545.780487804878
5.875832929741591,123,67195,546.30081300813
5.875928753055632,123,67259,546.8211382113822
5.876019574701786,123,67323,547.3414634146342
5.876126376911998,123,67387,547.8617886178862
5.876227119937539,123,67451,548.3821138211382
5.876317721791565,123,67515,548.9024390243902
5.876405813731253,123,67579,549.4227642276422
5.876500665675849,123,67643,549.9430894308944
5.8765930980443954,123,67707,550.4634146341464
5.876688491087407,123,67771,550.9837398373984
5.876778782811016,123,67835,551.5040650406504
5.876865754835308,123,67899,552.0243902439024
5.87838069209829,123,67963,552.5447154471544
5.878500174731016,123,68027,553.0650406504066
5.878595166839659,123,68091,553.5853658536586
5.878687059041113,123,68155,554.1056910569106
5.878780310973525,123,68219,554.6260162601626
5.87886685365811,123,68283,555.1463414634146
5.878951545804739,123,68347,555.6666666666666
5.879037827719003,123,68411,556.1869918699186
5.879152019973844,123,68475,556.7073170731708
5.879251132719219,123,68539,557.2276422764228
5.879346504807472,123,68603,557.7479674796748
5.879434536676854,123,68667,558.2682926829268
5.879522759933025,123,68731,558.7886178861788
5.879607281647623,123,68795,559.3089430894308
5.879691023845226,123,68859,559.829268292683
5.879776156041771,123,68923,560.349593495935
5.879862617701292,123,68987,560.869918699187
5.879949640017003,123,69051,561.390243902439
5.880038442090154,123,69115,561.910569105691
5.880139994900674,123,69179,562.430894308943
5.880233726929873,123,69243,562.9512195121952
5.880324779078364,123,69307,563.4715447154472
5.880420790985227,123,69371,563.9918699186992
5.880509052891284,123,69435,564.5121951219512
5.880597014911473,123,69499,565.0325203252032
5.880691767670214,123,69563,565.5528455284552
5.8807775396853685,123,69627,566.0731707317074
5.88086621183902,123,69691,566.5934959349594
5.88095896365121,123,69755,567.1138211382114
5.8810470858588815,123,69819,567.6341463414634
5.881152198649943,123,69883,568.1544715447154
5.881245740689337,123,69947,568.6747967479674
5.881334722973406,123,70011,569.1951219512196
5.881423305720091,123,70075,569.7154471544716
5.8815095368772745,123,70139,570.2357723577236
5.881603419780731,123,70203,570.7560975609756
5.8817034419626,123,70267,571.2764227642276
5.881796875037253,123,70331,571.7967479674796
5.881889876909554,123,70395,572.3170731707318
5.881980228703469,123,70459,572.8373983739838
5.882072370965034,123,70523,573.3577235772358
5.882170783821493,123,70587,573.8780487804878
5.882238544989377,123,70651,574.3983739837398
6.337609936948866,123,70704,574.829268292683
6.337609936948866,123,70704,574.829268292683
6.450651920866221,122,70138,574.9016393442623
6.4510728707537055,122,70202,575.4262295081967
6.451233095023781,122,70266,575.9508196721312
6.451355237979442,122,70330,576.4754098360655
6.451473861001432,122,70394,577.0
6.451580103021115,122,70458,577.5245901639345
6.451683076098561,122,70522,578.0491803278688
6.452171867713332,122,70586,578.5737704918033
6.452290530782193,122,70650,579.0983606557377
6.452400062698871,122,70714,579.6229508196722
6.452506945934147,122,70778,580.1475409836065
6.452609367668629,122,70842,580.672131147541
6.45271232072264,122,70906,581.1967213114754
6.452810172922909,122,70970,581.7213114754098
6.452905415091664,122,71034,582.2459016393443
6.45300158765167,122,71098,582.7704918032787
6.4536833837628365,122,71162,583.2950819672132
6.453804766759276,122,71226,583.8196721311475
6.453909409698099,122,71290,584.344262295082
6.45401511201635,122,71354,584.8688524590164
6.454109305050224,122,71418,585.3934426229508
6.45421816688031,122,71482,585.9180327868852
6.454324949998409,122,71546,586.4426229508197
6.454426511656493,122,71610,586.9672131147541
6.454527454916388,122,71674,587.4918032786885
6.454623586963862,122,71738,588.016393442623
6.454716588836163,122,71802,588.5409836065573
6.454817831981927,122,71866,589.0655737704918
6.454912983812392,122,71930,589.5901639344262
6.455007086042315,122,71994,590.1147540983607
6.455098938662559,122,72058,590.639344262295
6.455206620972604,122,72122,591.1639344262295
6.455927578732371,122,72186,591.688524590164
6.456046290695667,122,72250,592.2131147540983
6.456167133990675,122,72314,592.7377049180328
6.45626993663609,122,72378,593.2622950819672
6.4563668188638985,122,72442,593.7868852459017
6.456466621719301,122,72506,594.311475409836
6.456559473648667,122,72570,594.8360655737705
6.45665578590706,122,72634,595.360655737705
6.456754799000919,122,72698,595.8852459016393
6.456844010856003,122,72762,596.4098360655738
6.456948022823781,122,72826,596.9344262295082
6.457041174639016,122,72890,597.4590163934427
6.457145137712359,122,72954,597.983606557377
6.457240029703826,122,73018,598.5081967213115
6.457341322675347,122,73082,599.0327868852459
6.457444665022194,122,73146,599.5573770491803
6.458655193913728,122,73210,600.0819672131148
6.45877274684608,122,73274,600.6065573770492
6.458872410003096,122,73338,601.1311475409836
6.458967541810125,122,73402,601.655737704918
6.459063644055277,122,73466,602.1803278688525
6.459172206930816,122,73530,602.7049180327868
6.4592786598950624,122,73594,603.2295081967213
6.459376702085137,122,73658,603.7540983606557
6.459475954063237,122,73722,604.2786885245902
6.45956877572462,122,73786,604.8032786885246
6.4596674386411905,122,73850,605.327868852459
6.459758901037276,122,73914,605.8524590163935
6.4598538829013705,122,73978,606.3770491803278
6.459953045938164,122,74042,606.9016393442623
6.46005201805383,122,74106,607.4262295081967
6.460152440704405,122,74170,607.9508196721312
6.460244882851839,122,74234,608.4754098360655
6.460340594872832,122,74298,609.0
6.460432427935302,122,74362,609.5245901639345
6.460529139731079,122,74426,610.0491803278688
6.460623011924326,122,74490,610.5737704918033
6.460721634794027,122,74554,611.0983606557377
6.460812276694924,122,74618,611.6229508196722
6.460913518909365,122,74682,612.1475409836065
6.461014861706644,122,74746,612.672131147541
6.4611093937419355,122,74810,613.1967213114754
6.461211335845292,122,74874,613.7213114754098
6.461307879071683,122,74938,614.2459016393443
6.461407091002911,122,75002,614.7704918032787
6.461502682883292,122,75066,615.2950819672132
6.461595745757222,122,75130,615.8196721311475
6.461688417941332,122,75194,616.344262295082
6.463132373057306,122,75258,616.8688524590164
6.463259906042367,122,75322,617.3934426229508
6.46336233895272,122,75386,617.9180327868852
6.463454250711948,122,75450,618.4426229508197
6.463548413012177,122,75514,618.9672131147541
6.463646744843572,122,75578,619.4918032786885
6.463740856852382,122,75642,620.016393442623
6.463844619691372,122,75706,620.5409836065573
6.46393738174811,122,75770,621.0655737704918
6.464033914729953,122,75834,621.5901639344262
6.464136837050319,122,75898,622.1147540983607
6.4642338887788355,122,75962,622.639344262295
6.46432668203488,122,76026,623.1639344262295
6.464416373986751,122,76090,623.688524590164
6.464504255913198,122,76154,624.2131147540983
6.464595387689769,122,76218,624.7377049180328
6.464688031002879,122,76282,625.2622950819672
6.464778582099825,122,76346,625.7868852459017
6.4648721450939775,122,76410,626.311475409836
6.46496318699792,122,76474,626.8360655737705
6.465053569059819,122,76538,627.360655737705
6.465153831988573,122,76602,627.8852459016393
6.465247653890401,122,76666,628.4098360655738
6.46535055572167,122,76730,628.9344262295082
6.465440629050136,122,76794,629.4590163934427
6.465539200697094,122,76858,629.983606557377
6.465626882854849,122,76922,630.5081967213115
6.4657212048769,122,76986,631.0327868852459
6.465819087810814,122,77050,631.5573770491803
6.465909959748387,122,77114,632.0819672131148
6.466008951887488,122,77178,632.6065573770492
6.466105044819415,122,77242,633.1311475409836
6.466206316836178,122,77306,633.655737704918
6.466305609792471,122,77370,634.1803278688525
6.466392431873828,122,77434,634.7049180327868
6.466493203770369,122,77498,635.2295081967213
6.4665920860134065,122,77562,635.7540983606557
6.46669026883319,122,77626,636.2786885245902
6.466785131022334,122,77690,636.8032786885246
6.466879223007709,122,77754,637.327868852459
6.466968995053321,122,77818,637.8524590163935
6.467032916843891,122,77882,638.3770491803278
6.71755076572299,122,77911,638.6147540983607
6.71755076572299,122,77911,638.6147540983607
6.914581000804901,121,77291,638.7685950413223
6.914581000804901,121,77291,638.7685950413223
7.02444601804018,120,76662,638.85
7.02444601804018,120,76662,638.85
7.055496247950941,119,76023,638.8487394957983
7.055708914063871,119,76087,639.3865546218487
7.055829906836152,119,76151,639.9243697478992
7.05616870475933,119,76215,640.4621848739496
7.056299417745322,119,76279,641.0
7.0564058208838105,119,76343,641.5378151260504
7.056511282920837,119,76407,642.0756302521008
7.056623436044902,119,76471,642.6134453781513
7.056728997733444,119,76535,643.1512605042017
7.056837290991098,119,76599,643.6890756302521
7.056947703938931,119,76663,644.2268907563025
7.057045975700021,119,76727,644.7647058823529
7.057166358921677,119,76791,645.3025210084033
7.057270830962807,119,76855,645.8403361344538
7.057371103670448,119,76919,646.3781512605042
7.057467655744404,119,76983,646.9159663865546
7.057806043885648,119,77047,647.453781512605
7.057926876936108,119,77111,647.9915966386554
7.058038949966431,119,77175,648.5294117647059
7.058149052783847,119,77239,649.0672268907563
7.0582494349218905,119,77303,649.6050420168067
7.058356697671115,119,77367,650.1428571428571
7.05846097972244,119,77431,650.6806722689075
7.058560423087329,119,77495,651.218487394958
7.05865817470476,119,77559,651.7563025210084
7.058753086719662,119,77623,652.2941176470588
7.058850090019405,119,77687,652.8319327731092
7.058956621680409,119,77751,653.3697478991596
7.059055424761027,119,77815,653.90756302521
7.059162707068026,119,77879,654.4453781512605
7.059263209812343,119,77943,654.9831932773109
7.0593651118688285,119,78007,655.5210084033613
7.059614867903292,119,78071,656.0588235294117
7.059732420835644,119,78135,656.5966386554621
7.059841223992407,119,78199,657.1344537815127
7.059942956082523,119,78263,657.6722689075631
7.060042537748814,119,78327,658.2100840336135
7.060632582753897,119,78391,658.7478991596639
7.060743914917111,119,78455,659.2857142857143
7.060848667751998,119,78519,659.8235294117648
7.060951570980251,119,78583,660.3613445378152
7.061052112840116,119,78647,660.8991596638656
7.061175215989351,119,78711,661.436974789916
7.061278898734599,119,78775,661.9747899159664
7.0613800110295415,119,78839,662.5126050420168
7.061477102804929,119,78903,663.0504201680673
7.061581165995449,119,78967,663.5882352941177
7.061683367937803,119,79031,664.1260504201681
7.061785490717739,119,79095,664.6638655462185
7.061894532758743,119,79159,665.2016806722689
7.061993925832212,119,79223,665.7394957983194
7.062090097926557,119,79287,666.2773109243698
7.062201230786741,119,79351,666.8151260504202
7.062301642727107,119,79415,667.3529411764706
7.062408885918558,119,79479,667.890756302521
7.062515217810869,119,79543,668.4285714285714
7.062614610884339,119,79607,668.9663865546219
7.062718702945858,119,79671,669.5042016806723
7.062813505064696,119,79735,670.0420168067227
7.06291342806071,119,79799,670.5798319327731
7.0630185808986425,119,79863,671.1176470588235
7.063137562945485,119,79927,671.655462184874
7.0632415460422635,119,79991,672.1932773109244
7.063337527681142,119,80055,672.7310924369748
7.063774978742003,119,80119,673.2689075630252
7.063885910902172,119,80183,673.8067226890756
7.063989903777838,119,80247,674.344537815126
7.064091715961695,119,80311,674.8823529411765
7.064204649068415,119,80375,675.4201680672269
7.064310731831938,119,80439,675.9579831932773
7.064408173784614,119,80503,676.4957983193277
7.064515667036176,119,80567,677.0336134453781
7.0646238387562335,119,80631,677.5714285714286
7.0647240919061005,119,80695,678.109243697479
7.064818813931197,119,80759,678.6470588235294
7.064924526959658,119,80823,679.1848739495798
7.0650305589661,119,80887,679.7226890756302
7.06514158193022,119,80951,680.2605042016806
7.065244433935732,119,81015,680.7983193277311
7.065350596792996,119,81079,681.3361344537815
7.066250239033252,119,81143,681.8739495798319
7.066373622044921,119,81207,682.4117647058823
7.066477593965828,119,81271,682.9495798319327
7.066572515759617,119,81335,683.4873949579832
7.066674668807536,119,81399,684.0252100840336
7.066772331018001,119,81463,684.563025210084
7.066882533952594,119,81527,685.1008403361344
7.066984496079385,119,81591,685.6386554621848
7.067087848670781,119,81655,686.1764705882352
7.067196371033788,119,81719,686.7142857142857
7.067293163854629,119,81783,687.2521008403361
7.06739805592224,119,81847,687.7899159663865
7.06749854888767,119,81911,688.3277310924369
7.067605200689286,119,81975,688.8655462184873
7.067700313869864,119,82039,689.4033613445379
7.06779414601624,119,82103,689.9411764705883
7.067890877835453,119,82167,690.4789915966387
7.067989710718393,119,82231,691.0168067226891
7.068086052779108,119,82295,691.5546218487395
7.068205205723643,119,82359,692.09243697479
7.068300437647849,119,82423,692.6302521008404
7.068401081021875,119,82487,693.1680672268908
7.0684975129552186,119,82551,693.7058823529412
7.068603024818003,119,82615,694.2436974789916
7.068696627859026,119,82679,694.781512605042
7.068800029810518,119,82743,695.3193277310925
7.06889525288716,119,82807,695.8571428571429
7.068990154657513,119,82871,696.3949579831933
7.069093436934054,119,82935,696.9327731092437
7.069323702715337,119,82999,697.4705882352941
7.069437795784324,119,83063,698.0084033613446
7.069540287833661,119,83127,698.546218487395
7.069634169805795,119,83191,699.0840336134454
7.069737312849611,119,83255,699.6218487394958
7.069831024855375,119,83319,700.1596638655462
7.069937638007104,119,83383,700.6974789915967
7.0700409999117255,119,83447,701.2352941176471
7.070152282714844,119,83511,701.7731092436975
7.070227164775133,119,83575,702.3109243697479
7.08013377385214,119,83579,702.344537815126
7.08013377385214,119,83579,702.344537815126
7.144160892814398,118,82881,702.3813559322034
7.144160892814398,118,82881,702.3813559322034
7.364341797772795,117,82200,702.5641025641025
7.364341797772795,117,82200,702.5641025641025
7.529805799946189,116,81513,702.698275862069
7.529805799946189,116,81513,702.698275862069
7.530063956044614,115,80808,702.6782608695652
7.530063956044614,115,80808,702.6782608695652
7.642442133743316,114,80114,702.7543859649123
7.642685639671981,114,80178,703.3157894736842
7.642812713049352,114,80242,703.8771929824561
7.642936485819519,114,80306,704.438596491228
7.643057099077851,114,80370,705.0
7.643358686007559,114,80434,705.561403508772
7.643482158891857,114,80498,706.1228070175439
7.643604102078825,114,80562,706.6842105263158
7.643715634942055,114,80626,707.2456140350877
7.643829236738384,114,80690,707.8070175438596
7.643941619899124,114,80754,708.3684210526316
7.64404582278803,114,80818,708.9298245614035
7.644166715908796,114,80882,709.4912280701755
7.644279117695987,114,80946,710.0526315789474
7.64439603080973,114,81010,710.6140350877193
7.644507193937898,114,81074,711.1754385964912
7.645100997760892,114,81138,711.7368421052631
7.645258311647922,114,81202,712.2982456140351
7.645371354650706,114,81266,712.859649122807
7.645498238038272,114,81330,713.421052631579
7.6456166808493435,114,81394,713.9824561403509
7.645736913662404,114,81458,714.5438596491229
7.645847545936704,114,81522,715.1052631578947
7.64595246873796,114,81586,715.6666666666666
7.6460579708218575,114,81650,716.2280701754386
7.646182173863053,114,81714,716.7894736842105
7.64630080666393,114,81778,717.3508771929825
7.646408380009234,114,81842,717.9122807017544
7.646543672773987,114,81906,718.4736842105264
7.646711656823754,114,81970,719.0350877192982
7.646868230774999,114,82034,719.5964912280701
7.646987403742969,114,82098,720.1578947368421
7.647094135638326,114,82162,720.719298245614
7.64723020978272,114,82226,721.280701754386
7.647346673067659,114,82290,721.8421052631579
7.647458754945546,114,82354,722.4035087719299
7.647570047993213,114,82418,722.9649122807018
7.647922835778445,114,82482,723.5263157894736
7.648035869002342,114,82546,724.0877192982456
7.648163591977209,114,82610,724.6491228070175
7.64827868482098,114,82674,725.2105263157895
7.648381487932056,114,82738,725.7719298245614
7.648484000004828,114,82802,726.3333333333334
7.648601622786373,114,82866,726.8947368421053
7.648706675041467,114,82930,727.4561403508771
7.6488110879436135,114,82994,728.0175438596491
7.64891359070316,114,83058,728.578947368421
7.649026442784816,114,83122,729.140350877193
7.64994253590703,114,83186,729.7017543859649
7.650081428699195,114,83250,730.2631578947369
7.650208941660821,114,83314,730.8245614035088
7.650319925043732,114,83378,731.3859649122807
7.650425736792386,114,83442,731.9473684210526
7.650529909878969,114,83506,732.5087719298245
7.65063306177035,114,83570,733.0701754385965
7.650744754821062,114,83634,733.6315789473684
7.65085377683863,114,83698,734.1929824561404
7.650958939921111,114,83762,734.7543859649123
7.651068151928484,114,83826,735.3157894736842
7.65118615468964,114,83890,735.8771929824561
7.651304407976568,114,83954,736.438596491228
7.651415990665555,114,84018,737.0
7.6515196938999,114,84082,737.561403508772
7.651619415730238,114,84146,738.1228070175439
7.651720338035375,114,84210,738.6842105263158
7.651827970985323,114,84274,739.2456140350877
7.651931883767247,114,84338,739.8070175438596
7.652038695756346,114,84402,740.3684210526316
7.652164228726178,114,84466,740.9298245614035
7.652281682007015,114,84530,741.4912280701755
7.652383303735405,114,84594,742.0526315789474
7.652487926650792,114,84658,742.6140350877193
7.65259130904451,114,84722,743.1754385964912
7.652702752035111,114,84786,743.7368421052631
7.652810834813863,114,84850,744.2982456140351
7.652918956708163,114,84914,744.859649122807
7.653026749845594,114,84978,745.421052631579
7.653139352798462,114,85042,745.9824561403509
7.653244734741747,114,85106,746.5438596491229
7.653349407948554,114,85170,747.1052631578947
7.654207128100097,114,85234,747.6666666666666
7.654326661024243,114,85298,748.2280701754386
7.654431963805109,114,85362,748.7894736842105
7.6545397960580885,114,85426,749.3508771929825
7.654642258770764,114,85490,749.9122807017544
7.654747691936791,114,85554,750.4736842105264
7.654850723687559,114,85618,751.0350877192982
7.654961146879941,114,85682,751.5964912280701
7.655062498990446,114,85746,752.1578947368421
7.655173741746694,114,85810,752.719298245614
7.655286494642496,114,85874,753.280701754386
7.655389586929232,114,85938,753.8421052631579
7.655498499982059,114,86002,754.4035087719299
7.655595271848142,114,86066,754.9649122807018
7.6557014947757125,114,86130,755.5263157894736
7.655803676694632,114,86194,756.0877192982456
7.65590451983735,114,86258,756.6491228070175
7.656010752078146,114,86322,757.2105263157895
7.656111394055188,114,86386,757.7719298245614
7.6562234768643975,114,86450,758.3333333333334
7.656322089955211,114,86514,758.8947368421053
7.656433192081749,114,86578,759.4561403508771
7.6565302847884595,114,86642,760.0175438596491
7.656637167092413,114,86706,760.578947368421
7.656736399978399,114,86770,761.140350877193
7.656838461756706,114,86834,761.7017543859649
7.656946894712746,114,86898,762.2631578947369
7.657046006992459,114,86962,762.8245614035088
7.657159700058401,114,87026,763.3859649122807
7.657270632684231,114,87090,763.9473684210526
7.6573690650984645,114,87154,764.5087719298245
7.657475066836923,114,87218,765.0701754385965
7.657582310028374,114,87282,765.6315789473684
7.657890937756747,114,87346,766.1929824561404
7.658081061672419,114,87349,766.219298245614
7.658081061672419,114,87349,766.219298245614
7.676466466858983,113,86582,766.212389380531
7.676466466858983,113,86582,766.212389380531
7.713253176771104,112,85817,766.2232142857143
7.713253176771104,112,85817,766.2232142857143
7.79588197497651,111,85057,766.2792792792793
7.79588197497651,111,85057,766.2792792792793
7.814304220024496,110,84290,766.2727272727273
7.814304220024496,110,84290,766.2727272727273
8.312877248972654,109,83565,766.651376146789
8.313253327738494,109,83629,767.2385321100918
8.313398841768503,109,83693,767.8256880733945
8.313532854896039,109,83757,768.4128440366973
8.313671727664769,109,83821,769.0
8.313798571005464,109,83885,769.5871559633027
8.313910513650626,109,83949,770.1743119266055
8.314036666881293,109,84013,770.7614678899082
8.314320194069296,109,84077,771.348623853211
8.314449926838279,109,84141,771.9357798165138
8.3145737699233,109,84205,772.5229357798165
8.314687673002481,109,84269,773.1100917431193
8.314801635686308,109,84333,773.697247706422
8.314913847949356,109,84397,774.2844036697247
8.315035270992666,109,84461,774.8715596330276
8.315155883785337,109,84525,775.4587155963303
8.315579683985561,109,84589,776.045871559633
8.315725357737392,109,84653,776.6330275229358
8.315847270656377,109,84717,777.2201834862385
8.315960614010692,109,84781,777.8073394495412
8.31607222603634,109,84845,778.394495412844
8.316213209647685,109,84909,778.9816513761468
8.316332292743027,109,84973,779.5688073394496
8.316445194650441,109,85037,780.1559633027523
8.316555418074131,109,85101,780.743119266055
8.31666355067864,109,85165,781.3302752293578
8.316779233049601,109,85229,781.9174311926605
8.316898745950311,109,85293,782.5045871559633
8.317013889085501,109,85357,783.0917431192661
8.317161303013563,109,85421,783.6788990825688
8.317285655997694,109,85485,784.2660550458716
8.317408688832074,109,85549,784.8532110091743
8.317811409011483,109,85613,785.440366972477
8.31794685171917,109,85677,786.0275229357799
8.318069304805249,109,85741,786.6146788990826
8.318208717741072,109,85805,787.2018348623853
8.3183339308016,109,85869,787.7889908256881
8.318453213665634,109,85933,788.3761467889908
8.318562997039407,109,85997,788.9633027522935
8.318683989811689,109,86061,789.5504587155963
8.318797221872956,109,86125,790.1376146788991
8.318905234802514,109,86189,790.7247706422019
8.319010006729513,109,86253,791.3119266055046
8.319147180765867,109,86317,791.8990825688073
8.31925946380943,109,86381,792.4862385321101
8.319370975717902,109,86445,793.0733944954128
8.319478618912399,109,86509,793.6605504587156
8.319597161840647,109,86573,794.2477064220184
8.320500562898815,109,86637,794.8348623853211
8.320628105662763,109,86701,795.4220183486239
8.320764919742942,109,86765,796.0091743119266
8.320878603029996,109,86829,796.5963302752293
8.32098959479481,109,86893,797.183486238532
8.321098727639765,109,86957,797.7706422018349
8.321221750695258,109,87021,798.3577981651376
8.321343454066664,109,87085,798.9449541284404
8.321456165984273,109,87149,799.5321100917431
8.321573688648641,109,87213,800.1192660550458
8.321687541902065,109,87277,800.7064220183486
8.32180533464998,109,87341,801.2935779816514
8.32192323775962,109,87405,801.8807339449542
8.322036390658468,109,87469,802.4678899082569
8.32216400373727,109,87533,803.0550458715596
8.322270256001502,109,87597,803.6422018348624
8.322380588855594,109,87661,804.2293577981651
8.322492921724916,109,87725,804.816513761468
8.322604233864695,109,87789,805.4036697247707
8.322707246989012,109,87853,805.9908256880734
8.322823659982532,109,87917,806.5779816513761
8.32292818184942,109,87981,807.1651376146789
8.323037954978645,109,88045,807.7522935779816
8.323155497666448,109,88109,808.3394495412844
8.323276640847325,109,88173,808.9266055045872
8.323393323924392,109,88237,809.5137614678899
8.323503675870597,109,88301,810.1009174311927
8.323623199015856,109,88365,810.6880733944954
8.323729312047362,109,88429,811.2752293577981
8.323835943825543,109,88493,811.8623853211009
8.323945397045463,109,88557,812.4495412844037
8.324050588998944,109,88621,813.0366972477065
8.324806687887758,109,88685,813.6238532110092
8.324940060731024,109,88749,814.2110091743119
8.32505513401702,109,88813,814.7981651376147
8.325179596897215,109,88877,815.3853211009174
8.32529461896047,109,88941,815.9724770642201
8.325405141804367,109,89005,816.559633027523
8.325510825030506,109,89069,817.1467889908257
8.32562713790685,109,89133,817.7339449541284
8.325735569931567,109,89197,818.3211009174312
8.32584199309349,109,89261,818.9082568807339
8.325955735053867,109,89325,819.4954128440367
8.326060997787863,109,89389,820.0825688073395
8.326184720732272,109,89453,820.6697247706422
8.326304974034429,109,89517,821.256880733945
8.326420546974987,109,89581,821.8440366972477
8.326527498662472,109,89645,822.4311926605504
8.326636171899736,109,89709,823.0183486238532
8.326744773890823,109,89773,823.605504587156
8.326848326716572,109,89837,824.1926605504588
8.326965529937297,109,89901,824.7798165137615
8.327071012929082,109,89965,825.3669724770642
8.327216075733304,109,90029,825.954128440367
8.327335288748145,109,90093,826.5412844036697
8.327449061907828,109,90157,827.1284403669724
8.327568813692778,109,90221,827.7155963302753
8.327686736825854,109,90285,828.302752293578
8.327794859651476,109,90349,828.8899082568807
8.327902792952955,109,90413,829.4770642201835
8.327985583804548,109,90477,830.0642201834862
8.663057928904891,109,90516,830.4220183486239
8.663057928904891,109,90516,830.4220183486239
8.875559078995138,108,89706,830.6111111111111
8.875559078995138,108,89706,830.6111111111111
8.905388670042157,107,88875,830.607476635514
8.905578754842281,107,88939,831.2056074766355
8.905702678021044,107,89003,831.803738317757
8.906009724829346,107,89067,832.4018691588785
8.90618596971035,107,89131,833.0
8.906319442670792,107,89195,833.5981308411215
8.906439315993339,107,89259,834.196261682243
8.90656586876139,107,89323,834.7943925233645
8.90668564196676,107,89387,835.392523364486
8.906810724642128,107,89451,835.9906542056075
8.906934618018568,107,89515,836.588785046729
8.907048540655524,107,89579,837.1869158878504
8.907172253821045,107,89643,837.7850467289719
8.907289036083966,107,89707,838.3831775700935
8.907413589768112,107,89771,838.981308411215
8.907604293897748,107,89835,839.5794392523364
8.908019953873008,107,89899,840.1775700934579
8.908166348002851,107,89963,840.7757009345794
8.908287391066551,107,90027,841.373831775701
8.908402212895453,107,90091,841.9719626168225
8.908517356030643,107,90155,842.5700934579439
8.908644218929112,107,90219,843.1682242990654
8.908765191677958,107,90283,843.7663551401869
8.908880365081131,107,90347,844.3644859813085
8.908991237636656,107,90411,844.9626168224299
8.909102259669453,107,90475,845.5607476635514
8.90922599285841,107,90539,846.1588785046729
8.909351375885308,107,90603,846.7570093457944
8.909464248921722,107,90667,847.3551401869158
8.909583171829581,107,90731,847.9532710280374
8.909696035087109,107,90795,848.5514018691589
8.909816937986761,107,90859,849.1495327102804
8.910203646868467,107,90923,849.7476635514018
8.9103402197361,107,90987,850.3457943925233
8.91045413305983,107,91051,850.9439252336449
8.91057860571891,107,91115,851.5420560747664
8.910700499080122,107,91179,852.1401869158879
8.910848701838404,107,91243,852.7383177570093
8.910966395866126,107,91307,853.3364485981308
8.91109330765903,107,91371,853.9345794392524
8.911226051859558,107,91435,854.5327102803739
8.911338524892926,107,91499,855.1308411214953
8.911444356665015,107,91563,855.7289719626168
8.911571660079062,107,91627,856.3271028037383
8.91168774291873,107,91691,856.9252336448598
8.911803995724767,107,91755,857.5233644859813
8.911917507648468,107,91819,858.1214953271028
8.91203625081107,107,91883,858.7196261682243
8.912932123057544,107,91947,859.3177570093458
8.913060545921326,107,92011,859.9158878504672
8.913200829643756,107,92075,860.5140186915888
8.913316661957651,107,92139,861.1121495327103
8.913433515001088,107,92203,861.7102803738318
8.913548808079213,107,92267,862.3084112149533
8.91366498079151,107,92331,862.9065420560747
8.913788544014096,107,92395,863.5046728971963
8.913902415893972,107,92459,864.1028037383178
8.91401985893026,107,92523,864.7009345794393
8.914148452691734,107,92587,865.2990654205607
8.914270124863833,107,92651,865.8971962616822
8.91439109807834,107,92715,866.4953271028037
8.914510760921985,107,92779,867.0934579439253
8.914624963887036,107,92843,867.6915887850467
8.914737747050822,107,92907,868.2897196261682
8.91484864987433,107,92971,868.8878504672897
8.914960822090507,107,93035,869.4859813084112
8.915067304857075,107,93099,870.0841121495328
8.915188437793404,107,93163,870.6822429906542
8.915310950018466,107,93227,871.2803738317757
8.915423432830721,107,93291,871.8785046728972
8.915533745661378,107,93355,872.4766355140187
8.915655748918653,107,93419,873.0747663551402
8.915778171736747,107,93483,873.6728971962617
8.915889963973314,107,93547,874.2710280373832
8.915999026969075,107,93611,874.8691588785047
8.916109739802778,107,93675,875.4672897196261
8.916229513008147,107,93739,876.0654205607476
8.91634174482897,107,93803,876.6635514018692
8.91644919803366,107,93867,877.2616822429907
8.916558111086488,107,93931,877.8598130841121
8.917289067991078,107,93995,878.4579439252336
8.917425502091646,107,94059,879.0560747663551
8.917545843869448,107,94123,879.6542056074767
8.91766025684774,107,94187,880.2523364485982
8.917774199973792,107,94251,880.8504672897196
8.917882652953267,107,94315,881.4485981308411
8.917994254734367,107,94379,882.0467289719626
8.918113667983562,107,94443,882.6448598130842
8.918235430959612,107,94507,883.2429906542056
8.91835478367284,107,94571,883.8411214953271
8.918463076930493,107,94635,884.4392523364486
8.91858076909557,107,94699,885.0373831775701
8.918704682961106,107,94763,885.6355140186915
8.918820774648339,107,94827,886.2336448598131
8.91893845796585,107,94891,886.8317757009346
8.919054870959371,107,94955,887.4299065420561
8.919176073744893,107,95019,888.0280373831775
8.91928999684751,107,95083,888.626168224299
8.919396688695997,107,95147,889.2242990654206
8.919515762012452,107,95211,889.8224299065421
8.91962322499603,107,95275,890.4205607476636
8.919743937905878,107,95339,891.018691588785
8.91985196992755,107,95403,891.6168224299065
8.919971462804824,107,95467,892.2149532710281
8.920088726095855,107,95531,892.8130841121496
8.92021054867655,107,95595,893.411214953271
8.920297600794584,107,95659,894.0093457943925
9.02369193173945,107,95673,894.1401869158879
9.02369193173945,107,95673,894.1401869158879
9.079055140726268,106,94782,894.1698113207547
9.079055140726268,106,94782,894.1698113207547
9.580849738791585,105,93929,894.5619047619048
9.581082813907415,105,93993,895.1714285714286
9.581266269087791,105,94057,895.7809523809524
9.581407941877842,105,94121,896.3904761904762
9.581775500904769,105,94185,897.0
9.581922684796154,105,94249,897.6095238095238
9.582047587726265,105,94313,898.2190476190476
9.582193420734257,105,94377,898.8285714285714
9.582322763744742,105,94441,899.4380952380952
9.582461177837104,105,94505,900.047619047619
9.582593140657991,105,94569,900.6571428571428
9.582712634000927,105,94633,901.2666666666667
9.582835366949439,105,94697,901.8761904761905
9.58295542979613,105,94761,902.4857142857143
9.58308772277087,105,94825,903.0952380952381
9.58324966672808,105,94889,903.7047619047619
9.584175408817828,105,94953,904.3142857142857
9.584324913099408,105,95017,904.9238095238095
9.584455245640129,105,95081,905.5333333333333
9.584570578765124,105,95145,906.1428571428571
9.584689331706613,105,95209,906.7523809523809
9.584820294752717,105,95273,907.3619047619047
9.584944137837738,105,95337,907.9714285714285
9.58506454108283,105,95401,908.5809523809523
9.585192393977195,105,95465,909.1904761904761
9.5853153266944,105,95529,909.8
9.585433299653232,105,95593,910.4095238095238
9.585562312975526,105,95657,911.0190476190476
9.585683526005596,105,95721,911.6285714285714
9.585811749100685,105,95785,912.2380952380952
9.585931611713022,105,95849,912.847619047619
9.58606001501903,105,95913,913.4571428571429
9.586188297718763,105,95977,914.0666666666667
9.586320250760764,105,96041,914.6761904761905
9.586438373662531,105,96105,915.2857142857143
9.586566106881946,105,96169,915.8952380952381
9.58669138001278,105,96233,916.504761904762
9.586814482696354,105,96297,917.1142857142858
9.586928095668554,105,96361,917.7238095238096
9.58705518906936,105,96425,918.3333333333334
9.58719890192151,105,96489,918.9428571428572
9.587317844852805,105,96553,919.552380952381
9.587461159098893,105,96617,920.1619047619048
9.587628362700343,105,96681,920.7714285714286
9.587754485663027,105,96745,921.3809523809524
9.587873908691108,105,96809,921.9904761904762
9.587990812025964,105,96873,922.6
9.588126444723457,105,96937,923.2095238095238
9.589928487781435,105,97001,923.8190476190476
9.59006744204089,105,97065,924.4285714285714
9.590221385937184,105,97129,925.0380952380953
9.590352838858962,105,97193,925.6476190476191
9.59047402208671,105,97257,926.2571428571429
9.590596874710172,105,97321,926.8666666666667
9.590726407710463,105,97385,927.4761904761905
9.590848590712994,105,97449,928.0857142857143
9.590973403770477,105,97513,928.6952380952381
9.591098437085748,105,97577,929.3047619047619
9.591238599736243,105,97641,929.9142857142857
9.591368472669274,105,97705,930.5238095238095
9.59148906590417,105,97769,931.1333333333333
9.59160403907299,105,97833,931.7428571428571
9.591723871883005,105,97897,932.3523809523809
9.591839795000851,105,97961,932.9619047619047
9.591966307722032,105,98025,933.5714285714286
9.592085270676762,105,98089,934.1809523809524
9.59221477387473,105,98153,934.7904761904762
9.592330486048013,105,98217,935.4
9.592446598690003,105,98281,936.0095238095238
9.592571902088821,105,98345,936.6190476190476
9.592688814736903,105,98409,937.2285714285714
9.592808078043163,105,98473,937.8380952380952
9.592935780994594,105,98537,938.447619047619
9.59306138381362,105,98601,939.0571428571428
9.593188586644828,105,98665,939.6666666666666
9.59330707974732,105,98729,940.2761904761904
9.59341899305582,105,98793,940.8857142857142
9.5935367657803,105,98857,941.495238095238
9.593650857917964,105,98921,942.1047619047619
9.593765330966562,105,98985,942.7142857142857
9.593893123790622,105,99049,943.3238095238095
9.594012537039816,105,99113,943.9333333333333
9.594140389934182,105,99177,944.5428571428571
9.594261632766575,105,99241,945.152380952381
9.59437615564093,105,99305,945.7619047619048
9.594493368640542,105,99369,946.3714285714286
9.594619021750987,105,99433,946.9809523809524
9.594732434954494,105,99497,947.5904761904762
9.594843816943467,105,99561,948.2
9.594968159683049,105,99625,948.8095238095239
9.595082762651145,105,99689,949.4190476190477
9.59520858572796,105,99753,950.0285714285715
9.59533569868654,105,99817,950.6380952380953
9.595450812019408,105,99881,951.2476190476191
9.595573015045375,105,99945,951.8571428571429
9.595696337986737,105,100009,952.4666666666667
9.595815940760076,105,100073,953.0761904761905
9.595933014061302,105,100137,953.6857142857143
9.59604540700093,105,100201,954.2952380952381
9.596181069966406,105,100265,954.9047619047619
9.596313732676208,105,100329,955.5142857142857
9.596440225839615,105,100393,956.1238095238095
9.596566538792104,105,100457,956.7333333333333
9.596684962045401,105,100521,957.3428571428572
9.596776893828064,105,100585,957.952380952381
9.736971214879304,105,100603,958.1238095238095
9.736971214879304,105,100603,958.1238095238095
10.080741020850837,104,99679,958.4519230769231
10.080741020850837,104,99679,958.4519230769231
10.099355730693787,103,98720,958.4466019417475
10.099355730693787,103,98720,958.4466019417475
10.178333771880716,102,97766,958.4901960784314
10.178550967015326,102,97830,959.1176470588235
10.17870028084144,102,97894,959.7450980392157
10.179033997934312,102,97958,960.3725490196078
10.179222092963755,102,98022,961.0
10.17935699597001,102,98086,961.6274509803922
10.179495739750564,102,98150,962.2549019607843
10.17962601268664,102,98214,962.8823529411765
10.179756975732744,102,98278,963.5098039215686
10.179893169086426,102,98342,964.1372549019608
10.180019221734256,102,98406,964.7647058823529
10.18015082506463,102,98470,965.3921568627451
10.180279849097133,102,98534,966.0196078431372
10.180405002087355,102,98598,966.6470588235294
10.180541275069118,102,98662,967.2745098039215
10.180665707681328,102,98726,967.9019607843137
10.181163779925555,102,98790,968.5294117647059
10.181325643789023,102,98854,969.156862745098
10.181454776786268,102,98918,969.7843137254902
10.181578639894724,102,98982,970.4117647058823
10.181701612658799,102,99046,971.0392156862745
10.181836425792426,102,99110,971.6666666666666
10.181964508723468,102,99174,972.2941176470588
10.182158243842423,102,99238,972.9215686274509
10.18232562765479,102,99302,973.5490196078431
10.182462211698294,102,99366,974.1764705882352
10.18260938487947,102,99430,974.8039215686274
10.182746259029955,102,99494,975.4313725490196
10.182874842081219,102,99558,976.0588235294117
10.183011224959046,102,99622,976.6862745098039
10.18314693775028,102,99686,977.3137254901961
10.183285831939429,102,99750,977.9411764705883
10.18341076374054,102,99814,978.5686274509804
10.183545287698507,102,99878,979.1960784313726
10.183670050930232,102,99942,979.8235294117648
10.183795033954084,102,100006,980.4509803921569
10.183927436824888,102,100070,981.0784313725491
10.184057780075818,102,100134,981.7058823529412
10.184200253803283,102,100198,982.3333333333334
10.184333256911486,102,100262,982.9607843137255
10.184459219686687,102,100326,983.5882352941177
10.18457923270762,102,100390,984.2156862745098
10.18469713581726,102,100454,984.843137254902
10.185077224858105,102,100518,985.4705882352941
10.185229538939893,102,100582,986.0980392156863
10.185356210917234,102,100646,986.7254901960785
10.185478765051812,102,100710,987.3529411764706
10.185610547661781,102,100774,987.9803921568628
10.186412367038429,102,100838,988.6078431372549
10.186561070848256,102,100902,989.2352941176471
10.18671319494024,102,100966,989.8627450980392
10.186841207090765,102,101030,990.4901960784314
10.18696432095021,102,101094,991.1176470588235
10.187100633978844,102,101158,991.7450980392157
10.187241086736321,102,101222,992.3725490196078
10.187384620774537,102,101286,993.0
10.18751512374729,102,101350,993.6274509803922
10.187645666766912,102,101414,994.2549019607843
10.187774299643934,102,101478,994.8823529411765
10.187905132770538,102,101542,995.5098039215686
10.188033785670996,102,101606,996.1372549019608
10.188164318911731,102,101670,996.7647058823529
10.188293032813817,102,101734,997.3921568627451
10.188418045639992,102,101798,998.0196078431372
10.188553059007972,102,101862,998.6470588235294
10.188679791986942,102,101926,999.2745098039215
10.188798824790865,102,101990,999.9019607843137
10.188919137697667,102,102054,1000.5294117647059
10.189043040852994,102,102118,1001.156862745098
10.189170374069363,102,102182,1001.7843137254902
10.189297936856747,102,102246,1002.4117647058823
10.189427210018039,102,102310,1003.0392156862745
10.189552182797343,102,102374,1003.6666666666666
10.189677605871111,102,102438,1004.2941176470588
10.189812348689884,102,102502,1004.9215686274509
10.189934211783111,102,102566,1005.5490196078431
10.1900534350425,102,102630,1006.1764705882352
10.190188327804208,102,102694,1006.8039215686274
10.190324211958796,102,102758,1007.4313725490196
10.190444993786514,102,102822,1008.0588235294117
10.190579887945205,102,102886,1008.6862745098039
10.190704840701073,102,102950,1009.3137254901961
10.19082802394405,102,103014,1009.9411764705883
10.190950656775385,102,103078,1010.5686274509804
10.191070429980755,102,103142,1011.1960784313726
10.191201453097165,102,103206,1011.8235294117648
10.191352107096463,102,103270,1012.4509803921569
10.19150028983131,102,103334,1013.0784313725491
10.191624122671783,102,103398,1013.7058823529412
10.19175770599395,102,103462,1014.3333333333334
10.191878468729556,102,103526,1014.9607843137255
10.192000952083617,102,103590,1015.5882352941177
10.192144236061722,102,103654,1016.2156862745098
10.192269988823682,102,103718,1016.843137254902
10.192399501800537,102,103782,1017.4705882352941
10.192527584731579,102,103846,1018.0980392156863
10.192646638024598,102,103910,1018.7254901960785
10.192777280695736,102,103974,1019.3529411764706
10.192907063756138,102,104038,1019.9803921568628
10.193036077078432,102,104102,1020.6078431372549
10.193175741005689,102,104166,1021.2352941176471
10.193547289818525,102,104230,1021.8627450980392
10.229480639100075,102,104237,1021.9313725490196
10.229480639100075,102,104237,1021.9313725490196
10.39718511607498,101,103230,1022.0792079207921
10.39718511607498,101,103230,1022.0792079207921
10.705371791031212,100,102238,1022.38
10.705371791031212,100,102238,1022.38
10.77403745194897,99,101219,1022.4141414141415
10.774296018760651,99,101283,1023.060606060606
10.774452681653202,99,101347,1023.7070707070707
10.774778049904853,99,101411,1024.3535353535353
10.774934883695096,99,101475,1025.0
10.77507149707526,99,101539,1025.6464646464647
10.775226590689272,99,101603,1026.2929292929293
10.775362574961036,99,101667,1026.939393939394
10.775500358082354,99,101731,1027.5858585858587
10.775640880689025,99,101795,1028.2323232323233
10.775773684028536,99,101859,1028.878787878788
10.775901587679982,99,101923,1029.5252525252524
10.776030919980258,99,101987,1030.171717171717
10.77616971405223,99,102051,1030.8181818181818
10.776311927009374,99,102115,1031.4646464646464
10.77644369006157,99,102179,1032.111111111111
10.776991304010153,99,102243,1032.7575757575758
10.777168717700988,99,102307,1033.4040404040404
10.777305291034281,99,102371,1034.050505050505
10.777430105023086,99,102435,1034.6969696969697
10.777556316927075,99,102499,1035.3434343434344
10.777694320771843,99,102563,1035.989898989899
10.777825493831187,99,102627,1036.6363636363637
10.77795425709337,99,102691,1037.2828282828282
10.778081600088626,99,102755,1037.9292929292928
10.778218852821738,99,102819,1038.5757575757575
10.778366076759994,99,102883,1039.2222222222222
10.778502650093287,99,102947,1039.8686868686868
10.778633303008974,99,103011,1040.5151515151515
10.7787691866979,99,103075,1041.1616161616162
10.778911110013723,99,103139,1041.8080808080808
10.779097274877131,99,103203,1042.4545454545455
10.779253617860377,99,103267,1043.1010101010102
10.779400832019746,99,103331,1043.7474747474748
10.77954297605902,99,103395,1044.3939393939395
10.779673099052161,99,103459,1045.040404040404
10.779803341720253,99,103523,1045.6868686868686
10.779943705070764,99,103587,1046.3333333333333
10.780079449061304,99,103651,1046.979797979798
10.780224471818656,99,103715,1047.6262626262626
10.780357664916664,99,103779,1048.2727272727273
10.780492378864437,99,103843,1048.919191919192
10.780615430790931,99,103907,1049.5656565656566
10.780753954779357,99,103971,1050.2121212121212
10.780879518017173,99,104035,1050.858585858586
10.781003800686449,99,104099,1051.5050505050506
10.781137393787503,99,104163,1052.1515151515152
10.78127331705764,99,104227,1052.79797979798
10.782221130095422,99,104291,1053.4444444444443
10.782381823752075,99,104355,1054.090909090909
10.78251537680626,99,104419,1054.7373737373737
10.78264169069007,99,104483,1055.3838383838383
10.78276923391968,99,104547,1056.030303030303
10.782904467079788,99,104611,1056.6767676767677
10.7830325900577,99,104675,1057.3232323232323
10.783170423004776,99,104739,1057.969696969697
10.783316286746413,99,104803,1058.6161616161617
10.78344888985157,99,104867,1059.2626262626263
10.783588992897421,99,104931,1059.909090909091
10.783730286639184,99,104995,1060.5555555555557
10.783858659677207,99,105059,1061.20202020202
10.78399077290669,99,105123,1061.8484848484848
10.784129135776311,99,105187,1062.4949494949494
10.784261469729245,99,105251,1063.141414141414
10.784401122946292,99,105315,1063.7878787878788
10.784525605849922,99,105379,1064.4343434343434
10.784655598923564,99,105443,1065.080808080808
10.784785442054272,99,105507,1065.7272727272727
10.784908454865217,99,105571,1066.3737373737374
10.785032557789236,99,105635,1067.020202020202
10.785172051750124,99,105699,1067.6666666666667
10.785306534729898,99,105763,1068.3131313131314
10.785428307950497,99,105827,1068.959595959596
10.785564420744777,99,105891,1069.6060606060605
10.785687423776835,99,105955,1070.2525252525252
10.785808516666293,99,106019,1070.8989898989898
10.785932699684054,99,106083,1071.5454545454545
10.78606961388141,99,106147,1072.1919191919192
10.786218626890332,99,106211,1072.8383838383838
10.786358149722219,99,106275,1073.4848484848485
10.786486052908003,99,106339,1074.1313131313132
10.786611486691982,99,106403,1074.7777777777778
10.78673546994105,99,106467,1075.4242424242425
10.786859852727503,99,106531,1076.0707070707072
10.786980535835028,99,106595,1076.7171717171718
10.787125678732991,99,106659,1077.3636363636363
10.787251601926982,99,106723,1078.010101010101
10.787377994973212,99,106787,1078.6565656565656
10.787515718024224,99,106851,1079.3030303030303
10.787637170869857,99,106915,1079.949494949495
10.787768543697894,99,106979,1080.5959595959596
10.78789036674425,99,107043,1081.2424242424242
10.788016980979592,99,107107,1081.888888888889
10.78816592367366,99,107171,1082.5353535353536
10.788294696714729,99,107235,1083.1818181818182
10.788428890984505,99,107299,1083.828282828283
10.78856498375535,99,107363,1084.4747474747476
10.788702386897057,99,107427,1085.121212121212
10.788804528769106,99,107491,1085.7676767676767
11.038008927833289,99,107520,1086.060606060606
11.038008927833289,99,107520,1086.060606060606
11.299863862805068,98,106459,1086.3163265306123
11.299863862805068,98,106459,1086.3163265306123
11.309196609072387,97,105371,1086.298969072165
11.309196609072387,97,105371,1086.298969072165
11.37497884966433,96,104288,1086.3333333333333
11.375229995697737,96,104352,1087.0
11.375395939685404,96,104416,1087.6666666666667
11.375734508037567,96,104480,1088.3333333333333
11.375883501954377,96,104544,1089.0
11.376035954803228,96,104608,1089.6666666666667
11.376189078669995,96,104672,1090.3333333333333
11.376333742868155,96,104736,1091.0
11.376481025945395,96,104800,1091.6666666666667
11.376614668872207,96,104864,1092.3333333333333
11.376745912712067,96,104928,1093.0
11.376883315853775,96,104992,1093.6666666666667
11.377021498978138,96,105056,1094.3333333333333
11.377164103090763,96,105120,1095.0
11.377313596662134,96,105184,1095.6666666666667
11.377448479644954,96,105248,1096.3333333333333
11.37800575280562,96,105312,1097.0
11.378185886889696,96,105376,1097.6666666666667
11.378323860932142,96,105440,1098.3333333333333
11.378452453762293,96,105504,1099.0
11.37858471693471,96,105568,1099.6666666666667
11.3787287408486,96,105632,1100.3333333333333
11.378880254924297,96,105696,1101.0
11.379014697857201,96,105760,1101.6666666666667
11.379155690781772,96,105824,1102.3333333333333
11.379292043857276,96,105888,1103.0
11.379418917000294,96,105952,1103.6666666666667
11.379557850770652,96,106016,1104.3333333333333
11.379689823836088,96,106080,1105.0
11.379828516859561,96,106144,1105.6666666666667
11.379961350001395,96,106208,1106.3333333333333
11.380106553900987,96,106272,1107.0
11.380246056709439,96,106336,1107.6666666666667
11.380390340927988,96,106400,1108.3333333333333
11.380532763898373,96,106464,1109.0
11.380667567718774,96,106528,1109.6666666666667
11.380801800638437,96,106592,1110.3333333333333
11.380945353768766,96,106656,1111.0
11.381084787659347,96,106720,1111.6666666666667
11.381235080771148,96,106784,1112.3333333333333
11.381369624752551,96,106848,1113.0
11.381502527743578,96,106912,1113.6666666666667
11.38164343079552,96,106976,1114.3333333333333
11.381783545017242,96,107040,1115.0
11.3819250180386,96,107104,1115.6666666666667
11.382054730784148,96,107168,1116.3333333333333
11.382195934653282,96,107232,1117.0
11.38233545795083,96,107296,1117.6666666666667
11.383302622009069,96,107360,1118.3333333333333
11.383463444653898,96,107424,1119.0
11.383602899033576,96,107488,1119.6666666666667
11.383736012037843,96,107552,1120.3333333333333
11.383867054712027,96,107616,1121.0
11.38400601875037,96,107680,1121.6666666666667
11.384146411903203,96,107744,1122.3333333333333
11.384282964747399,96,107808,1123.0
11.384426408912987,96,107872,1123.6666666666667
11.384555951692164,96,107936,1124.3333333333333
11.384692185092717,96,108000,1125.0
11.384829258080572,96,108064,1125.6666666666667
11.384961131028831,96,108128,1126.3333333333333
11.385108484886587,96,108192,1127.0
11.38525228900835,96,108256,1127.6666666666667
11.385384262073785,96,108320,1128.3333333333333
11.385527664795518,96,108384,1129.0
11.385657228063792,96,108448,1129.6666666666667
11.385794911999255,96,108512,1130.3333333333333
11.385924544651061,96,108576,1131.0
11.386058577802032,96,108640,1131.6666666666667
11.386200640816242,96,108704,1132.3333333333333
11.38634552480653,96,108768,1133.0
11.386476867832243,96,108832,1133.6666666666667
11.386618081945926,96,108896,1134.3333333333333
11.386746535077691,96,108960,1135.0
11.38687513768673,96,109024,1135.6666666666667
11.387007000856102,96,109088,1136.3333333333333
11.387160274665803,96,109152,1137.0
11.387293867766857,96,109216,1137.6666666666667
11.387435060925782,96,109280,1138.3333333333333
11.387573564890772,96,109344,1139.0
11.387709167785943,96,109408,1139.6666666666667
11.387841071002185,96,109472,1140.3333333333333
11.387970763724297,96,109536,1141.0
11.388101537711918,96,109600,1141.6666666666667
11.388254470657557,96,109664,1142.3333333333333
11.388381213881075,96,109728,1143.0
11.388521916698664,96,109792,1143.6666666666667
11.388660761062056,96,109856,1144.3333333333333
11.388806043658406,96,109920,1145.0
11.388935817871243,96,109984,1145.6666666666667
11.389066440984607,96,110048,1146.3333333333333
11.389219044707716,96,110112,1147.0
11.389362117741257,96,110176,1147.6666666666667
11.389494420960546,96,110240,1148.3333333333333
11.389633114915341,96,110304,1149.0
11.389999192673713,96,110368,1149.6666666666667
11.393473696894944,96,110371,1149.6979166666667
11.393473696894944,96,110371,1149.6979166666667
11.44974754890427,95,109224,1149.7263157894736
11.44974754890427,95,109224,1149.7263157894736
11.56164106586948,94,108083,1149.8191489361702
11.56164106586948,94,108083,1149.8191489361702
11.748680790886283,93,106950,1150.0
11.748680790886283,93,106950,1150.0
11.973528590984643,92,105820,1150.2173913043478
11.973780216649175,92,105884,1150.9130434782608
11.973947341088206,92,105948,1151.608695652174
11.974349050782621,92,106012,1152.304347826087
11.974512344691902,92,106076,1153.0
11.974675317760557,92,106140,1153.695652173913
11.974820551928133,92,106204,1154.391304347826
11.974970165640116,92,106268,1155.0869565217392
11.97513433964923,92,106332,1155.7826086956522
11.975282882805914,92,106396,1156.4782608695652
11.975423095747828,92,106460,1157.1739130434783
11.975565149914473,92,106524,1157.8695652173913
11.975705482997,92,106588,1158.5652173913043
11.975845486856997,92,106652,1159.2608695652175
11.976000120863318,92,106716,1159.9565217391305
11.976149933878332,92,106780,1160.6521739130435
11.976752158720046,92,106844,1161.3478260869565
11.976932332850993,92,106908,1162.0434782608695
11.97707737609744,92,106972,1162.7391304347825
11.977221479639411,92,107036,1163.4347826086957
11.977362002711743,92,107100,1164.1304347826087
11.977514356840402,92,107164,1164.8260869565217
11.977671350818127,92,107228,1165.5217391304348
11.97781378403306,92,107292,1166.2173913043478
11.977951617911458,92,107356,1166.9130434782608
11.97808696096763,92,107420,1167.608695652174
11.978229714091867,92,107484,1168.304347826087
11.978377877734601,92,107548,1169.0
11.978515680879354,92,107612,1169.695652173913
11.978662574663758,92,107676,1170.391304347826
11.978804328013211,92,107740,1171.0869565217392
11.97895154170692,92,107804,1171.7826086956522
11.9790846449323,92,107868,1172.4782608695652
11.979245448950678,92,107932,1173.1739130434783
11.979396312963217,92,107996,1173.8695652173913
11.979534465819597,92,108060,1174.5652173913043
11.979671748820692,92,108124,1175.2608695652175
11.979806781746447,92,108188,1175.9565217391305
11.97995474608615,92,108252,1176.6521739130435
11.980100390035659,92,108316,1177.3478260869565
11.980258333031088,92,108380,1178.0434782608695
11.980395956896245,92,108444,1178.7391304347825
11.980541530065238,92,108508,1179.4347826086957
11.980689753778279,92,108572,1180.1304347826087
11.980875947978348,92,108636,1180.8260869565217
11.98105024266988,92,108700,1181.5217391304348
11.981204756069928,92,108764,1182.2173913043478
11.98135642008856,92,108828,1182.9130434782608
11.982320352923125,92,108892,1183.608695652174
11.982480796985328,92,108956,1184.304347826087
11.982625330798328,92,109020,1185.0
11.982763594016433,92,109084,1185.695652173913
11.982911567669362,92,109148,1186.391304347826
11.98304740106687,92,109212,1187.0869565217392
11.983197744935751,92,109276,1187.7826086956522
11.983357587829232,92,109340,1188.4782608695652
11.983496522065252,92,109404,1189.1739130434783
11.983644785825163,92,109468,1189.8695652173913
11.983790868893266,92,109532,1190.5652173913043
11.98392977192998,92,109596,1191.2608695652175
11.984064355958253,92,109660,1191.9565217391305
11.984234029892832,92,109724,1192.6521739130435
11.984377992805094,92,109788,1193.3478260869565
11.984517155680805,92,109852,1194.0434782608695
11.984666799660772,92,109916,1194.7391304347825
11.98482030397281,92,109980,1195.4347826086957
11.984963437076658,92,110044,1196.1304347826087
11.985101430676877,92,110108,1196.8260869565217
11.985251394100487,92,110172,1197.5217391304348
11.985391317866743,92,110236,1198.2173913043478
11.985528790857643,92,110300,1198.9130434782608
11.985680014826357,92,110364,1199.608695652174
11.985817747656256,92,110428,1200.304347826087
11.985964871011674,92,110492,1201.0
11.986096675042063,92,110556,1201.695652173913
11.986256008967757,92,110620,1202.391304347826
11.986393991857767,92,110684,1203.0869565217392
11.98654028493911,92,110748,1203.7826086956522
11.98668515868485,92,110812,1204.4782608695652
11.986829971894622,92,110876,1205.1739130434783
11.986967056058347,92,110940,1205.8695652173913
11.987102228682488,92,111004,1206.5652173913043
11.987262703012675,92,111068,1207.2608695652175
11.987396285869181,92,111132,1207.9565217391305
11.987545100040734,92,111196,1208.6521739130435
11.987677183002234,92,111260,1209.3478260869565
11.987814915832132,92,111324,1210.0434782608695
11.987963679712266,92,111388,1210.7391304347825
11.988111893646419,92,111452,1211.4347826086957
11.98826180677861,92,111516,1212.1304347826087
11.988398849964142,92,111580,1212.8260869565217
11.988553263712674,92,111644,1213.5217391304348
11.998282460030168,92,111647,1213.554347826087
11.998282460030168,92,111647,1213.554347826087
12.432401231955737,91,110471,1213.967032967033
12.432401231955737,91,110471,1213.967032967033
12.749340500682592,90,109274,1214.1555555555556
12.749774801079184,90,109338,1214.8666666666666
12.750077997799963,90,109402,1215.5777777777778
12.750583600718528,90,109466,1216.2888888888888
12.750883807893842,90,109530,1217.0
12.751160595100373,90,109594,1217.7111111111112
12.751436081714928,90,109658,1218.4222222222222
12.751720527652651,90,109722,1219.1333333333334
12.75197617476806,90,109786,1219.8444444444444
12.752241920679808,90,109850,1220.5555555555557
12.752505457028747,90,109914,1221.2666666666667
12.752758393995464,90,109978,1221.9777777777779
12.753021389711648,90,110042,1222.6888888888889
12.753295155707747,90,110106,1223.4
12.753572872839868,90,110170,1224.111111111111
12.753822698723525,90,110234,1224.8222222222223
12.75480189267546,90,110298,1225.5333333333333
12.755133050959557,90,110362,1226.2444444444445
12.755421397741884,90,110426,1226.9555555555555
12.7556809540838,90,110490,1227.6666666666667
12.75592443998903,90,110554,1228.3777777777777
12.756185345817357,90,110618,1229.088888888889
12.756466422695667,90,110682,1229.8
12.756752969697118,90,110746,1230.5111111111112
12.757009335793555,90,110810,1231.2222222222222
12.757278902921826,90,110874,1231.9333333333334
12.757534138858318,90,110938,1232.6444444444444
12.757777244783938,90,111002,1233.3555555555556
12.758020350709558,90,111066,1234.0666666666666
12.75830570794642,90,111130,1234.7777777777778
12.758564333897084,90,111194,1235.4888888888888
12.75883330963552,90,111258,1236.2
12.759074686095119,90,111322,1236.911111111111
12.759370582643896,90,111386,1237.6222222222223
12.759643590077758,90,111450,1238.3333333333333
12.759894385933876,90,111514,1239.0444444444445
12.76015489269048,90,111578,1239.7555555555555
12.760404448024929,90,111642,1240.4666666666667
12.760668424889445,90,111706,1241.1777777777777
12.760917081031948,90,111770,1241.888888888889
12.761195177678019,90,111834,1242.6
12.76147543406114,90,111898,1243.3111111111111
12.761738101020455,90,111962,1244.0222222222221
12.762004266958684,90,112026,1244.7333333333333
12.76225766306743,90,112090,1245.4444444444443
12.762505149003118,90,112154,1246.1555555555556
12.762756315991282,90,112218,1246.8666666666666
12.763011422008276,90,112282,1247.5777777777778
12.764553208835423,90,112346,1248.2888888888888
12.764827394858003,90,112410,1249.0
12.765080160927027,90,112474,1249.7111111111112
12.765354678034782,90,112538,1250.4222222222222
12.765604633837938,90,112602,1251.1333333333334
12.76586910104379,90,112666,1251.8444444444444
12.766108215786517,90,112730,1252.5555555555557
12.766369852703065,90,112794,1253.2666666666667
12.766655019950122,90,112858,1253.9777777777779
12.766899884678423,90,112922,1254.6888888888889
12.767178832087666,90,112986,1255.4
12.767436117865145,90,113050,1256.111111111111
12.767710885033011,90,113114,1256.8222222222223
12.767954610753804,90,113178,1257.5333333333333
12.768209706991911,90,113242,1258.2444444444445
12.768461142666638,90,113306,1258.9555555555555
12.768741250038147,90,113370,1259.6666666666667
12.769014426972717,90,113434,1260.3777777777777
12.769280722830445,90,113498,1261.088888888889
12.769530608784407,90,113562,1261.8
12.769777195062488,90,113626,1262.5111111111112
12.770037871785462,90,113690,1263.2222222222222
12.770299997646362,90,113754,1263.9333333333334
12.77056514378637,90,113818,1264.6444444444444
12.770802939776331,90,113882,1265.3555555555556
12.77106418600306,90,113946,1266.0666666666666
12.771323792636395,90,114010,1266.7777777777778
12.771572068799287,90,114074,1267.4888888888888
12.77183388499543,90,114138,1268.2
12.772080000955611,90,114202,1268.911111111111
12.772356547880918,90,114266,1269.6222222222223
12.772619993891567,90,114330,1270.3333333333333
12.772870670072734,90,114394,1271.0444444444445
12.773134307004511,90,114458,1271.7555555555555
12.773406082764268,90,114522,1272.4666666666667
12.773640559054911,90,114586,1273.1777777777777
12.773907965049148,90,114650,1273.888888888889
12.774159830994904,90,114714,1274.6
12.774431897792965,90,114778,1275.3111111111111
12.774698313791305,90,114842,1276.0222222222221
12.774946500081569,90,114906,1276.7333333333333
12.7751578646712,90,114970,1277.4444444444443
13.576913414057344,90,115027,1278.0777777777778
13.576913414057344,90,115027,1278.0777777777778
13.650192146655172,89,113753,1278.123595505618
13.650457583833486,89,113817,1278.8426966292134
13.650640067644417,89,113881,1279.561797752809
13.650981235783547,89,113945,1280.2808988764045
13.651186251081526,89,114009,1281.0
13.651348074898124,89,114073,1281.7191011235955
13.651506658643484,89,114137,1282.438202247191
13.651671173051,89,114201,1283.1573033707866
13.651823286898434,89,114265,1283.876404494382
13.651973079890013,89,114329,1284.5955056179776
13.652139894664288,89,114393,1285.314606741573
13.652294507715851,89,114457,1286.0337078651685
13.652455002069473,89,114521,1286.752808988764
13.652608986012638,89,114585,1287.4719101123596
13.65277324989438,89,114649,1288.191011235955
13.652925422880799,89,114713,1288.9101123595506
13.653540847823024,89,114777,1289.629213483146
13.653716372791678,89,114841,1290.3483146067415
13.653892816975713,89,114905,1291.0674157303372
13.65404772106558,89,114969,1291.7865168539327
13.654204453807324,89,115033,1292.5056179775281
13.654351867735386,89,115097,1293.2247191011236
13.654513341840357,89,115161,1293.943820224719
13.654680605977774,89,115225,1294.6629213483145
13.654833150096238,89,115289,1295.3820224719102
13.65498195309192,89,115353,1296.1011235955057
13.655138516798615,89,115417,1296.8202247191011
13.655280899722129,89,115481,1297.5393258426966
13.655427133664489,89,115545,1298.258426966292
13.65558049781248,89,115609,1298.9775280898875
13.655730140861124,89,115673,1299.6966292134832
13.655888254754245,89,115737,1300.4157303370787
13.656030538957566,89,115801,1301.1348314606741
13.656201882753521,89,115865,1301.8539325842696
13.65636421693489,89,115929,1302.573033707865
13.656514950096607,89,115993,1303.2921348314608
13.656658913940191,89,116057,1304.0112359550562
13.656808307860047,89,116121,1304.7303370786517
13.656962730921805,89,116185,1305.4494382022472
13.657108555082232,89,116249,1306.1685393258426
13.657274358905852,89,116313,1306.887640449438
13.657436083070934,89,116377,1307.6067415730338
13.657590406015515,89,116441,1308.3258426966293
13.657747440040112,89,116505,1309.0449438202247
13.65789040364325,89,116569,1309.7640449438202
13.658032197039574,89,116633,1310.4831460674156
13.658186071086675,89,116697,1311.2022471910113
13.658338204957545,89,116761,1311.9213483146068
13.659308617934585,89,116825,1312.6404494382023
13.659479632042348,89,116889,1313.3595505617977
13.659633545670658,89,116953,1314.0786516853932
13.65978332888335,89,117017,1314.7977528089887
13.659946172963828,89,117081,1315.5168539325844
13.660092036705464,89,117145,1316.2359550561798
13.6602552710101,89,117209,1316.9550561797753
13.660400514025241,89,117273,1317.6741573033707
13.660562957637012,89,117337,1318.3932584269662
13.660721671767533,89,117401,1319.112359550562
13.660868226084858,89,117465,1319.8314606741574
13.661024829838425,89,117529,1320.5505617977528
13.661181163042784,89,117593,1321.2696629213483
13.66132821701467,89,117657,1321.9887640449438
13.66147256968543,89,117721,1322.7078651685392
13.661618473939598,89,117785,1323.426966292135
13.661779077723622,89,117849,1324.1460674157304
13.661939231678843,89,117913,1324.8651685393259
13.662088804878294,89,117977,1325.5842696629213
13.662247898988426,89,118041,1326.3033707865168
13.662397572770715,89,118105,1327.0224719101125
13.662553095724434,89,118169,1327.741573033708
13.662712209858,89,118233,1328.4606741573034
13.662851933855563,89,118297,1329.1797752808989
13.662993167061359,89,118361,1329.8988764044943
13.663158380892128,89,118425,1330.6179775280898
13.66330732498318,89,118489,1331.3370786516855
13.66345498804003,89,118553,1332.056179775281
13.663610861636698,89,118617,1332.7752808988764
13.663757575675845,89,118681,1333.4943820224719
13.663913658820093,89,118745,1334.2134831460673
13.664069592952728,89,118809,1334.9325842696628
13.664227697066963,89,118873,1335.6516853932585
13.664377270732075,89,118937,1336.370786516854
13.664535074029118,89,119001,1337.0898876404494
13.664676557760686,89,119065,1337.808988764045
13.664836992044002,89,119129,1338.5280898876404
13.664995105937123,89,119193,1339.247191011236
13.665163269732147,89,119257,1339.9662921348315
13.665316342841834,89,119321,1340.685393258427
13.665718992706388,89,119385,1341.4044943820224
14.288609785027802,89,119449,1342.123595505618
14.288906371686608,89,119513,1342.8426966292134
14.289100906811655,89,119577,1343.561797752809
14.289308971725404,89,119641,1344.2808988764045
14.289688440971076,89,119705,1345.0
14.289858924690634,89,119769,1345.7191011235955
14.29002657905221,89,119833,1346.438202247191
14.2902089827694,89,119897,1347.1573033707866
14.290369046851993,89,119961,1347.876404494382
14.290530641097575,89,120025,1348.5955056179776
14.290691234637052,89,120089,1349.314606741573
14.290868978947401,89,120153,1350.0337078651685
14.29103440279141,89,120217,1350.752808988764
14.291209917981178,89,120281,1351.4719101123596
14.291383692063391,89,120345,1352.191011235955
14.291541165672243,89,120409,1352.9101123595506
14.292168840765953,89,120473,1353.629213483146
14.292352925986052,89,120537,1354.3483146067415
14.292534349951893,89,120601,1355.0674157303372
14.292695064097643,89,120665,1355.7865168539327
14.29284239700064,89,120729,1356.5056179775281
14.29299806104973,89,120793,1357.2247191011236
14.293177825864404,89,120857,1357.943820224719
14.293367200065404,89,120921,1358.6629213483145
14.293523604050279,89,120985,1359.3820224719102
14.293676377739757,89,121049,1360.1011235955057
14.293830221053213,89,121113,1360.8202247191011
14.293975474778563,89,121177,1361.5393258426966
14.294133017770946,89,121241,1362.258426966292
14.294302902650088,89,121305,1362.9775280898875
14.294459077063948,89,121369,1363.6966292134832
14.294623861089349,89,121433,1364.4157303370787
14.2947703236714,89,121497,1365.1348314606741
14.294936628080904,89,121561,1365.8539325842696
14.29510118206963,89,121625,1366.573033707865
14.295265736058354,89,121689,1367.2921348314608
14.295415089000016,89,121753,1368.0112359550562
14.29556572297588,89,121817,1368.7303370786517
14.295727977063507,89,121881,1369.4494382022472
14.295941411983222,89,121945,1370.1685393258426
14.296135826967657,89,122009,1370.887640449438
14.29631465068087,89,122073,1371.6067415730338
14.296483465936035,89,122137,1372.3258426966293
14.296651269774884,89,122201,1373.0449438202247
14.296803842764348,89,122265,1373.7640449438202
14.296957476995885,89,122329,1374.4831460674156
14.297111351042986,89,122393,1375.2022471910113
14.297283784952015,89,122457,1375.9213483146068
14.298210917040706,89,122521,1376.6404494382023
14.29838065104559,89,122585,1377.3595505617977
14.298537404742092,89,122649,1378.0786516853932
14.298687369097024,89,122713,1378.7977528089887
14.298853152897209,89,122777,1379.5168539325844
14.299004546832293,89,122841,1380.2359550561798
14.299168970901519,89,122905,1380.9550561797753
14.299321903847158,89,122969,1381.6741573033707
14.299486927688122,89,123033,1382.3932584269662
14.299648421816528,89,123097,1383.112359550562
14.299800025764853,89,123161,1383.8314606741574
14.299958399031311,89,123225,1384.5505617977528
14.300109493080527,89,123289,1385.2696629213483
14.300277377013117,89,123353,1385.9887640449438
14.300429861061275,89,123417,1386.7078651685392
14.300579925067723,89,123481,1387.426966292135
14.300744137726724,89,123545,1388.1460674157304
14.300908762030303,89,123609,1388.8651685393259
14.301063335966319,89,123673,1389.5842696629213
14.30122620984912,89,123737,1390.3033707865168
14.301384123973548,89,123801,1391.0224719101125
14.301547198090702,89,123865,1391.741573033708
14.30170868197456,89,123929,1392.4606741573034
14.3018594160676,89,123993,1393.1797752808989
14.302002968732268,89,124057,1393.8988764044943
14.302171812858433,89,124121,1394.6179775280898
14.30232136696577,89,124185,1395.3370786516855
14.302473079878837,89,124249,1396.056179775281
14.302633953746408,89,124313,1396.7752808988764
14.302786737680435,89,124377,1397.4943820224719
14.302948032040149,89,124441,1398.2134831460673
14.303108655847609,89,124505,1398.9325842696628
14.303274999838322,89,124569,1399.6516853932585
14.303445793688297,89,124633,1400.370786516854
14.303619337733835,89,124697,1401.0898876404494
14.303773682098836,89,124761,1401.808988764045
14.303939376026392,89,124825,1402.5280898876404
14.304104279726744,89,124889,1403.247191011236
14.304291204083711,89,124953,1403.9662921348315
14.30445051798597,89,125017,1404.685393258427
14.304615061730146,89,125081,1405.4044943820224
15.129983444698155,89,125145,1406.123595505618
15.130357454065233,89,125209,1406.8426966292134
15.130563508719206,89,125273,1407.561797752809
15.13089841697365,89,125337,1408.2808988764045
15.131095110904425,89,125401,1409.0
15.13129194593057,89,125465,1409.7191011235955
15.131468391045928,89,125529,1410.438202247191
15.131649144925177,89,125593,1411.1573033707866
15.131816528737545,89,125657,1411.876404494382
15.131979652680457,89,125721,1412.5955056179776
15.132159706670791,89,125785,1413.314606741573
15.1323665920645,89,125849,1414.0337078651685
15.132548866793513,89,125913,1414.752808988764
15.13272292073816,89,125977,1415.4719101123596
15.132912874687463,89,126041,1416.191011235955
15.133076429832727,89,126105,1416.9101123595506
15.133690843824297,89,126169,1417.629213483146
15.133884049020708,89,126233,1418.3483146067415
15.134063202887774,89,126297,1419.0674157303372
15.13423935789615,89,126361,1419.7865168539327
15.134398831054568,89,126425,1420.5056179775281
15.134560246020555,89,126489,1421.2247191011236
15.134744439739734,89,126553,1421.943820224719
15.13492809375748,89,126617,1422.6629213483145
15.135108069051057,89,126681,1423.3820224719102
15.13530727289617,89,126745,1424.1011235955057
15.135476647876203,89,126809,1424.8202247191011
15.135688752867281,89,126873,1425.5393258426966
15.135871986858547,89,126937,1426.258426966292
15.13605002174154,89,127001,1426.9775280898875
15.136233425699174,89,127065,1427.6966292134832
15.136413959786296,89,127129,1428.4157303370787
15.136575053911656,89,127193,1429.1348314606741
15.136753519065678,89,127257,1429.8539325842696
15.136932722758502,89,127321,1430.573033707865
15.137098766863346,89,127385,1431.2921348314608
15.137271200772375,89,127449,1432.0112359550562
15.137430464848876,89,127513,1432.7303370786517
15.137599468696862,89,127577,1433.4494382022472
15.137760812882334,89,127641,1434.1685393258426
15.137931916862726,89,127705,1434.887640449438
15.138113620691001,89,127769,1435.6067415730338
15.138300836086273,89,127833,1436.3258426966293
15.13847375009209,89,127897,1437.0449438202247
15.138632554095238,89,127961,1437.7640449438202
15.138790397904813,89,128025,1438.4831460674156
15.13895214209333,89,128089,1439.2022471910113
15.139130845665932,89,128153,1439.9213483146068
15.140144060831517,89,128217,1440.6404494382023
15.1403219550848,89,128281,1441.3595505617977
15.140485158655792,89,128345,1442.0786516853932
15.140646762680262,89,128409,1442.7977528089887
15.140825476963073,89,128473,1443.5168539325844
15.140982300974429,89,128537,1444.2359550561798
15.141152544878423,89,128601,1444.9550561797753
15.141312669031322,89,128665,1445.6741573033707
15.14148761285469,89,128729,1446.3932584269662
15.141656566876918,89,128793,1447.112359550562
15.141814640723169,89,128857,1447.8314606741574
15.141983055043966,89,128921,1448.5505617977528
15.142150898929685,89,128985,1449.2696629213483
15.142313562799245,89,129049,1449.9887640449438
15.142471997067332,89,129113,1450.7078651685392
15.142633510753512,89,129177,1451.426966292135
15.14280289504677,89,129241,1452.1460674157304
15.14297659881413,89,129305,1452.8651685393259
15.14314656285569,89,129369,1453.5842696629213
15.143307776656002,89,129433,1454.3033707865168
15.143470230977982,89,129497,1455.0224719101125
15.14364080503583,89,129561,1455.741573033708
15.143812919035554,89,129625,1456.4606741573034
15.143966912757605,89,129689,1457.1797752808989
15.144129446707666,89,129753,1457.8988764044943
15.144299671053886,89,129817,1458.6179775280898
15.144455004949123,89,129881,1459.3370786516855
15.144609938841313,89,129945,1460.056179775281
15.144785542972386,89,130009,1460.7752808988764
15.144945946987718,89,130073,1461.4943820224719
15.145127720665187,89,130137,1462.2134831460673
15.145305045880377,89,130201,1462.9325842696628
15.145463638938963,89,130265,1463.6516853932585
15.145626202691346,89,130329,1464.370786516854
15.145797136705369,89,130393,1465.0898876404494
15.145952980965376,89,130457,1465.808988764045
15.146137366071343,89,130521,1466.5280898876404
15.146317139733583,89,130585,1467.247191011236
15.14648907398805,89,130649,1467.9662921348315
15.14664965774864,89,130713,1468.685393258427
15.146784310694784,89,130777,1469.4044943820224
15.289389241952449,89,130795,1469.6067415730338
15.289389241952449,89,130795,1469.6067415730338
15.422919393051416,88,129336,1469.7272727272727
15.422919393051416,88,129336,1469.7272727272727
15.739474273752421,87,127895,1470.057471264368
15.73975786101073,87,127959,1470.7931034482758
15.73995811585337,87,128023,1471.528735632184
15.740363895893097,87,128087,1472.2643678160919
15.740573280956596,87,128151,1473.0
15.74074828485027,87,128215,1473.7356321839081
15.740929958876222,87,128279,1474.471264367816
15.741113123949617,87,128343,1475.2068965517242
15.741294817999005,87,128407,1475.942528735632
15.741463281679899,87,128471,1476.6781609195402
15.74163642572239,87,128535,1477.4137931034484
15.741821800824255,87,128599,1478.1494252873563
15.74199582496658,87,128663,1478.8850574712644
15.742177998647094,87,128727,1479.6206896551723
15.742363464087248,87,128791,1480.3563218390805
15.742533877957612,87,128855,1481.0919540229886
15.743309056852013,87,128919,1481.8275862068965
15.743505252059549,87,128983,1482.5632183908046
15.74370044702664,87,129047,1483.2988505747126
15.743867059703916,87,129111,1484.0344827586207
15.744023283943534,87,129175,1484.7701149425288
15.744192908052355,87,129239,1485.5057471264367
15.74438728298992,87,129303,1486.2413793103449
15.74455053685233,87,129367,1486.9770114942528
15.744713590946048,87,129431,1487.712643678161
15.744873244781047,87,129495,1488.448275862069
15.74502969905734,87,129559,1489.183908045977
15.74520170269534,87,129623,1489.9195402298851
15.745375936850905,87,129687,1490.655172413793
15.745541100855917,87,129751,1491.3908045977012
15.745708034839481,87,129815,1492.1264367816093
15.745942740701139,87,129879,1492.8620689655172
15.746161565650254,87,129943,1493.5977011494253
15.746332339942455,87,130007,1494.3333333333333
15.7465108348988,87,130071,1495.0689655172414
15.74668852891773,87,130135,1495.8045977011495
15.746853002812713,87,130199,1496.5402298850574
15.747016566805542,87,130263,1497.2758620689656
15.747203720733523,87,130327,1498.0114942528735
15.747373594902456,87,130391,1498.7471264367816
15.747550469823182,87,130455,1499.4827586206898
15.747732114046812,87,130519,1500.2183908045977
15.74790832772851,87,130583,1500.9540229885058
15.748085792642087,87,130647,1501.6896551724137
15.74826513696462,87,130711,1502.4252873563219
15.748426340986043,87,130775,1503.16091954023
15.748591925017536,87,130839,1503.896551724138
15.748755538836122,87,130903,1504.632183908046
15.749705101829022,87,130967,1505.367816091954
15.749885515775532,87,131031,1506.103448275862
15.750053419731557,87,131095,1506.83908045977
15.750229033641517,87,131159,1507.5747126436781
15.75040927901864,87,131223,1508.3103448275863
15.75057067302987,87,131287,1509.0459770114942
15.750734976958483,87,131351,1509.7816091954023
15.750896509736776,87,131415,1510.5172413793102
15.751078554894775,87,131479,1511.2528735632184
15.75126150995493,87,131543,1511.9885057471265
15.751431982964277,87,131607,1512.7241379310344
15.7515934468247,87,131671,1513.4597701149426
15.751765641849488,87,131735,1514.1954022988505
15.751927674748003,87,131799,1514.9310344827586
15.752090210095048,87,131863,1515.6666666666667
15.752264393959194,87,131927,1516.4022988505747
15.752449907828122,87,131991,1517.1379310344828
15.752616441808641,87,132055,1517.8735632183907
15.752779855858535,87,132119,1518.6091954022988
15.752946000080556,87,132183,1519.344827586207
15.752946000080556,87,132183,1519.344827586207
15.75315642496571,86,130710,1519.8837209302326
15.75334759010002,86,130774,1520.6279069767443
15.753530013840646,86,130838,1521.3720930232557
15.753690388053656,86,130902,1522.1162790697674
15.753847161773592,86,130966,1522.860465116279
15.754029877018183,86,131030,1523.6046511627908
15.754200400784612,86,131094,1524.3488372093022
15.754367024637759,86,131158,1525.093023255814
15.754543328657746,86,131222,1525.8372093023256
15.754707302898169,86,131286,1526.5813953488373
15.75488414708525,86,131350,1527.3255813953488
15.755058350972831,86,131414,1528.0697674418604
15.755236815661192,86,131478,1528.8139534883721
15.75541850971058,86,131542,1529.5581395348838
15.75559625402093,86,131606,1530.3023255813953
15.75577497901395,86,131670,1531.046511627907
15.755953652784228,86,131734,1531.7906976744187
15.756128177046776,86,131798,1532.5348837209303
15.756268240045756,86,131862,1533.2790697674418
16.12868597265333,86,131904,1533.7674418604652
16.12868597265333,86,131904,1533.7674418604652
16.20499127963558,85,130375,1533.8235294117646
16.20499127963558,85,130375,1533.8235294117646
16.243226245045662,84,128842,1533.8333333333333
16.243226245045662,84,128842,1533.8333333333333
16.349941906984895,83,127315,1533.9156626506024
16.350258244667202,83,127379,1534.686746987952
16.35046521993354,83,127443,1535.4578313253012
16.35087921982631,83,127507,1536.2289156626507
16.351093114819378,83,127571,1537.0
16.351287949830294,83,127635,1537.7710843373493
16.351494384929538,83,127699,1538.5421686746988
16.35169126978144,83,127763,1539.313253012048
16.351875813677907,83,127827,1540.0843373493976
16.35205784905702,83,127891,1540.855421686747
16.35225253365934,83,127955,1541.6265060240964
16.35245000803843,83,128019,1542.3975903614457
16.352633332833648,83,128083,1543.1686746987953
16.352807096671313,83,128147,1543.9397590361446
16.352996240835637,83,128211,1544.710843373494
16.353184445761144,83,128275,1545.4819277108434
16.35400992585346,83,128339,1546.2530120481927
16.354208691045642,83,128403,1547.0240963855422
16.354396935086697,83,128467,1547.7951807228915
16.354572860058397,83,128531,1548.566265060241
16.354760973714292,83,128595,1549.3373493975903
16.35495919873938,83,128659,1550.1084337349398
16.355146673042327,83,128723,1550.879518072289
16.355316917877644,83,128787,1551.6506024096386
16.355486121959984,83,128851,1552.421686746988
16.355648535769433,83,128915,1553.1927710843374
16.355830309912562,83,128979,1553.9638554216867
16.356051954906434,83,129043,1554.7349397590363
16.356278880964965,83,129107,1555.5060240963855
16.35646360507235,83,129171,1556.2771084337348
16.356653269845992,83,129235,1557.0481927710844
16.35683634504676,83,129299,1557.8192771084337
16.35702248895541,83,129363,1558.5903614457832
16.357203852850944,83,129427,1559.3614457831325
16.357381008099765,83,129491,1560.132530120482
16.357564851641655,83,129555,1560.9036144578313
16.357735415920615,83,129619,1561.6746987951808
16.35792020102963,83,129683,1562.44578313253
16.358089164830744,83,129747,1563.2168674698796
16.358285909052938,83,129811,1563.987951807229
16.358465823810548,83,129875,1564.7590361445782
16.358659849036485,83,129939,1565.5301204819277
16.358867073897272,83,130003,1566.301204819277
16.35905500780791,83,130067,1567.0722891566265
16.359234252013266,83,130131,1567.8433734939758
16.35940378671512,83,130195,1568.6144578313254
16.359574020840228,83,130259,1569.3855421686746
16.359743774868548,83,130323,1570.1566265060242
16.360628446098417,83,130387,1570.9277108433735
16.360814320854843,83,130451,1571.698795180723
16.360987114720047,83,130515,1572.4698795180723
16.36116474866867,83,130579,1573.2409638554218
16.36135146394372,83,130643,1574.012048192771
16.36152439797297,83,130707,1574.7831325301204
16.36169110191986,83,130771,1575.55421686747
16.361879015807062,83,130835,1576.3253012048192
16.362062790896744,83,130899,1577.0963855421687
16.362244815099984,83,130963,1577.867469879518
16.362415068782866,83,131027,1578.6385542168675
16.362581924069673,83,131091,1579.4096385542168
16.362766108009964,83,131155,1580.1807228915663
16.362925401888788,83,131219,1580.9518072289156
16.363090315833688,83,131283,1581.7228915662652
16.363269759807736,83,131347,1582.4939759036145
16.363457414787263,83,131411,1583.2650602409637
16.363624878693372,83,131475,1584.0361445783133
16.363793362863362,83,131539,1584.8072289156626
16.363955746870488,83,131603,1585.578313253012
16.364147680811584,83,131667,1586.3493975903614
16.36433652602136,83,131731,1587.120481927711
16.364504559896886,83,131795,1587.8915662650602
16.36468675499782,83,131859,1588.6626506024097
16.364854307845235,83,131923,1589.433734939759
16.365029942709953,83,131987,1590.2048192771085
16.365206396672875,83,132051,1590.9759036144578
16.365375990979373,83,132115,1591.7469879518073
16.36555438488722,83,132179,1592.5180722891566
16.365722819697112,83,132243,1593.289156626506
16.365902873687446,83,132307,1594.0602409638554
16.36608313769102,83,132371,1594.8313253012047
16.36627669306472,83,132435,1595.6024096385543
16.366460347082466,83,132499,1596.3734939759036
16.36660550069064,83,132563,1597.144578313253
16.957399928942323,83,132627,1597.9156626506024
16.957692335825413,83,132691,1598.686746987952
16.957900570705533,83,132755,1599.4578313253012
16.958337011747062,83,132819,1600.2289156626507
16.95856325700879,83,132883,1601.0
16.958748841658235,83,132947,1601.7710843373493
16.958935545757413,83,133011,1602.5421686746988
16.95913971075788,83,133075,1603.313253012048
16.959330446086824,83,133139,1604.0843373493976
16.95950475987047,83,133203,1604.855421686747
16.95968080405146,83,133267,1605.6265060240964
16.959878439083695,83,133331,1606.3975903614457
16.96006555389613,83,133395,1607.1686746987953
16.960256888065487,83,133459,1607.9397590361446
16.960452523082495,83,133523,1608.710843373494
16.960627876687795,83,133587,1609.4819277108434
16.96129464264959,83,133651,1610.2530120481927
16.96148942783475,83,133715,1611.0240963855422
16.961660401895642,83,133779,1611.7951807228915
16.961833346635103,83,133843,1612.566265060241
16.962010480929166,83,133907,1613.3373493975903
16.9622198860161,83,133971,1614.1084337349398
16.962394840084016,83,134035,1614.879518072289
16.962567093782127,83,134099,1615.6506024096386
16.96273951791227,83,134163,1616.421686746988
16.962905932683498,83,134227,1617.1927710843374
16.96309380698949,83,134291,1617.9638554216867
16.963276970665902,83,134355,1618.7349397590363
16.963454246055335,83,134419,1619.5060240963855
16.963631049729884,83,134483,1620.2771084337348
16.96380553394556,83,134547,1621.0481927710844
16.963985598646104,83,134611,1621.8192771084337
16.964182702824473,83,134675,1622.5903614457832
16.964358068071306,83,134739,1623.3614457831325
16.96458993293345,83,134803,1624.132530120482
16.96480130776763,83,134867,1624.9036144578313
16.964982273057103,83,134931,1625.6746987951808
16.96518508763984,83,134995,1626.44578313253
16.965364841744304,83,135059,1627.2168674698796
16.965551636647433,83,135123,1627.987951807229
16.965735980775207,83,135187,1628.7590361445782
16.965919885784388,83,135251,1629.5301204819277
16.966109229717404,83,135315,1630.301204819277
16.966305824927986,83,135379,1631.0722891566265
16.96647513890639,83,135443,1631.8433734939758
16.966645122971386,83,135507,1632.6144578313254
16.966818006709218,83,135571,1633.3855421686746
16.966990240849555,83,135635,1634.1566265060242
16.967886303085834,83,135699,1634.9277108433735
16.968076857738197,83,135763,1635.698795180723
16.968270221725106,83,135827,1636.4698795180723
16.96844158694148,83,135891,1637.2409638554218
16.96862654108554,83,135955,1638.012048192771
16.968801934737712,83,136019,1638.7831325301204
16.968973808921874,83,136083,1639.55421686747
16.969173124060035,83,136147,1640.3253012048192
16.96936685871333,83,136211,1641.0963855421687
16.96954175271094,83,136275,1641.867469879518
16.96971031697467,83,136339,1642.6385542168675
16.96988287102431,83,136403,1643.4096385542168
16.97007357608527,83,136467,1644.1807228915663
16.97024612966925,83,136531,1644.9518072289156
16.970417554024607,83,136595,1645.7228915662652
16.97058898769319,83,136659,1646.4939759036145
16.970777302980423,83,136723,1647.2650602409637
16.970950776711106,83,136787,1648.0361445783133
16.971134221646935,83,136851,1648.8072289156626
16.97130412608385,83,136915,1649.578313253012
16.97149201994762,83,136979,1650.3493975903614
16.971677815075964,83,137043,1651.120481927711
16.97185084875673,83,137107,1651.8915662650602
16.972040413878858,83,137171,1652.6626506024097
16.9722195379436,83,137235,1653.433734939759
16.972404682077467,83,137299,1654.2048192771085
16.972572586964816,83,137363,1654.9759036144578
16.972741230856627,83,137427,1655.7469879518073
16.972922954708338,83,137491,1656.5180722891566
16.973095428664237,83,137555,1657.289156626506
16.97329143388197,83,137619,1658.0602409638554
16.97347332770005,83,137683,1658.8313253012047
16.973658753093332,83,137747,1659.6024096385543
16.97384426696226,83,137811,1660.3734939759036
16.973991150967777,83,137875,1661.144578313253
17.27036067377776,83,137909,1661.55421686747
17.27036067377776,83,137909,1661.55421686747
17.568385486956686,82,136274,1661.878048780488
17.568683153949678,82,136338,1662.658536585366
17.56889553880319,82,136402,1663.439024390244
17.569367130752653,82,136466,1664.219512195122
17.569595935754478,82,136530,1665.0
17.569787851069123,82,136594,1665.780487804878
17.56998003507033,82,136658,1666.560975609756
17.570188279729337,82,136722,1667.341463414634
17.570387565065175,82,136786,1668.121951219512
17.570570189971477,82,136850,1668.9024390243903
17.57075135409832,82,136914,1669.6829268292684
17.570954288821667,82,136978,1670.4634146341464
17.57115622377023,82,137042,1671.2439024390244
17.57134508807212,82,137106,1672.0243902439024
17.571543492842466,82,137170,1672.8048780487804
17.571723356842995,82,137234,1673.5853658536585
17.572568187955767,82,137298,1674.3658536585365
17.57276605302468,82,137362,1675.1463414634147
17.572941177058965,82,137426,1675.9268292682927
17.573128210846335,82,137490,1676.7073170731708
17.573318685870618,82,137554,1677.4878048780488
17.57352602109313,82,137618,1678.2682926829268
17.573708425741643,82,137682,1679.0487804878048
17.573889379855245,82,137746,1679.8292682926829
17.57407155400142,82,137810,1680.6097560975609
17.574252798687667,82,137874,1681.3902439024391
17.574449543841183,82,137938,1682.1707317073171
17.57462861808017,82,138002,1682.9512195121952
17.574815082829446,82,138066,1683.7317073170732
17.574995016679168,82,138130,1684.5121951219512
17.575187772046775,82,138194,1685.2926829268292
17.57544023776427,82,138258,1686.0731707317073
17.575656172819436,82,138322,1686.8536585365853
17.57585381809622,82,138386,1687.6341463414635
17.57604374177754,82,138450,1688.4146341463415
17.576256706845015,82,138514,1689.1951219512196
17.57644017180428,82,138578,1689.9756097560976
17.576636957004666,82,138642,1690.7560975609756
17.57681519072503,82,138706,1691.5365853658536
17.57700525596738,82,138770,1692.3170731707316
17.577206529676914,82,138834,1693.0975609756097
17.577397314831614,82,138898,1693.878048780488
17.577595819719136,82,138962,1694.658536585366
17.577787783928216,82,139026,1695.439024390244
17.577960488852113,82,139090,1696.219512195122
17.5781431728974,82,139154,1697.0
17.57832588767633,82,139218,1697.780487804878
17.57850409206003,82,139282,1698.560975609756
17.578898960724473,82,139346,1699.341463414634
17.579086795914918,82,139410,1700.121951219512
17.579809832852334,82,139474,1700.9024390243903
17.580023598857224,82,139538,1701.6829268292684
17.58022637385875,82,139602,1702.4634146341464
17.580416237935424,82,139666,1703.2439024390244
17.580592131707817,82,139730,1704.0243902439024
17.58079314697534,82,139794,1704.8048780487804
17.580987081862986,82,139858,1705.5853658536585
17.58117623673752,82,139922,1706.3658536585365
17.581359470728785,82,139986,1707.1463414634147
17.5815367246978,82,140050,1707.9268292682927
17.581733929924667,82,140114,1708.7073170731708
17.581903213635087,82,140178,1709.4878048780488
17.582076387945563,82,140242,1710.2682926829268
17.582263072952628,82,140306,1711.0487804878048
17.582464107777923,82,140370,1711.8292682926829
17.582645231857896,82,140434,1712.6097560975609
17.58282779669389,82,140498,1713.3902439024391
17.58282779669389,82,140498,1713.3902439024391
17.583070951979607,81,138833,1713.9876543209878
17.583261616993695,81,138897,1714.7777777777778
17.583461071830243,81,138961,1715.567901234568
17.583654345944524,81,139025,1716.358024691358
17.58384883077815,81,139089,1717.148148148148
17.584022604860365,81,139153,1717.9382716049383
17.584248480852693,81,139217,1718.7283950617284
17.58443957567215,81,139281,1719.5185185185185
17.584619299974293,81,139345,1720.3086419753085
17.584812273737043,81,139409,1721.0987654320988
17.584999728947878,81,139473,1721.888888888889
17.585202443879098,81,139537,1722.679012345679
17.58539856877178,81,139601,1723.469135802469
17.58559193275869,81,139665,1724.2592592592594
17.585746626835316,81,139729,1725.0493827160494
17.681198926642537,81,139742,1725.20987654321
17.681198926642537,81,139742,1725.20987654321
18.180707246996462,80,138064,1725.8
18.181340302806348,80,138128,1726.6
18.18183516478166,80,138192,1727.4
18.18254939187318,80,138256,1728.2
18.18297745194286,80,138320,1729.0
18.18333953106776,80,138384,1729.8
18.183693459723145,80,138448,1730.6
18.18405090784654,80,138512,1731.4
18.18442108668387,80,138576,1732.2
18.184754345100373,80,138640,1733.0
18.18513563508168,80,138704,1733.8
18.18558615492657,80,138768,1734.6
18.1859294436872,80,138832,1735.4
18.186288001947105,80,138896,1736.2
18.186654900666326,80,138960,1737.0
18.18697846867144,80,139024,1737.8
18.188494035974145,80,139088,1738.6
18.188847513869405,80,139152,1739.4
18.18917944189161,80,139216,1740.2
18.189511769916862,80,139280,1741.0
18.1898439778015,80,139344,1741.8
18.190232617780566,80,139408,1742.6
18.190572975669056,80,139472,1743.4
18.190898363944143,80,139536,1744.2
18.19123500166461,80,139600,1745.0
18.191554869990796,80,139664,1745.8
18.19190442794934,80,139728,1746.6
18.192233806010336,80,139792,1747.4
18.192548064049333,80,139856,1748.2
18.19287459179759,80,139920,1749.0
18.19321668986231,80,139984,1749.8
18.193565758876503,80,140048,1750.6
18.19391355663538,80,140112,1751.4
18.194275555666536,80,140176,1752.2
18.194603234063834,80,140240,1753.0
18.194947482086718,80,140304,1753.8
18.195290999952704,80,140368,1754.6
18.195638878736645,80,140432,1755.4
18.195966287050396,80,140496,1756.2
18.19632009509951,80,140560,1757.0
18.196671003941447,80,140624,1757.8
18.19700697204098,80,140688,1758.6
18.19738165102899,80,140752,1759.4
18.197735828813165,80,140816,1760.2
18.198063926771283,80,140880,1761.0
18.19839942501858,80,140944,1761.8
18.198722973000258,80,141008,1762.6
18.199050570838153,80,141072,1763.4
18.200080745853484,80,141136,1764.2
18.20044329483062,80,141200,1765.0
18.20077185286209,80,141264,1765.8
18.20113613177091,80,141328,1766.6
18.201490219682455,80,141392,1767.4
18.20181875769049,80,141456,1768.2
18.20214829593897,80,141520,1769.0
18.20251213479787,80,141584,1769.8
18.20286545297131,80,141648,1770.6
18.20319945178926,80,141712,1771.4
18.203517948742956,80,141776,1772.2
18.20383489690721,80,141840,1773.0
18.204241586849093,80,141904,1773.8
18.204634827096015,80,141968,1774.6
18.20496020372957,80,142032,1775.4
18.20532851293683,80,142096,1776.2
18.206265575718135,80,142160,1777.0
18.206660804804415,80,142224,1777.8
18.206979042850435,80,142288,1778.6
18.20735005196184,80,142352,1779.4
18.207693320699036,80,142416,1780.2
18.208055668976158,80,142480,1781.0
18.208399806637317,80,142544,1781.8
18.208770866971463,80,142608,1782.6
18.209095583762974,80,142672,1783.4
18.209430431947112,80,142736,1784.2
18.20978317083791,80,142800,1785.0
18.210144519805908,80,142864,1785.8
18.210474207997322,80,142928,1786.6
18.210817985702306,80,142992,1787.4
18.21118058497086,80,143056,1788.2
18.211464091669768,80,143120,1789.0
18.254559544846416,80,143129,1789.1125
18.254559544846416,80,143129,1789.1125
18.41621575783938,79,141353,1789.2784810126582
18.41621575783938,79,141353,1789.2784810126582
18.785235119983554,78,139598,1789.7179487179487
18.785742972046137,78,139662,1790.5384615384614
18.78606484970078,78,139726,1791.3589743589744
18.78635462699458,78,139790,1792.179487179487
18.786959511693567,78,139854,1793.0
18.787249078974128,78,139918,1793.820512820513
18.78753616567701,78,139982,1794.6410256410256
18.787833923008293,78,140046,1795.4615384615386
18.788131539709866,78,140110,1796.2820512820513
18.788393415976316,78,140174,1797.1025641025642
18.788665913045406,78,140238,1797.923076923077
18.788966059684753,78,140302,1798.7435897435898
18.789243367034942,78,140366,1799.5641025641025
18.789539913646877,78,140430,1800.3846153846155
18.78983783069998,78,140494,1801.2051282051282
18.79010829795152,78,140558,1802.025641025641
18.790805384982377,78,140622,1802.8461538461538
18.791078780777752,78,140686,1803.6666666666667
18.791344547644258,78,140750,1804.4871794871794
18.791609413921833,78,140814,1805.3076923076924
18.79187330091372,78,140878,1806.128205128205
18.792220049072057,78,140942,1806.948717948718
18.792505385819823,78,141006,1807.7692307692307
18.792728051077574,78,141070,1808.5897435897436
18.793020467739552,78,141134,1809.4102564102564
18.79332317598164,78,141198,1810.2307692307693
18.79366276366636,78,141262,1811.051282051282
18.794003911782056,78,141326,1811.871794871795
18.795180800836533,78,141390,1812.6923076923076
18.7954699578695,78,141454,1813.5128205128206
18.795747234020382,78,141518,1814.3333333333333
18.796030540950596,78,141582,1815.1538461538462
18.79633053764701,78,141646,1815.974358974359
18.796618496067822,78,141710,1816.7948717948718
18.796889781951904,78,141774,1817.6153846153845
18.7971932888031,78,141838,1818.4358974358975
18.797460835892707,78,141902,1819.2564102564102
18.797715111635625,78,141966,1820.076923076923
18.79799764882773,78,142030,1820.8974358974358
18.798269014805555,78,142094,1821.7179487179487
18.79855771176517,78,142158,1822.5384615384614
18.798841008916497,78,142222,1823.3589743589744
18.799135305918753,78,142286,1824.179487179487
18.799430812709033,78,142350,1825.0
18.799691789783537,78,142414,1825.820512820513
18.79994873609394,78,142478,1826.6410256410256
18.800221202895045,78,142542,1827.4615384615386
18.800485878717154,78,142606,1828.2820512820513
18.800768005661666,78,142670,1829.1025641025642
18.801025121938437,78,142734,1829.923076923077
18.801335598807782,78,142798,1830.7435897435898
18.80164136691019,78,142862,1831.5641025641025
18.801909303758293,78,142926,1832.3846153846155
18.80216406006366,78,142990,1833.2051282051282
18.802496198099107,78,143054,1834.025641025641
18.80283191567287,78,143118,1834.8461538461538
18.803139962721616,78,143182,1835.6666666666667
18.803436169866472,78,143246,1836.4871794871794
18.803782358765602,78,143310,1837.3076923076924
18.80406568571925,78,143374,1838.128205128205
18.804355842992663,78,143438,1838.948717948718
18.804652790073305,78,143502,1839.7692307692307
18.804940816946328,78,143566,1840.5897435897436
18.805250853765756,78,143630,1841.4102564102564
18.805789317004383,78,143694,1842.2307692307693
18.806094924919307,78,143758,1843.051282051282
18.806363211013377,78,143822,1843.871794871795
18.806649927981198,78,143886,1844.6923076923076
18.80691532464698,78,143950,1845.5128205128206
18.80722599197179,78,144014,1846.3333333333333
18.807488458696753,78,144078,1847.1538461538462
18.807749595027417,78,144142,1847.974358974359
18.8080091108568,78,144206,1848.7948717948718
18.808324919082224,78,144270,1849.6153846153845
18.808615766000003,78,144334,1850.4358974358975
18.80887756170705,78,144398,1851.2564102564102
18.809177758637816,78,144462,1852.076923076923
18.809407314751297,78,144526,1852.8974358974358
19.38631556974724,78,144590,1853.7179487179487
19.386892443988472,78,144654,1854.5384615384614
19.38724516192451,78,144718,1855.3589743589744
19.387533018831164,78,144782,1856.179487179487
19.387846146710217,78,144846,1857.0
19.38814172381535,78,144910,1857.820512820513
19.388445880729705,78,144974,1858.6410256410256
19.388748237863183,78,145038,1859.4615384615386
19.389377024024725,78,145102,1860.2820512820513
19.38965945970267,78,145166,1861.1025641025642
19.389933806844056,78,145230,1861.923076923077
19.3902943758294,78,145294,1862.7435897435898
19.390573412645608,78,145358,1863.5641025641025
19.390862248837948,78,145422,1864.3846153846155
19.391176817007363,78,145486,1865.2051282051282
19.39145701378584,78,145550,1866.025641025641
19.39229703368619,78,145614,1866.8461538461538
19.39258411107585,78,145678,1867.6666666666667
19.392848667688668,78,145742,1868.4871794871794
19.393124233931303,78,145806,1869.3076923076924
19.39340010099113,78,145870,1870.128205128205
19.39371494902298,78,145934,1870.948717948718
19.39400972565636,78,145998,1871.7692307692307
19.39430783269927,78,146062,1872.5897435897436
19.394538518041372,78,146126,1873.4102564102564
19.394826924894005,78,146190,1874.2307692307693
19.395188063848764,78,146254,1875.051282051282
19.39553911285475,78,146318,1875.871794871795
19.39584080968052,78,146382,1876.6923076923076
19.39622504869476,78,146446,1877.5128205128206
19.39653080701828,78,146510,1878.3333333333333
19.39683183375746,78,146574,1879.1538461538462
19.39714867202565,78,146638,1879.974358974359
19.3974540787749,78,146702,1880.7948717948718
19.397730725817382,78,146766,1881.6153846153845
19.398030852898955,78,146830,1882.4358974358975
19.39831598009914,78,146894,1883.2564102564102
19.398587375879288,78,146958,1884.076923076923
19.39888090407476,78,147022,1884.8974358974358
19.39916568994522,78,147086,1885.7179487179487
19.399459827691317,78,147150,1886.5384615384614
19.40031660767272,78,147214,1887.3589743589744
19.400623796042055,78,147278,1888.179487179487
19.400924112647772,78,147342,1889.0
19.401210259646177,78,147406,1889.820512820513
19.401487686671317,78,147470,1890.6410256410256
19.40175961283967,78,147534,1891.4615384615386
19.40203585010022,78,147598,1892.2820512820513
19.402337877079844,78,147662,1893.1025641025642
19.402605733834207,78,147726,1893.923076923077
19.402901080902666,78,147790,1894.7435897435898
19.403185337781906,78,147854,1895.5641025641025
19.403475665021688,78,147918,1896.3846153846155
19.403781001921743,78,147982,1897.2051282051282
19.40405860869214,78,148046,1898.025641025641
19.404420517850667,78,148110,1898.8461538461538
19.404722155071795,78,148174,1899.6666666666667
19.40503158280626,78,148238,1900.4871794871794
19.405388780869544,78,148302,1901.3076923076924
19.405687507707626,78,148366,1902.128205128205
19.405986655969173,78,148430,1902.948717948718
19.406308142933995,78,148494,1903.7692307692307
19.406606181059033,78,148558,1904.5897435897436
19.40690848790109,78,148622,1905.4102564102564
19.407193234656006,78,148686,1906.2307692307693
19.40751315187663,78,148750,1907.051282051282
19.407775348983705,78,148814,1907.871794871795
19.40807146579027,78,148878,1908.6923076923076
19.408354222774506,78,148942,1909.5128205128206
19.408657880034298,78,149006,1910.3333333333333
19.408922266680747,78,149070,1911.1538461538462
19.409196882974356,78,149134,1911.974358974359
19.409472829662263,78,149198,1912.7948717948718
19.409775597043335,78,149262,1913.6153846153845
19.410066093783826,78,149326,1914.4358974358975
19.41034307098016,78,149390,1915.2564102564102
19.410650867968798,78,149454,1916.076923076923
19.410991166718304,78,149518,1916.8974358974358
19.995505895931274,78,149582,1917.7179487179487
19.995871524792165,78,149646,1918.5384615384614
19.996068509761244,78,149710,1919.3589743589744
19.99627756467089,78,149774,1920.179487179487
19.996584491804242,78,149838,1921.0
19.996761335991323,78,149902,1921.820512820513
19.99693672079593,78,149966,1922.6410256410256
19.99712490476668,78,150030,1923.4615384615386
19.99730259971693,78,150094,1924.2820512820513
19.99746756395325,78,150158,1925.1025641025642
19.99763575801626,78,150222,1925.923076923077
19.997817961964756,78,150286,1926.7435897435898
19.99798251595348,78,150350,1927.5641025641025
19.998165189754218,78,150414,1928.3846153846155
19.99834275478497,78,150478,1929.2051282051282
19.998508678749204,78,150542,1930.025641025641
19.998993940651417,78,150606,1930.8461538461538
19.999199226032943,78,150670,1931.6666666666667
19.99936252972111,78,150734,1932.4871794871794
19.9995229030028,78,150798,1933.3076923076924
19.999688456766307,78,150862,1934.128205128205
19.99987554177642,78,150926,1934.948717948718
20.00003926595673,78,150990,1935.7692307692307
20.00021580979228,78,151054,1936.5897435897436
20.000382544007152,78,151118,1937.4102564102564
20.00054012797773,78,151182,1938.2307692307693
20.000716311857104,78,151246,1939.051282051282
20.000890615861863,78,151310,1939.871794871795
20.00105023989454,78,151374,1940.6923076923076
20.00124866468832,78,151438,1941.5128205128206
20.001411148812622,78,151502,1942.3333333333333
20.001586062833667,78,151566,1943.1538461538462
20.00175847671926,78,151630,1943.974358974359
20.001933461986482,78,151694,1944.7948717948718
20.00209567602724,78,151758,1945.6153846153845
20.002282669767737,78,151822,1946.4358974358975
20.002449464052916,78,151886,1947.2564102564102
20.00261171767488,78,151950,1948.076923076923
20.00278636207804,78,152014,1948.8974358974358
20.00295008579269,78,152078,1949.7179487179487
20.00313179101795,78,152142,1950.5384615384614
20.003306624945253,78,152206,1951.3589743589744
20.003478538710624,78,152270,1952.179487179487
20.00365914264694,78,152334,1953.0
20.003824166953564,78,152398,1953.820512820513
20.003981800749898,78,152462,1954.6410256410256
20.00415448565036,78,152526,1955.4615384615386
20.004322149790823,78,152590,1956.2820512820513
20.0047848909162,78,152654,1957.1025641025642
20.00495484471321,78,152718,1957.923076923077
20.005139889661223,78,152782,1958.7435897435898
20.005307633895427,78,152846,1959.5641025641025
20.00546594709158,78,152910,1960.3846153846155
20.005627871025354,78,152974,1961.2051282051282
20.005801194813102,78,153038,1962.025641025641
20.00597126968205,78,153102,1962.8461538461538
20.006139633711427,78,153166,1963.6666666666667
20.00630109803751,78,153230,1964.4871794871794
20.006475121714175,78,153294,1965.3076923076924
20.006631274707615,78,153358,1966.128205128205
20.0067879287526,78,153422,1966.948717948718
20.006960162892938,78,153486,1967.7692307692307
20.007142257876694,78,153550,1968.5897435897436
20.00731941172853,78,153614,1969.4102564102564
20.0074816159904,78,153678,1970.2307692307693
20.007658219896257,78,153742,1971.051282051282
20.00781165389344,78,153806,1971.871794871795
20.007988467812538,78,153870,1972.6923076923076
20.008160423021764,78,153934,1973.5128205128206
20.008342746645212,78,153998,1974.3333333333333
20.00850029103458,78,154062,1975.1538461538462
20.008662414737046,78,154126,1975.974358974359
20.00882165879011,78,154190,1976.7948717948718
20.008998143021017,78,154254,1977.6153846153845
20.009182686917484,78,154318,1978.4358974358975
20.00934782065451,78,154382,1979.2564102564102
20.009520835708827,78,154446,1980.076923076923
20.081111087929457,78,154510,1980.8974358974358
20.18723442684859,78,154523,1981.0641025641025
20.18723442684859,78,154523,1981.0641025641025
20.590291674714535,77,152580,1981.5584415584415
20.590291674714535,77,152580,1981.5584415584415
20.6837288569659,76,150604,1981.6315789473683
20.684237808920443,76,150668,1982.4736842105262
20.684624718967825,76,150732,1983.3157894736842
20.685159240849316,76,150796,1984.157894736842
20.68550736969337,76,150860,1985.0
20.685804476961493,76,150924,1985.842105263158
20.68611418409273,76,150988,1986.6842105263158
20.686447112821043,76,151052,1987.5263157894738
20.68675994966179,76,151116,1988.3684210526317
20.687054817099124,76,151180,1989.2105263157894
20.687353293877095,76,151244,1990.0526315789473
20.687685041688383,76,151308,1990.8947368421052
20.68797516869381,76,151372,1991.7368421052631
20.688302896916866,76,151436,1992.578947368421
20.68862112471834,76,151500,1993.421052631579
20.68890882190317,76,151564,1994.2631578947369
20.690101940650493,76,151628,1995.1052631578948
20.69047352997586,76,151692,1995.9473684210527
20.69076708704233,76,151756,1996.7894736842106
20.691039904020727,76,151820,1997.6315789473683
20.69133239099756,76,151884,1998.4736842105262
20.691663688980043,76,151948,1999.3157894736842
20.692022778093815,76,152012,2000.157894736842
20.69232926471159,76,152076,2001.0
20.69259819202125,76,152140,2001.842105263158
20.692925048992038,76,152204,2002.6842105263158
20.693248136900365,76,152268,2003.5263157894738
20.69362190598622,76,152332,2004.3684210526317
20.693936394061893,76,152396,2005.2105263157894
20.694333374034613,76,152460,2006.0526315789473
20.694649180863053,76,152524,2006.8947368421052
20.6949627189897,76,152588,2007.7368421052631
20.695292117074132,76,152652,2008.578947368421
20.695611493662,76,152716,2009.421052631579
20.69590110098943,76,152780,2010.2631578947369
20.696229299064726,76,152844,2011.1052631578948
20.69651981582865,76,152908,2011.9473684210527
20.696808722801507,76,152972,2012.7894736842106
20.69709780998528,76,153036,2013.6315789473683
20.6974209677428,76,153100,2014.4736842105262
20.697737195994705,76,153164,2015.3157894736842
20.698056772816926,76,153228,2016.157894736842
20.698377571068704,76,153292,2017.0
20.698694198857993,76,153356,2017.842105263158
20.698978205677122,76,153420,2018.6842105263158
20.699269022792578,76,153484,2019.5263157894738
20.699560429900885,76,153548,2020.3684210526317
20.699853336904198,76,153612,2021.2105263157894
20.70017092488706,76,153676,2022.0526315789473
20.700455981772393,76,153740,2022.8947368421052
20.700770389754325,76,153804,2023.7368421052631
20.70105996588245,76,153868,2024.578947368421
20.701375083997846,76,153932,2025.421052631579
20.701681351754814,76,153996,2026.2631578947369
20.702018819749355,76,154060,2027.1052631578948
20.70234917802736,76,154124,2027.9473684210527
20.702671895734966,76,154188,2028.7894736842106
20.703039133921266,76,154252,2029.6315789473683
20.70336847193539,76,154316,2030.4736842105262
20.703695779666305,76,154380,2031.3157894736842
20.704022757709026,76,154444,2032.157894736842
20.704330655746162,76,154508,2033.0
20.70464830286801,76,154572,2033.842105263158
20.70496186101809,76,154636,2034.6842105263158
20.70560265565291,76,154700,2035.5263157894738
20.705893232952803,76,154764,2036.3684210526317
20.70621534064412,76,154828,2037.2105263157894
20.706510677933693,76,154892,2038.0526315789473
20.70683007594198,76,154956,2038.8947368421052
20.707114363089204,76,155020,2039.7368421052631
20.707407630048692,76,155084,2040.578947368421
20.70772506808862,76,155148,2041.421052631579
20.708042514976114,76,155212,2042.2631578947369
20.708342362660915,76,155276,2043.1052631578948
20.70865648984909,76,155340,2043.9473684210527
20.709074969869107,76,155404,2044.7894736842106
20.85397275770083,76,155423,2045.0394736842106
20.85397275770083,76,155423,2045.0394736842106
20.872754072770476,75,153376,2045.0133333333333
20.872754072770476,75,153376,2045.0133333333333
21.285309129860252,74,151370,2045.5405405405406
21.285830532666296,74,151434,2046.4054054054054
21.28623827267438,74,151498,2047.2702702702702
21.28675745567307,74,151562,2048.135135135135
21.28710905369371,74,151626,2049.0
21.287430591881275,74,151690,2049.864864864865
21.287748779635876,74,151754,2050.7297297297296
21.288081876933575,74,151818,2051.5945945945946
21.288422245997936,74,151882,2052.4594594594596
21.288714642636478,74,151946,2053.324324324324
21.28901661001146,74,152010,2054.189189189189
21.28935874765739,74,152074,2055.054054054054
21.28965825587511,74,152138,2055.9189189189187
21.289969892706722,74,152202,2056.7837837837837
21.290308671072125,74,152266,2057.6486486486488
21.29060603864491,74,152330,2058.5135135135133
21.291785636916757,74,152394,2059.3783783783783
21.29214238608256,74,152458,2060.2432432432433
21.292478573974222,74,152522,2061.108108108108
21.292777630966157,74,152586,2061.972972972973
21.293057617731392,74,152650,2062.837837837838
21.29335955483839,74,152714,2063.7027027027025
21.293714543804526,74,152778,2064.5675675675675
21.29401178099215,74,152842,2065.4324324324325
21.294335038866848,74,152906,2066.2972972972975
21.29467101674527,74,152970,2067.162162162162
21.295005314983428,74,153034,2068.027027027027
21.295338293071836,74,153098,2068.891891891892
21.295714461710304,74,153162,2069.7567567567567
21.29604515992105,74,153226,2070.6216216216217
21.296410059090704,74,153290,2071.4864864864867
21.296724776737392,74,153354,2072.3513513513512
21.297040113713592,74,153418,2073.2162162162163
21.297351642046124,74,153482,2074.0810810810813
21.297684649936855,74,153546,2074.945945945946
21.297980326693505,74,153610,2075.810810810811
21.298279673792422,74,153674,2076.675675675676
21.298572921659797,74,153738,2077.5405405405404
21.298867729026824,74,153802,2078.4054054054054
21.29920360678807,74,153866,2079.2702702702704
21.299529384821653,74,153930,2080.135135135135
21.299846411682665,74,153994,2081.0
21.300190700683743,74,154058,2081.864864864865
21.300514648668468,74,154122,2082.7297297297296
21.300808055792004,74,154186,2083.5945945945946
21.301143903750926,74,154250,2084.4594594594596
21.30143999075517,74,154314,2085.324324324324
21.301732378080487,74,154378,2086.189189189189
21.30205662595108,74,154442,2087.054054054054
21.302398543804884,74,154506,2087.9189189189187
21.30269347084686,74,154570,2088.7837837837837
21.303014198783785,74,154634,2089.6486486486488
21.303321425803006,74,154698,2090.5135135135133
21.303620353806764,74,154762,2091.3783783783783
21.30398106202483,74,154826,2092.2432432432433
21.30431350087747,74,154890,2093.108108108108
21.30468897894025,74,154954,2093.972972972973
21.305021638050675,74,155018,2094.837837837838
21.305423576850444,74,155082,2095.7027027027025
21.30572399497032,74,155146,2096.5675675675675
21.306018251925707,74,155210,2097.4324324324325
21.306334358640015,74,155274,2098.2972972972975
21.306660966947675,74,155338,2099.162162162162
21.306983914691955,74,155402,2100.027027027027
21.3076239307411,74,155466,2100.891891891892
21.307920707855374,74,155530,2101.7567567567567
21.308226495049894,74,155594,2102.6216216216217
21.308558092918247,74,155658,2103.4864864864867
21.308848009910434,74,155722,2104.3513513513512
21.30914183706045,74,155786,2105.2162162162163
21.309459845069796,74,155850,2106.0810810810813
21.30974705191329,74,155914,2106.945945945946
21.310067940037698,74,155978,2107.810810810811
21.31047764979303,74,156042,2108.675675675676
21.892470109742135,74,156106,2109.5405405405404
21.892990642692894,74,156170,2110.4054054054054
21.89328018995002,74,156234,2111.2702702702704
21.89352112589404,74,156298,2112.135135135135
21.893792641814798,74,156362,2113.0
21.89402902778238,74,156426,2113.864864864865
21.894283883739263,74,156490,2114.7297297297296
21.894531480036676,74,156554,2115.5945945945946
21.89494598004967,74,156618,2116.4594594594596
21.89518572576344,74,156682,2117.324324324324
21.89541128091514,74,156746,2118.189189189189
21.895658026915044,74,156810,2119.054054054054
21.895880282856524,74,156874,2119.9189189189187
21.896126468665898,74,156938,2120.7837837837837
21.89637173479423,74,157002,2121.6486486486488
21.896593189798295,74,157066,2122.5135135135133
21.8970847716555,74,157130,2123.3783783783783
21.897344457916915,74,157194,2124.2432432432433
21.897582483943552,74,157258,2125.108108108108
21.897802128922194,74,157322,2125.972972972973
21.89800948370248,74,157386,2126.837837837838
21.898247220087796,74,157450,2127.7027027027025
21.898485756013542,74,157514,2128.5675675675675
21.898736841976643,74,157578,2129.4324324324325
21.898953977040946,74,157642,2130.2972972972975
21.899183962959796,74,157706,2131.162162162162
21.89941013790667,74,157770,2132.027027027027
21.89962228294462,74,157834,2132.891891891892
21.899857878684998,74,157898,2133.7567567567567
21.900070373900235,74,157962,2134.6216216216217
21.90033377101645,74,158026,2135.4864864864867
21.900552925653756,74,158090,2136.3513513513512
21.90108184888959,74,158154,2137.2162162162163
21.90133925480768,74,158218,2138.0810810810813
21.90158168086782,74,158282,2138.945945945946
21.90180082572624,74,158346,2139.810810810811
21.902019730769098,74,158410,2140.675675675676
21.902246116660535,74,158474,2141.5405405405404
21.902463601902127,74,158538,2142.4054054054054
21.902695587836206,74,158602,2143.2702702702704
21.90293768281117,74,158666,2144.135135135135
21.903175408951938,74,158730,2145.0
21.90341490507126,74,158794,2145.864864864865
21.903651220723987,74,158858,2146.7297297297296
21.90386699605733,74,158922,2147.5945945945946
21.904104381799698,74,158986,2148.4594594594596
21.904338556807488,74,159050,2149.324324324324
21.904558542650193,74,159114,2150.189189189189
21.905131086707115,74,159178,2151.054054054054
21.905388112645596,74,159242,2151.9189189189187
21.905613167677075,74,159306,2152.7837837837837
21.905835424084216,74,159370,2153.6486486486488
21.906046309042722,74,159434,2154.5135135135133
21.9062747140415,74,159498,2155.3783783783783
21.906502089928836,74,159562,2156.2432432432433
21.906718284823,74,159626,2157.108108108108
21.90695418091491,74,159690,2157.972972972973
21.907179845962673,74,159754,2158.837837837838
21.943182887975127,74,159818,2159.7027027027025
21.943433093838394,74,159882,2160.5675675675675
21.943653008900583,74,159946,2161.4324324324325
21.996433856897056,74,160010,2162.2972972972975
21.996904968749732,74,160074,2163.162162162162
21.99735133908689,74,160138,2164.027027027027
21.997776509728283,74,160202,2164.891891891892
21.998164468910545,74,160266,2165.7567567567567
21.99854132765904,74,160330,2166.6216216216217
21.99892743770033,74,160394,2167.4864864864867
21.999335846863687,74,160458,2168.3513513513512
21.999706505797803,74,160522,2169.2162162162163
22.00015709688887,74,160586,2170.0810810810813
22.000540697015822,74,160650,2170.945945945946
22.000923695974052,74,160714,2171.810810810811
22.001404626760632,74,160778,2172.675675675676
22.207735612988472,74,160804,2173.027027027027
22.207735612988472,74,160804,2173.027027027027
22.21692246478051,73,158628,2172.986301369863
22.21692246478051,73,158628,2172.986301369863
22.57700357399881,72,156488,2173.4444444444443
22.577463245019317,72,156552,2174.3333333333335
22.57773648109287,72,156616,2175.222222222222
22.578163071069866,72,156680,2176.1111111111113
22.57842893805355,72,156744,2177.0
22.578685143962502,72,156808,2177.8888888888887
22.57892026985064,72,156872,2178.777777777778
22.579173645935953,72,156936,2179.6666666666665
22.57941740192473,72,157000,2180.5555555555557
22.57965357787907,72,157064,2181.4444444444443
22.57988559268415,72,157128,2182.3333333333335
22.580156679730862,72,157192,2183.222222222222
22.580395315773785,72,157256,2184.1111111111113
22.580632970668375,72,157320,2185.0
22.580873887054622,72,157384,2185.8888888888887
22.58109598280862,72,157448,2186.777777777778
22.58177869906649,72,157512,2187.6666666666665
22.582032274920493,72,157576,2188.5555555555557
22.582274951040745,72,157640,2189.4444444444443
22.582519836723804,72,157704,2190.3333333333335
22.582751153036952,72,157768,2191.222222222222
22.582961488049477,72,157832,2192.1111111111113
22.583192532882094,72,157896,2193.0
22.583449699915946,72,157960,2193.8888888888887
22.58367795497179,72,158024,2194.777777777778
22.583905780687928,72,158088,2195.6666666666665
22.584136035759002,72,158152,2196.5555555555557
22.584356101695448,72,158216,2197.4444444444443
22.58463134802878,72,158280,2198.3333333333335
22.584874514024705,72,158344,2199.222222222222
22.585146700963378,72,158408,2200.1111111111113
22.58537777606398,72,158472,2201.0
22.585607571993023,72,158536,2201.8888888888887
22.585878317710012,72,158600,2202.777777777778
22.58616423467174,72,158664,2203.6666666666665
22.586403330788016,72,158728,2204.5555555555557
22.58662510709837,72,158792,2205.4444444444443
22.586843921802938,72,158856,2206.3333333333335
22.58708187798038,72,158920,2207.222222222222
22.58733862405643,72,158984,2208.1111111111113
22.587572449818254,72,159048,2209.0
22.58780872495845,72,159112,2209.8888888888887
22.588056230917573,72,159176,2210.777777777778
22.58828881708905,72,159240,2211.6666666666665
22.588527452666312,72,159304,2212.5555555555557
22.588754737749696,72,159368,2213.4444444444443
22.58900016406551,72,159432,2214.3333333333335
22.589235889725387,72,159496,2215.222222222222
22.58981658378616,72,159560,2216.1111111111113
22.59007899975404,72,159624,2217.0
22.590325836092234,72,159688,2217.8888888888887
22.59054984198883,72,159752,2218.777777777778
22.59078067680821,72,159816,2219.6666666666665
22.590999121777713,72,159880,2220.5555555555557
22.591254227794707,72,159944,2221.4444444444443
22.59148258389905,72,160008,2222.3333333333335
22.591724449768662,72,160072,2223.222222222222
22.59194207470864,72,160136,2224.1111111111113
22.592172861099243,72,160200,2225.0
22.592394965700805,72,160264,2225.8888888888887
22.592630521859974,72,160328,2226.777777777778
22.592856917064637,72,160392,2227.6666666666665
22.593097073026,72,160456,2228.5555555555557
22.593345538713038,72,160520,2229.4444444444443
22.593584574759007,72,160584,2230.3333333333335
22.593819320667535,72,160648,2231.222222222222
22.59409794677049,72,160712,2232.1111111111113
22.594338392838836,72,160776,2233.0
22.594563448801637,72,160840,2233.8888888888887
22.594805635046214,72,160904,2234.777777777778
22.595050279982388,72,160968,2235.6666666666665
22.595323756802827,72,161032,2236.5555555555557
22.63424950884655,72,161039,2236.652777777778
22.63424950884655,72,161039,2236.652777777778
23.18130380474031,71,158855,2237.394366197183
23.181822837796062,71,158919,2238.2957746478874
23.182112733833492,71,158983,2239.1971830985917
23.182378041092306,71,159047,2240.0985915492956
23.18264555791393,71,159111,2241.0
23.18290535407141,71,159175,2241.9014084507044
23.183166729751974,71,159239,2242.8028169014083
23.183628811035305,71,159303,2243.7042253521126
23.18389143794775,71,159367,2244.605633802817
23.184140244033188,71,159431,2245.507042253521
23.184379648882896,71,159495,2246.4084507042253
23.18465046584606,71,159559,2247.3098591549297
23.18488004198298,71,159623,2248.211267605634
23.185138578061014,71,159687,2249.112676056338
23.185387033969164,71,159751,2250.0140845070423
23.185616878792644,71,159815,2250.9154929577467
23.18612566171214,71,159879,2251.8169014084506
23.186388347763568,71,159943,2252.718309859155
23.186622343957424,71,160007,2253.6197183098593
23.18686784990132,71,160071,2254.521126760563
23.187097365036607,71,160135,2255.4225352112676
23.187327900901437,71,160199,2256.323943661972
23.187554486095905,71,160263,2257.225352112676
23.187808451708406,71,160327,2258.1267605633802
23.18803735775873,71,160391,2259.0281690140846
23.188281964045018,71,160455,2259.9295774647885
23.188531119842082,71,160519,2260.830985915493
23.188756715040654,71,160583,2261.7323943661972
23.189002360682935,71,160647,2262.6338028169016
23.189238806720823,71,160711,2263.5352112676055
23.18954257387668,71,160775,2264.43661971831
23.189804431051016,71,160839,2265.3380281690143
23.19034692365676,71,160903,2266.239436619718
23.190588309895247,71,160967,2267.1408450704225
23.190863016992807,71,161031,2268.042253521127
23.19110146164894,71,161095,2268.943661971831
23.191344717983156,71,161159,2269.845070422535
23.191568713635206,71,161223,2270.7464788732395
23.19181038904935,71,161287,2271.6478873239435
23.192057555075735,71,161351,2272.549295774648
23.192300140857697,71,161415,2273.450704225352
23.192547076847404,71,161479,2274.3521126760565
23.192796812858433,71,161543,2275.2535211267605
23.193018458783627,71,161607,2276.154929577465
23.193266874644905,71,161671,2277.056338028169
23.193497200030833,71,161735,2277.957746478873
23.193755567073822,71,161799,2278.8591549295775
23.193996211979538,71,161863,2279.760563380282
23.194518445059657,71,161927,2280.6619718309857
23.19477554084733,71,161991,2281.56338028169
23.195099148899317,71,162055,2282.4647887323945
23.1955454996787,71,162119,2283.3661971830984
23.195819256827235,71,162183,2284.2676056338028
23.19604950165376,71,162247,2285.169014084507
23.196290807798505,71,162311,2286.0704225352115
23.196548613719642,71,162375,2286.9718309859154
23.196768539957702,71,162439,2287.8732394366198
23.196989704854786,71,162503,2288.774647887324
23.197224160656333,71,162567,2289.676056338028
23.197450865991414,71,162631,2290.5774647887324
23.19769131205976,71,162695,2291.478873239437
23.19791762670502,71,162759,2292.3802816901407
23.198181283660233,71,162823,2293.281690140845
23.19842732977122,71,162887,2294.1830985915494
23.198671125806868,71,162951,2295.0845070422533
23.198891811072826,71,163015,2295.9859154929577
23.199149946682155,71,163079,2296.887323943662
23.199378862977028,71,163143,2297.788732394366
23.19962696870789,71,163207,2298.6901408450703
23.199860935099423,71,163271,2299.5915492957747
23.20022584265098,71,163335,2300.492957746479
23.826547869015485,71,163394,2301.323943661972
23.826547869015485,71,163394,2301.323943661972
23.882204585708678,70,161094,2301.342857142857
23.88261800678447,70,161158,2302.2571428571428
23.882900782860816,70,161222,2303.1714285714284
23.8833324839361,70,161286,2304.0857142857144
23.883607950992882,70,161350,2305.0
23.883881326764822,70,161414,2305.9142857142856
23.88414424378425,70,161478,2306.8285714285716
23.88440500991419,70,161542,2307.7428571428572
23.88465795572847,70,161606,2308.657142857143
23.88489546207711,70,161670,2309.5714285714284
23.88514369772747,70,161734,2310.4857142857145
23.88541181385517,70,161798,2311.4
23.885651449672878,70,161862,2312.3142857142857
23.88589765597135,70,161926,2313.2285714285713
23.886157191824168,70,161990,2314.1428571428573
23.88641382800415,70,162054,2315.057142857143
23.88714556582272,70,162118,2315.9714285714285
23.887589327059686,70,162182,2316.885714285714
23.88798164576292,70,162246,2317.8
23.888272063806653,70,162310,2318.714285714286
23.888519289903343,70,162374,2319.6285714285714
23.88874256471172,70,162438,2320.542857142857
23.888972949702293,70,162502,2321.457142857143
23.889250796753913,70,162566,2322.3714285714286
23.88949081301689,70,162630,2323.285714285714
23.88972628908232,70,162694,2324.2
23.889959123916924,70,162758,2325.114285714286
23.890197630040348,70,162822,2326.0285714285715
23.89045456564054,70,162886,2326.942857142857
23.890684521757066,70,162950,2327.8571428571427
23.890950597822666,70,163014,2328.7714285714287
23.891193783842027,70,163078,2329.6857142857143
23.89143772982061,70,163142,2330.6
23.891671215649694,70,163206,2331.5142857142855
23.89192313188687,70,163270,2332.4285714285716
23.892167987767607,70,163334,2333.342857142857
23.892400132957846,70,163398,2334.2571428571428
23.892634268850088,70,163462,2335.1714285714284
23.892882234882563,70,163526,2336.0857142857144
23.893146350979805,70,163590,2337.0
23.893389647826552,70,163654,2337.9142857142856
23.89363542292267,70,163718,2338.8285714285716
23.893893939908594,70,163782,2339.7428571428572
23.894135574810207,70,163846,2340.657142857143
23.894383911974728,70,163910,2341.5714285714284
23.894616646692157,70,163974,2342.4857142857145
23.89487001299858,70,164038,2343.4
23.895108128897846,70,164102,2344.3142857142857
23.89569026278332,70,164166,2345.2285714285713
23.895955309737474,70,164230,2346.1428571428573
23.89620547601953,70,164294,2347.057142857143
23.896445570979267,70,164358,2347.9714285714285
23.896690296940506,70,164422,2348.885714285714
23.8969193729572,70,164486,2349.8
23.89715775894001,70,164550,2350.714285714286
23.897413515020162,70,164614,2351.6285714285714
23.8976399297826,70,164678,2352.542857142857
23.897862886078656,70,164742,2353.457142857143
23.89810541085899,70,164806,2354.3714285714286
23.89834894798696,70,164870,2355.285714285714
23.898595334030688,70,164934,2356.2
23.89882630901411,70,164998,2357.114285714286
23.899074845016003,70,165062,2358.0285714285715
23.899341380689293,70,165126,2358.942857142857
23.899592037778348,70,165190,2359.8571428571427
23.899817273020744,70,165254,2360.7714285714287
23.90006811870262,70,165318,2361.6857142857143
23.900309474673122,70,165382,2362.6
23.900549220852554,70,165446,2363.5142857142855
23.90076200570911,70,165510,2364.4285714285716
24.48941945983097,70,165574,2365.342857142857
24.489912352059036,70,165638,2366.2571428571428
24.49022191995755,70,165702,2367.1714285714284
24.490488056093454,70,165766,2368.0857142857144
24.490757901687175,70,165830,2369.0
24.491040588822216,70,165894,2369.9142857142856
24.49131999583915,70,165958,2370.8285714285716
24.491771816741675,70,166022,2371.7428571428572
24.492044393904507,70,166086,2372.657142857143
24.492300239857286,70,166150,2373.5714285714284
24.492546746041626,70,166214,2374.4857142857145
24.492815922014415,70,166278,2375.4
24.49305735807866,70,166342,2376.3142857142857
24.49332317477092,70,166406,2377.2285714285713
24.493587500881404,70,166470,2378.1428571428573
24.493825466837734,70,166534,2379.057142857143
24.494332388974726,70,166598,2379.9714285714285
24.49460410606116,70,166662,2380.885714285714
24.494843480642885,70,166726,2381.8
24.495098568033427,70,166790,2382.714285714286
24.4953544838354,70,166854,2383.6285714285714
24.49557761894539,70,166918,2384.542857142857
24.495817685034126,70,166982,2385.457142857143
24.496084311045706,70,167046,2386.3714285714286
24.496333728078753,70,167110,2387.285714285714
24.49657572293654,70,167174,2388.2
24.49680982902646,70,167238,2389.114285714286
24.49703505402431,70,167302,2390.0285714285715
24.497302090749145,70,167366,2390.942857142857
24.497536326758564,70,167430,2391.8571428571427
24.497807352803648,70,167494,2392.7714285714287
24.498045769054443,70,167558,2393.6857142857143
24.4985523307696,70,167622,2394.6
24.49879959691316,70,167686,2395.5142857142855
24.499062723945826,70,167750,2396.4285714285716
24.499317249748856,70,167814,2397.342857142857
24.49955655494705,70,167878,2398.2571428571428
24.499790250789374,70,167942,2399.1714285714284
24.500045076943934,70,168006,2400.0857142857144
24.50031751394272,70,168070,2401.0
24.50059166084975,70,168134,2401.9142857142856
24.500841957051307,70,168198,2402.8285714285716
24.501100352965295,70,168262,2403.7428571428572
24.501365748699754,70,168326,2404.657142857143
24.50161907589063,70,168390,2405.5714285714284
24.501859440933913,70,168454,2406.4857142857145
24.502125307917595,70,168518,2407.4
24.50237000407651,70,168582,2408.3142857142857
24.502883695997298,70,168646,2409.2285714285713
24.503164072986692,70,168710,2410.1428571428573
24.503410348668694,70,168774,2411.057142857143
24.50365050509572,70,168838,2411.9714285714285
24.503894180990756,70,168902,2412.885714285714
24.50414091674611,70,168966,2413.8
24.504376641940325,70,169030,2414.714285714286
24.504635608755052,70,169094,2415.6285714285714
24.50486661400646,70,169158,2416.542857142857
24.50510151963681,70,169222,2417.457142857143
24.505349955987185,70,169286,2418.3714285714286
24.505587501917034,70,169350,2419.285714285714
24.505836247932166,70,169414,2420.2
24.506073283962905,70,169478,2421.114285714286
24.50633997982368,70,169542,2422.0285714285715
24.50659212609753,70,169606,2422.942857142857
24.506860272027552,70,169670,2423.8571428571427
24.50708873802796,70,169734,2424.7714285714287
24.50735749490559,70,169798,2425.6857142857143
24.507591370027512,70,169862,2426.6
24.50782760605216,70,169926,2427.5142857142855
24.508108442649245,70,169990,2428.4285714285716
24.784606107976288,70,170022,2428.885714285714
24.784606107976288,70,170022,2428.885714285714
25.10574414487928,69,167621,2429.289855072464
25.1062977979891,69,167685,2430.217391304348
25.10661161597818,69,167749,2431.144927536232
25.106872481759638,69,167813,2432.072463768116
25.107171539682895,69,167877,2433.0
25.10745865572244,69,167941,2433.927536231884
25.10771867306903,69,168005,2434.855072463768
25.108178433962166,69,168069,2435.782608695652
25.10846004076302,69,168133,2436.710144927536
25.108745026867837,69,168197,2437.6376811594205
25.10900400392711,69,168261,2438.5652173913045
25.109296260867268,69,168325,2439.4927536231885
25.10954839689657,69,168389,2440.4202898550725
25.109848643653095,69,168453,2441.3478260869565
25.110134470742196,69,168517,2442.2753623188405
25.110388027038425,69,168581,2443.2028985507245
25.11093729082495,69,168645,2444.1304347826085
25.111228568013757,69,168709,2445.057971014493
25.111483694054186,69,168773,2445.985507246377
25.111748779658228,69,168837,2446.913043478261
25.112021896988153,69,168901,2447.840579710145
25.112301304005086,69,168965,2448.768115942029
25.112536458764225,69,169029,2449.695652173913
25.112804025877267,69,169093,2450.623188405797
25.113048581872135,69,169157,2451.550724637681
25.113301527686417,69,169221,2452.478260869565
25.113544473890215,69,169285,2453.4057971014495
25.113776728976518,69,169349,2454.3333333333335
25.114038075786084,69,169413,2455.2608695652175
25.114284691866487,69,169477,2456.1884057971015
25.114563927985728,69,169541,2457.1159420289855
25.11480557406321,69,169605,2458.0434782608695
25.115349726751447,69,169669,2458.9710144927535
25.11560263391584,69,169733,2459.8985507246375
25.115864099934697,69,169797,2460.8260869565215
25.11610596580431,69,169861,2461.753623188406
25.116358431987464,69,169925,2462.68115942029
25.11659666802734,69,169989,2463.608695652174
25.11685498384759,69,170053,2464.536231884058
25.117124821059406,69,170117,2465.463768115942
25.117402836680412,69,170181,2466.391304347826
25.11767063383013,69,170245,2467.31884057971
25.11791033996269,69,170309,2468.246376811594
25.118199686985463,69,170373,2469.1739130434785
25.118459502700716,69,170437,2470.1014492753625
25.11870395904407,69,170501,2471.0289855072465
25.11896705487743,69,170565,2471.9565217391305
25.119225841015577,69,170629,2472.8840579710145
25.119481387082487,69,170693,2473.8115942028985
25.119746023789048,69,170757,2474.7391304347825
25.119989410042763,69,170821,2475.6666666666665
25.12024012580514,69,170885,2476.5942028985505
25.12047342164442,69,170949,2477.521739130435
25.120924141723663,69,171013,2478.449275362319
25.121207508724183,69,171077,2479.376811594203
25.12145148497075,69,171141,2480.304347826087
25.121688961051404,69,171205,2481.231884057971
25.121926156803966,69,171269,2482.159420289855
25.12217102292925,69,171333,2483.086956521739
25.12241064896807,69,171397,2484.014492753623
25.122662774752825,69,171461,2484.942028985507
25.12290162080899,69,171525,2485.8695652173915
25.123170186765492,69,171589,2486.7971014492755
25.12343063298613,69,171653,2487.7246376811595
25.123693599831313,69,171717,2488.6521739130435
25.123936785850674,69,171781,2489.5797101449275
25.124211221933365,69,171845,2490.5072463768115
25.124459957703948,69,171909,2491.4347826086955
25.124811796937138,69,171973,2492.3623188405795
25.668615175876766,69,172033,2493.231884057971
25.668615175876766,69,172033,2493.231884057971
25.687539003789425,68,169538,2493.205882352941
25.687539003789425,68,169538,2493.205882352941
25.714891667012125,67,167043,2493.179104477612
25.715320076793432,67,167107,2494.134328358209
25.715802879072726,67,167171,2495.089552238806
25.71607355494052,67,167235,2496.044776119403
25.71637672185898,67,167299,2497.0
25.716659469064325,67,167363,2497.955223880597
25.716924445703626,67,167427,2498.910447761194
25.71720521291718,67,167491,2499.865671641791
25.717481628991663,67,167555,2500.820895522388
25.717748465947807,67,167619,2501.776119402985
25.71802349295467,67,167683,2502.731343283582
25.718314779922366,67,167747,2503.686567164179
25.718589135911316,67,167811,2504.6417910447763
25.718859293032438,67,167875,2505.597014925373
25.719142669811845,67,167939,2506.5522388059703
25.719399945810437,67,168003,2507.507462686567
25.720200314652175,67,168067,2508.4626865671644
25.72048524208367,67,168131,2509.417910447761
25.720739007927477,67,168195,2510.373134328358
25.721010464709252,67,168259,2511.3283582089553
25.721277420874685,67,168323,2512.283582089552
25.721531617920846,67,168387,2513.2388059701493
25.72176670283079,67,168451,2514.194029850746
25.72203822992742,67,168515,2515.1492537313434
25.722296976018697,67,168579,2516.10447761194
25.722548201680183,67,168643,2517.0597014925374
25.72279577795416,67,168707,2518.0149253731342
25.72303472366184,67,168771,2518.9701492537315
25.72331428108737,67,168835,2519.9253731343283
25.72356139589101,67,168899,2520.8805970149256
25.723849033936858,67,168963,2521.8358208955224
25.724095488898456,67,169027,2522.791044776119
25.72436236590147,67,169091,2523.7462686567164
25.724613341968507,67,169155,2524.7014925373132
25.724880319088697,67,169219,2525.6567164179105
25.7251358050853,67,169283,2526.6119402985073
25.725388111080974,67,169347,2527.5671641791046
25.725629257038236,67,169411,2528.5223880597014
25.725892352871597,67,169475,2529.4776119402986
25.726165589876473,67,169539,2530.4328358208954
25.72645128564909,67,169603,2531.3880597014927
25.726723012980074,67,169667,2532.3432835820895
25.72698380984366,67,169731,2533.2985074626868
25.727253715973347,67,169795,2534.2537313432836
25.727502902038395,67,169859,2535.208955223881
25.72774861799553,67,169923,2536.1641791044776
25.72801377484575,67,169987,2537.1194029850744
25.728271500673145,67,170051,2538.0746268656717
25.728814623784274,67,170115,2539.0298507462685
25.729090820997953,67,170179,2539.9850746268658
25.729358837008476,67,170243,2540.9402985074626
25.72960582282394,67,170307,2541.89552238806
25.72984613897279,67,170371,2542.8507462686566
25.73009336506948,67,170435,2543.805970149254
25.73034427082166,67,170499,2544.7611940298507
25.730616917833686,67,170563,2545.716417910448
25.730866743717343,67,170627,2546.6716417910447
25.731107539031655,67,170691,2547.626865671642
25.73136625578627,67,170755,2548.582089552239
25.73160723084584,67,170819,2549.5373134328356
25.73187072807923,67,170883,2550.492537313433
25.73212643386796,67,170947,2551.4477611940297
25.73239622078836,67,171011,2552.402985074627
25.732661006972194,67,171075,2553.3582089552237
25.732924982905388,67,171139,2554.313432835821
25.733201779890805,67,171203,2555.268656716418
25.733423934783787,67,171267,2556.223880597015
26.39002532698214,67,171331,2557.179104477612
26.390581839717925,67,171395,2558.134328358209
26.390899348072708,67,171459,2559.089552238806
26.391178234945983,67,171523,2560.044776119403
26.39147847192362,67,171587,2561.0
26.39177202899009,67,171651,2561.955223880597
26.392041916027665,67,171715,2562.910447761194
26.392529296688735,67,171779,2563.865671641791
26.392825474962592,67,171843,2564.820895522388
26.39310014108196,67,171907,2565.776119402985
26.39339896896854,67,171971,2566.731343283582
26.393686855677515,67,172035,2567.686567164179
26.393944262061268,67,172099,2568.6417910447763
26.39422876900062,67,172163,2569.597014925373
26.394508976023644,67,172227,2570.5522388059703
26.394764551892877,67,172291,2571.507462686567
26.395295734982938,67,172355,2572.4626865671644
26.39557930175215,67,172419,2573.417910447761
26.395834347698838,67,172483,2574.373134328358
26.396125654689968,67,172547,2575.3283582089553
26.396387211047113,67,172611,2576.283582089552
26.39664191706106,67,172675,2577.2388059701493
26.39687912305817,67,172739,2578.194029850746
26.397169049829245,67,172803,2579.1492537313434
26.397424675989896,67,172867,2580.10447761194
26.39768327306956,67,172931,2581.0597014925374
26.397933058906347,67,172995,2582.0149253731342
26.39818646479398,67,173059,2582.9701492537315
26.398466660641134,67,173123,2583.9253731343283
26.398713206872344,67,173187,2584.8805970149256
26.399002294056118,67,173251,2585.8358208955224
26.399267211090773,67,173315,2586.791044776119
26.39976425282657,67,173379,2587.7462686567164
26.400026308838278,67,173443,2588.7014925373132
26.40031416574493,67,173507,2589.6567164179105
26.400596952997148,67,173571,2590.6119402985073
26.40084721893072,67,173635,2591.5671641791046
26.401097475085407,67,173699,2592.5223880597014
26.401380081661046,67,173763,2593.4776119402986
26.401655178051442,67,173827,2594.4328358208954
26.401942715980113,67,173891,2595.3880597014927
26.402229852043092,67,173955,2596.3432835820895
26.402497608680278,67,174019,2597.2985074626868
26.402767564635724,67,174083,2598.2537313432836
26.403016672004014,67,174147,2599.208955223881
26.40328016784042,67,174211,2600.1641791044776
26.40355666493997,67,174275,2601.1194029850744
26.403808291070163,67,174339,2602.0746268656717
26.404355683829635,67,174403,2603.0298507462685
26.404639490880072,67,174467,2603.9850746268658
26.40490247681737,67,174531,2604.9402985074626
26.405164224095643,67,174595,2605.89552238806
26.40541463997215,67,174659,2606.8507462686566
26.40541463997215,67,174659,2606.8507462686566
26.405719556845725,66,172098,2607.5454545454545
26.405971492640674,66,172162,2608.5151515151515
26.406260979827493,66,172226,2609.4848484848485
26.40652614692226,66,172290,2610.4545454545455
26.406774452887475,66,172354,2611.4242424242425
26.407022587954998,66,172418,2612.3939393939395
26.407287744805217,66,172482,2613.3636363636365
26.407559491693974,66,172546,2614.3333333333335
26.407809477765113,66,172610,2615.3030303030305
26.408081183675677,66,172674,2616.2727272727275
26.408367021009326,66,172738,2617.242424242424
26.408644367940724,66,172802,2618.212121212121
26.40892137400806,66,172866,2619.181818181818
26.40915527008474,66,172930,2620.151515151515
27.249154303688556,66,172994,2621.121212121212
27.249918702989817,66,173058,2622.090909090909
27.25047960691154,66,173122,2623.060606060606
27.250960007775575,66,173186,2624.030303030303
27.25176409771666,66,173250,2625.0
27.252317160833627,66,173314,2625.969696969697
27.25280871288851,66,173378,2626.939393939394
27.253327055834234,66,173442,2627.909090909091
27.253835077863187,66,173506,2628.878787878788
27.25439635105431,66,173570,2629.848484848485
27.25491543393582,66,173634,2630.818181818182
27.255447916686535,66,173698,2631.787878787879
27.255916107911617,66,173762,2632.757575757576
27.256417919881642,66,173826,2633.7272727272725
27.25691115204245,66,173890,2634.6969696969695
27.257383414078504,66,173954,2635.6666666666665
27.25868336483836,66,174018,2636.6363636363635
27.25922729773447,66,174082,2637.6060606060605
27.2596978796646,66,174146,2638.5757575757575
27.260200741700828,66,174210,2639.5454545454545
27.260665522888303,66,174274,2640.5151515151515
27.26114062499255,66,174338,2641.4848484848485
27.261578245088458,66,174402,2642.4545454545455
27.262113017961383,66,174466,2643.4242424242425
27.262599399778992,66,174530,2644.3939393939395
27.263133932836354,66,174594,2645.3636363636365
27.263615895062685,66,174658,2646.3333333333335
27.264145107008517,66,174722,2647.3030303030305
27.264677030034363,66,174786,2648.2727272727275
27.265155802015215,66,174850,2649.242424242424
27.265679854899645,66,174914,2650.212121212121
27.26615011598915,66,174978,2651.181818181818
27.266629077959806,66,175042,2652.151515151515
27.267083418089896,66,175106,2653.121212121212
27.267598510719836,66,175170,2654.090909090909
27.268096223007888,66,175234,2655.060606060606
27.2685672249645,66,175298,2656.030303030303
27.269016535952687,66,175362,2657.0
27.269520627800375,66,175426,2657.969696969697
27.270013049710542,66,175490,2658.939393939394
27.27057800302282,66,175554,2659.909090909091
27.271091595757753,66,175618,2660.878787878788
27.271592287812382,66,175682,2661.848484848485
27.272070478647947,66,175746,2662.818181818182
27.27254016092047,66,175810,2663.787878787879
27.272992412094027,66,175874,2664.757575757576
27.273496513720602,66,175938,2665.7272727272725
27.273953875061125,66,176002,2666.6969696969695
27.274844465777278,66,176066,2667.6666666666665
27.275365218985826,66,176130,2668.6363636363635
27.27583014080301,66,176194,2669.6060606060605
27.276313432026654,66,176258,2670.5757575757575
27.27676045289263,66,176322,2671.5454545454545
27.27722165407613,66,176386,2672.5151515151515
27.27775105694309,66,176450,2673.4848484848485
27.278230798896402,66,176514,2674.4545454545455
27.27868141885847,66,176578,2675.4242424242425
27.279189872089773,66,176642,2676.3939393939395
27.279641952831298,66,176706,2677.3636363636365
27.280086883809417,66,176770,2678.3333333333335
27.28059388604015,66,176834,2679.3030303030305
27.28104768693447,66,176898,2680.2727272727275
27.28156625898555,66,176962,2681.242424242424
27.28216025372967,66,177026,2682.212121212121
27.28279324900359,66,177090,2683.181818181818
27.283235729672015,66,177154,2684.151515151515
27.388893238734454,66,177166,2684.3333333333335
27.388893238734454,66,177166,2684.3333333333335
28.068801247049123,65,174529,2685.0615384615385
28.069355019833893,65,174593,2686.0461538461536
28.06968735763803,65,174657,2687.0307692307692
28.069971914868802,65,174721,2688.0153846153844
28.070289663039148,65,174785,2689.0
28.070793744642287,65,174849,2689.9846153846156
28.071097851730883,65,174913,2690.9692307692308
28.07139839977026,65,174977,2691.9538461538464
28.07168957684189,65,175041,2692.9384615384615
28.071972383651882,65,175105,2693.923076923077
28.072276880964637,65,175169,2694.9076923076923
28.07259047869593,65,175233,2695.892307692308
28.07287014601752,65,175297,2696.876923076923
28.073166992980987,65,175361,2697.8615384615387
28.07346154982224,65,175425,2698.846153846154
28.073728205636144,65,175489,2699.8307692307694
28.074245539028198,65,175553,2700.8153846153846
28.07454791571945,65,175617,2701.8
28.074815172702074,65,175681,2702.7846153846153
28.075097769033164,65,175745,2703.769230769231
28.07537351595238,65,175809,2704.753846153846
28.075640932656825,65,175873,2705.7384615384617
28.075892098713666,65,175937,2706.723076923077
28.076189865823835,65,176001,2707.7076923076925
28.07645665295422,65,176065,2708.6923076923076
28.07672391878441,65,176129,2709.6769230769232
28.076987504959106,65,176193,2710.6615384615384
28.077253811992705,65,176257,2711.646153846154
28.07754139881581,65,176321,2712.630769230769
28.078074601013213,65,176385,2713.6153846153848
28.078405808657408,65,176449,2714.6
28.078681255690753,65,176513,2715.5846153846155
28.078958922997117,65,176577,2716.5692307692307
28.079239579848945,65,176641,2717.5538461538463
28.079538227058947,65,176705,2718.5384615384614
28.079807973932475,65,176769,2719.523076923077
28.080073659773916,65,176833,2720.507692307692
28.0803487370722,65,176897,2721.492307692308
28.080632464028895,65,176961,2722.476923076923
28.08093924075365,65,177025,2723.4615384615386
28.081251808907837,65,177089,2724.4461538461537
28.081542315892875,65,177153,2725.4307692307693
28.081821541767567,65,177217,2726.4153846153845
28.082101278938353,65,177281,2727.4
28.082375335972756,65,177345,2728.3846153846152
28.08263889187947,65,177409,2729.369230769231
28.0829265890643,65,177473,2730.353846153846
28.083207596093416,65,177537,2731.3384615384616
28.083712957799435,65,177601,2732.3230769230768
28.08401061501354,65,177665,2733.3076923076924
28.08431033277884,65,177729,2734.2923076923075
28.084578759036958,65,177793,2735.276923076923
28.084833344910294,65,177857,2736.2615384615383
28.085099391639233,65,177921,2737.246153846154
28.085399058647454,65,177985,2738.230769230769
28.08569072606042,65,178049,2739.2153846153847
28.085953801870346,65,178113,2740.2
28.08626407990232,65,178177,2741.1846153846154
28.086534936912358,65,178241,2742.1692307692306
28.08679246297106,65,178305,2743.153846153846
28.08707269979641,65,178369,2744.1384615384613
28.08734899573028,65,178433,2745.123076923077
28.08763827290386,65,178497,2746.107692307692
28.08794075064361,65,178561,2747.0923076923077
28.08835995104164,65,178625,2748.076923076923
28.743978200946003,65,178689,2749.0615384615385
28.744557794649154,65,178753,2750.0461538461536
28.744888332672417,65,178817,2751.0307692307692
28.74518090998754,65,178881,2752.0153846153844
28.745490727946162,65,178945,2753.0
28.745804325677454,65,179009,2753.9846153846156
28.746094692964107,65,179073,2754.9692307692308
28.74659384507686,65,179137,2755.9538461538464
28.74692166270688,65,179201,2756.9384615384615
28.747250610031188,65,179265,2757.923076923077
28.747557257767767,65,179329,2758.9076923076923
28.747861934825778,65,179393,2759.892307692308
28.74815026205033,65,179457,2760.876923076923
28.74846429983154,65,179521,2761.8615384615387
28.748963441699743,65,179585,2762.846153846154
28.749453084077686,65,179649,2763.8307692307694
28.7765851309523,65,179713,2764.8153846153846
28.7804143037647,65,179777,2765.8
28.78065217891708,65,179841,2766.7846153846153
28.78089070506394,65,179905,2767.769230769231
28.781123410910368,65,179969,2768.753846153846
28.781351795885712,65,180033,2769.7384615384617
28.781597452703863,65,180097,2770.723076923077
28.781896679662168,65,180161,2771.7076923076925
28.782188256736845,65,180225,2772.6923076923076
28.78250158391893,65,180289,2773.6769230769232
28.78277459088713,65,180353,2774.6615384615384
28.78303288668394,65,180417,2775.646153846154
28.783350724726915,65,180481,2776.630769230769
28.783618481829762,65,180545,2777.6153846153848
28.783927388954908,65,180609,2778.6
28.784210226032883,65,180673,2779.5846153846155
28.78495369385928,65,180737,2780.5692307692307
28.78525748103857,65,180801,2781.5538461538463
28.785568738821894,65,180865,2782.5384615384614
28.78584222495556,65,180929,2783.523076923077
28.786112061701715,65,180993,2784.507692307692
28.786394509021193,65,181057,2785.492307692308
28.786683945916593,65,181121,2786.476923076923
28.78697730274871,65,181185,2787.4615384615386
28.787292250897735,65,181249,2788.4461538461537
28.787589238025248,65,181313,2789.4307692307693
28.787873413879424,65,181377,2790.4153846153845
28.788170581683517,65,181441,2791.4
28.788440098054707,65,181505,2792.3846153846152
28.788707034662366,65,181569,2793.369230769231
28.78900032164529,65,181633,2794.353846153846
28.789278838783503,65,181697,2795.3384615384616
28.789563385769725,65,181761,2796.3230769230768
28.789855941664428,65,181825,2797.3076923076924
28.790176690090448,65,181889,2798.2923076923075
28.790458376985043,65,181953,2799.276923076923
28.790721262805164,65,182017,2800.2615384615383
28.790991129819304,65,182081,2801.246153846154
28.791295067872852,65,182145,2802.230769230769
28.791568554006517,65,182209,2803.2153846153847
28.791828569956124,65,182273,2804.2
28.792151927947998,65,182337,2805.1846153846154
28.7924227649346,65,182401,2806.1692307692306
28.792686350643635,65,182465,2807.153846153846
28.79296943778172,65,182529,2808.1384615384613
28.79324704501778,65,182593,2809.123076923077
28.7935372418724,65,182657,2810.107692307692
28.793824539054185,65,182721,2811.0923076923077
28.794272319879383,65,182785,2812.076923076923
29.093208570033312,65,182797,2812.2615384615383
29.093208570033312,65,182797,2812.2615384615383
29.598743055947125,64,180032,2813.0
29.59933020081371,64,180096,2814.0
29.599676568992436,64,180160,2815.0
29.599977865815163,64,180224,2816.0
29.60030392371118,64,180288,2817.0
29.600620481651276,64,180352,2818.0
29.601109023671597,64,180416,2819.0
29.601445402018726,64,180480,2820.0
29.601753199938685,64,180544,2821.0
29.602050797082484,64,180608,2822.0
29.602365283761173,64,180672,2823.0
29.60267568193376,64,180736,2824.0
29.60295556904748,64,180800,2825.0
29.603264175821096,64,180864,2826.0
29.603569343686104,64,180928,2827.0
29.603848190046847,64,180992,2828.0
29.604439784772694,64,181056,2829.0
29.604746741708368,64,181120,2830.0
29.605025078635663,64,181184,2831.0
29.605331525672227,64,181248,2832.0
29.605611302889884,64,181312,2833.0
29.60589140979573,64,181376,2834.0
29.606211476959288,64,181440,2835.0
29.606489633675665,64,181504,2836.0
29.60676364088431,64,181568,2837.0
29.607033337000757,64,181632,2838.0
29.607307233847678,64,181696,2839.0
29.60760707082227,64,181760,2840.0
29.607879247982055,64,181824,2841.0
29.608274376951158,64,181888,2842.0
29.608660507015884,64,181952,2843.0
29.608951034024358,64,182016,2844.0
29.609518787823617,64,182080,2845.0
29.609810364898294,64,182144,2846.0
29.610126421786845,64,182208,2847.0
29.6104112486355,64,182272,2848.0
29.610684955958277,64,182336,2849.0
29.61098261270672,64,182400,2850.0
29.611296430695802,64,182464,2851.0
29.611612347885966,64,182528,2852.0
29.61191119486466,64,182592,2853.0
29.612211242783815,64,182656,2854.0
29.612485548947006,64,182720,2855.0
29.612779926974326,64,182784,2856.0
29.613051882945,64,182848,2857.0
29.613337299786508,64,182912,2858.0
29.613643707707524,64,182976,2859.0
29.613920273724943,64,183040,2860.0
29.61421941081062,64,183104,2861.0
29.61471033282578,64,183168,2862.0
29.615018440876156,64,183232,2863.0
29.615335668902844,64,183296,2864.0
29.615609964821488,64,183360,2865.0
29.615912291686982,64,183424,2866.0
29.61621215986088,64,183488,2867.0
29.616485345643014,64,183552,2868.0
29.616786503698677,64,183616,2869.0
29.617055419832468,64,183680,2870.0
29.61733427690342,64,183744,2871.0
29.617667224723846,64,183808,2872.0
29.618022753857076,64,183872,2873.0
29.618340020999312,64,183936,2874.0
29.61863886890933,64,184000,2875.0
29.618890604935586,64,184064,2876.0
30.21469592768699,64,184128,2877.0
30.215279781725258,64,184192,2878.0
30.215626599732786,64,184256,2879.0
30.21592702670023,64,184320,2880.0
30.216263715643436,64,184384,2881.0
30.216590713709593,64,184448,2882.0
30.217101915739477,64,184512,2883.0
30.217440753709525,64,184576,2884.0
30.21774915093556,64,184640,2885.0
30.218057598918676,64,184704,2886.0
30.218380036763847,64,184768,2887.0
30.218694084789604,64,184832,2888.0
30.21897861175239,64,184896,2889.0
30.219286998733878,64,184960,2890.0
30.219598246738315,64,185024,2891.0
30.21988604264334,64,185088,2892.0
30.220468267798424,64,185152,2893.0
30.220780844800174,64,185216,2894.0
30.221063402015716,64,185280,2895.0
30.221374009735882,64,185344,2896.0
30.22165292594582,64,185408,2897.0
30.221934312954545,64,185472,2898.0
30.222261220682412,64,185536,2899.0
30.222540747839957,64,185600,2900.0
30.22281738370657,64,185664,2901.0
30.22309285076335,64,185728,2902.0
30.223375057801604,64,185792,2903.0
30.223678244743496,64,185856,2904.0
30.224089215043932,64,185920,2905.0
30.224468093831092,64,185984,2906.0
30.22480749292299,64,186048,2907.0
30.22509659966454,64,186112,2908.0
30.225794336758554,64,186176,2909.0
30.226090434007347,64,186240,2910.0
30.226419792044908,64,186304,2911.0
30.226703858934343,64,186368,2912.0
30.22700239578262,64,186432,2913.0
30.227327323984355,64,186496,2914.0
30.2276399708353,64,186560,2915.0
30.227981658652425,64,186624,2916.0
30.228298926725984,64,186688,2917.0
30.228602034039795,64,186752,2918.0
30.228881671093404,64,186816,2919.0
30.229188329074532,64,186880,2920.0
30.22947068605572,64,186944,2921.0
30.22975260205567,64,187008,2922.0
30.230058659799397,64,187072,2923.0
30.23035173676908,64,187136,2924.0
30.23065107408911,64,187200,2925.0
30.230954370927066,64,187264,2926.0
30.23128783889115,64,187328,2927.0
30.231576405931264,64,187392,2928.0
30.231849122792482,64,187456,2929.0
30.23216541064903,64,187520,2930.0
30.232456947676837,64,187584,2931.0
30.232729093637317,64,187648,2932.0
30.2330330517143,64,187712,2933.0
30.233323788736016,64,187776,2934.0
30.233684317674488,64,187840,2935.0
30.234146709088236,64,187904,2936.0
30.23447932675481,64,187968,2937.0
30.234788063913584,64,188032,2938.0
30.23509014165029,64,188096,2939.0
30.23536144802347,64,188160,2940.0
30.36016227165237,64,188176,2940.25
30.36016227165237,64,188176,2940.25
30.725699736736715,63,185269,2940.777777777778
30.725699736736715,63,185269,2940.777777777778
30.82964585488662,62,182334,2940.8709677419356
30.830298580694944,62,182398,2941.9032258064517
30.83068509073928,62,182462,2942.935483870968
30.830998538061976,62,182526,2943.967741935484
30.831354586873204,62,182590,2945.0
30.831685694865882,62,182654,2946.032258064516
30.832194366957992,62,182718,2947.064516129032
30.83252360485494,62,182782,2948.0967741935483
30.83284273277968,62,182846,2949.1290322580644
30.833161210641265,62,182910,2950.1612903225805
30.83348609879613,62,182974,2951.1935483870966
30.833808505907655,62,183038,2952.2258064516127
30.834098192863166,62,183102,2953.2580645161293
30.83441654080525,62,183166,2954.2903225806454
30.834728088695556,62,183230,2955.3225806451615
30.83501214487478,62,183294,2956.3548387096776
30.83560802973807,62,183358,2957.3870967741937
30.835923806764185,62,183422,2958.4193548387098
30.83622470498085,62,183486,2959.451612903226
30.83653384167701,62,183550,2960.483870967742
30.836820638738573,62,183614,2961.516129032258
30.837108125910163,62,183678,2962.548387096774
30.837438963819295,62,183742,2963.5806451612902
30.83772244071588,62,183806,2964.6129032258063
30.83800691785291,62,183870,2965.6451612903224
30.83829707466066,62,183934,2966.6774193548385
30.83857241179794,62,183998,2967.7096774193546
30.838879368733615,62,184062,2968.7419354838707
30.839169435668737,62,184126,2969.7741935483873
30.839487004093826,62,184190,2970.8064516129034
30.839946595020592,62,184254,2971.8387096774195
30.840315613895655,62,184318,2972.8709677419356
30.84106931183487,62,184382,2973.9032258064517
30.841402859892696,62,184446,2974.935483870968
30.84175425907597,62,184510,2975.967741935484
30.842073936015368,62,184574,2977.0
30.842375713866204,62,184638,2978.032258064516
30.842693030834198,62,184702,2979.064516129032
30.843007388990372,62,184766,2980.0967741935483
30.843349378090352,62,184830,2981.1290322580644
30.843667634762824,62,184894,2982.1612903225805
30.843969581648707,62,184958,2983.1935483870966
30.844272559974343,62,185022,2984.2258064516127
30.844583266880363,62,185086,2985.2580645161293
30.84487446397543,62,185150,2986.2903225806454
30.845168290659785,62,185214,2987.3225806451615
30.845467848703265,62,185278,2988.3548387096776
30.84576673572883,62,185342,2989.3870967741937
30.84608723409474,62,185406,2990.4193548387098
30.84642190206796,62,185470,2991.451612903226
30.846710389014333,62,185534,2992.483870967742
30.84702230570838,62,185598,2993.516129032258
30.84732521371916,62,185662,2994.548387096774
30.847617831081152,62,185726,2995.5806451612902
30.847931107971817,62,185790,2996.6129032258063
30.848223716020584,62,185854,2997.6451612903224
30.848508761730045,62,185918,2998.6774193548385
30.84881113981828,62,185982,2999.7096774193546
30.849196108989418,62,186046,3000.7419354838707
30.849561317823827,62,186110,3001.7741935483873
30.849879135843366,62,186174,3002.8064516129034
30.85035564703867,62,186238,3003.8387096774195
31.445539755746722,62,186302,3004.8709677419356
31.446083169896156,62,186366,3005.9032258064517
31.44645157782361,62,186430,3006.935483870968
31.44676207564771,62,186494,3007.967741935484
31.44708715379238,62,186558,3009.0
31.447625836823136,62,186622,3010.032258064516
31.447947724722326,62,186686,3011.064516129032
31.448280842974782,62,186750,3012.0967741935483
31.448606250807643,62,186814,3013.1290322580644
31.44892091769725,62,186878,3014.1612903225805
31.44925811700523,62,186942,3015.1935483870966
31.449597484897822,62,187006,3016.2258064516127
31.449894371908158,62,187070,3017.2580645161293
31.450348112732172,62,187134,3018.2903225806454
31.450690710917115,62,187198,3019.3225806451615
31.450997028965503,62,187262,3020.3548387096776
31.451581472996622,62,187326,3021.3870967741937
31.451905390713364,62,187390,3022.4193548387098
31.452214838005602,62,187454,3023.451612903226
31.452534215990454,62,187518,3024.483870967742
31.452825572807342,62,187582,3025.516129032258
31.453131820075214,62,187646,3026.548387096774
31.453461177647114,62,187710,3027.5806451612902
31.4537560059689,62,187774,3028.6129032258063
31.454045401886106,62,187838,3029.6451612903224
31.454347080085427,62,187902,3030.6774193548385
31.45464664697647,62,187966,3031.7096774193546
31.454966004937887,62,188030,3032.7419354838707
31.455848855897784,62,188094,3033.7741935483873
31.45619820477441,62,188158,3034.8064516129034
31.456488351803273,62,188222,3035.8387096774195
31.456822199746966,62,188286,3036.8709677419356
31.45714984787628,62,188350,3037.9032258064517
31.457461844664067,62,188414,3038.935483870968
31.457786282990128,62,188478,3039.967741935484
31.458106490783393,62,188542,3041.0
31.458411978092045,62,188606,3042.032258064516
31.45875873696059,62,188670,3043.064516129032
31.459078384097666,62,188734,3044.0967741935483
31.459426982793957,62,188798,3045.1290322580644
31.459744890686125,62,188862,3046.1612903225805
31.460054507944733,62,188926,3047.1935483870966
31.46035321475938,62,188990,3048.2258064516127
31.46066551283002,62,189054,3049.2580645161293
31.460950640030205,62,189118,3050.2903225806454
31.461250517051667,62,189182,3051.3225806451615
31.461546753998846,62,189246,3052.3548387096776
31.46183911105618,62,189310,3053.3870967741937
31.46216761879623,62,189374,3054.4193548387098
31.462489736732095,62,189438,3055.451612903226
31.46278073405847,62,189502,3056.483870967742
31.463090762030333,62,189566,3057.516129032258
31.463406588882208,62,189630,3058.548387096774
31.46369040571153,62,189694,3059.5806451612902
31.464013333898038,62,189758,3060.6129032258063
31.46431367099285,62,189822,3061.6451612903224
31.46461377805099,62,189886,3062.6774193548385
31.464931596070528,62,189950,3063.7096774193546
31.465271073859185,62,190014,3064.7419354838707
31.465586931910366,62,190078,3065.7741935483873
31.465896668843925,62,190142,3066.8064516129034
31.466339639853686,62,190206,3067.8387096774195
31.698398912791163,62,190233,3068.2741935483873
31.698398912791163,62,190233,3068.2741935483873
31.84354652883485,61,187175,3068.44262295082
31.84354652883485,61,187175,3068.44262295082
32.064091462641954,60,184124,3068.733333333333
32.06468564691022,60,184188,3069.8
32.06504045566544,60,184252,3070.866666666667
32.06536831287667,60,184316,3071.9333333333334
32.06570427166298,60,184380,3073.0
32.0662285736762,60,184444,3074.0666666666666
32.06655117170885,60,184508,3075.133333333333
32.06688389973715,60,184572,3076.2
32.06721823802218,60,184636,3077.266666666667
32.067540145944804,60,184700,3078.3333333333335
32.06786736380309,60,184764,3079.4
32.068207821808755,60,184828,3080.4666666666667
32.06851080991328,60,184892,3081.5333333333333
32.06883012782782,60,184956,3082.6
32.069155174773186,60,185020,3083.6666666666665
32.0694511719048,60,185084,3084.733333333333
32.06995119480416,60,185148,3085.8
32.07028698269278,60,185212,3086.866666666667
32.07058520009741,60,185276,3087.9333333333334
32.0709015680477,60,185340,3089.0
32.071205175016075,60,185404,3090.0666666666666
32.07150580175221,60,185468,3091.133333333333
32.07184128975496,60,185532,3092.2
32.0721409576945,60,185596,3093.266666666667
32.07307691965252,60,185660,3094.3333333333335
32.07340031769127,60,185724,3095.4
32.0736883347854,60,185788,3096.4666666666667
32.07401593308896,60,185852,3097.5333333333333
32.074330911040306,60,185916,3098.6
32.07465680874884,60,185980,3099.6666666666665
32.074939775746316,60,186044,3100.733333333333
32.07528872368857,60,186108,3101.8
32.075615911744535,60,186172,3102.866666666667
32.07592324865982,60,186236,3103.9333333333334
32.07625775691122,60,186300,3105.0
32.0765832150355,60,186364,3106.0666666666666
32.076874361839145,60,186428,3107.133333333333
32.07720392988995,60,186492,3108.2
32.07754963869229,60,186556,3109.266666666667
32.07784497598186,60,186620,3110.3333333333335
32.07816746365279,60,186684,3111.4
32.07848061108962,60,186748,3112.4666666666667
32.078767377883196,60,186812,3113.5333333333333
32.07907896582037,60,186876,3114.6
32.07937954273075,60,186940,3115.6666666666665
32.079704801086336,60,187004,3116.733333333333
32.08000565785915,60,187068,3117.8
32.08030811464414,60,187132,3118.866666666667
32.08063331292942,60,187196,3119.9333333333334
32.080930549651384,60,187260,3121.0
32.08127211872488,60,187324,3122.0666666666666
32.08156642597169,60,187388,3123.133333333333
32.08188380394131,60,187452,3124.2
32.0821922509931,60,187516,3125.266666666667
32.0824886476621,60,187580,3126.3333333333335
32.0828082957305,60,187644,3127.4
32.08314776374027,60,187708,3128.4666666666667
32.083470021840185,60,187772,3129.5333333333333
32.0838031899184,60,187836,3130.6
32.0844063446857,60,187837,3130.616666666667
32.0844063446857,60,187837,3130.616666666667
32.08477638382465,59,184763,3131.576271186441
32.36446003988385,59,184795,3132.1186440677966
32.36446003988385,59,184795,3132.1186440677966
32.680086297914386,58,181690,3132.5862068965516
32.68069160170853,58,181754,3133.689655172414
32.68105890089646,58,181818,3134.793103448276
32.681393758859485,58,181882,3135.896551724138
32.681731866672635,58,181946,3137.0
32.682074496056885,58,182010,3138.103448275862
32.68262323876843,58,182074,3139.206896551724
32.68296852800995,58,182138,3140.310344827586
32.68331802589819,58,182202,3141.4137931034484
32.683662433642894,58,182266,3142.5172413793102
32.68400325300172,58,182330,3143.6206896551726
32.684325410053134,58,182394,3144.7241379310344
32.68463206803426,58,182458,3145.8275862068967
32.68496198579669,58,182522,3146.9310344827586
32.68530819378793,58,182586,3148.0344827586205
32.68561156094074,58,182650,3149.137931034483
32.68623442668468,58,182714,3150.2413793103447
32.686569614801556,58,182778,3151.344827586207
32.68687174189836,58,182842,3152.448275862069
32.68721046997234,58,182906,3153.551724137931
32.687518457882106,58,182970,3154.655172413793
32.68782045505941,58,183034,3155.7586206896553
32.68816046277061,58,183098,3156.862068965517
32.688460160046816,58,183162,3157.9655172413795
32.68876202777028,58,183226,3159.0689655172414
32.689072504639626,58,183290,3160.1724137931033
32.68944884464145,58,183354,3161.2758620689656
32.689789602998644,58,183418,3162.3793103448274
32.6900882399641,58,183482,3163.4827586206898
32.69039082666859,58,183546,3164.5862068965516
32.69079000689089,58,183610,3165.689655172414
32.69110996508971,58,183674,3166.793103448276
32.691887952852994,58,183738,3167.896551724138
32.69230116298422,58,183802,3169.0
32.69264010200277,58,183866,3170.103448275862
32.692968669813126,58,183930,3171.206896551724
32.69328461680561,58,183994,3172.310344827586
32.69363663578406,58,184058,3173.4137931034484
32.69394156290218,58,184122,3174.5172413793102
32.69427660200745,58,184186,3175.6206896551726
32.69460173882544,58,184250,3176.7241379310344
32.69489671709016,58,184314,3177.8275862068967
32.695228344760835,58,184378,3178.9310344827586
32.695527761708945,58,184442,3180.0344827586205
32.695859550032765,58,184506,3181.137931034483
32.69616277702153,58,184570,3182.2413793103447
32.69648655503988,58,184634,3183.344827586207
32.69680872280151,58,184698,3184.448275862069
32.69714209064841,58,184762,3185.551724137931
32.69744869787246,58,184826,3186.655172413793
32.69777549570426,58,184890,3187.7586206896553
32.69807086279616,58,184954,3188.862068965517
32.698379560839385,58,185018,3189.9655172413795
32.698690307792276,58,185082,3191.0689655172414
32.69904705695808,58,185146,3192.1724137931033
32.699404385872185,58,185210,3193.2758620689656
32.699729453772306,58,185274,3194.3793103448274
32.70022409502417,58,185338,3195.4827586206898
33.29670823784545,58,185402,3196.5862068965516
33.29733005305752,58,185466,3197.689655172414
33.297718442976475,58,185530,3198.793103448276
33.298045590054244,58,185594,3199.896551724138
33.29841395886615,58,185658,3201.0
33.29875479778275,58,185722,3202.103448275862
33.299300821032375,58,185786,3203.206896551724
33.29964651865885,58,185850,3204.310344827586
33.2999771470204,58,185914,3205.4137931034484
33.30032357573509,58,185978,3206.5172413793102
33.300673523917794,58,186042,3207.6206896551726
33.300985851790756,58,186106,3208.7241379310344
33.301303789019585,58,186170,3209.8275862068967
33.30163623765111,58,186234,3210.9310344827586
33.30196232488379,58,186298,3212.0344827586205
33.30228453269228,58,186362,3213.137931034483
33.30289694806561,58,186426,3214.2413793103447
33.303249776829034,58,186490,3215.344827586207
33.30356673384085,58,186554,3216.448275862069
33.30390341300517,58,186618,3217.551724137931
33.30421290965751,58,186682,3218.655172413793
33.30453016795218,58,186746,3219.7586206896553
33.30486946599558,58,186810,3220.862068965517
33.305181292817,58,186874,3221.9655172413795
33.30553150177002,58,186938,3223.0689655172414
33.305854300037026,58,187002,3224.1724137931033
33.3062102580443,58,187066,3225.2758620689656
33.30655495682731,58,187130,3226.3793103448274
33.306856323964894,58,187194,3227.4827586206898
33.30719764204696,58,187258,3228.5862068965516
33.30754541000351,58,187322,3229.689655172414
33.30785529781133,58,187386,3230.793103448276
33.308601615950465,58,187450,3231.896551724138
33.30900491587818,58,187514,3233.0
33.30935827502981,58,187578,3234.103448275862
33.30969005264342,58,187642,3235.206896551724
33.31001830101013,58,187706,3236.310344827586
33.3103904989548,58,187770,3237.4137931034484
33.310701586771756,58,187834,3238.5172413793102
33.311029004864395,58,187898,3239.6206896551726
33.31136298272759,58,187962,3240.7241379310344
33.31166912103072,58,188026,3241.8275862068967
33.31199433794245,58,188090,3242.9310344827586
33.31230507604778,58,188154,3244.0344827586205
33.312643073964864,58,188218,3245.137931034483
33.312944871839136,58,188282,3246.2413793103447
33.31328100897372,58,188346,3247.344827586207
33.31361619802192,58,188410,3248.448275862069
33.313947445712984,58,188474,3249.551724137931
33.3142656236887,58,188538,3250.655172413793
33.314606422092766,58,188602,3251.7586206896553
33.314923639874905,58,188666,3252.862068965517
33.31526512792334,58,188730,3253.9655172413795
33.31558688497171,58,188794,3255.0689655172414
33.31592385377735,58,188858,3256.1724137931033
33.316275652032346,58,188922,3257.2758620689656
33.31660710973665,58,188986,3258.3793103448274
33.31703105987981,58,189050,3259.4827586206898
33.85807991074398,58,189109,3260.5
33.85807991074398,58,189109,3260.5
33.913237476721406,57,185849,3260.5087719298244
33.91374383866787,57,185913,3261.6315789473683
33.91412744903937,57,185977,3262.754385964912
33.91446274705231,57,186041,3263.877192982456
33.91502882074565,57,186105,3265.0
33.91539017902687,57,186169,3266.122807017544
33.91573324799538,57,186233,3267.245614035088
33.91607030574232,57,186297,3268.3684210526317
33.916414443869144,57,186361,3269.4912280701756
33.9167598830536,57,186425,3270.6140350877195
33.91711078071967,57,186489,3271.7368421052633
33.91743346909061,57,186553,3272.8596491228072
33.91774914693087,57,186617,3273.9824561403507
33.9180844547227,57,186681,3275.1052631578946
33.9184588836506,57,186745,3276.2280701754385
33.918765000998974,57,186809,3277.3508771929824
33.920062703080475,57,186873,3278.4736842105262
33.92043031193316,57,186937,3279.59649122807
33.920748088974506,57,187001,3280.719298245614
33.92105653695762,57,187065,3281.842105263158
33.92139680497348,57,187129,3282.964912280702
33.92170597193763,57,187193,3284.0877192982457
33.92201845999807,57,187257,3285.2105263157896
33.922376309055835,57,187321,3286.3333333333335
33.922721966635436,57,187385,3287.4561403508774
33.92305547464639,57,187449,3288.5789473684213
33.92337210290134,57,187513,3289.7017543859647
33.923709510825574,57,187577,3290.8245614035086
33.92402271879837,57,187641,3291.9473684210525
33.924369337037206,57,187705,3293.0701754385964
33.92472165590152,57,187769,3294.1929824561403
33.92503775283694,57,187833,3295.315789473684
33.92537694098428,57,187897,3296.438596491228
33.92571934964508,57,187961,3297.561403508772
33.92606731783599,57,188025,3298.684210526316
33.92641182569787,57,188089,3299.8070175438597
33.92676679464057,57,188153,3300.9298245614036
33.927073542028666,57,188217,3302.0526315789475
33.92741496069357,57,188281,3303.1754385964914
33.927743658889085,57,188345,3304.2982456140353
33.928046135697514,57,188409,3305.4210526315787
33.928387213964015,57,188473,3306.5438596491226
33.928692591842264,57,188537,3307.6666666666665
33.929032439831644,57,188601,3308.7894736842104
33.92937486805022,57,188665,3309.9122807017543
33.92969092587009,57,188729,3311.035087719298
33.9300309936516,57,188793,3312.157894736842
33.93037797277793,57,188857,3313.280701754386
33.93072305107489,57,188921,3314.40350877193
33.93103356892243,57,188985,3315.5263157894738
33.93137770704925,57,189049,3316.6491228070176
33.93168231379241,57,189113,3317.7719298245615
33.93198143178597,57,189177,3318.8947368421054
33.93235899088904,57,189241,3320.0175438596493
33.93272729869932,57,189305,3321.1403508771928
33.933064887765795,57,189369,3322.2631578947367
33.93363603204489,57,189433,3323.3859649122805
34.040830198675394,57,189447,3323.6315789473683
34.040830198675394,57,189447,3323.6315789473683
34.53230555867776,56,186168,3324.4285714285716
34.53301737597212,56,186232,3325.5714285714284
34.53344191564247,56,186296,3326.714285714286
34.53379494464025,56,186360,3327.8571428571427
34.534171683713794,56,186424,3329.0
34.5345250419341,56,186488,3330.1428571428573
34.53508216608316,56,186552,3331.285714285714
34.53546605492011,56,186616,3332.4285714285716
34.535819083917886,56,186680,3333.5714285714284
34.536190882790834,56,186744,3334.714285714286
34.536560852080584,56,186808,3335.8571428571427
34.536893129814416,56,186872,3337.0
34.53722539776936,56,186936,3338.1428571428573
34.5375731959939,56,187000,3339.285714285714
34.537923954892904,56,187064,3340.4285714285716
34.53825124306604,56,187128,3341.5714285714284
34.538905608002096,56,187192,3342.714285714286
34.53926599677652,56,187256,3343.8571428571427
34.539609195664525,56,187320,3345.0
34.539930272847414,56,187384,3346.1428571428573
34.540250580757856,56,187448,3347.285714285714
34.54058963898569,56,187512,3348.4285714285716
34.54090658668429,56,187576,3349.5714285714284
34.54123440477997,56,187640,3350.714285714286
34.54158944403753,56,187704,3351.8571428571427
34.54190187109634,56,187768,3353.0
34.54221824882552,56,187832,3354.1428571428573
34.542738870717585,56,187896,3355.285714285714
34.54310193005949,56,187960,3356.4285714285716
34.54347188863903,56,188024,3357.5714285714284
34.54383833799511,56,188088,3358.714285714286
34.54416867578402,56,188152,3359.8571428571427
34.544896794017404,56,188216,3361.0
34.54527712287381,56,188280,3362.1428571428573
34.545638801995665,56,188344,3363.285714285714
34.54598796973005,56,188408,3364.4285714285716
34.5463605588302,56,188472,3365.5714285714284
34.54667900688946,56,188536,3366.714285714286
34.54701626487076,56,188600,3367.8571428571427
34.54736408405006,56,188664,3369.0
34.5476759406738,56,188728,3370.1428571428573
34.54801369877532,56,188792,3371.285714285714
34.54833504697308,56,188856,3372.4285714285716
34.54868445592001,56,188920,3373.5714285714284
34.54899432277307,56,188984,3374.714285714286
34.549314240925014,56,189048,3375.8571428571427
34.54965729871765,56,189112,3377.0
34.550003237091005,56,189176,3378.1428571428573
34.55035673594102,56,189240,3379.285714285714
34.55071452492848,56,189304,3380.4285714285716
34.551058942917734,56,189368,3381.5714285714284
34.551377051044255,56,189432,3382.714285714286
34.55169419804588,56,189496,3383.8571428571427
34.55204242700711,56,189560,3385.0
34.55244913697243,56,189624,3386.1428571428573
34.55288292700425,56,189688,3387.285714285714
35.15397448372096,56,189752,3388.4285714285716
35.15461882902309,56,189816,3389.5714285714284
35.15501649864018,56,189880,3390.714285714286
35.15536913694814,56,189944,3391.8571428571427
35.15573582565412,56,190008,3393.0
35.156093624886125,56,190072,3394.1428571428573
35.15647818380967,56,190136,3395.285714285714
35.15703051770106,56,190200,3396.4285714285716
35.15740207582712,56,190264,3397.5714285714284
35.157758774701506,56,190328,3398.714285714286
35.15813780389726,56,190392,3399.8571428571427
35.15846547205001,56,190456,3401.0
35.15878485981375,56,190520,3402.1428571428573
35.15913747809827,56,190584,3403.285714285714
35.15948948683217,56,190648,3404.4285714285716
35.15980798471719,56,190712,3405.5714285714284
35.16048514097929,56,190776,3406.714285714286
35.160861409734935,56,190840,3407.8571428571427
35.1612151786685,56,190904,3409.0
35.161539467051625,56,190968,3410.1428571428573
35.161887804977596,56,191032,3411.285714285714
35.162274894770235,56,191096,3412.4285714285716
35.16259951284155,56,191160,3413.5714285714284
35.1629231297411,56,191224,3414.714285714286
35.163314240053296,56,191288,3415.8571428571427
35.163644237909466,56,191352,3417.0
35.1639589946717,56,191416,3418.1428571428573
35.164317993912846,56,191480,3419.285714285714
35.16464075166732,56,191544,3420.4285714285716
35.164984189905226,56,191608,3421.5714285714284
35.16535765863955,56,191672,3422.714285714286
35.16568239685148,56,191736,3423.8571428571427
35.166334132663906,56,191800,3425.0
35.166692251805216,56,191864,3426.1428571428573
35.16705722082406,56,191928,3427.285714285714
35.167416508775204,56,191992,3428.4285714285716
35.16780220763758,56,192056,3429.5714285714284
35.168132026679814,56,192120,3430.714285714286
35.168477145023644,56,192184,3431.8571428571427
35.16881671268493,56,192248,3433.0
35.1691381810233,56,192312,3434.1428571428573
35.169481088873,56,192376,3435.285714285714
35.16979631688446,56,192440,3436.4285714285716
35.17015712475404,56,192504,3437.5714285714284
35.17047414276749,56,192568,3438.714285714286
35.170790150761604,56,192632,3439.8571428571427
35.171142620034516,56,192696,3441.0
35.17150657763705,56,192760,3442.1428571428573
35.1718893176876,56,192824,3443.285714285714
35.172268436755985,56,192888,3444.4285714285716
35.17265281593427,56,192952,3445.5714285714284
35.172977993730456,56,193016,3446.714285714286
35.173311521764845,56,193080,3447.8571428571427
35.17363719968125,56,193144,3449.0
35.173990808892995,56,193208,3450.1428571428573
35.17437581764534,56,193272,3451.285714285714
35.77486938005313,56,193336,3452.4285714285716
35.77545627485961,56,193400,3453.5714285714284
35.775848873890936,56,193464,3454.714285714286
35.77620099298656,56,193528,3455.8571428571427
35.776840657927096,56,193592,3457.0
35.77748636389151,56,193656,3458.1428571428573
35.77811405900866,56,193720,3459.285714285714
35.778763794805855,56,193784,3460.4285714285716
35.77913008397445,56,193848,3461.5714285714284
35.7794928830117,56,193912,3462.714285714286
35.77985365083441,56,193976,3463.8571428571427
35.78019536007196,56,194040,3465.0
35.780528197064996,56,194104,3466.1428571428573
35.781053229700774,56,194168,3467.285714285714
35.78167650476098,56,194232,3468.4285714285716
35.78225506981835,56,194296,3469.5714285714284
35.783655842766166,56,194360,3470.714285714286
35.78403378184885,56,194424,3471.8571428571427
35.78439887100831,56,194488,3473.0
35.78477589972317,56,194552,3474.1428571428573
35.785347543656826,56,194616,3475.285714285714
35.78594895871356,56,194680,3476.4285714285716
35.78652391303331,56,194744,3477.5714285714284
35.78693280275911,56,194808,3478.714285714286
35.787328442092985,56,194872,3479.8571428571427
35.78766929078847,56,194936,3481.0
35.78823136398569,56,195000,3482.1428571428573
35.78885092865676,56,195064,3483.285714285714
35.78942766273394,56,195128,3484.4285714285716
35.78988814400509,56,195192,3485.5714285714284
35.790261782705784,56,195256,3486.714285714286
35.79059260105714,56,195320,3487.8571428571427
35.790934399701655,56,195384,3489.0
35.79129495797679,56,195448,3490.1428571428573
35.791650836821645,56,195512,3491.285714285714
35.79199712583795,56,195576,3492.4285714285716
35.79238353483379,56,195640,3493.5714285714284
35.7927834847942,56,195704,3494.714285714286
35.79340597987175,56,195768,3495.8571428571427
35.793882261030376,56,195832,3497.0
35.794211328960955,56,195896,3498.1428571428573
35.794560187961906,56,195960,3499.285714285714
35.79505525995046,56,196024,3500.4285714285716
35.79569385480136,56,196088,3501.5714285714284
35.796019572764635,56,196152,3502.714285714286
35.7963492507115,56,196216,3503.8571428571427
35.79672722006217,56,196280,3505.0
35.79734677495435,56,196344,3506.1428571428573
35.797852696850896,56,196408,3507.285714285714
35.798239026684314,56,196472,3508.4285714285716
35.79859920591116,56,196536,3509.5714285714284
35.79891740297899,56,196600,3510.714285714286
35.79925018083304,56,196664,3511.8571428571427
35.799575238954276,56,196728,3513.0
35.80013725301251,56,196792,3514.1428571428573
35.8353590159677,56,196856,3515.285714285714
36.03523084986955,56,196870,3515.535714285714
36.03523084986955,56,196870,3515.535714285714
36.17121077608317,55,193363,3515.690909090909
36.17121077608317,55,193363,3515.690909090909
36.52986456779763,54,189878,3516.259259259259
36.530456251930445,54,189942,3517.4444444444443
36.530857011675835,54,190006,3518.6296296296296
36.53122463077307,54,190070,3519.814814814815
36.53159279981628,54,190134,3521.0
36.53218221385032,54,190198,3522.185185185185
36.53255361272022,54,190262,3523.3703703703704
36.53290987201035,54,190326,3524.5555555555557
36.53328357078135,54,190390,3525.740740740741
36.53365095006302,54,190454,3526.925925925926
36.533984147943556,54,190518,3528.1111111111113
36.53434743685648,54,190582,3529.296296296296
36.53469059476629,54,190646,3530.4814814814813
36.535046313889325,54,190710,3531.6666666666665
36.53541497187689,54,190774,3532.8518518518517
36.53575023077428,54,190838,3534.037037037037
36.53631993383169,54,190902,3535.222222222222
36.53670214302838,54,190966,3536.4074074074074
36.53705871198326,54,191030,3537.5925925925926
36.537396640051156,54,191094,3538.777777777778
36.537720357999206,54,191158,3539.962962962963
36.53808653680608,54,191222,3541.1481481481483
36.53846110589802,54,191286,3542.3333333333335
36.538801033981144,54,191350,3543.5185185185187
36.539175593759865,54,191414,3544.703703703704
36.54009396582842,54,191478,3545.8888888888887
36.54043953400105,54,191542,3547.074074074074
36.54080359265208,54,191606,3548.259259259259
36.54114249069244,54,191670,3549.4444444444443
36.541497009806335,54,191734,3550.6296296296296
36.541869098786265,54,191798,3551.814814814815
36.54221844673157,54,191862,3553.0
36.54256949573755,54,191926,3554.185185185185
36.54292505374178,54,191990,3555.3703703703704
36.54329040274024,54,192054,3556.5555555555557
36.54364176187664,54,192118,3557.740740740741
36.5440155910328,54,192182,3558.925925925926
36.544351358897984,54,192246,3560.1111111111113
36.54469567677006,54,192310,3561.296296296296
36.54505206597969,54,192374,3562.4814814814813
36.545386584009975,54,192438,3563.6666666666665
36.54571215203032,54,192502,3564.8518518518517
36.54603527998552,54,192566,3566.037037037037
36.54637035774067,54,192630,3567.222222222222
36.546723877079785,54,192694,3568.4074074074074
36.547090145759284,54,192758,3569.5925925925926
36.547462694812566,54,192822,3570.777777777778
36.54783441266045,54,192886,3571.962962962963
36.548228482715786,54,192950,3573.1481481481483
36.54860167205334,54,193014,3574.3333333333335
36.5489268200472,54,193078,3575.5185185185187
36.54925792803988,54,193142,3576.703703703704
36.54958754591644,54,193206,3577.8888888888887
36.55015651974827,54,193270,3579.074074074074
37.15355749381706,54,193334,3580.259259259259
37.154284490738064,54,193398,3581.4444444444443
37.154705902095884,54,193462,3582.6296296296296
37.15507933078334,54,193526,3583.814814814815
37.15546869998798,54,193590,3585.0
37.155833318829536,54,193654,3586.185185185185
37.15647899499163,54,193718,3587.3703703703704
37.156860163901,54,193782,3588.5555555555557
37.15725059295073,54,193846,3589.740740740741
37.15763505268842,54,193910,3590.925925925926
37.15798272099346,54,193974,3592.1111111111113
37.15833748970181,54,194038,3593.296296296296
37.158680827822536,54,194102,3594.4814814814813
37.15905851684511,54,194166,3595.6666666666665
37.15944533701986,54,194230,3596.8518518518517
37.1597808948718,54,194294,3598.037037037037
37.16048276191577,54,194358,3599.222222222222
37.160859260708094,54,194422,3600.4074074074074
37.1612562709488,54,194486,3601.5925925925926
37.1616087090224,54,194550,3602.777777777778
37.161949187051505,54,194614,3603.962962962963
37.16232426604256,54,194678,3605.1481481481483
37.162667034659535,54,194742,3606.3333333333335
37.163013002835214,54,194806,3607.5185185185187
37.16340441163629,54,194870,3608.703703703704
37.16377438092604,54,194934,3609.8888888888887
37.1641119197011,54,194998,3611.074074074074
37.16449971869588,54,195062,3612.259259259259
37.164836917072535,54,195126,3613.4444444444443
37.16521599609405,54,195190,3614.6296296296296
37.165603565983474,54,195254,3615.814814814815
37.16594813391566,54,195318,3617.0
37.166695531923324,54,195382,3618.185185185185
37.16707329172641,54,195446,3619.3703703703704
37.167486521881074,54,195510,3620.5555555555557
37.16784957004711,54,195574,3621.740740740741
37.16825529979542,54,195638,3622.925925925926
37.168595127761364,54,195702,3624.1111111111113
37.16894482681528,54,195766,3625.296296296296
37.169325625989586,54,195830,3626.4814814814813
37.16966045368463,54,195894,3627.6666666666665
37.17002872284502,54,195958,3628.8518518518517
37.17037004092708,54,196022,3630.037037037037
37.17070446908474,54,196086,3631.222222222222
37.171068167779595,54,196150,3632.4074074074074
37.17147157806903,54,196214,3633.5925925925926
37.17183752683923,54,196278,3634.777777777778
37.172223965637386,54,196342,3635.962962962963
37.17259132489562,54,196406,3637.1481481481483
37.1729609137401,54,196470,3638.3333333333335
37.17330700298771,54,196534,3639.5185185185187
37.17364083090797,54,196598,3640.703703703704
37.17397757899016,54,196662,3641.8888888888887
37.17438058881089,54,196726,3643.074074074074
37.85851041087881,54,196790,3644.259259259259
37.859143235720694,54,196854,3645.4444444444443
37.85957123572007,54,196918,3646.6296296296296
37.85994573496282,54,196982,3647.814814814815
37.860349494963884,54,197046,3649.0
37.860726804006845,54,197110,3650.185185185185
37.86132488772273,54,197174,3651.3703703703704
37.861706147901714,54,197238,3652.5555555555557
37.86210075765848,54,197302,3653.740740740741
37.862508666701615,54,197366,3654.925925925926
37.86285650590435,54,197430,3656.1111111111113
37.863227234687656,54,197494,3657.296296296296
37.86358251282945,54,197558,3658.4814814814813
37.863953321706504,54,197622,3659.6666666666665
37.86433201190084,54,197686,3660.8518518518517
37.864679879974574,54,197750,3662.037037037037
37.86533860582858,54,197814,3663.222222222222
37.86572753498331,54,197878,3664.4074074074074
37.86609332403168,54,197942,3665.5925925925926
37.866446622647345,54,198006,3666.777777777778
37.86678449064493,54,198070,3667.962962962963
37.86715718964115,54,198134,3669.1481481481483
37.867503718007356,54,198198,3670.3333333333335
37.867848847061396,54,198262,3671.5185185185187
37.86824176600203,54,198326,3672.703703703704
37.868602704722434,54,198390,3673.8888888888887
37.86893166275695,54,198454,3675.074074074074
37.86930315196514,54,198518,3676.259259259259
37.86964155966416,54,198582,3677.4444444444443
37.870008958969265,54,198646,3678.6296296296296
37.87039975868538,54,198710,3679.814814814815
37.87074212683365,54,198774,3681.0
37.87140041263774,54,198838,3682.185185185185
37.87177632190287,54,198902,3683.3703703703704
37.872155010700226,54,198966,3684.5555555555557
37.87252189964056,54,199030,3685.740740740741
37.87290591886267,54,199094,3686.925925925926
37.8732749177143,54,199158,3688.1111111111113
37.87363552674651,54,199222,3689.296296296296
37.87400724599138,54,199286,3690.4814814814813
37.87435169471428,54,199350,3691.6666666666665
37.87472078297287,54,199414,3692.8518518518517
37.875062400940806,54,199478,3694.037037037037
37.87540555000305,54,199542,3695.222222222222
37.875767949037254,54,199606,3696.4074074074074
37.87615542765707,54,199670,3697.5925925925926
37.876530637033284,54,199734,3698.777777777778
37.876891545951366,54,199798,3699.962962962963
37.877270904835314,54,199862,3701.1481481481483
37.877636023797095,54,199926,3702.3333333333335
37.87799124279991,54,199990,3703.5185185185187
37.878342440817505,54,200054,3704.703703703704
37.87868336867541,54,200118,3705.8888888888887
37.87914085993543,54,200182,3707.074074074074
38.48336308589205,54,200246,3708.259259259259
38.48410014389083,54,200310,3709.4444444444443
38.48455411475152,54,200374,3710.6296296296296
38.48493418376893,54,200438,3711.814814814815
38.48534097382799,54,200502,3713.0
38.48572255298495,54,200566,3714.185185185185
38.4861033228226,54,200630,3715.3703703703704
38.48668081685901,54,200694,3716.5555555555557
38.48709024582058,54,200758,3717.740740740741
38.48750386573374,54,200822,3718.925925925926
38.48785899486393,54,200886,3720.1111111111113
38.488223613705486,54,200950,3721.296296296296
38.4885959927924,54,201014,3722.4814814814813
38.48898042179644,54,201078,3723.6666666666665
38.489363740663975,54,201142,3724.8518518518517
38.48973485082388,54,201206,3726.037037037037
38.49041156703606,54,201270,3727.222222222222
38.49079622607678,54,201334,3728.4074074074074
38.49118004599586,54,201398,3729.5925925925926
38.491531043779105,54,201462,3730.777777777778
38.491872591897845,54,201526,3731.962962962963
38.49225357174873,54,201590,3733.1481481481483
38.49261420965195,54,201654,3734.3333333333335
38.49298751866445,54,201718,3735.5185185185187
38.49338210886344,54,201782,3736.703703703704
38.49375001806766,54,201846,3737.8888888888887
38.494082025717944,54,201910,3739.074074074074
38.494498285930604,54,201974,3740.259259259259
38.49487522477284,54,202038,3741.4444444444443
38.49525443371385,54,202102,3742.6296296296296
38.49564536381513,54,202166,3743.814814814815
38.495993131771684,54,202230,3745.0
38.496702688746154,54,202294,3746.185185185185
38.497092748992145,54,202358,3747.3703703703704
38.49750478891656,54,202422,3748.5555555555557
38.49788250774145,54,202486,3749.740740740741
38.498304137960076,54,202550,3750.925925925926
38.49867061665282,54,202614,3752.1111111111113
38.49903377564624,54,202678,3753.296296296296
38.49941893480718,54,202742,3754.4814814814813
38.49975870270282,54,202806,3755.6666666666665
38.50013821199536,54,202870,3756.8518518518517
38.50047923065722,54,202934,3758.037037037037
38.500815238803625,54,202998,3759.222222222222
38.5011964677833,54,203062,3760.4074074074074
38.50159055786207,54,203126,3761.5925925925926
38.501959066838026,54,203190,3762.777777777778
38.50236049667001,54,203254,3763.962962962963
38.502760795876384,54,203318,3765.1481481481483
38.503156745806336,54,203382,3766.3333333333335
38.50349907390773,54,203446,3767.5185185185187
38.50383623177186,54,203510,3768.703703703704
38.50418730080128,54,203574,3769.8888888888887
38.50458791991696,54,203638,3771.074074074074
38.603238062001765,54,203651,3771.314814814815
38.603238062001765,54,203651,3771.314814814815
38.9168009320274,53,199906,3771.811320754717
38.9168009320274,53,199906,3771.811320754717
39.11280625406653,52,196148,3772.076923076923
39.11340788798407,52,196212,3773.3076923076924
39.11382638802752,52,196276,3774.5384615384614
39.11420690687373,52,196340,3775.769230769231
39.11480325181037,52,196404,3777.0
39.11521061183885,52,196468,3778.230769230769
39.11558994092047,52,196532,3779.4615384615386
39.116003341041505,52,196596,3780.6923076923076
39.11639732075855,52,196660,3781.923076923077
39.116787689737976,52,196724,3783.153846153846
39.11715496890247,52,196788,3784.3846153846152
39.11752470768988,52,196852,3785.6153846153848
39.11788032576442,52,196916,3786.846153846154
39.11826812569052,52,196980,3788.076923076923
39.11865069484338,52,197044,3789.3076923076924
39.11900681396946,52,197108,3790.5384615384614
39.12020488269627,52,197172,3791.769230769231
39.12060294300318,52,197236,3793.0
39.12097636098042,52,197300,3794.230769230769
39.121339469682425,52,197364,3795.4615384615386
39.1216857987456,52,197428,3796.6923076923076
39.122055837884545,52,197492,3797.923076923077
39.12244067667052,52,197556,3799.153846153846
39.12279272498563,52,197620,3800.3846153846152
39.12315567396581,52,197684,3801.6153846153848
39.123544143978506,52,197748,3802.846153846154
39.12391650304198,52,197812,3804.076923076923
39.12427726108581,52,197876,3805.3076923076924
39.12467689067125,52,197940,3806.5384615384614
39.12506745103747,52,198004,3807.769230769231
39.125459589995444,52,198068,3809.0
39.125813378952444,52,198132,3810.230769230769
39.126193318050355,52,198196,3811.4615384615386
39.12656987691298,52,198260,3812.6923076923076
39.12694749608636,52,198324,3813.923076923077
39.1273519359529,52,198388,3815.153846153846
39.12772347498685,52,198452,3816.3846153846152
39.12811172474176,52,198516,3817.6153846153848
39.12846519285813,52,198580,3818.846153846154
39.12884147185832,52,198644,3820.076923076923
39.129196270834655,52,198708,3821.3076923076924
39.12954527884722,52,198772,3822.5384615384614
39.12988915806636,52,198836,3823.769230769231
39.13023903593421,52,198900,3825.0
39.130613645073026,52,198964,3826.230769230769
39.13104878598824,52,199028,3827.4615384615386
39.13146309601143,52,199092,3828.6923076923076
39.131840334739536,52,199156,3829.923076923077
39.13223367370665,52,199220,3831.153846153846
39.132615733891726,52,199284,3832.3846153846152
39.132965391967446,52,199348,3833.6153846153848
39.133580977097154,52,199412,3834.846153846154
39.73987481370568,52,199476,3836.076923076923
39.74054825073108,52,199540,3837.3076923076924
39.74097648076713,52,199604,3838.5384615384614
39.74136509001255,52,199668,3839.769230769231
39.741764300037175,52,199732,3841.0
39.742165779694915,52,199796,3842.230769230769
39.74277612473816,52,199860,3843.4615384615386
39.74320891499519,52,199924,3844.6923076923076
39.74360314477235,52,199988,3845.923076923077
39.74400201393291,52,200052,3847.153846153846
39.74437704309821,52,200116,3848.3846153846152
39.74474073201418,52,200180,3849.6153846153848
39.74510268075392,52,200244,3850.846153846154
39.745496650692075,52,200308,3852.076923076923
39.74587877979502,52,200372,3853.3076923076924
39.74623981770128,52,200436,3854.5384615384614
39.74692385504022,52,200500,3855.769230769231
39.747329904697835,52,200564,3857.0
39.74771118396893,52,200628,3858.230769230769
39.74806493287906,52,200692,3859.4615384615386
39.74844676209614,52,200756,3860.6923076923076
39.748832480981946,52,200820,3861.923076923077
39.749219820834696,52,200884,3863.153846153846
39.749578618910164,52,200948,3864.3846153846152
39.74992769770324,52,201012,3865.6153846153848
39.7503258776851,52,201076,3866.846153846154
39.75073377788067,52,201140,3868.076923076923
39.75109874596819,52,201204,3869.3076923076924
39.75154741667211,52,201268,3870.5384615384614
39.751923645846546,52,201332,3871.769230769231
39.75236192671582,52,201396,3873.0
39.7527547958307,52,201460,3874.230769230769
39.75355484569445,52,201524,3875.4615384615386
39.75399992708117,52,201588,3876.6923076923076
39.754427446983755,52,201652,3877.923076923077
39.75487213768065,52,201716,3879.153846153846
39.75525894667953,52,201780,3880.3846153846152
39.75564637687057,52,201844,3881.6153846153848
39.7559988447465,52,201908,3882.846153846154
39.75640059495345,52,201972,3884.076923076923
39.756753792986274,52,202036,3885.3076923076924
39.75710425199941,52,202100,3886.5384615384614
39.75746559072286,52,202164,3887.769230769231
39.7578084487468,52,202228,3889.0
39.75819468777627,52,202292,3890.230769230769
39.75859317788854,52,202356,3891.4615384615386
39.75897448696196,52,202420,3892.6923076923076
39.75936233671382,52,202484,3893.923076923077
39.759745785966516,52,202548,3895.153846153846
39.760143865831196,52,202612,3896.3846153846152
39.76050658384338,52,202676,3897.6153846153848
39.76094353478402,52,202740,3898.846153846154
40.45125042879954,52,202804,3900.076923076923
40.45223333267495,52,202868,3901.3076923076924
40.45292785996571,52,202932,3902.5384615384614
40.453556885011494,52,202996,3903.769230769231
40.4542156108655,52,203060,3905.0
40.45520693482831,52,203124,3906.230769230769
40.4558563507162,52,203188,3907.4615384615386
40.4566151490435,52,203252,3908.6923076923076
40.45731338579208,52,203316,3909.923076923077
40.45797667186707,52,203380,3911.153846153846
40.458577886689454,52,203444,3912.3846153846152
40.459194521885365,52,203508,3913.6153846153848
40.459789495915174,52,203572,3914.846153846154
40.4604280218482,52,203636,3916.076923076923
40.46104981703684,52,203700,3917.3076923076924
40.46172531275079,52,203764,3918.5384615384614
40.46284411009401,52,203828,3919.769230769231
40.463571997825056,52,203892,3921.0
40.46423028409481,52,203956,3922.230769230769
40.46480991784483,52,204020,3923.4615384615386
40.46539407176897,52,204084,3924.6923076923076
40.46601796709001,52,204148,3925.923076923077
40.466655362863094,52,204212,3927.153846153846
40.467284177895635,52,204276,3928.3846153846152
40.46797608491033,52,204340,3929.6153846153848
40.46869892207906,52,204404,3930.846153846154
40.469373968895525,52,204468,3932.076923076923
40.469974882900715,52,204532,3933.3076923076924
40.47062151879072,52,204596,3934.5384615384614
40.47123213391751,52,204660,3935.769230769231
40.47185204876587,52,204724,3937.0
40.47243882296607,52,204788,3938.230769230769
40.47351822908968,52,204852,3939.4615384615386
40.47404150199145,52,204916,3940.6923076923076
40.47444038186222,52,204980,3941.923076923077
40.47485366091132,52,205044,3943.153846153846
40.47524552093819,52,205108,3944.3846153846152
40.475638650823385,52,205172,3945.6153846153848
40.475992298685014,52,205236,3946.846153846154
40.476397769059986,52,205300,3948.076923076923
40.47678159782663,52,205364,3949.3076923076924
40.47715237690136,52,205428,3950.5384615384614
40.47750839591026,52,205492,3951.769230769231
40.47785737365484,52,205556,3953.0
40.47825852409005,52,205620,3954.230769230769
40.47866753395647,52,205684,3955.4615384615386
40.479057733900845,52,205748,3956.6923076923076
40.479456312954426,52,205812,3957.923076923077
40.47984791267663,52,205876,3959.153846153846
40.48024260206148,52,205940,3960.3846153846152
40.48060941090807,52,206004,3961.6153846153848
40.480937198735774,52,206068,3962.846153846154
41.29133499506861,52,206131,3964.0576923076924
41.29133499506861,52,206131,3964.0576923076924
41.30715412879363,51,202163,3963.9803921568628
41.308060040697455,51,202227,3965.235294117647
41.309026123955846,51,202291,3966.4901960784314
41.31015417166054,51,202355,3967.7450980392155
41.31089385971427,51,202419,3969.0
41.31156199565157,51,202483,3970.2549019607845
41.31229947367683,51,202547,3971.5098039215686
41.31298809079453,51,202611,3972.764705882353
41.31370754772797,51,202675,3974.0196078431372
41.31442713504657,51,202739,3975.274509803922
41.31506919069216,51,202803,3976.529411764706
41.31573482695967,51,202867,3977.7843137254904
41.31641082279384,51,202931,3979.0392156862745
41.3170996196568,51,202995,3980.294117647059
41.31801170203835,51,203059,3981.549019607843
41.318792711012065,51,203123,3982.8039215686276
41.32101931469515,51,203187,3984.0588235294117
41.32175674289465,51,203251,3985.3137254901962
41.32247424079105,51,203315,3986.5686274509803
41.323177746962756,51,203379,3987.823529411765
41.3238231530413,51,203443,3989.078431372549
41.324466068763286,51,203507,3990.3333333333335
41.325170075986534,51,203571,3991.5882352941176
41.325864342972636,51,203635,3992.843137254902
41.3265311489813,51,203699,3994.098039215686
41.32746199099347,51,203763,3995.3529411764707
41.32820708910003,51,203827,3996.607843137255
41.32885931478813,51,203891,3997.8627450980393
41.32956966198981,51,203955,3999.1176470588234
41.330227389000356,51,204019,4000.372549019608
41.33092622598633,51,204083,4001.627450980392
41.33158559072763,51,204147,4002.8823529411766
41.33228249801323,51,204211,4004.1372549019607
41.33297383505851,51,204275,4005.392156862745
41.33370099309832,51,204339,4006.6470588235293
41.33439282979816,51,204403,4007.901960784314
41.33508475590497,51,204467,4009.156862745098
41.33589965570718,51,204531,4010.4117647058824
41.33665488380939,51,204595,4011.6666666666665
41.33734028087929,51,204659,4012.921568627451
41.33796401601285,51,204723,4014.176470588235
41.338607161771506,51,204787,4015.4313725490197
41.339247456751764,51,204851,4016.6862745098038
41.33986959187314,51,204915,4017.9411764705883
41.34056500904262,51,204979,4019.1960784313724
41.34129704674706,51,205043,4020.450980392157
41.34199612401426,51,205107,4021.705882352941
41.34270195104182,51,205171,4022.9607843137255
41.34341059764847,51,205235,4024.2156862745096
41.34411217505112,51,205299,4025.470588235294
41.344833503011614,51,205363,4026.725490196078
42.1585158999078,51,205427,4027.9803921568628
42.15918549569324,51,205491,4029.235294117647
42.15964205795899,51,205555,4030.4901960784314
42.1600386868231,51,205619,4031.7450980392155
42.16047332668677,51,205683,4033.0
42.16085331700742,51,205747,4034.2549019607845
42.161273886915296,51,205811,4035.5098039215686
42.16189262177795,51,205875,4036.764705882353
42.16232928307727,51,205939,4038.0196078431372
42.16275203274563,51,206003,4039.274509803922
42.16313678165898,51,206067,4040.529411764706
42.16351319104433,51,206131,4041.7843137254904
42.16388484975323,51,206195,4043.0392156862745
42.16441492270678,51,206259,4044.294117647059
42.16487206378952,51,206323,4045.549019607843
42.165298834908754,51,206387,4046.8039215686276
42.16601168178022,51,206451,4048.0588235294117
42.166439421940595,51,206515,4049.3137254901962
42.16684898175299,51,206579,4050.5686274509803
42.16725425189361,51,206643,4051.823529411765
42.167625000700355,51,206707,4053.078431372549
42.167988469824195,51,206771,4054.3333333333335
42.16839025868103,51,206835,4055.5882352941176
42.168786028865725,51,206899,4056.843137254902
42.16916767787188,51,206963,4058.098039215686
42.16957995900884,51,207027,4059.3529411764707
42.16997239785269,51,207091,4060.607843137255
42.17034169705585,51,207155,4061.8627450980393
42.17074778676033,51,207219,4063.1176470588234
42.17112909583375,51,207283,4064.372549019608
42.171525094658136,51,207347,4065.627450980392
42.17190165491775,51,207411,4066.8823529411766
42.17261435184628,51,207475,4068.1372549019607
42.1730336220935,51,207539,4069.392156862745
42.173637786880136,51,207603,4070.6470588235293
42.17406036704779,51,207667,4071.901960784314
42.1744867968373,51,207731,4073.156862745098
42.17485573608428,51,207795,4074.4117647058824
42.175278385635465,51,207859,4075.6666666666665
42.17565667582676,51,207923,4076.921568627451
42.17604624480009,51,207987,4078.176470588235
42.176430333871394,51,208051,4079.4313725490197
42.17679336294532,51,208115,4080.6862745098038
42.17722952365875,51,208179,4081.9411764705883
42.17765924381092,51,208243,4083.1960784313724
42.178145485930145,51,208307,4084.450980392157
42.178597836755216,51,208371,4085.705882352941
42.17901674704626,51,208435,4086.9607843137255
42.17943757772446,51,208499,4088.2156862745096
42.179887897800654,51,208563,4089.470588235294
42.1803292487748,51,208627,4090.725490196078
42.39909945288673,51,208651,4091.1960784313724
42.39909945288673,51,208651,4091.1960784313724
42.81178909866139,50,204594,4091.88
42.81250016670674,50,204658,4093.16
42.81295336782932,50,204722,4094.44
42.813369697891176,50,204786,4095.72
42.813795507885516,50,204850,4097.0
42.81418571667746,50,204914,4098.28
42.81459897803143,50,204978,4099.56
42.815003256779164,50,205042,4100.84
42.81561968289316,50,205106,4102.12
42.81605054298416,50,205170,4103.4
42.816448071971536,50,205234,4104.68
42.81683981185779,50,205298,4105.96
42.81724538188428,50,205362,4107.24
42.81773897400126,50,205426,4108.52
42.81817675381899,50,205490,4109.8
42.81859934469685,50,205554,4111.08
42.81929272087291,50,205618,4112.36
42.81971243163571,50,205682,4113.64
42.82014240184799,50,205746,4114.92
42.82054510200396,50,205810,4116.2
42.82092194072902,50,205874,4117.48
42.82130002975464,50,205938,4118.76
42.82173136109486,50,206002,4120.04
42.82217221101746,50,206066,4121.32
42.82256337068975,50,206130,4122.6
42.82298539066687,50,206194,4123.88
42.823391750920564,50,206258,4125.16
42.82376006990671,50,206322,4126.44
42.82417658995837,50,206386,4127.72
42.82456114888191,50,206450,4129.0
42.82495761895552,50,206514,4130.28
42.82534152781591,50,206578,4131.56
42.82600139407441,50,206642,4132.84
42.826535956934094,50,206706,4134.12
42.82698728796095,50,206770,4135.4
42.82740697776899,50,206834,4136.68
42.82777942670509,50,206898,4137.96
42.82819823687896,50,206962,4139.24
42.82857870683074,50,207026,4140.52
42.82898797607049,50,207090,4141.8
42.82936246600002,50,207154,4143.08
42.82973981508985,50,207218,4144.36
42.830106783658266,50,207282,4145.64
42.830480203032494,50,207346,4146.92
42.830888173077255,50,207410,4148.2
42.83131879288703,50,207474,4149.48
42.831744763068855,50,207538,4150.76
42.83216738374904,50,207602,4152.04
42.83257701387629,50,207666,4153.32
42.83305184496567,50,207730,4154.6
43.67535263765603,50,207794,4155.88
43.67599686374888,50,207858,4157.16
43.67646930506453,50,207922,4158.44
43.67687775474042,50,207986,4159.72
43.67732190573588,50,208050,4161.0
43.67795714177191,50,208114,4162.28
43.678399302996695,50,208178,4163.56
43.678814833052456,50,208242,4164.84
43.67938384599984,50,208306,4166.12
43.679847506806254,50,208370,4167.4
43.680254806764424,50,208434,4168.68
43.68064635666087,50,208498,4169.96
43.68103307578713,50,208562,4171.24
43.681461116764694,50,208626,4172.52
43.68187471665442,50,208690,4173.8
43.68231732677668,50,208754,4175.08
43.683039125055075,50,208818,4176.36
43.683477345854044,50,208882,4177.64
43.68390487600118,50,208946,4178.92
43.68436772702262,50,209010,4180.2
43.68476874707267,50,209074,4181.48
43.68515484593809,50,209138,4182.76
43.685562825761735,50,209202,4184.04
43.68597753578797,50,209266,4185.32
43.68637175578624,50,209330,4186.6
43.686786975711584,50,209394,4187.88
43.687197665683925,50,209458,4189.16
43.68756875488907,50,209522,4190.44
43.68797515472397,50,209586,4191.72
43.68846964696422,50,209650,4193.0
43.68891082704067,50,209714,4194.28
43.68931133672595,50,209778,4195.56
43.68997765285894,50,209842,4196.84
43.690412553958595,50,209906,4198.12
43.690841373987496,50,209970,4199.4
43.69125523371622,50,210034,4200.68
43.69163195276633,50,210098,4201.96
43.69204123271629,50,210162,4203.24
43.69243441289291,50,210226,4204.52
43.69285210268572,50,210290,4205.8
43.693230711854994,50,210354,4207.08
43.69361232081428,50,210418,4208.36
43.694014420732856,50,210482,4209.64
43.694420870859176,50,210546,4210.92
43.694831321015954,50,210610,4212.2
43.695293431635946,50,210674,4213.48
43.69570960197598,50,210738,4214.76
43.69612609175965,50,210802,4216.04
43.69653867185116,50,210866,4217.32
43.69699931377545,50,210930,4218.6
44.30875772796571,50,210994,4219.88
44.30946873500943,50,211058,4221.16
44.309928846079856,50,211122,4222.44
44.310356786008924,50,211186,4223.72
44.310790677089244,50,211250,4225.0
44.31119776703417,50,211314,4226.28
44.311626496724784,50,211378,4227.56
44.31203810684383,50,211442,4228.84
44.31267232168466,50,211506,4230.12
44.313113742973655,50,211570,4231.4
44.31351232295856,50,211634,4232.68
44.313901661895216,50,211698,4233.96
44.31435137288645,50,211762,4235.24
44.31477143289521,50,211826,4236.52
44.31519738398492,50,211890,4237.8
44.315636984072626,50,211954,4239.08
44.31635782169178,50,212018,4240.36
44.31679550278932,50,212082,4241.64
44.31723811291158,50,212146,4242.92
44.31766064371914,50,212210,4244.2
44.318054862786084,50,212274,4245.48
44.31844592280686,50,212338,4246.76
44.31885885307565,50,212402,4248.04
44.319293982815,50,212466,4249.32
44.31968597276136,50,212530,4250.6
44.32011055294424,50,212594,4251.88
44.32053175289184,50,212658,4253.16
44.320906451903284,50,212722,4254.44
44.321330081671476,50,212786,4255.72
44.321717641782016,50,212850,4257.0
44.32212994201109,50,212914,4258.28
44.32252073101699,50,212978,4259.56
44.32318580709398,50,213042,4260.84
44.32360532786697,50,213106,4262.12
44.324044577777386,50,213170,4263.4
44.324461517855525,50,213234,4264.68
44.324842798057944,50,213298,4265.96
44.32526738801971,50,213362,4267.24
44.32565475674346,50,213426,4268.52
44.326091597788036,50,213490,4269.8
44.32649654801935,50,213554,4271.08
44.32688050670549,50,213618,4272.36
44.3272703057155,50,213682,4273.64
44.32765496568754,50,213746,4274.92
44.328068166039884,50,213810,4276.2
44.32850715564564,50,213874,4277.48
44.32891826564446,50,213938,4278.76
44.32933887699619,50,214002,4280.04
44.329753627069294,50,214066,4281.32
44.33018742688,50,214130,4282.6
44.944482143968344,50,214194,4283.88
44.94525477197021,50,214258,4285.16
44.94580556591973,50,214322,4286.44
44.94624075572938,50,214386,4287.72
44.94669331703335,50,214450,4289.0
44.94709395663813,50,214514,4290.28
44.94775398308411,50,214578,4291.56
44.94820886384696,50,214642,4292.84
44.94867105502635,50,214706,4294.12
44.949141626711935,50,214770,4295.4
44.949570666998625,50,214834,4296.68
44.95010573975742,50,214898,4297.96
44.9507837370038,50,214962,4299.24
44.95123821683228,50,215026,4300.52
44.95166647806764,50,215090,4301.8
44.95210347790271,50,215154,4303.08
44.95282365567982,50,215218,4304.36
44.953322287648916,50,215282,4305.64
44.95378799876198,50,215346,4306.92
44.954231849871576,50,215410,4308.2
44.95463407970965,50,215474,4309.48
44.955028739757836,50,215538,4310.76
44.95566562470049,50,215602,4312.04
44.9561523469165,50,215666,4313.32
44.95657363673672,50,215730,4314.6
44.95701342774555,50,215794,4315.88
44.95744284801185,50,215858,4317.16
44.95782609703019,50,215922,4318.44
44.95825832802802,50,215986,4319.72
44.95864682691172,50,216050,4321.0
44.95906302705407,50,216114,4322.28
44.959462366998196,50,216178,4323.56
44.9601688538678,50,216242,4324.84
44.96060867467895,50,216306,4326.12
44.96104966569692,50,216370,4327.4
44.96148140588775,50,216434,4328.68
44.961866644676775,50,216498,4329.96
44.96229545585811,50,216562,4331.24
44.96269167494029,50,216626,4332.52
44.963152195792645,50,216690,4333.8
44.96354838600382,50,216754,4335.08
44.96393592469394,50,216818,4336.36
44.96432942477986,50,216882,4337.64
44.964714074041694,50,216946,4338.92
44.96514929505065,50,217010,4340.2
44.965660066809505,50,217074,4341.48
44.96609711786732,50,217138,4342.76
44.96653664764017,50,217202,4344.04
44.96695922873914,50,217266,4345.32
44.967409030068666,50,217330,4346.6
45.05655485205352,50,217342,4346.84
45.05655485205352,50,217342,4346.84
45.58132790774107,49,213041,4347.775510204082
45.58201377466321,49,213105,4349.081632653061
45.58260861877352,49,213169,4350.3877551020405
45.583059639669955,49,213233,4351.693877551021
45.583553751930594,49,213297,4353.0
45.583968221675605,49,213361,4354.306122448979
45.584629917982966,49,213425,4355.6122448979595
45.585069329012185,49,213489,4356.918367346939
45.58552864007652,49,213553,4358.224489795918
45.58597503090277,49,213617,4359.530612244898
45.586384950671345,49,213681,4360.836734693878
45.58677878975868,49,213745,4362.142857142857
45.58724390110001,49,213809,4363.448979591837
45.58767204172909,49,213873,4364.755102040816
45.58809638209641,49,213937,4366.061224489796
45.58854240272194,49,214001,4367.367346938776
45.58924512984231,49,214065,4368.673469387755
45.58967706002295,49,214129,4369.9795918367345
45.590111980680376,49,214193,4371.285714285715
45.59054777165875,49,214257,4372.591836734694
45.590944081079215,49,214321,4373.897959183673
45.59144079266116,49,214385,4375.2040816326535
45.59196646604687,49,214449,4376.510204081633
45.59254670981318,49,214513,4377.816326530612
45.593036252073944,49,214577,4379.122448979592
45.59351099282503,49,214641,4380.428571428572
45.59393753390759,49,214705,4381.734693877551
45.5943339727819,49,214769,4383.040816326531
45.594770634081215,49,214833,4384.34693877551
45.59517403366044,49,214897,4385.65306122449
45.595591973979026,49,214961,4386.959183673469
45.59598081279546,49,215025,4388.265306122449
45.59666647994891,49,215089,4389.571428571428
45.59710499085486,49,215153,4390.877551020408
45.59756355173886,49,215217,4392.183673469388
45.597978341858834,49,215281,4393.489795918367
45.59838154166937,49,215345,4394.7959183673465
45.59880853164941,49,215409,4396.102040816327
45.59921592194587,49,215473,4397.408163265306
45.59965346194804,49,215537,4398.714285714285
45.60003643203527,49,215601,4400.0204081632655
45.60043274099007,49,215665,4401.326530612245
45.60082226106897,49,215729,4402.632653061224
45.601210369728506,49,215793,4403.938775510204
45.601634609978646,49,215857,4405.244897959184
45.602077120915055,49,215921,4406.551020408163
45.60259651392698,49,215985,4407.857142857143
45.60304149473086,49,216049,4409.163265306122
45.60351337585598,49,216113,4410.469387755102
46.22028573369607,49,216177,4411.775510204082
46.22110248403624,49,216241,4413.081632653061
46.22175203869119,49,216305,4414.3877551020405
46.22221142007038,49,216369,4415.693877551021
46.222678842023015,49,216433,4417.0
46.223344777710736,49,216497,4418.306122448979
46.223799779079854,49,216561,4419.6122448979595
46.22423948999494,49,216625,4420.918367346939
46.224691871088,49,216689,4422.224489795918
46.225153712090105,49,216753,4423.530612244898
46.22555721178651,49,216817,4424.836734693878
46.22595480084419,49,216881,4426.142857142857
46.22642407286912,49,216945,4427.448979591837
46.22686037281528,49,217009,4428.755102040816
46.22729996405542,49,217073,4430.061224489796
46.227762954775244,49,217137,4431.367346938776
46.228572244755924,49,217201,4432.673469387755
46.22902033571154,49,217265,4433.9795918367345
46.229467225726694,49,217329,4435.285714285715
46.22990821674466,49,217393,4436.591836734694
46.23034945782274,49,217394,4436.6122448979595
46.23034945782274,49,217394,4436.6122448979595
46.23084902996197,48,212976,4437.0
46.23139527300373,48,213040,4438.333333333333
46.2318629049696,48,213104,4439.666666666667
46.232335675973445,48,213168,4441.0
46.23275012569502,48,213232,4442.333333333333
46.23321005702019,48,213296,4443.666666666667
46.23364920774475,48,213360,4445.0
46.234044536948204,48,213424,4446.333333333333
46.23449333803728,48,213488,4447.666666666667
46.23489307798445,48,213552,4449.0
46.235329928807914,48,213616,4450.333333333333
46.2357297479175,48,213680,4451.666666666667
46.236424394883215,48,213744,4453.0
46.23686440568417,48,213808,4454.333333333333
46.23734127683565,48,213872,4455.666666666667
46.23778742784634,48,213936,4457.0
46.23819555807859,48,214000,4458.333333333333
46.23864007880911,48,214064,4459.666666666667
46.23904185881838,48,214128,4461.0
46.239492130000144,48,214192,4462.333333333333
46.239882638677955,48,214256,4463.666666666667
46.24028865899891,48,214320,4465.0
46.240687587764114,48,214384,4466.333333333333
46.24117016000673,48,214448,4467.666666666667
46.24163065105677,48,214512,4469.0
46.242085261736065,48,214576,4470.333333333333
46.24254904408008,48,214640,4471.666666666667
46.24297736398876,48,214704,4473.0
46.24348870664835,48,214768,4474.333333333333
46.85758830001578,48,214832,4475.666666666667
46.858294046949595,48,214896,4477.0
46.8588761407882,48,214960,4478.333333333333
46.859335471875966,48,215024,4479.666666666667
46.85979076381773,48,215088,4481.0
46.86021461384371,48,215152,4482.333333333333
46.860875139944255,48,215216,4483.666666666667
46.861328310798854,48,215280,4485.0
46.86177363200113,48,215344,4486.333333333333
46.86224762303755,48,215408,4487.666666666667
46.862666812725365,48,215472,4489.0
46.86307142302394,48,215536,4490.333333333333
46.86354838497937,48,215600,4491.666666666667
46.86398565582931,48,215664,4493.0
46.864433276001364,48,215728,4494.333333333333
46.86488352669403,48,215792,4495.666666666667
46.86555635370314,48,215856,4497.0
46.866009244695306,48,215920,4498.333333333333
46.86647470574826,48,215984,4499.666666666667
46.866883635986596,48,216048,4501.0
46.8672931259498,48,216112,4502.333333333333
46.86773030599579,48,216176,4503.666666666667
46.868208437692374,48,216240,4505.0
46.868865204043686,48,216304,4506.333333333333
46.8693273649551,48,216368,4507.666666666667
46.869784615933895,48,216432,4509.0
46.8702270668,48,216496,4510.333333333333
46.87062761699781,48,216560,4511.666666666667
46.871385004837066,48,216624,4513.0
46.87181364465505,48,216688,4514.333333333333
46.872251715976745,48,216752,4515.666666666667
46.87265168596059,48,216816,4517.0
46.873078586068004,48,216880,4518.333333333333
46.87352035706863,48,216944,4519.666666666667
46.87394813681021,48,217008,4521.0
46.87436189688742,48,217072,4522.333333333333
46.87480014702305,48,217136,4523.666666666667
46.87522435793653,48,217200,4525.0
46.87566624907777,48,217264,4526.333333333333
46.87606247793883,48,217328,4527.666666666667
46.876477777957916,48,217392,4529.0
46.87687364779413,48,217456,4530.333333333333
46.87727295793593,48,217520,4531.666666666667
46.87770758802071,48,217584,4533.0
46.87816099869087,48,217648,4534.333333333333
46.87868299195543,48,217712,4535.666666666667
46.879178343806416,48,217776,4537.0
46.879765847697854,48,217840,4538.333333333333
47.33901996584609,48,217889,4539.354166666667
47.33901996584609,48,217889,4539.354166666667
47.494575009681284,47,213359,4539.553191489362
47.495183053892106,47,213423,4540.914893617021
47.4956613057293,47,213487,4542.276595744681
47.49641150375828,47,213551,4543.63829787234
47.49692872678861,47,213615,4545.0
47.49736161669716,47,213679,4546.36170212766
47.49781675776467,47,213743,4547.723404255319
47.498268018942326,47,213807,4549.085106382979
47.49871785985306,47,213871,4550.446808510638
47.49918622104451,47,213935,4551.808510638298
47.4996035117656,47,213999,4553.170212765957
47.50001972168684,47,214063,4554.531914893617
47.50049975281581,47,214127,4555.893617021276
47.5009431540966,47,214191,4557.255319148936
47.501393674872816,47,214255,4558.617021276596
47.501856775954366,47,214319,4559.978723404255
47.503154017962515,47,214383,4561.340425531915
47.503638438880444,47,214447,4562.702127659574
47.504105880856514,47,214511,4564.063829787234
47.50453560100868,47,214575,4565.425531914893
47.50493854098022,47,214639,4566.787234042553
47.505381831899285,47,214703,4568.148936170212
47.50608355784789,47,214767,4569.510638297872
47.50658793095499,47,214831,4570.872340425532
47.50702743185684,47,214895,4572.234042553191
47.507501852698624,47,214959,4573.595744680851
47.50794547377154,47,215023,4574.95744680851
47.508356663864106,47,215087,4576.31914893617
47.50879778387025,47,215151,4577.68085106383
47.5092185549438,47,215215,4579.04255319149
47.50965827470645,47,215279,4580.404255319149
47.510066724848,47,215343,4581.765957446809
47.510506545659155,47,215407,4583.127659574468
47.51094420673326,47,215471,4584.489361702128
47.51138540683314,47,215535,4585.851063829788
47.51178758684546,47,215599,4587.212765957447
47.51223356788978,47,215663,4588.574468085107
47.512681358959526,47,215727,4589.936170212766
47.51307920785621,47,215791,4591.297872340426
47.513488807715476,47,215855,4592.659574468085
47.51388805778697,47,215919,4594.021276595745
47.51429085806012,47,215983,4595.382978723404
47.514748168643564,47,216047,4596.744680851064
47.51522677997127,47,216111,4598.106382978724
47.515790693927556,47,216175,4599.468085106383
47.516267445869744,47,216239,4600.829787234043
47.51692646089941,47,216303,4602.191489361702
48.13460206286982,47,216367,4603.553191489362
48.13536994205788,47,216431,4604.914893617021
48.13592297490686,47,216495,4606.276595744681
48.136375405825675,47,216559,4607.63829787234
48.136838268022984,47,216623,4609.0
48.13727207807824,47,216687,4610.36170212766
48.13797794468701,47,216751,4611.723404255319
48.138439916074276,47,216815,4613.085106382979
48.13891345774755,47,216879,4614.446808510638
48.13939380971715,47,216943,4615.808510638298
48.13981634005904,47,217007,4617.170212765957
48.14024042990059,47,217071,4618.531914893617
48.140724221710116,47,217135,4619.893617021276
48.14118336280808,47,217199,4621.255319148936
48.14163058390841,47,217263,4622.617021276596
48.14208879508078,47,217327,4623.978723404255
48.14289317373186,47,217391,4625.340425531915
48.14335616584867,47,217455,4626.702127659574
48.14380772598088,47,217519,4628.063829787234
48.14423985686153,47,217583,4629.425531914893
48.144655076786876,47,217647,4630.787234042553
48.14510958781466,47,217711,4632.148936170212
48.14576787408441,47,217775,4633.510638297872
48.14627389609814,47,217839,4634.872340425532
48.14671694673598,47,217903,4636.234042553191
48.1471941890195,47,217967,4637.595744680851
48.14765056967735,47,218031,4638.95744680851
48.148057248909026,47,218095,4640.31914893617
48.14851985080168,47,218159,4641.68085106383
48.14894317090511,47,218223,4643.04255319149
48.14939418202266,47,218287,4644.404255319149
48.149806421715766,47,218351,4645.765957446809
48.15047752764076,47,218415,4647.127659574468
48.15092919906601,47,218479,4648.489361702128
48.1513780397363,47,218543,4649.851063829788
48.15178644983098,47,218607,4651.212765957447
48.15223930077627,47,218671,4652.574468085107
48.15269771171734,47,218735,4653.936170212766
48.153105701785535,47,218799,4655.297872340426
48.15352861164138,47,218863,4656.659574468085
48.15393508179113,47,218927,4658.021276595745
48.1543488916941,47,218991,4659.382978723404
48.15479823295027,47,219055,4660.744680851064
48.15530500467867,47,219119,4662.106382978724
48.15578296687454,47,219183,4663.468085106383
48.15626213885844,47,219247,4664.829787234043
48.15673745982349,47,219311,4666.191489361702
48.85557813104242,47,219375,4667.553191489362
48.85630344878882,47,219439,4668.914893617021
48.85681766085327,47,219503,4670.276595744681
48.85727352183312,47,219567,4671.63829787234
48.857747613918036,47,219631,4673.0
48.858383188955486,47,219695,4674.36170212766
48.858852250967175,47,219759,4675.723404255319
48.85931542189792,47,219823,4677.085106382979
48.859780702739954,47,219887,4678.446808510638
48.860261344816536,47,219951,4679.808510638298
48.86069266498089,47,220015,4681.170212765957
48.861141895875335,47,220079,4682.531914893617
48.86163044767454,47,220143,4683.893617021276
48.86209814902395,47,220207,4685.255319148936
48.86256891069934,47,220271,4686.617021276596
48.863037111703306,47,220335,4687.978723404255
48.86364253703505,47,220399,4689.340425531915
48.8641069480218,47,220463,4690.702127659574
48.8652245150879,47,220527,4692.063829787234
48.86566105578095,47,220591,4693.425531914893
48.8660840857774,47,220655,4694.787234042553
48.86654996778816,47,220719,4696.148936170212
48.86705604987219,47,220783,4697.510638297872
48.86754129175097,47,220847,4698.872340425532
48.86797576164827,47,220911,4700.234042553191
48.86848797369748,47,220975,4701.595744680851
48.86894648568705,47,221039,4702.95744680851
48.86938607599586,47,221103,4704.31914893617
48.86983927665278,47,221167,4705.68085106383
48.870270187966526,47,221231,4707.04255319149
48.87071764888242,47,221295,4708.404255319149
48.871145599056035,47,221359,4709.765957446809
48.871590479742736,47,221423,4711.127659574468
48.87204444082454,47,221487,4712.489361702128
48.87250257190317,47,221551,4713.851063829788
48.87292123166844,47,221615,4715.212765957447
48.87337941303849,47,221679,4716.574468085107
48.87384503381327,47,221743,4717.936170212766
48.87426620395854,47,221807,4719.297872340426
48.87468868494034,47,221871,4720.659574468085
48.87516861688346,47,221935,4722.021276595745
48.8755825269036,47,221999,4723.382978723404
48.876033707056195,47,222063,4724.744680851064
48.876464787870646,47,222127,4726.106382978724
48.87691449886188,47,222191,4727.468085106383
48.8773747398518,47,222255,4728.829787234043
48.877954673953354,47,222319,4730.191489361702
48.87852990766987,47,222322,4730.255319148936
48.87852990766987,47,222322,4730.255319148936
49.49292203085497,46,217646,4731.434782608696
49.49369246978313,46,217710,4732.826086956522
49.49432738497853,46,217774,4734.217391304348
49.49480362702161,46,217838,4735.608695652174
49.4952934589237,46,217902,4737.0
49.49572948971763,46,217966,4738.391304347826
49.49645557673648,46,218030,4739.782608695652
49.49692050786689,46,218094,4741.173913043478
49.49740504985675,46,218158,4742.565217391304
49.49788699205965,46,218222,4743.95652173913
49.49833346204832,46,218286,4745.347826086957
49.498759392648935,46,218350,4746.739130434783
49.49925546487793,46,218414,4748.130434782609
49.49971835594624,46,218478,4749.521739130435
49.500196357723325,46,218542,4750.913043478261
49.500672328751534,46,218606,4752.304347826087
49.50148422876373,46,218670,4753.695652173913
49.501956689637154,46,218734,4755.086956521739
49.50243314169347,46,218798,4756.478260869565
49.50286138197407,46,218862,4757.869565217391
49.50328759290278,46,218926,4759.260869565217
49.50374915404245,46,218990,4760.652173913043
49.50447941198945,46,219054,4762.04347826087
49.504986833781004,46,219118,4763.434782608696
49.50546987587586,46,219182,4764.826086956522
49.50590422609821,46,219246,4766.217391304348
49.50639573764056,46,219310,4767.608695652174
49.50686364900321,46,219374,4769.0
49.5073356507346,46,219438,4770.391304347826
49.50777325080708,46,219502,4771.782608695652
49.50823201285675,46,219566,4773.173913043478
49.508671642746776,46,219630,4774.565217391304
49.50935092987493,46,219694,4775.95652173913
49.50982089107856,46,219758,4777.347826086957
49.51025129202753,46,219822,4778.739130434783
49.51071134302765,46,219886,4780.130434782609
49.5111877839081,46,219950,4781.521739130435
49.511608724016696,46,220014,4782.913043478261
49.51202946482226,46,220078,4784.304347826087
49.51251338608563,46,220142,4785.695652173913
49.51292492682114,46,220206,4787.086956521739
49.51339656766504,46,220270,4788.478260869565
49.513833058066666,46,220334,4789.869565217391
49.51437680190429,46,220398,4791.260869565217
49.51484836265445,46,220462,4792.652173913043
49.51537908567116,46,220526,4794.04347826087
50.13352815108374,46,220590,4795.434782608696
50.13421259773895,46,220654,4796.826086956522
50.1348237618804,46,220718,4798.217391304348
50.135316393803805,46,220782,4799.608695652174
50.13605232303962,46,220846,4801.0
50.13651266274974,46,220910,4802.391304347826
50.13698809500784,46,220974,4803.782608695652
50.13746039709076,46,221038,4805.173913043478
50.137939077802,46,221102,4806.565217391304
50.13843485992402,46,221166,4807.95652173913
50.13887022109702,46,221230,4809.347826086957
50.139311091043055,46,221294,4810.739130434783
50.139803372789174,46,221358,4812.130434782609
50.140273234806955,46,221422,4813.521739130435
50.14075610600412,46,221486,4814.913043478261
50.14126426866278,46,221550,4816.304347826087
50.142525868956,46,221614,4817.695652173913
50.14303964190185,46,221678,4819.086956521739
50.14352129306644,46,221742,4820.478260869565
50.14395298389718,46,221806,4821.869565217391
50.14437628397718,46,221870,4823.260869565217
50.14505129074678,46,221934,4824.652173913043
50.14559787372127,46,221998,4826.04347826087
50.14608813589439,46,222062,4827.434782608696
50.14656683802605,46,222126,4828.826086956522
50.147003567777574,46,222190,4830.217391304348
50.14749377965927,46,222254,4831.608695652174
50.14796496089548,46,222318,4833.0
50.14844676293433,46,222382,4834.391304347826
50.14888519374654,46,222446,4835.782608695652
50.14935241499916,46,222510,4837.173913043478
50.149778744671494,46,222574,4838.565217391304
50.150237516034395,46,222638,4839.95652173913
50.150700247846544,46,222702,4841.347826086957
50.15114562865347,46,222766,4842.739130434783
50.151637501083314,46,222830,4844.130434782609
50.15212722169235,46,222894,4845.521739130435
50.15255235275254,46,222958,4846.913043478261
50.15297305304557,46,223022,4848.304347826087
50.15345922484994,46,223086,4849.695652173913
50.15389487473294,46,223150,4851.086956521739
50.15436736680567,46,223214,4852.478260869565
50.15487626893446,46,223278,4853.869565217391
50.15537258097902,46,223342,4855.260869565217
50.15584201179445,46,223406,4856.652173913043
50.15648840786889,46,223470,4858.04347826087
50.77897533867508,46,223534,4859.434782608696
50.77973835775629,46,223598,4860.826086956522
50.780267980881035,46,223662,4862.217391304348
50.780821254011244,46,223726,4863.608695652174
50.78135032672435,46,223790,4865.0
50.78180532809347,46,223854,4866.391304347826
50.782559535931796,46,223918,4867.782608695652
50.78303545806557,46,223982,4869.173913043478
50.783523089718074,46,224046,4870.565217391304
50.78400578070432,46,224110,4871.95652173913
50.78445224184543,46,224174,4873.347826086957
50.78488707309589,46,224238,4874.739130434783
50.785392914898694,46,224302,4876.130434782609
50.785858856048435,46,224366,4877.521739130435
50.78633632790297,46,224430,4878.913043478261
50.78681465005502,46,224494,4880.304347826087
50.78771524084732,46,224558,4881.695652173913
50.788207322824746,46,224622,4883.086956521739
50.78868469502777,46,224686,4884.478260869565
50.78912452608347,46,224750,4885.869565217391
50.78955482598394,46,224814,4887.260869565217
50.79001636710018,46,224878,4888.652173913043
50.79056880995631,46,224942,4890.04347826087
50.7912198160775,46,225006,4891.434782608696
50.79172071767971,46,225070,4892.826086956522
50.79218212980777,46,225134,4894.217391304348
50.792668452020735,46,225198,4895.608695652174
50.79314094269648,46,225262,4897.0
50.793639584910125,46,225326,4898.391304347826
50.79408406605944,46,225390,4899.782608695652
50.794565446674824,46,225454,4901.173913043478
50.79499647766352,46,225518,4902.565217391304
50.79586244886741,46,225582,4903.95652173913
50.7963714110665,46,225646,4905.347826086957
50.79680573195219,46,225710,4906.739130434783
50.79728966392577,46,225774,4908.130434782609
50.797767804935575,46,225838,4909.521739130435
50.798202235717326,46,225902,4910.913043478261
50.798636615742,46,225966,4912.304347826087
50.799128017853945,46,226030,4913.695652173913
50.799559148959816,46,226094,4915.086956521739
50.80002872971818,46,226158,4916.478260869565
50.800473210867494,46,226222,4917.869565217391
50.801052724942565,46,226286,4919.260869565217
50.80155984684825,46,226350,4920.652173913043
50.8020399287343,46,226414,4922.04347826087
51.5120968548581,46,226478,4923.434782608696
51.5129762860015,46,226542,4924.826086956522
51.513522459659725,46,226606,4926.217391304348
51.51398778101429,46,226670,4927.608695652174
51.514492112677544,46,226734,4929.0
51.51494976365939,46,226798,4930.391304347826
51.515460416674614,46,226862,4931.782608695652
51.516164584085345,46,226926,4933.173913043478
51.51666088588536,46,226990,4934.565217391304
51.51717301784083,46,227054,4935.95652173913
51.51764226006344,46,227118,4937.347826086957
51.51809075009078,46,227182,4938.739130434783
51.5186626939103,46,227246,4940.130434782609
51.51918151695281,46,227310,4941.521739130435
51.51967295864597,46,227374,4942.913043478261
51.52017993107438,46,227438,4944.304347826087
51.521049371920526,46,227502,4945.695652173913
51.521562724839896,46,227566,4947.086956521739
51.52205134695396,46,227630,4948.478260869565
51.52250256668776,46,227694,4949.869565217391
51.52298853872344,46,227758,4951.260869565217
51.52347344066948,46,227822,4952.652173913043
51.52397964289412,46,227886,4954.04347826087
51.524474144913256,46,227950,4955.434782608696
51.52495695697144,46,228014,4956.826086956522
51.52542098797858,46,228078,4958.217391304348
51.525909289717674,46,228142,4959.608695652174
51.52639608178288,46,228206,4961.0
51.526869863737375,46,228270,4962.391304347826
51.527330103795975,46,228334,4963.782608695652
51.52780623594299,46,228398,4965.173913043478
51.5282672168687,46,228462,4966.565217391304
51.529148718807846,46,228526,4967.95652173913
51.529648060910404,46,228590,4969.347826086957
51.53008237108588,46,228654,4970.739130434783
51.53057180298492,46,228718,4972.130434782609
51.531068834941834,46,228782,4973.521739130435
51.53151462599635,46,228846,4974.913043478261
51.53195441700518,46,228910,4976.304347826087
51.532465108670294,46,228974,4977.695652173913
51.53289829008281,46,229038,4979.086956521739
51.53339006192982,46,229102,4980.478260869565
51.53383283177391,46,229166,4981.869565217391
51.53431572392583,46,229230,4983.260869565217
51.534792945720255,46,229294,4984.652173913043
51.53528530802578,46,229358,4986.04347826087
52.01128669595346,46,229408,4987.130434782609
52.01128669595346,46,229408,4987.130434782609
52.159316756762564,45,224429,4987.311111111111
52.159998843912035,45,224493,4988.733333333334
52.160541417077184,45,224557,4990.155555555555
52.16102374903858,45,224621,4991.577777777778
52.16174501599744,45,224685,4993.0
52.162217737641186,45,224749,4994.422222222222
52.162720929831266,45,224813,4995.844444444445
52.16322040185332,45,224877,4997.266666666666
52.16372593399137,45,224941,4998.688888888889
52.16422346699983,45,225005,5000.111111111111
52.164722167886794,45,225069,5001.533333333334
52.1651806300506,45,225133,5002.955555555555
52.16563014080748,45,225197,5004.377777777778
52.166114361956716,45,225261,5005.8
52.1666049240157,45,225325,5007.222222222223
52.1671027559787,45,225389,5008.644444444444
52.16851345077157,45,225453,5010.066666666667
52.16900782287121,45,225517,5011.488888888889
52.16952837491408,45,225581,5012.9111111111115
52.16998023586348,45,225645,5014.333333333333
52.17048334795982,45,225709,5015.7555555555555
52.17096342006698,45,225773,5017.177777777778
52.17148587293923,45,225837,5018.6
52.17197003494948,45,225901,5020.022222222222
52.1724529559724,45,225965,5021.444444444444
52.17290990706533,45,226029,5022.866666666667
52.1734114298597,45,226093,5024.288888888889
52.17389070102945,45,226157,5025.711111111111
52.17434407165274,45,226221,5027.133333333333
52.17477847170085,45,226285,5028.555555555556
52.17527196370065,45,226349,5029.977777777778
52.17572248587385,45,226413,5031.4
52.17623644787818,45,226477,5032.822222222222
52.17671839008108,45,226541,5034.2444444444445
52.17717622080818,45,226605,5035.666666666667
52.1776579329744,45,226669,5037.0888888888885
52.178172094747424,45,226733,5038.511111111111
52.1786112356931,45,226797,5039.933333333333
52.17910261685029,45,226861,5041.355555555556
52.1795461778529,45,226925,5042.777777777777
52.18002294981852,45,226989,5044.2
52.180484340991825,45,227053,5045.622222222222
52.18096712278202,45,227117,5047.044444444445
52.181457673665136,45,227181,5048.466666666666
52.18215104192495,45,227245,5049.888888888889
52.817401024047285,45,227309,5051.311111111111
52.818278995808214,45,227373,5052.733333333334
52.818893659859896,45,227437,5054.155555555555
52.81940966285765,45,227501,5055.577777777778
52.819930305704474,45,227565,5057.0
52.82040089694783,45,227629,5058.422222222222
52.8211814458482,45,227693,5059.844444444445
52.821688048075885,45,227757,5061.266666666666
52.82221199106425,45,227821,5062.688888888889
52.82270419271663,45,227885,5064.111111111111
52.82322174496949,45,227949,5065.533333333334
52.82368100667372,45,228013,5066.955555555555
52.82413912797347,45,228077,5068.377777777778
52.82462557964027,45,228141,5069.8
52.825112350750715,45,228205,5071.222222222223
52.825626083649695,45,228269,5072.644444444444
52.826593526639044,45,228333,5074.066666666667
52.82710298988968,45,228397,5075.488888888889
52.82761744176969,45,228461,5076.9111111111115
52.82808478269726,45,228525,5078.333333333333
52.82859546598047,45,228589,5079.7555555555555
52.829093208070844,45,228653,5081.177777777778
52.829632461071014,45,228717,5082.6
52.830135053023696,45,228781,5084.022222222222
52.8309106817469,45,228845,5085.444444444444
52.83152871672064,45,228909,5086.866666666667
52.832034438848495,45,228973,5088.288888888889
52.8327654870227,45,229037,5089.711111111111
52.83344931388274,45,229101,5091.133333333333
52.83389600366354,45,229165,5092.555555555556
52.83450109884143,45,229229,5093.977777777778
52.83532923879102,45,229293,5095.4
52.83619717974216,45,229357,5096.822222222222
52.83703438099474,45,229421,5098.2444444444445
52.837604484986514,45,229485,5099.666666666667
52.838101545814425,45,229549,5101.0888888888885
52.838618379086256,45,229613,5102.511111111111
52.83914139168337,45,229677,5103.933333333333
52.83966841502115,45,229741,5105.355555555556
52.840110684745014,45,229805,5106.777777777777
52.84060947783291,45,229869,5108.2
52.84106273809448,45,229933,5109.622222222222
52.84156139008701,45,229997,5111.044444444445
52.84204908180982,45,230061,5112.466666666666
52.84254500409588,45,230125,5113.888888888889
53.46455252589658,45,230189,5115.311111111111
53.465331944637,45,230253,5116.733333333334
53.46587591804564,45,230317,5118.155555555555
53.46638393076137,45,230381,5119.577777777778
53.466901182662696,45,230445,5121.0
53.46737838489935,45,230509,5122.422222222222
53.468171494081616,45,230573,5123.844444444445
53.468676385935396,45,230637,5125.266666666666
53.46920680999756,45,230701,5126.688888888889
53.4697040617466,45,230765,5128.111111111111
53.47022570390254,45,230829,5129.533333333334
53.470711225643754,45,230893,5130.955555555555
53.4711856180802,45,230957,5132.377777777778
53.471680290065706,45,231021,5133.8
53.47218538168818,45,231085,5135.222222222223
53.472693894058466,45,231149,5136.644444444444
53.47363597666845,45,231213,5138.066666666667
53.474182839971036,45,231277,5139.488888888889
53.47469425201416,45,231341,5140.9111111111115
53.47516550403088,45,231405,5142.333333333333
53.47567867580801,45,231469,5143.7555555555555
53.47617552801967,45,231533,5145.177777777778
53.47669567074627,45,231597,5146.6
53.4772034836933,45,231661,5148.022222222222
53.47770022507757,45,231725,5149.444444444444
53.47817446663976,45,231789,5150.866666666667
53.478677798993886,45,231853,5152.288888888889
53.47918438073248,45,231917,5153.711111111111
53.47965070279315,45,231981,5155.133333333333
53.48010133393109,45,232045,5156.555555555556
53.480612446088344,45,232109,5157.977777777778
53.481076777912676,45,232173,5159.4
53.481949688866735,45,232237,5160.822222222222
53.482495181728154,45,232301,5162.2444444444445
53.48297121282667,45,232365,5163.666666666667
53.48347188485786,45,232429,5165.0888888888885
53.48398462776095,45,232493,5166.511111111111
53.4844441190362,45,232557,5167.933333333333
53.48495176108554,45,232621,5169.355555555556
53.48540555173531,45,232685,5170.777777777777
53.4858971349895,45,232749,5172.2
53.48636499606073,45,232813,5173.622222222222
53.48685507802293,45,232877,5175.044444444445
53.48735927976668,45,232941,5176.466666666666
53.48785740183666,45,233005,5177.888888888889
53.71017188578844,45,233030,5178.444444444444
53.71017188578844,45,233030,5178.444444444444
54.185461008921266,44,227884,5179.181818181818
54.18665888765827,44,227948,5180.636363636364
54.18759852088988,44,228012,5182.090909090909
54.18843702087179,44,228076,5183.545454545455
54.189764813985676,44,228140,5185.0
54.1906105838716,44,228204,5186.454545454545
54.191521326079965,44,228268,5187.909090909091
54.192462268751115,44,228332,5189.363636363636
54.193519034888595,44,228396,5190.818181818182
54.194422946777195,44,228460,5192.272727272727
54.19540959969163,44,228524,5193.727272727273
54.19624514086172,44,228588,5195.181818181818
54.19706505071372,44,228652,5196.636363636364
54.197944501880556,44,228716,5198.090909090909
54.19882917404175,44,228780,5199.545454545455
54.199730454944074,44,228844,5201.0
54.20229445770383,44,228908,5202.454545454545
54.20323491981253,44,228972,5203.909090909091
54.20414081169292,44,229036,5205.363636363636
54.20495717180893,44,229100,5206.818181818182
54.205853793770075,44,229164,5208.272727272727
54.20673664472997,44,229228,5209.727272727273
54.207676557824016,44,229292,5211.181818181818
54.208574439864606,44,229356,5212.636363636364
54.2094551906921,44,229420,5214.090909090909
54.21051021665335,44,229484,5215.545454545455
54.21164532471448,44,229548,5217.0
54.21272880071774,44,229612,5218.454545454545
54.21357121085748,44,229676,5219.909090909091
54.214407972060144,44,229740,5221.363636363636
54.21528714289889,44,229804,5222.818181818182
54.21613297285512,44,229868,5224.272727272727
54.216981523670256,44,229932,5225.727272727273
54.217910376843065,44,229996,5227.181818181818
54.218816918786615,44,230060,5228.636363636364
54.21975379064679,44,230124,5230.090909090909
54.2208333266899,44,230188,5231.545454545455
54.222007845994085,44,230252,5233.0
54.22285329690203,44,230316,5234.454545454545
54.22374758776277,44,230380,5235.909090909091
54.22456758795306,44,230444,5237.363636363636
54.22545675979927,44,230508,5238.818181818182
54.226345020812005,44,230572,5240.272727272727
54.226932304911315,44,230636,5241.727272727273
55.03922236664221,44,230700,5243.181818181818
55.040951317641884,44,230764,5244.636363636364
55.04177735792473,44,230828,5246.090909090909
55.04243029374629,44,230892,5247.545454545455
55.04322452377528,44,230956,5249.0
55.043877229094505,44,231020,5250.454545454545
55.0446309177205,44,231084,5251.909090909091
55.04532112367451,44,231148,5253.363636363636
55.046091713011265,44,231212,5254.818181818182
55.04680159967393,44,231276,5256.272727272727
55.04754114896059,44,231340,5257.727272727273
55.048195893876255,44,231404,5259.181818181818
55.04883828992024,44,231468,5260.636363636364
55.049518906045705,44,231532,5262.090909090909
55.05027269478887,44,231596,5263.545454545455
55.0509894718416,44,231660,5265.0
55.05324861686677,44,231724,5266.454545454545
55.053960653953254,44,231788,5267.909090909091
55.05467418208718,44,231852,5269.363636363636
55.055312376935035,44,231916,5270.818181818182
55.055988813750446,44,231980,5272.272727272727
55.05665200995281,44,232044,5273.727272727273
55.05739771667868,44,232108,5275.181818181818
55.058090353850275,44,232172,5276.636363636364
55.058757460676134,44,232236,5278.090909090909
55.05938719585538,44,232300,5279.545454545455
55.06001274101436,44,232364,5281.0
55.060686097014695,44,232428,5282.454545454545
55.0613140729256,44,232492,5283.909090909091
55.06191480671987,44,232556,5285.363636363636
55.06259960401803,44,232620,5286.818181818182
55.06323344865814,44,232684,5288.272727272727
55.06388545501977,44,232748,5289.727272727273
55.064558741636574,44,232812,5291.181818181818
55.06524291774258,44,232876,5292.636363636364
55.06595163466409,44,232940,5294.090909090909
55.066586120054126,44,233004,5295.545454545455
55.06730814790353,44,233068,5297.0
55.06792771304026,44,233132,5298.454545454545
55.068637979682535,44,233196,5299.909090909091
55.069589253049344,44,233260,5301.363636363636
55.07087270403281,44,233324,5302.818181818182
55.07214734563604,44,233388,5304.272727272727
55.073562330100685,44,233452,5305.727272727273
55.9009637190029,44,233516,5307.181818181818
55.901814240030944,44,233580,5308.636363636364
55.902391273994,44,233644,5310.090909090909
55.90293859690428,44,233708,5311.545454545455
55.90348140988499,44,233772,5313.0
55.903962241951376,44,233836,5314.454545454545
55.904777351766825,44,233900,5315.909090909091
55.9053013836965,44,233964,5317.363636363636
55.90583162708208,44,234028,5318.818181818182
55.90634658979252,44,234092,5320.272727272727
55.90687263198197,44,234156,5321.727272727273
55.9073549839668,44,234220,5323.181818181818
55.90782686509192,44,234284,5324.636363636364
55.90833545802161,44,234348,5326.090909090909
55.9088438199833,44,234412,5327.545454545455
55.90936974296346,44,234476,5329.0
55.91032695583999,44,234540,5330.454545454545
55.91084723873064,44,234604,5331.909090909091
55.91137107182294,44,234668,5333.363636363636
55.911839932668954,44,234732,5334.818181818182
55.91236168472096,44,234796,5336.272727272727
55.912865007761866,44,234860,5337.727272727273
55.913460792042315,44,234924,5339.181818181818
55.913984084967524,44,234988,5340.636363636364
55.914493727032095,44,235052,5342.090909090909
55.91496342886239,44,235116,5343.545454545455
55.91543716005981,44,235180,5345.0
55.91593987168744,44,235244,5346.454545454545
55.91641135374084,44,235308,5347.909090909091
55.9168787850067,44,235372,5349.363636363636
55.91738487686962,44,235436,5350.818181818182
55.917855699080974,44,235500,5352.272727272727
55.91875411104411,44,235564,5353.727272727273
55.91930863400921,44,235628,5355.181818181818
55.91982173686847,44,235692,5356.636363636364
55.92035813909024,44,235756,5358.090909090909
55.92082723090425,44,235820,5359.545454545455
55.92135870363563,44,235884,5361.0
55.921822315081954,44,235948,5362.454545454545
55.92233130708337,44,236012,5363.909090909091
55.92280235886574,44,236076,5365.363636363636
55.92331769084558,44,236140,5366.818181818182
55.92382682394236,44,236204,5368.272727272727
55.92434107605368,44,236268,5369.727272727273
56.59274588804692,44,236332,5371.181818181818
56.60010971594602,44,236396,5372.636363636364
56.60067815007642,44,236460,5374.090909090909
56.601440138649195,44,236524,5375.545454545455
56.601988011971116,44,236588,5377.0
56.602472223807126,44,236652,5378.454545454545
56.60298591572791,44,236716,5379.909090909091
56.60349939763546,44,236780,5381.363636363636
56.60403059097007,44,236844,5382.818181818182
56.604543494060636,44,236908,5384.272727272727
56.605068606790155,44,236972,5385.727272727273
56.60555398790166,44,237036,5387.181818181818
56.60602456983179,44,237100,5388.636363636364
56.60666159493849,44,237164,5390.090909090909
56.60755146667361,44,237228,5391.545454545455
56.60847504902631,44,237292,5393.0
56.61067799292505,44,237356,5394.454545454545
56.611619614996016,44,237420,5395.909090909091
56.61254012770951,44,237484,5397.363636363636
56.613375027664006,44,237548,5398.818181818182
56.61392194079235,44,237612,5400.272727272727
56.61443551396951,44,237676,5401.727272727273
56.614978266879916,44,237740,5403.181818181818
56.6155053996481,44,237804,5404.636363636364
56.616024411749095,44,237868,5406.090909090909
56.61651341384277,44,237932,5407.545454545455
56.616983675863594,44,237996,5409.0
56.61750213801861,44,238060,5410.454545454545
56.617967559956014,44,238124,5411.909090909091
56.618442420847714,44,238188,5413.363636363636
56.61895061284304,44,238252,5414.818181818182
56.61942862486467,44,238316,5416.272727272727
56.61993374675512,44,238380,5417.727272727273
56.62045778008178,44,238444,5419.181818181818
56.620971261989325,44,238508,5420.636363636364
56.62151915580034,44,238572,5422.090909090909
56.62204317888245,44,238636,5423.545454545455
56.622583131771535,44,238700,5425.0
56.62304565263912,44,238764,5426.454545454545
56.62357952585444,44,238828,5427.909090909091
56.62406951794401,44,238892,5429.363636363636
56.62459066975862,44,238956,5430.818181818182
56.62512589292601,44,239020,5432.272727272727
56.62584776105359,44,239084,5433.727272727273
57.49639797909185,44,239148,5435.181818181818
57.49701700406149,44,239212,5436.636363636364
57.497560436837375,44,239276,5438.090909090909
57.498241804074496,44,239340,5439.545454545455
57.49877034686506,44,239404,5441.0
57.49925736896694,44,239468,5442.454545454545
57.499775340780616,44,239532,5443.909090909091
57.500293924007565,44,239596,5445.363636363636
57.50082406681031,44,239660,5446.818181818182
57.50134245865047,44,239724,5448.272727272727
57.50186911178753,44,239788,5449.727272727273
57.502358733676374,44,239852,5451.181818181818
57.50283290492371,44,239916,5452.636363636364
57.50334968790412,44,239980,5454.090909090909
57.50385810993612,44,240044,5455.545454545455
57.50439072307199,44,240108,5457.0
57.505696904845536,44,240172,5458.454545454545
57.50623508775607,44,240236,5459.909090909091
57.506761519704014,44,240300,5461.363636363636
57.507249511778355,44,240364,5462.818181818182
57.507772924844176,44,240428,5464.272727272727
57.50828773807734,44,240492,5465.727272727273
57.50883349077776,44,240556,5467.181818181818
57.509364823810756,44,240620,5468.636363636364
57.50988022563979,44,240684,5470.090909090909
57.51038398779929,44,240748,5471.545454545455
57.51085645984858,44,240812,5473.0
57.51137680280954,44,240876,5474.454545454545
57.51184779405594,44,240940,5475.909090909091
57.51232750574127,44,241004,5477.363636363636
57.512835978064686,44,241068,5478.818181818182
57.513330860063434,44,241132,5480.272727272727
57.51383108180016,44,241196,5481.727272727273
57.51435942482203,44,241260,5483.181818181818
57.51487490767613,44,241324,5484.636363636364
57.51542228087783,44,241388,5486.090909090909
57.51593697303906,44,241452,5487.545454545455
57.51649869699031,44,241516,5489.0
57.51697384798899,44,241580,5490.454545454545
57.51749841077253,44,241644,5491.909090909091
57.51798549294472,44,241708,5493.363636363636
57.51850774604827,44,241772,5494.818181818182
57.519019367638975,44,241836,5496.272727272727
57.51978570688516,44,241900,5497.727272727273
58.160699722822756,44,241964,5499.181818181818
58.161344978027046,44,242028,5500.636363636364
58.16187949106097,44,242092,5502.090909090909
58.16237122286111,44,242156,5503.545454545455
58.16325067402795,44,242220,5505.0
58.16376101691276,44,242284,5506.454545454545
58.164302279707044,44,242348,5507.909090909091
58.16481794277206,44,242412,5509.363636363636
58.165367575827986,44,242476,5510.818181818182
58.16588647803292,44,242540,5512.272727272727
58.16643761191517,44,242604,5513.727272727273
58.16692375391722,44,242668,5515.181818181818
58.167415485717356,44,242732,5516.636363636364
58.16793176764622,44,242796,5518.090909090909
58.16847808100283,44,242860,5519.545454545455
58.16901878407225,44,242924,5521.0
58.17034634575248,44,242988,5522.454545454545
58.170881998725235,44,243052,5523.909090909091
58.171419091988355,44,243116,5525.363636363636
58.17190346401185,44,243180,5526.818181818182
58.17244146671146,44,243244,5528.272727272727
58.17295763967559,44,243308,5529.727272727273
58.173518533818424,44,243372,5531.181818181818
58.17404908686876,44,243436,5532.636363636364
58.17457771906629,44,243500,5534.090909090909
58.17506016092375,44,243564,5535.545454545455
58.175558652728796,44,243628,5537.0
58.17607358470559,44,243692,5538.454545454545
58.176560036838055,44,243756,5539.909090909091
58.177030958700925,44,243820,5541.363636363636
58.17755387164652,44,243884,5542.818181818182
58.17803337285295,44,243948,5544.272727272727
58.178554645739496,44,244012,5545.727272727273
58.179072208702564,44,244076,5547.181818181818
58.17960659088567,44,244140,5548.636363636364
58.180160904768854,44,244204,5550.090909090909
58.18068373668939,44,244268,5551.545454545455
58.181244040839374,44,244332,5553.0
58.18172262283042,44,244396,5554.454545454545
58.18225898593664,44,244460,5555.909090909091
58.18274467764422,44,244524,5557.363636363636
58.183282291051,44,244588,5558.818181818182
58.18380565289408,44,244652,5560.272727272727
58.184549680911005,44,244716,5561.727272727273
58.6119656059891,44,244760,5562.727272727273
58.6119656059891,44,244760,5562.727272727273
58.787644299678504,43,239208,5562.976744186047
58.787644299678504,43,239208,5562.976744186047
58.82465384807438,42,233642,5562.9047619047615
58.825270992703736,42,233706,5564.428571428572
58.82617774466053,42,233770,5565.952380952381
58.82668092800304,42,233834,5567.476190476191
58.82722193002701,42,233898,5569.0
58.82771022198722,42,233962,5570.523809523809
58.82825109595433,42,234026,5572.047619047619
58.82877819798887,42,234090,5573.571428571428
58.8293317919597,42,234154,5575.0952380952385
58.82985530467704,42,234218,5576.619047619048
58.83040619781241,42,234282,5578.142857142857
58.8308934699744,42,234346,5579.666666666667
58.83138454193249,42,234410,5581.190476190476
58.831906913779676,42,234474,5582.714285714285
58.83244265709072,42,234538,5584.238095238095
58.83298978069797,42,234602,5585.761904761905
58.83440027479082,42,234666,5587.285714285715
58.83501823991537,42,234730,5588.809523809524
58.83555901283398,42,234794,5590.333333333333
58.83609055588022,42,234858,5591.857142857143
58.83663463871926,42,234922,5593.380952380952
58.837193713057786,42,234986,5594.9047619047615
58.837725864723325,42,235050,5596.428571428572
58.838259188923985,42,235114,5597.952380952381
58.83875488070771,42,235178,5599.476190476191
58.83924860181287,42,235242,5601.0
58.839782326016575,42,235306,5602.523809523809
58.84032317902893,42,235370,5604.047619047619
58.84081448009238,42,235434,5605.571428571428
58.84129910171032,42,235498,5607.0952380952385
58.84181278478354,42,235562,5608.619047619048
58.842319876886904,42,235626,5610.142857142857
58.842852079775184,42,235690,5611.666666666667
58.843407842796296,42,235754,5613.190476190476
58.843939756043255,42,235818,5614.714285714285
58.84448802983388,42,235882,5616.238095238095
58.84496353100985,42,235946,5617.761904761905
58.84550611395389,42,236010,5619.285714285715
58.846000456716865,42,236074,5620.809523809524
58.84653670992702,42,236138,5622.333333333333
58.84706878196448,42,236202,5623.857142857143
58.8478676318191,42,236266,5625.380952380952
58.96357462974265,42,236280,5625.714285714285
58.96357462974265,42,236280,5625.714285714285
59.48647839296609,41,230697,5626.756097560976
59.48713324870914,41,230761,5628.317073170731
59.48768562171608,41,230825,5629.878048780488
59.4884688006714,41,230889,5631.4390243902435
59.48906118609011,41,230953,5633.0
59.48956390796229,41,231017,5634.5609756097565
59.49009205074981,41,231081,5636.121951219512
59.49063979368657,41,231145,5637.682926829269
59.49116915697232,41,231209,5639.243902439024
59.4917183900252,41,231273,5640.804878048781
59.49222380295396,41,231337,5642.365853658536
59.492716643959284,41,231401,5643.926829268293
59.49324776697904,41,231465,5645.487804878048
59.49376930994913,41,231529,5647.048780487805
59.49430392310023,41,231593,5648.609756097561
59.49485278595239,41,231657,5650.170731707317
59.496015754994005,41,231721,5651.731707317073
59.49661010876298,41,231785,5653.292682926829
59.49715998210013,41,231849,5654.8536585365855
59.497699924744666,41,231913,5656.414634146341
59.498250748962164,41,231977,5657.975609756098
59.49880671175197,41,232041,5659.536585365854
59.49934804486111,41,232105,5661.09756097561
59.49988040793687,41,232169,5662.658536585366
59.50039008073509,41,232233,5664.219512195122
59.50087602203712,41,232297,5665.780487804878
59.5014130147174,41,232361,5667.341463414634
59.50196222867817,41,232425,5668.90243902439
59.502461610827595,41,232489,5670.463414634146
59.50295636290684,41,232553,5672.024390243902
59.503480236046016,41,232617,5673.585365853659
59.504014018923044,41,232681,5675.1463414634145
59.50455757183954,41,232745,5676.707317073171
59.50509508466348,41,232809,5678.268292682927
59.50563980778679,41,232873,5679.829268292683
59.50619356194511,41,232937,5681.390243902439
59.50667114276439,41,233001,5682.951219512195
59.50721106585115,41,233065,5684.512195121952
59.507712478749454,41,233129,5686.073170731707
59.50827327184379,41,233193,5687.634146341464
59.50903271092102,41,233257,5689.195121951219
60.149242410901934,41,233321,5690.756097560976
60.14989864686504,41,233385,5692.317073170731
60.15048398077488,41,233449,5693.878048780488
60.15122560877353,41,233513,5695.4390243902435
60.151823163963854,41,233577,5697.0
60.152330006007105,41,233641,5698.5609756097565
60.15286665875465,41,233705,5700.121951219512
60.1534236529842,41,233769,5701.682926829269
60.153953725937754,41,233833,5703.243902439024
60.15451053902507,41,233897,5704.804878048781
60.155014970805496,41,233961,5706.365853658536
60.155521363951266,41,234025,5707.926829268293
60.15604970604181,41,234089,5709.487804878048
60.15658166864887,41,234153,5711.048780487805
60.157125872094184,41,234217,5712.609756097561
60.15767401596531,41,234281,5714.170731707317
60.158825444057584,41,234345,5715.731707317073
60.1594275678508,41,234409,5717.292682926829
60.15996262105182,41,234473,5718.8536585365855
60.16052290471271,41,234537,5720.414634146341
60.16106841806322,41,234601,5721.975609756098
60.16163944173604,41,234665,5723.536585365854
60.162190965842456,41,234729,5725.09756097561
60.162729107774794,41,234793,5726.658536585366
60.16324111074209,41,234857,5728.219512195122
60.16373208304867,41,234921,5729.780487804878
60.16427160566673,41,234985,5731.341463414634
60.16480914875865,41,235049,5732.90243902439
60.16531658079475,41,235113,5734.463414634146
60.16580492304638,41,235177,5736.024390243902
60.166345125995576,41,235241,5737.585365853659
60.16688380902633,41,235305,5739.1463414634145
60.16743220295757,41,235369,5740.707317073171
60.167976185679436,41,235433,5742.268292682927
60.168524948880076,41,235497,5743.829268292683
60.16907189274207,41,235561,5745.390243902439
60.169577605091035,41,235625,5746.951219512195
60.17013363773003,41,235689,5748.512195121952
60.170633589848876,41,235753,5750.073170731707
60.17120180372149,41,235817,5751.634146341464
60.17193774180487,41,235881,5753.195121951219
60.348185549955815,41,235901,5753.682926829269
60.348185549955815,41,235901,5753.682926829269
60.8045669500716,40,230184,5754.6
60.80541055975482,40,230248,5756.2
60.80600989470258,40,230312,5757.8
60.80655719805509,40,230376,5759.4
60.807132011745125,40,230440,5761.0
60.807647184003145,40,230504,5762.6
60.808440674096346,40,230568,5764.2
60.80900339689106,40,230632,5765.8
60.8095531007275,40,230696,5767.4
60.810131405014545,40,230760,5769.0
60.810643007047474,40,230824,5770.6
60.81116000004113,40,230888,5772.2
60.811701002996415,40,230952,5773.8
60.812268807087094,40,231016,5775.4
60.812823120038956,40,231080,5777.0
60.81339475372806,40,231144,5778.6
60.814355006907135,40,231208,5780.2
60.814957971684635,40,231272,5781.8
60.81551462505013,40,231336,5783.4
60.81606219895184,40,231400,5785.0
60.816636772826314,40,231464,5786.6
60.8171978360042,40,231528,5788.2
60.81774582900107,40,231592,5789.8
60.818269262090325,40,231656,5791.4
60.81877920497209,40,231720,5793.0
60.81932889809832,40,231784,5794.6
60.819876110646874,40,231848,5796.2
60.8203848330304,40,231912,5797.8
60.820893716067076,40,231976,5799.4
60.8214790597558,40,232040,5801.0
60.8220050628297,40,232104,5802.6
60.82260722666979,40,232168,5804.2
60.82345680799335,40,232232,5805.8
60.82402610173449,40,232296,5807.4
60.824594086036086,40,232360,5809.0
60.825088877696544,40,232424,5810.6
60.8256486710161,40,232488,5812.2
60.82618452375755,40,232552,5813.8
60.826734967995435,40,232616,5815.4
60.82738270284608,40,232680,5817.0
61.05348438164219,40,232705,5817.625
61.05348438164219,40,232705,5817.625
61.45675315288827,39,226919,5818.4358974358975
61.45749202976003,39,226983,5820.076923076923
61.45807341393083,39,227047,5821.717948717948
61.458611737936735,39,227111,5823.358974358975
61.459497168660164,39,227175,5825.0
61.46001512091607,39,227239,5826.641025641025
61.4605444050394,39,227303,5828.282051282052
61.46109698805958,39,227367,5829.923076923077
61.46166443172842,39,227431,5831.5641025641025
61.46221100492403,39,227495,5833.205128205128
61.46277668885887,39,227559,5834.846153846154
61.46330148074776,39,227623,5836.48717948718
61.46381219383329,39,227687,5838.128205128205
61.46436308696866,39,227751,5839.7692307692305
61.46490287967026,39,227815,5841.410256410257
61.46545972395688,39,227879,5843.051282051282
61.4665663507767,39,227943,5844.692307692308
61.46717027481645,39,228007,5846.333333333333
61.46771879866719,39,228071,5847.974358974359
61.4682829817757,39,228135,5849.615384615385
61.468841585796326,39,228199,5851.25641025641
61.469419539906085,39,228263,5852.897435897436
61.46997299371287,39,228327,5854.538461538462
61.47050548577681,39,228391,5856.179487179487
61.47105913981795,39,228455,5857.820512820513
61.47162529407069,39,228519,5859.461538461538
61.47214317601174,39,228583,5861.102564102564
61.47264470765367,39,228647,5862.74358974359
61.47322924202308,39,228711,5864.384615384615
61.473779526073486,39,228775,5866.025641025641
61.47430351888761,39,228839,5867.666666666667
61.47486076178029,39,228903,5869.307692307692
61.475449395831674,39,228967,5870.948717948718
61.476024409756064,39,229031,5872.589743589743
61.47658378398046,39,229095,5874.2307692307695
61.4770815060474,39,229159,5875.871794871795
61.477622628677636,39,229223,5877.51282051282
61.47819839278236,39,229287,5879.153846153846
61.478937540668994,39,229351,5880.794871794872
61.57356148771942,39,229363,5881.102564102564
61.57356148771942,39,229363,5881.102564102564
62.10974737582728,38,223526,5882.263157894737
62.110446811653674,38,223590,5883.9473684210525
62.111025225836784,38,223654,5885.631578947368
62.11159723997116,38,223718,5887.315789473684
62.11231221770868,38,223782,5889.0
62.11288263183087,38,223846,5890.684210526316
62.113403043709695,38,223910,5892.368421052632
62.11395892780274,38,223974,5894.0526315789475
62.114533252082765,38,224038,5895.736842105263
62.115080615039915,38,224102,5897.421052631579
62.115662038791925,38,224166,5899.105263157895
62.1161895818077,38,224230,5900.789473684211
62.116704104002565,38,224294,5902.473684210527
62.11725739808753,38,224358,5904.1578947368425
62.11780363088474,38,224422,5905.8421052631575
62.11836614506319,38,224486,5907.526315789473
62.11941006965935,38,224550,5909.210526315789
62.12000137474388,38,224614,5910.894736842105
62.120570067781955,38,224678,5912.578947368421
62.121142281685024,38,224742,5914.263157894737
62.12169778579846,38,224806,5915.9473684210525
62.122268138919026,38,224870,5917.631578947368
62.12277532182634,38,224934,5919.315789473684
62.12333163479343,38,224998,5921.0
62.12388504901901,38,225062,5922.684210526316
62.12440054072067,38,225126,5924.368421052632
62.124900622759014,38,225190,5926.0526315789475
62.1254749270156,38,225254,5927.736842105263
62.126034731045365,38,225318,5929.421052631579
62.126558393705636,38,225382,5931.105263157895
62.127112806774676,38,225446,5932.789473684211
62.12767903087661,38,225510,5934.473684210527
62.12824710505083,38,225574,5936.1578947368425
62.12881577806547,38,225638,5937.8421052631575
62.129400772973895,38,225702,5939.526315789473
62.12990186503157,38,225766,5941.210526315789
62.13043643767014,38,225830,5942.894736842105
62.13122071698308,38,225894,5944.578947368421
62.770880036987364,38,225958,5946.263157894737
62.772086116019636,38,226022,5947.9473684210525
62.77312944177538,38,226086,5949.631578947368
62.774780611973256,38,226150,5951.315789473684
62.77573579503223,38,226214,5953.0
62.776743448805064,38,226278,5954.684210526316
62.77766052167863,38,226342,5956.368421052632
62.77875549765304,38,226406,5958.0526315789475
62.77980471402407,38,226470,5959.736842105263
62.78080841805786,38,226534,5961.421052631579
62.781835512723774,38,226598,5963.105263157895
62.78276491584256,38,226662,5964.789473684211
62.78369367774576,38,226726,5966.473684210527
62.78468025196344,38,226790,5968.1578947368425
62.785664565861225,38,226854,5969.8421052631575
62.78669015085325,38,226918,5971.526315789473
62.78909131884575,38,226982,5973.210526315789
62.790208796039224,38,227046,5974.894736842105
62.791223511099815,38,227110,5976.578947368421
62.79223284497857,38,227174,5978.263157894737
62.79323446005583,38,227238,5979.9473684210525
62.79422433394939,38,227302,5981.631578947368
62.79515639599413,38,227366,5983.315789473684
62.796135319862515,38,227430,5985.0
62.797131564002484,38,227494,5986.684210526316
62.79803152568638,38,227558,5988.368421052632
62.79901270009577,38,227622,5990.0526315789475
62.80004840483889,38,227686,5991.736842105263
62.80103980889544,38,227750,5993.421052631579
62.802014452870935,38,227814,5995.105263157895
62.80303866788745,38,227878,5996.789473684211
62.80406749295071,38,227942,5998.473684210527
62.805066206958145,38,228006,6000.1578947368425
62.806108362041414,38,228070,6001.8421052631575
62.80714137805626,38,228134,6003.526315789473
62.8080346789211,38,228198,6005.210526315789
62.809056563768536,38,228262,6006.894736842105
62.810185671783984,38,228326,6008.578947368421
63.42528299568221,38,228390,6010.263157894737
63.426473225001246,38,228454,6011.9473684210525
63.42749655991793,38,228518,6013.631578947368
63.42925759172067,38,228582,6015.315789473684
63.43021884607151,38,228646,6017.0
63.431233630049974,38,228710,6018.684210526316
63.43214953271672,38,228774,6020.368421052632
63.433154586702585,38,228838,6022.0526315789475
63.434223112650216,38,228902,6023.736842105263
63.4352372167632,38,228966,6025.421052631579
63.43627260206267,38,229030,6027.105263157895
63.43720756471157,38,229094,6028.789473684211
63.43813022784889,38,229158,6030.473684210527
63.43909180071205,38,229222,6032.1578947368425
63.4400690048933,38,229286,6033.8421052631575
63.441093309782445,38,229350,6035.526315789473
63.44345045695081,38,229414,6037.210526315789
63.44455108279362,38,229478,6038.894736842105
63.44556785793975,38,229542,6040.578947368421
63.446577842812985,38,229606,6042.263157894737
63.447583296801895,38,229670,6043.9473684210525
63.44858441175893,38,229734,6045.631578947368
63.449500313960016,38,229798,6047.315789473684
63.45052920887247,38,229862,6049.0
63.451534423045814,38,229926,6050.684210526316
63.45245397510007,38,229990,6052.368421052632
63.45336328772828,38,230054,6054.0526315789475
63.454421802889556,38,230118,6055.736842105263
63.45543810771778,38,230182,6057.421052631579
63.456370980944484,38,230246,6059.105263157895
63.45739468606189,38,230310,6060.789473684211
63.45839172974229,38,230374,6062.473684210527
63.459402673877776,38,230438,6064.1578947368425
63.460418328642845,38,230502,6065.8421052631575
63.461457253899425,38,230566,6067.526315789473
63.46240071672946,38,230630,6069.210526315789
63.463312638923526,38,230694,6070.894736842105
63.46450455766171,38,230758,6072.578947368421
64.0804208428599,38,230822,6074.263157894737
64.08163453172892,38,230886,6075.9473684210525
64.08344442676753,38,230950,6077.631578947368
64.08449413208291,38,231014,6079.315789473684
64.08543503470719,38,231078,6081.0
64.08648719964549,38,231142,6082.684210526316
64.0874127629213,38,231206,6084.368421052632
64.08848490891978,38,231270,6086.0526315789475
64.08958303602412,38,231334,6087.736842105263
64.09060370968655,38,231398,6089.421052631579
64.09164609573781,38,231462,6091.105263157895
64.09259083773941,38,231526,6092.789473684211
64.09352331096306,38,231590,6094.473684210527
64.09452058468014,38,231654,6096.1578947368425
64.09550768882036,38,231718,6097.8421052631575
64.09654226480052,38,231782,6099.526315789473
64.0989192519337,38,231846,6101.210526315789
64.10005705989897,38,231910,6102.894736842105
64.10109826503322,38,231974,6104.578947368421
64.10214200103655,38,232038,6106.263157894737
64.10316487494856,38,232102,6107.9473684210525
64.10417396994308,38,232166,6109.631578947368
64.10508077172562,38,232230,6111.315789473684
64.10607527568936,38,232294,6113.0
64.10710765095428,38,232358,6114.684210526316
64.10803792392835,38,232422,6116.368421052632
64.1089550559409,38,232486,6118.0526315789475
64.11006157286465,38,232550,6119.736842105263
64.11108485795557,38,232614,6121.421052631579
64.11203172104433,38,232678,6123.105263157895
64.11303909495473,38,232742,6124.789473684211
64.1140657197684,38,232806,6126.473684210527
64.11507935496047,38,232870,6128.1578947368425
64.11609268886968,38,232934,6129.8421052631575
64.11715647485107,38,232998,6131.526315789473
64.11808441672474,38,233062,6133.210526315789
64.11902710003778,38,233126,6134.894736842105
64.12023499980569,38,233190,6136.578947368421
64.73920134967193,38,233254,6138.263157894737
64.74043718865141,38,233318,6139.9473684210525
64.74157340684906,38,233382,6141.631578947368
64.7435317048803,38,233446,6143.315789473684
64.74452661909163,38,233510,6145.0
64.74566549574956,38,233574,6146.684210526316
64.7468165839091,38,233638,6148.368421052632
64.74795683193952,38,233702,6150.0526315789475
64.74904455803335,38,233766,6151.736842105263
64.75013594469056,38,233830,6153.421052631579
64.75125415204093,38,233894,6155.105263157895
64.75225157570094,38,233958,6156.789473684211
64.75326866097748,38,234022,6158.473684210527
64.75430808588862,38,234086,6160.1578947368425
64.75537712173536,38,234150,6161.8421052631575
64.75645949877799,38,234214,6163.526315789473
64.75911266263574,38,234278,6165.210526315789
64.76029204204679,38,234342,6166.894736842105
64.76139708887786,38,234406,6168.578947368421
64.76246763486415,38,234470,6170.263157894737
64.76357940165326,38,234534,6171.9473684210525
64.76462843688205,38,234598,6173.631578947368
64.76565646193922,38,234662,6175.315789473684
64.76668381690979,38,234726,6177.0
64.76795684779063,38,234790,6178.684210526316
64.76896973187104,38,234854,6180.368421052632
64.76999710686505,38,234918,6182.0526315789475
64.7710730326362,38,234982,6183.736842105263
64.77217460004613,38,235046,6185.421052631579
64.77322185598314,38,235110,6187.105263157895
64.77432489208877,38,235174,6188.789473684211
64.77541054878384,38,235238,6190.473684210527
64.77650192473084,38,235302,6192.1578947368425
64.77776530571282,38,235366,6193.8421052631575
64.77889320300892,38,235430,6195.526315789473
64.77988480683416,38,235494,6197.210526315789
64.7807975099422,38,235558,6198.894736842105
64.78166611073539,38,235622,6200.578947368421
65.48159588687122,38,235686,6202.263157894737
65.48280844697729,38,235750,6203.9473684210525
65.48386393208057,38,235814,6205.631578947368
65.48569311667234,38,235878,6207.315789473684
65.48667537979782,38,235942,6209.0
65.48772399593145,38,236006,6210.684210526316
65.48867855872959,38,236070,6212.368421052632
65.48972097365186,38,236134,6214.0526315789475
65.49076547985896,38,236198,6215.736842105263
65.49179727490991,38,236262,6217.421052631579
65.49285933980718,38,236326,6219.105263157895
65.49382131407037,38,236390,6220.789473684211
65.4947725366801,38,236454,6222.473684210527
65.49579963181168,38,236518,6224.1578947368425
65.4968087868765,38,236582,6225.8421052631575
65.49786329176277,38,236646,6227.526315789473
65.50026803975925,38,236710,6229.210526315789
65.50140759767964,38,236774,6230.894736842105
65.5024647237733,38,236838,6232.578947368421
65.50352548994124,38,236902,6234.263157894737
65.50456673465669,38,236966,6235.9473684210525
65.50559746986255,38,237030,6237.631578947368
65.50654304306954,38,237094,6239.315789473684
65.50756837800145,38,237158,6241.0
65.50860561290756,38,237222,6242.684210526316
65.50956100597978,38,237286,6244.368421052632
65.51053074980155,38,237350,6246.0526315789475
65.51158338505775,38,237414,6247.736842105263
65.51261837081984,38,237478,6249.421052631579
65.51358125405386,38,237542,6251.105263157895
65.51461935881525,38,237606,6252.789473684211
65.51565153384581,38,237670,6254.473684210527
65.51672221999615,38,237734,6256.1578947368425
65.51778502576053,38,237798,6257.8421052631575
65.51886570174247,38,237862,6259.526315789473
65.51983343577012,38,237926,6261.210526315789
65.52098590275273,38,237990,6262.894736842105
65.5221861130558,38,238054,6264.578947368421
66.1435156208463,38,238118,6266.263157894737
66.14469289965928,38,238182,6267.9473684210525
66.14651558408514,38,238246,6269.631578947368
66.14759230008349,38,238310,6271.315789473684
66.14857174409553,38,238374,6273.0
66.14962456002831,38,238438,6274.684210526316
66.15058560296893,38,238502,6276.368421052632
66.15166037902236,38,238566,6278.0526315789475
66.15279094595462,38,238630,6279.736842105263
66.15387127175927,38,238694,6281.421052631579
66.15495254890993,38,238758,6283.105263157895
66.15591699164361,38,238822,6284.789473684211
66.15687602479011,38,238886,6286.473684210527
66.15789796086028,38,238950,6288.1578947368425
66.15894772578031,38,239014,6289.8421052631575
66.16006277268752,38,239078,6291.526315789473
66.1626409846358,38,239142,6293.210526315789
66.16373852174729,38,239206,6294.894736842105
66.16478654788807,38,239270,6296.578947368421
66.16583851305768,38,239334,6298.263157894737
66.16688067885116,38,239398,6299.9473684210525
66.16791867371649,38,239462,6301.631578947368
66.16885735606775,38,239526,6303.315789473684
66.16987381083891,38,239590,6305.0
66.17090674582869,38,239654,6306.684210526316
66.17185744876042,38,239718,6308.368421052632
66.17288182396442,38,239782,6310.0526315789475
66.17398991109803,38,239846,6311.736842105263
66.17503861663863,38,239910,6313.421052631579
66.17600470967591,38,239974,6315.105263157895
66.17707760585472,38,240038,6316.789473684211
66.17816365277395,38,240102,6318.473684210527
66.17921368777752,38,240166,6320.1578947368425
66.18025528267026,38,240230,6321.8421052631575
66.18132806988433,38,240294,6323.526315789473
66.18226267164573,38,240358,6325.210526315789
66.18331365799531,38,240422,6326.894736842105
66.18420736864209,38,240486,6328.578947368421
66.77306265989318,38,240541,6330.026315789473
66.77306265989318,38,240541,6330.026315789473
66.8748848726973,37,234213,6330.081081081081
66.87605368066579,37,234277,6331.810810810811
66.87786913476884,37,234341,6333.540540540541
66.87895262101665,37,234405,6335.27027027027
66.87996327597648,37,234469,6337.0
66.88102314202115,37,234533,6338.72972972973
66.8819786850363,37,234597,6340.459459459459
66.88302759081125,37,234661,6342.189189189189
66.88419964909554,37,234725,6343.918918918919
66.88526556501165,37,234789,6345.648648648648
66.8863457608968,37,234853,6347.378378378378
66.88732062466443,37,234917,6349.108108108108
66.88829445792362,37,234981,6350.8378378378375
66.88932518381625,37,235045,6352.5675675675675
66.89035435765982,37,235109,6354.2972972972975
66.89142686408013,37,235173,6356.027027027027
66.89388496382162,37,235237,6357.756756756757
66.89499320089817,37,235301,6359.486486486487
66.89605931704864,37,235365,6361.216216216216
66.89713775273412,37,235429,6362.945945945946
66.89818733884022,37,235493,6364.675675675676
66.8991461219266,37,235557,6366.405405405405
66.90018036682159,37,235621,6368.135135135135
66.90122138196602,37,235685,6369.864864864865
66.90217818506062,37,235749,6371.594594594595
66.9031368587166,37,235813,6373.324324324324
66.90427948674187,37,235877,6375.054054054054
66.90538590308279,37,235941,6376.783783783784
66.90645993966609,37,236005,6378.513513513513
66.90746919391677,37,236069,6380.243243243243
66.90852720988914,37,236133,6381.972972972973
66.90957697480917,37,236197,6383.7027027027025
66.91063174093142,37,236261,6385.4324324324325
66.91168613592163,37,236325,6387.1621621621625
66.91274386178702,37,236389,6388.891891891892
66.91373271588236,37,236453,6390.621621621622
66.9149137949571,37,236517,6392.351351351352
67.5368989999406,37,236581,6394.081081081081
67.53808986907825,37,236645,6395.810810810811
67.53983237175271,37,236709,6397.540540540541
67.54091464774683,37,236773,6399.27027027027
67.54189686197788,37,236837,6401.0
67.54294935800135,37,236901,6402.72972972973
67.54391649086028,37,236965,6404.459459459459
67.54496138682589,37,237029,6406.189189189189
67.54612841503695,37,237093,6407.918918918919
67.54720662068576,37,237157,6409.648648648648
67.54829408694059,37,237221,6411.378378378378
67.54928833199665,37,237285,6413.108108108108
67.55026422487572,37,237349,6414.8378378378375
67.55131380073726,37,237413,6416.5675675675675
67.55234146583825,37,237477,6418.2972972972975
67.5533815510571,37,237541,6420.027027027027
67.55574683798477,37,237605,6421.756756756757
67.55701328907162,37,237669,6423.486486486487
67.55809905473143,37,237733,6425.216216216216
67.55917593184859,37,237797,6426.945945945946
67.5602349867113,37,237861,6428.675675675676
67.56119867088273,37,237925,6430.405405405405
67.56222631596029,37,237989,6432.135135135135
67.56327011063695,37,238053,6433.864864864865
67.56423666374758,37,238117,6435.594594594595
67.5651967478916,37,238181,6437.324324324324
67.56616183090955,37,238245,6439.054054054054
67.56733461981639,37,238309,6440.783783783784
67.56840498605743,37,238373,6442.513513513513
67.56941028963774,37,238437,6444.243243243243
67.57046950608492,37,238501,6445.972972972973
67.5715206717141,37,238565,6447.7027027027025
67.57258060667664,37,238629,6449.4324324324325
67.57364556286484,37,238693,6451.1621621621625
67.57470872905105,37,238757,6452.891891891892
67.57569017307833,37,238821,6454.621621621622
67.57687392178923,37,238885,6456.351351351352
68.20845191087574,37,238949,6458.081081081081
68.20941557409242,37,239013,6459.810810810811
68.21023693401366,37,239077,6461.540540540541
68.21164654800668,37,239141,6463.27027027027
68.21241466701031,37,239205,6465.0
68.21322647668421,37,239269,6466.72972972973
68.21395136369392,37,239333,6468.459459459459
68.21475288365036,37,239397,6470.189189189189
68.21555420290679,37,239461,6471.918918918919
68.21634102193639,37,239525,6473.648648648648
68.21724421391264,37,239589,6475.378378378378
68.21800183271989,37,239653,6477.108108108108
68.21875040093437,37,239717,6478.8378378378375
68.21953896991909,37,239781,6480.5675675675675
68.22032178891823,37,239845,6482.2972972972975
68.22109567793086,37,239909,6484.027027027027
68.2228479096666,37,239973,6485.756756756757
68.223740932066,37,240037,6487.486486486487
68.22455173172057,37,240101,6489.216216216216
68.2253625318408,37,240165,6490.945945945946
68.22617271076888,37,240229,6492.675675675676
68.22689997870475,37,240293,6494.405405405405
68.22776744002476,37,240357,6496.135135135135
68.22859004000202,37,240421,6497.864864864865
68.22933193808421,37,240485,6499.594594594595
68.23005085485056,37,240549,6501.324324324324
68.23077556304634,37,240613,6503.054054054054
68.23158963304013,37,240677,6504.783783783784
68.23238335177302,37,240741,6506.513513513513
68.23312400002033,37,240805,6508.243243243243
68.2339246198535,37,240869,6509.972972972973
68.23471361864358,37,240933,6511.7027027027025
68.23551130807027,37,240997,6513.4324324324325
68.23631008667871,37,241061,6515.1621621621625
68.23710244707763,37,241125,6516.891891891892
68.23790565598756,37,241189,6518.621621621622
68.23878699773923,37,241253,6520.351351351352
68.87300197174773,37,241317,6522.081081081081
68.8739258539863,37,241381,6523.810810810811
68.87473652372137,37,241445,6525.540540540541
68.87618849892169,37,241509,6527.27027027027
68.87693939777091,37,241573,6529.0
68.87775279674679,37,241637,6530.72972972973
68.87849444476888,37,241701,6532.459459459459
68.87930316478014,37,241765,6534.189189189189
68.88009933382273,37,241829,6535.918918918919
68.88089119363576,37,241893,6537.648648648648
68.88179251505062,37,241957,6539.378378378378
68.88256408367306,37,242021,6541.108108108108
68.8833200330846,37,242085,6542.8378378378375
68.88410807168111,37,242149,6544.5675675675675
68.88490054104477,37,242213,6546.2972972972975
68.88569220993668,37,242277,6548.027027027027
68.8874385417439,37,242341,6549.756756756757
68.88833402376622,37,242405,6551.486486486487
68.88914553401992,37,242469,6553.216216216216
68.88994563277811,37,242533,6554.945945945946
68.89074667263776,37,242597,6556.675675675676
68.89148344099522,37,242661,6558.405405405405
68.89234341168776,37,242725,6560.135135135135
68.89316155202687,37,242789,6561.864864864865
68.89389572897926,37,242853,6563.594594594595
68.89462938671932,37,242917,6565.324324324324
68.89535869471729,37,242981,6567.054054054054
68.89617223478854,37,243045,6568.783783783784
68.89696072367951,37,243109,6570.513513513513
68.89771228190511,37,243173,6572.243243243243
68.89851168077439,37,243237,6573.972972972973
68.89932590071112,37,243301,6575.7027027027025
68.90013817092404,37,243365,6577.4324324324325
68.90093858074397,37,243429,6579.1621621621625
68.90174451982602,37,243493,6580.891891891892
68.90256492001936,37,243557,6582.621621621622
68.9034553016536,37,243621,6584.351351351352
69.15241703763604,37,243648,6585.081081081081
69.15241703763604,37,243648,6585.081081081081
69.60047212196514,36,237092,6585.888888888889
69.60179132409394,36,237156,6587.666666666667
69.60291190072894,36,237220,6589.444444444444
69.60401118779555,36,237284,6591.222222222223
69.60573022905737,36,237348,6593.0
69.60685425670817,36,237412,6594.777777777777
69.60784954065457,36,237476,6596.555555555556
69.60894880769774,36,237540,6598.333333333333
69.61004632385448,36,237604,6600.111111111111
69.61105843866244,36,237668,6601.888888888889
69.61219749692827,36,237732,6603.666666666667
69.6132016708143,36,237796,6605.444444444444
69.6141947847791,36,237860,6607.222222222223
69.61526739085093,36,237924,6609.0
69.61633358709514,36,237988,6610.777777777777
69.61740595288575,36,238052,6612.555555555556
69.61893618991598,36,238116,6614.333333333333
69.6200587078929,36,238180,6616.111111111111
69.62116775475442,36,238244,6617.888888888889
69.62330497568473,36,238308,6619.666666666667
69.62442914396524,36,238372,6621.444444444444
69.62543152784929,36,238436,6623.222222222223
69.62649337388575,36,238500,6625.0
69.62756911991164,36,238564,6626.777777777777
69.62866323674098,36,238628,6628.555555555556
69.62966844066978,36,238692,6630.333333333333
69.630773877725,36,238756,6632.111111111111
69.63175912201405,36,238820,6633.888888888889
69.63283924805,36,238884,6635.666666666667
69.6338498829864,36,238948,6637.444444444444
69.63493501907215,36,239012,6639.222222222223
69.63601344497874,36,239076,6641.0
69.63712754193693,36,239140,6642.777777777777
69.63822500873357,36,239204,6644.555555555556
69.63934255577624,36,239268,6646.333333333333
69.64041831204668,36,239332,6648.111111111111
70.54845630889758,36,239396,6649.888888888889
70.54993049474433,36,239460,6651.666666666667
70.55107741290703,36,239524,6653.444444444444
70.55222411081195,36,239588,6655.222222222223
70.55325185600668,36,239652,6657.0
70.55484655406326,36,239716,6658.777777777777
70.55587561894208,36,239780,6660.555555555556
70.55697632580996,36,239844,6662.333333333333
70.55807968275622,36,239908,6664.111111111111
70.55908879684284,36,239972,6665.888888888889
70.56021787505597,36,240036,6667.666666666667
70.56124165002257,36,240100,6669.444444444444
70.56223593372852,36,240164,6671.222222222223
70.56331762997434,36,240228,6673.0
70.56439059600234,36,240292,6674.777777777777
70.5654767928645,36,240356,6676.555555555556
70.56766546564177,36,240420,6678.333333333333
70.56885092379525,36,240484,6680.111111111111
70.56994857080281,36,240548,6681.888888888889
70.57105750776827,36,240612,6683.666666666667
70.57216164469719,36,240676,6685.444444444444
70.57314675906673,36,240740,6687.222222222223
70.57420725375414,36,240804,6689.0
70.57529075071216,36,240868,6690.777777777777
70.5763890678063,36,240932,6692.555555555556
70.57738903164864,36,240996,6694.333333333333
70.57849956909195,36,241060,6696.111111111111
70.57948303269222,36,241124,6697.888888888889
70.58056213892996,36,241188,6699.666666666667
70.58158664405346,36,241252,6701.444444444444
70.58267083996907,36,241316,6703.222222222223
70.58374583674595,36,241380,6705.0
70.5851521906443,36,241444,6706.777777777777
70.5863089687191,36,241508,6708.555555555556
70.58745244564489,36,241572,6710.333333333333
70.58855460304767,36,241636,6712.111111111111
70.98772392002866,36,241668,6713.0
70.98772392002866,36,241668,6713.0
71.33064831979573,35,234979,6713.685714285714
71.33192043099552,35,235043,6715.5142857142855
71.33304895879701,35,235107,6717.342857142857
71.33489520382136,35,235171,6719.171428571429
71.3359412890859,35,235235,6721.0
71.33705129567534,35,235299,6722.828571428571
71.33806314971298,35,235363,6724.657142857143
71.339179628063,35,235427,6726.4857142857145
71.34029328403994,35,235491,6728.314285714286
71.34130326891318,35,235555,6730.142857142857
71.34242712566629,35,235619,6731.971428571429
71.34344795066863,35,235683,6733.8
71.34445755602792,35,235747,6735.628571428571
71.34553977195174,35,235811,6737.457142857143
71.34661601809785,35,235875,6739.285714285715
71.34769215388224,35,235939,6741.114285714286
71.35004598088562,35,236003,6742.942857142857
71.35133774299175,35,236067,6744.771428571428
71.35246793972328,35,236131,6746.6
71.35358369769529,35,236195,6748.428571428572
71.35468160407618,35,236259,6750.257142857143
71.35569553868845,35,236323,6752.085714285714
71.35677369497716,35,236387,6753.914285714286
71.35787868173793,35,236451,6755.742857142857
71.35890792682767,35,236515,6757.571428571428
71.36002040375024,35,236579,6759.4
71.36103257769719,35,236643,6761.228571428572
71.36216708598658,35,236707,6763.057142857143
71.36326559307054,35,236771,6764.885714285714
71.36428590677679,35,236835,6766.714285714285
71.36538533400744,35,236899,6768.542857142857
71.36647344008088,35,236963,6770.371428571429
71.36757182702422,35,237027,6772.2
71.36867587408051,35,237091,6774.028571428571
71.3699656049721,35,237155,6775.857142857143
72.31433963775635,35,237219,6777.685714285714
72.31578570278361,35,237283,6779.5142857142855
72.316938880831,35,237347,6781.342857142857
72.31807402893901,35,237411,6783.171428571429
72.31910766288638,35,237475,6785.0
72.32087207678705,35,237539,6786.828571428571
72.32191007072106,35,237603,6788.657142857143
72.32302492903545,35,237667,6790.4857142857145
72.32416246598586,35,237731,6792.314285714286
72.3251854609698,35,237795,6794.142857142857
72.32632416905835,35,237859,6795.971428571429
72.32738527469337,35,237923,6797.8
72.32840399909765,35,237987,6799.628571428571
72.32951348600909,35,238051,6801.457142857143
72.33062020270154,35,238115,6803.285714285715
72.33171759964898,35,238179,6805.114285714286
72.33391904272139,35,238243,6806.942857142857
72.33519374392927,35,238307,6808.771428571428
72.33635416207835,35,238371,6810.6
72.33746992005035,35,238435,6812.428571428572
72.3385821566917,35,238499,6814.257142857143
72.33959079068154,35,238563,6816.085714285714
72.34068204788491,35,238627,6817.914285714286
72.34178954502568,35,238691,6819.742857142857
72.34282882977277,35,238755,6821.571428571428
72.34394387667999,35,238819,6823.4
72.34496824163944,35,238883,6825.228571428572
72.34610746987164,35,238947,6827.057142857143
72.34721909696236,35,239011,6828.885714285714
72.34825012180954,35,239075,6830.714285714285
72.34935386897996,35,239139,6832.542857142857
72.35045412508771,35,239203,6834.371428571429
72.35186282871291,35,239267,6836.2
72.35298784682527,35,239331,6838.028571428571
72.3542109457776,35,239395,6839.857142857143
72.98676931485534,35,239459,6841.685714285714
72.98804644588381,35,239523,6843.5142857142855
72.98919600294903,35,239587,6845.342857142857
72.99116889107972,35,239651,6847.171428571429
72.99223430687562,35,239715,6849.0
72.99335448397323,35,239779,6850.828571428571
72.99438414908946,35,239843,6852.657142857143
72.99550570687279,35,239907,6854.4857142857145
72.99664588365704,35,239971,6856.314285714286
72.99768501985818,35,240035,6858.142857142857
72.99882866768166,35,240099,6859.971428571429
72.99987294292077,35,240163,6861.8
73.00090552773327,35,240227,6863.628571428571
73.00201572477818,35,240291,6865.457142857143
73.00311280088499,35,240355,6867.285714285715
73.00423200894147,35,240419,6869.114285714286
73.00669022789225,35,240483,6870.942857142857
73.00800985097885,35,240547,6872.771428571428
73.00917768897489,35,240611,6874.6
73.01031859684736,35,240675,6876.428571428572
73.01143990363926,35,240739,6878.257142857143
73.01246795896441,35,240803,6880.085714285714
73.01356499502435,35,240867,6881.914285714286
73.01467805309221,35,240931,6883.742857142857
73.01572513766587,35,240995,6885.571428571428
73.01685474487022,35,241059,6887.4
73.01788369985297,35,241123,6889.228571428572
73.01903160801157,35,241187,6891.057142857143
73.020152494777,35,241251,6892.885714285714
73.02119431085885,35,241315,6894.714285714285
73.02231427794322,35,241379,6896.542857142857
73.02342744497582,35,241443,6898.371428571429
73.02454323181883,35,241507,6900.2
73.02566932002082,35,241571,6902.028571428571
73.02675285609439,35,241635,6903.857142857143
73.19902681093663,35,241656,6904.457142857143
73.19902681093663,35,241656,6904.457142857143
73.65910523990169,34,234786,6905.470588235294
73.6604696828872,34,234850,6907.35294117647
73.66161497076973,34,234914,6909.235294117647
73.66266404604539,34,234978,6911.117647058823
73.66432978585362,34,235042,6913.0
73.6653747218661,34,235106,6914.882352941177
73.66650068899617,34,235170,6916.764705882353
73.6676350068301,34,235234,6918.64705882353
73.66879102494568,34,235298,6920.529411764706
73.66997468378395,34,235362,6922.411764705882
73.67102710902691,34,235426,6924.294117647059
73.67205295385793,34,235490,6926.176470588235
73.67317679198459,34,235554,6928.058823529412
73.67428434779868,34,235618,6929.941176470588
73.67540100589395,34,235682,6931.823529411765
73.67645548097789,34,235746,6933.705882352941
73.67833130666986,34,235810,6935.588235294118
73.67963806865737,34,235874,6937.470588235294
73.68079448584467,34,235938,6939.35294117647
73.68192964373156,34,236002,6941.235294117647
73.68307063169777,34,236066,6943.117647058823
73.68409934686497,34,236130,6945.0
73.68521739402786,34,236194,6946.882352941177
73.68633044091985,34,236258,6948.764705882353
73.68747346894816,34,236322,6950.64705882353
73.68860663566738,34,236386,6952.529411764706
73.68971884297207,34,236450,6954.411764705882
73.69089562166482,34,236514,6956.294117647059
73.69202340906486,34,236578,6958.176470588235
73.69306794507429,34,236642,6960.058823529412
73.69421175168827,34,236706,6961.941176470588
73.69533739006147,34,236770,6963.823529411765
73.69646324682981,34,236834,6965.705882352941
73.69756572367623,34,236898,6967.588235294118
74.32603118382394,34,236962,6969.470588235294
74.32736559584737,34,237026,6971.35294117647
74.32903673686087,34,237090,6973.235294117647
74.33015947369859,34,237154,6975.117647058823
74.33132038172334,34,237218,6977.0
74.33236621785909,34,237282,6978.882352941177
74.33350542467088,34,237346,6980.764705882353
74.3346848138608,34,237410,6982.64705882353
74.33581740176305,34,237474,6984.529411764706
74.33702027099207,34,237538,6986.411764705882
74.33808474708349,34,237602,6988.294117647059
74.33914319286123,34,237666,6990.176470588235
74.34026768989861,34,237730,6992.058823529412
74.34138778690249,34,237794,6993.941176470588
74.34251408372074,34,237858,6995.823529411765
74.34370598290116,34,237922,6997.705882352941
74.34593706671149,34,237986,6999.588235294118
74.3472151979804,34,238050,7001.470588235294
74.34858236182481,34,238114,7003.35294117647
74.34973543975502,34,238178,7005.235294117647
74.35087383771315,34,238242,7007.117647058823
74.35192250274122,34,238306,7009.0
74.35304004978389,34,238370,7010.882352941177
74.35418344801292,34,238434,7012.764705882353
74.35533448588103,34,238498,7014.64705882353
74.35657026572153,34,238562,7016.529411764706
74.35763873206452,34,238626,7018.411764705882
74.3588008498773,34,238690,7020.294117647059
74.35993853770196,34,238754,7022.176470588235
74.36099172290415,34,238818,7024.058823529412
74.36213259072974,34,238882,7025.941176470588
74.36326412810013,34,238946,7027.823529411765
74.36440171580762,34,239010,7029.705882352941
74.36551328282803,34,239074,7031.588235294118
74.99816026492044,34,239138,7033.470588235294
74.99938456481323,34,239202,7035.35294117647
75.00025803688914,34,239266,7037.235294117647
75.00156445801258,34,239330,7039.117647058823
75.00246604997665,34,239394,7041.0
75.00341282272711,34,239458,7042.882352941177
75.00432640500367,34,239522,7044.764705882353
75.0051977369003,34,239586,7046.64705882353
75.00598271563649,34,239650,7048.529411764706
75.00695793889463,34,239714,7050.411764705882
75.00778080895543,34,239778,7052.294117647059
75.00857426784933,34,239842,7054.176470588235
75.00942716887221,34,239906,7056.058823529412
75.01027659000829,34,239970,7057.941176470588
75.01112916087732,34,240034,7059.823529411765
75.01200987165794,34,240098,7061.705882352941
75.01369497273117,34,240162,7063.588235294118
75.01467864681035,34,240226,7065.470588235294
75.01571464166045,34,240290,7067.35294117647
75.01658365270123,34,240354,7069.235294117647
75.01745000388473,34,240418,7071.117647058823
75.01823902269825,34,240482,7073.0
75.01906640268862,34,240546,7074.882352941177
75.01991696376354,34,240610,7076.764705882353
75.02078228490427,34,240674,7078.64705882353
75.02163739595562,34,240738,7080.529411764706
75.02242200495675,34,240802,7082.411764705882
75.02329722605646,34,240866,7084.294117647059
75.02417470701039,34,240930,7086.176470588235
75.02502372767776,34,240994,7088.058823529412
75.02589946892112,34,241058,7089.941176470588
75.02675845986232,34,241122,7091.823529411765
75.02761932089925,34,241186,7093.705882352941
75.0284616719,34,241250,7095.588235294118
75.6616796888411,34,241314,7097.470588235294
75.6626603519544,34,241378,7099.35294117647
75.66353051364422,34,241442,7101.235294117647
75.66482067480683,34,241506,7103.117647058823
75.6657294370234,34,241570,7105.0
75.66662960872054,34,241634,7106.882352941177
75.6674963296391,34,241698,7108.764705882353
75.6683695409447,34,241762,7110.64705882353
75.66916607972234,34,241826,7112.529411764706
75.67004717187956,34,241890,7114.411764705882
75.67091764276847,34,241954,7116.294117647059
75.67174568306655,34,242018,7118.176470588235
75.67260916391388,34,242082,7120.058823529412
75.67346151499078,34,242146,7121.941176470588
75.67432769574225,34,242210,7123.823529411765
75.67521691787988,34,242274,7125.705882352941
75.67687207786366,34,242338,7127.588235294118
75.67782913101837,34,242402,7129.470588235294
75.67890357691795,34,242466,7131.35294117647
75.67978929774836,34,242530,7133.235294117647
75.68068290967494,34,242594,7135.117647058823
75.68153770081699,34,242658,7137.0
75.6824107519351,34,242722,7138.882352941177
75.68327961303294,34,242786,7140.764705882353
75.68416246492416,34,242850,7142.64705882353
75.68502469593659,34,242914,7144.529411764706
75.6858264748007,34,242978,7146.411764705882
75.68671079678461,34,243042,7148.294117647059
75.68757146783173,34,243106,7150.176470588235
75.6883714767173,34,243170,7152.058823529412
75.68923240806907,34,243234,7153.941176470588
75.69008801877499,34,243298,7155.823529411765
75.6909527797252,34,243362,7157.705882352941
75.69187008170411,34,243426,7159.588235294118
76.33325064787641,34,243490,7161.470588235294
76.3345502386801,34,243554,7163.35294117647
76.33655085787177,34,243618,7165.235294117647
76.33765502506867,34,243682,7167.117647058823
76.3388286428526,34,243746,7169.0
76.34002058207989,34,243810,7170.882352941177
76.34121090080589,34,243874,7172.764705882353
76.34249012172222,34,243938,7174.64705882353
76.34358790889382,34,244002,7176.529411764706
76.34478269796818,34,244066,7178.411764705882
76.34586979402229,34,244130,7180.294117647059
76.34693417977542,34,244194,7182.176470588235
76.34808972803876,34,244258,7184.058823529412
76.34924422577024,34,244322,7185.941176470588
76.35038441373035,34,244386,7187.823529411765
76.35158085264266,34,244450,7189.705882352941
76.3537686560303,34,244514,7191.588235294118
76.35503729665652,34,244578,7193.470588235294
76.35622963588685,34,244642,7195.35294117647
76.35740022407845,34,244706,7197.235294117647
76.3585534519516,34,244770,7199.117647058823
76.35962586896494,34,244834,7201.0
76.36074950592592,34,244898,7202.882352941177
76.36189497401938,34,244962,7204.764705882353
76.36312818387523,34,245026,7206.64705882353
76.3643541438505,34,245090,7208.529411764706
76.36542469868436,34,245154,7210.411764705882
76.36661319900304,34,245218,7212.294117647059
76.36776825599372,34,245282,7214.176470588235
76.36884007276967,34,245346,7216.058823529412
76.3699943209067,34,245410,7217.941176470588
76.37116058869287,34,245474,7219.823529411765
76.37232985673472,34,245538,7221.705882352941
76.37348936591297,34,245602,7223.588235294118
77.00736059900373,34,245666,7225.470588235294
77.00877377390862,34,245730,7227.35294117647
77.00996500300243,34,245794,7229.235294117647
77.01138299703598,34,245858,7231.117647058823
77.01267276797444,34,245922,7233.0
77.01387427793816,34,245986,7234.882352941177
77.01504603587091,34,246050,7236.764705882353
77.01626949571073,34,246114,7238.64705882353
77.01741678407416,34,246178,7240.529411764706
77.01862129289657,34,246242,7242.411764705882
77.01970466971397,34,246306,7244.294117647059
77.02077566506341,34,246370,7246.176470588235
77.02193146385252,34,246434,7248.058823529412
77.02309336187318,34,246498,7249.941176470588
77.0242644296959,34,246562,7251.823529411765
77.02545026876032,34,246626,7253.705882352941
77.02762899175286,34,246690,7255.588235294118
77.02893011365086,34,246754,7257.470588235294
77.03012820286676,34,246818,7259.35294117647
77.03131863195449,34,246882,7261.235294117647
77.03249639971182,34,246946,7263.117647058823
77.03357305563986,34,247010,7265.0
77.03472610376775,34,247074,7266.882352941177
77.03589168284088,34,247138,7268.764705882353
77.03710915287957,34,247202,7270.64705882353
77.03836976271123,34,247266,7272.529411764706
77.03945931885391,34,247330,7274.411764705882
77.04065112769604,34,247394,7276.294117647059
77.04182295687497,34,247458,7278.176470588235
77.04289800301194,34,247522,7280.058823529412
77.04406106099486,34,247586,7281.941176470588
77.04523515002802,34,247650,7283.823529411765
77.04640223784372,34,247714,7285.705882352941
77.04757756693289,34,247778,7287.588235294118
77.68156317388639,34,247842,7289.470588235294
77.68261648993939,34,247906,7291.35294117647
77.68351697176695,34,247970,7293.235294117647
77.68482054304332,34,248034,7295.117647058823
77.68575612595305,34,248098,7297.0
77.68668597890064,34,248162,7298.882352941177
77.68757602991536,34,248226,7300.764705882353
77.68847120180726,34,248290,7302.64705882353
77.6892879717052,34,248354,7304.529411764706
77.69025115482509,34,248418,7306.411764705882
77.6911091459915,34,248482,7308.294117647059
77.69192260596901,34,248546,7310.176470588235
77.69280332699418,34,248610,7312.058823529412
77.6936812386848,34,248674,7313.941176470588
77.6945624598302,34,248738,7315.823529411765
77.73100886587054,34,248802,7317.705882352941
77.73202452994883,34,248866,7319.588235294118
77.78481044387445,34,248930,7321.470588235294
77.78603999270126,34,248994,7323.35294117647
77.78733491478488,34,249058,7325.235294117647
77.78858311474323,34,249122,7327.117647058823
77.78966276207939,34,249186,7329.0
77.79080958897248,34,249250,7330.882352941177
77.79196815798059,34,249314,7332.764705882353
77.7931562056765,34,249378,7334.64705882353
77.7943392447196,34,249442,7336.529411764706
77.79846990481019,34,249506,7338.411764705882
77.79952862067148,34,249570,7340.294117647059
77.80030555976555,34,249634,7342.176470588235
77.8013960160315,34,249698,7344.058823529412
77.80239730095491,34,249762,7345.941176470588
77.8030650569126,34,249826,7347.823529411765
77.8037436036393,34,249890,7349.705882352941
77.8045890238136,34,249954,7351.588235294118
78.43521416001022,34,250018,7353.470588235294
78.43697197269648,34,250082,7355.35294117647
78.4383409358561,34,250146,7357.235294117647
78.43992490507662,34,250210,7359.117647058823
78.44056938076392,34,250274,7361.0
78.4413725300692,34,250338,7362.882352941177
78.44259419990703,34,250402,7364.764705882353
78.44352520164102,34,250466,7366.64705882353
78.44421824906021,34,250530,7368.529411764706
78.44484415370971,34,250594,7370.411764705882
78.4458500589244,34,250658,7372.294117647059
78.44693268509582,34,250722,7374.176470588235
78.44772156374529,34,250786,7376.058823529412
78.44839704083279,34,250850,7377.941176470588
78.44908554805443,34,250914,7379.823529411765
78.4497811649926,34,250978,7381.705882352941
78.45168943097815,34,251042,7383.588235294118
78.45236636698246,34,251106,7385.470588235294
78.45307688508183,34,251170,7387.35294117647
78.45425711292773,34,251234,7389.235294117647
78.45533793978393,34,251298,7391.117647058823
78.45602052565664,34,251362,7393.0
78.45664945198223,34,251426,7394.882352941177
78.45746340090409,34,251490,7396.764705882353
78.45845021493733,34,251554,7398.64705882353
78.4591422919184,34,251618,7400.529411764706
78.45988612994552,34,251682,7402.411764705882
78.46053407574072,34,251746,7404.294117647059
78.46123975282535,34,251810,7406.176470588235
78.46191398007795,34,251874,7408.058823529412
78.46292876405641,34,251938,7409.941176470588
78.46372011303902,34,252002,7411.823529411765
78.4644018500112,34,252066,7413.705882352941
78.46506208600476,34,252130,7415.588235294118
79.11559315677732,34,252194,7417.470588235294
79.11772193899378,34,252258,7419.35294117647
79.11871321266517,34,252322,7421.235294117647
79.12060247780755,34,252386,7423.117647058823
79.12173114577308,34,252450,7425.0
79.12296319566667,34,252514,7426.882352941177
79.12420312594622,34,252578,7428.764705882353
79.12539901491255,34,252642,7430.64705882353
79.12668156577274,34,252706,7432.529411764706
79.12781869387254,34,252770,7434.411764705882
79.1290546040982,34,252834,7436.294117647059
79.13015714101493,34,252898,7438.176470588235
79.13133746990934,34,252962,7440.058823529412
79.13251032773405,34,253026,7441.941176470588
79.13369304686785,34,253090,7443.823529411765
79.13494983687997,34,253154,7445.705882352941
79.13726164307445,34,253218,7447.588235294118
79.13845027191564,34,253282,7449.470588235294
79.1396441119723,34,253346,7451.35294117647
79.14083762001246,34,253410,7453.235294117647
79.14203702984378,34,253474,7455.117647058823
79.14324478898197,34,253538,7457.0
79.1443352648057,34,253602,7458.882352941177
79.14551672386006,34,253666,7460.764705882353
79.14670140296221,34,253730,7462.64705882353
79.14797791372985,34,253794,7464.529411764706
79.14922089409083,34,253858,7466.411764705882
79.15030929073691,34,253922,7468.294117647059
79.15152932005003,34,253986,7470.176470588235
79.15271745901555,34,254050,7472.058823529412
79.15388539806008,34,254114,7473.941176470588
79.15505704609677,34,254178,7475.823529411765
79.15624396502972,34,254242,7477.705882352941
79.15712876571342,34,254306,7479.588235294118
79.79131268104538,34,254370,7481.470588235294
79.79212971078232,34,254434,7483.35294117647
79.79352443385869,34,254498,7485.235294117647
79.79427404282615,34,254562,7487.117647058823
79.79555348400027,34,254626,7489.0
79.79623124981299,34,254690,7490.882352941177
79.79696860769764,34,254754,7492.764705882353
79.79770007589832,34,254818,7494.64705882353
79.79840342281386,34,254882,7496.529411764706
79.79909888003021,34,254946,7498.411764705882
79.79974410589784,34,255010,7500.294117647059
79.80037618102506,34,255074,7502.176470588235
79.80105204787105,34,255138,7504.058823529412
79.80173982400447,34,255202,7505.941176470588
79.80242714099586,34,255266,7507.823529411765
79.80317931901664,34,255330,7509.705882352941
79.80453239195049,34,255394,7511.588235294118
79.80521592870355,34,255458,7513.470588235294
79.80591210583225,34,255522,7515.35294117647
79.80661932285875,34,255586,7517.235294117647
79.80736781097949,34,255650,7519.117647058823
79.80807080771774,34,255714,7521.0
79.8087284239009,34,255778,7522.882352941177
79.80940928077325,34,255842,7524.764705882353
79.81009058700874,34,255906,7526.64705882353
79.81083767488599,34,255970,7528.529411764706
79.81153447180986,34,256034,7530.411764705882
79.81217124778777,34,256098,7532.294117647059
79.8128815847449,34,256162,7534.176470588235
79.81357642170042,34,256226,7536.058823529412
79.81427169870585,34,256290,7537.941176470588
79.81495797494426,34,256354,7539.823529411765
79.8156522018835,34,256418,7541.705882352941
79.81649768305942,34,256482,7543.588235294118
80.55866653192788,34,256546,7545.470588235294
80.55984985083342,34,256610,7547.35294117647
80.56255129678175,34,256674,7549.235294117647
80.56392797082663,34,256738,7551.117647058823
80.56517290091142,34,256802,7553.0
80.56707347696647,34,256866,7554.882352941177
80.56833152705804,34,256930,7556.764705882353
80.56968285981566,34,256994,7558.64705882353
80.5709335510619,34,257058,7560.529411764706
80.5725348899141,34,257122,7562.411764705882
80.57370415795594,34,257186,7564.294117647059
80.57483035605401,34,257250,7566.176470588235
80.57604365469888,34,257314,7568.058823529412
80.57726079504937,34,257378,7569.941176470588
80.57846626406536,34,257442,7571.823529411765
80.57970148371533,34,257506,7573.705882352941
80.58114521903917,34,257570,7575.588235294118
80.58336556283757,34,257634,7577.470588235294
80.58454881189391,34,257698,7579.35294117647
80.58582161273807,34,257762,7581.235294117647
80.58717115595937,34,257826,7583.117647058823
80.58855268871412,34,257890,7585.0
80.58979929890484,34,257954,7586.882352941177
80.59092269698158,34,258018,7588.764705882353
80.592132715974,34,258082,7590.64705882353
80.59335321607068,34,258146,7592.529411764706
80.59480207087472,34,258210,7594.411764705882
80.59607921168208,34,258274,7596.294117647059
80.59721766971052,34,258338,7598.176470588235
80.59845694992691,34,258402,7600.058823529412
80.59965949878097,34,258466,7601.941176470588
80.60072012478486,34,258530,7603.823529411765
80.60163602698594,34,258594,7605.705882352941
80.60258843982592,34,258658,7607.588235294118
81.23760524578393,34,258722,7609.470588235294
81.23843024577945,34,258786,7611.35294117647
81.23992626275867,34,258850,7613.235294117647
81.24069330096245,34,258914,7615.117647058823
81.24194537196308,34,258978,7617.0
81.24269102979451,34,259042,7618.882352941177
81.24340878706425,34,259106,7620.764705882353
81.2441398347728,34,259170,7622.64705882353
81.24483909178525,34,259234,7624.529411764706
81.24555121874437,34,259298,7626.411764705882
81.24622896593064,34,259362,7628.294117647059
81.24686577077955,34,259426,7630.176470588235
81.24755803775042,34,259490,7632.058823529412
81.24825089471415,34,259554,7633.941176470588
81.24893945083022,34,259618,7635.823529411765
81.24967661965638,34,259682,7637.705882352941
81.25122155668214,34,259746,7639.588235294118
81.25188149278983,34,259810,7641.470588235294
81.25256080972031,34,259874,7643.35294117647
81.2534696618095,34,259938,7645.235294117647
81.2542113000527,34,260002,7647.117647058823
81.25492549687624,34,260066,7649.0
81.25563958380371,34,260130,7650.882352941177
81.25628680968657,34,260194,7652.764705882353
81.25696364603937,34,260258,7654.64705882353
81.25766569375992,34,260322,7656.529411764706
81.25837093079463,34,260386,7658.411764705882
81.25907096778974,34,260450,7660.294117647059
81.25972038367763,34,260514,7662.176470588235
81.26042664097622,34,260578,7664.058823529412
81.26112312776968,34,260642,7665.941176470588
81.26181659474969,34,260706,7667.823529411765
81.26251821173355,34,260770,7669.705882352941
81.26347928494215,34,260834,7671.588235294118
81.92468512803316,34,260898,7673.470588235294
81.9257326638326,34,260962,7675.35294117647
81.92672049766406,34,261026,7677.235294117647
81.92831432586536,34,261090,7679.117647058823
81.92949657468125,34,261154,7681.0
81.93104041274637,34,261218,7682.882352941177
81.93219977105036,34,261282,7684.764705882353
81.93338621966541,34,261346,7686.64705882353
81.93413098808378,34,261410,7688.529411764706
81.93529957579449,34,261474,7690.411764705882
81.93655081698671,34,261538,7692.294117647059
81.9375248006545,34,261602,7694.176470588235
81.93825472798198,34,261666,7696.058823529412
81.939474967774,34,261730,7697.941176470588
81.94069796707481,34,261794,7699.823529411765
81.94195686792955,34,261858,7701.705882352941
81.94416196178645,34,261922,7703.588235294118
81.94548480398953,34,261986,7705.470588235294
81.94651382882148,34,262050,7707.35294117647
81.94728550780565,34,262114,7709.235294117647
81.94856559904292,34,262178,7711.117647058823
81.94981652870774,34,262242,7713.0
81.95073440205306,34,262306,7714.882352941177
81.95150459976867,34,262370,7716.764705882353
81.95270265871659,34,262434,7718.64705882353
81.95393045898527,34,262498,7720.529411764706
81.95480071986094,34,262562,7722.411764705882
81.95573542267084,34,262626,7724.294117647059
81.95687233097851,34,262690,7726.176470588235
81.95809876965359,34,262754,7728.058823529412
81.95890726987273,34,262818,7729.941176470588
81.95990867400542,34,262882,7731.823529411765
81.96093640988693,34,262946,7733.705882352941
81.9618478519842,34,263010,7735.588235294118
82.60596656007692,34,263074,7737.470588235294
82.60683906078339,34,263138,7739.35294117647
82.60796411894262,34,263202,7741.235294117647
82.6086955666542,34,263266,7743.117647058823
82.61025244370103,34,263330,7745.0
82.6110522840172,34,263394,7746.882352941177
82.61218896182254,34,263458,7748.764705882353
82.61295147007331,34,263522,7750.64705882353
82.61368358787149,34,263586,7752.529411764706
82.61440246505663,34,263650,7754.411764705882
82.61512404307723,34,263714,7756.294117647059
82.61576530896127,34,263778,7758.176470588235
82.61647679563612,34,263842,7760.058823529412
82.61718375282362,34,263906,7761.941176470588
82.61788825970143,34,263970,7763.823529411765
82.61856053676456,34,264034,7765.705882352941
82.6199259897694,34,264098,7767.588235294118
82.62072392879054,34,264162,7769.470588235294
82.62144744675606,34,264226,7771.35294117647
82.62220898503438,34,264290,7773.235294117647
82.6229206318967,34,264354,7775.117647058823
82.62364595988765,34,264418,7777.0
82.62436378700659,34,264482,7778.882352941177
82.62500840285793,34,264546,7780.764705882353
82.62570968968794,34,264610,7782.64705882353
82.62642369698733,34,264674,7784.529411764706
82.627140854951,34,264738,7786.411764705882
82.62784719187766,34,264802,7788.294117647059
82.62857713969424,34,264866,7790.176470588235
82.62929220683873,34,264930,7792.058823529412
82.6300376248546,34,264994,7793.941176470588
82.63074683304876,34,265058,7795.823529411765
82.6314587998204,34,265122,7797.705882352941
82.6323444917798,34,265186,7799.588235294118
83.29065351607278,34,265250,7801.470588235294
83.2915519666858,34,265314,7803.35294117647
83.29232772579417,34,265378,7805.235294117647
83.29300057282671,34,265442,7807.117647058823
83.29401399707422,34,265506,7809.0
83.29475878505036,34,265570,7810.882352941177
83.29549347283319,34,265634,7812.764705882353
83.29625039175153,34,265698,7814.64705882353
83.29698805883527,34,265762,7816.529411764706
83.29771158704534,34,265826,7818.411764705882
83.29843974485993,34,265890,7820.294117647059
83.2990822698921,34,265954,7822.176470588235
83.29991921084002,34,266018,7824.058823529412
83.30063632782549,34,266082,7825.941176470588
83.30134808598086,34,266146,7827.823529411765
83.30201038205996,34,266210,7829.705882352941
83.30348560772836,34,266274,7831.588235294118
83.30442803073674,34,266338,7833.470588235294
83.305177598726,34,266402,7835.35294117647
83.30586876580492,34,266466,7837.235294117647
83.30658934265375,34,266530,7839.117647058823
83.30733901076019,34,266594,7841.0
83.30805312795565,34,266658,7842.882352941177
83.30870917486027,34,266722,7844.764705882353
83.3094107019715,34,266786,7846.64705882353
83.31012970907614,34,266850,7848.529411764706
83.31084521580487,34,266914,7850.411764705882
83.311561584007,34,266978,7852.294117647059
83.31229888182133,34,267042,7854.176470588235
83.31300840899348,34,267106,7856.058823529412
83.31372915674001,34,267170,7857.941176470588
83.3144457237795,34,267234,7859.823529411765
83.31516786199063,34,267298,7861.705882352941
83.31602007197216,34,267362,7863.588235294118
84.02718491200358,34,267426,7865.470588235294
84.02804711274803,34,267490,7867.35294117647
84.0288330228068,34,267554,7869.235294117647
84.0295172589831,34,267618,7871.117647058823
84.03084990102798,34,267682,7873.0
84.03174815280363,34,267746,7874.882352941177
84.0325164720416,34,267810,7876.764705882353
84.03328018076718,34,267874,7878.64705882353
84.03400551807135,34,267938,7880.529411764706
84.0347349960357,34,268002,7882.411764705882
84.03546946402639,34,268066,7884.294117647059
84.0361291798763,34,268130,7886.176470588235
84.03684042673558,34,268194,7888.058823529412
84.03755828505382,34,268258,7889.941176470588
84.03827421180904,34,268322,7891.823529411765
84.0390325509943,34,268386,7893.705882352941
84.04062094865367,34,268450,7895.588235294118
84.04138374794275,34,268514,7897.470588235294
84.04210400488228,34,268578,7899.35294117647
84.04278254183009,34,268642,7901.235294117647
84.04352236865088,34,268706,7903.117647058823
84.04425109690055,34,268770,7905.0
84.04497790476307,34,268834,7906.882352941177
84.04570565279573,34,268898,7908.764705882353
84.04636325873435,34,268962,7910.64705882353
84.04706428572536,34,269026,7912.529411764706
84.04778351308778,34,269090,7914.411764705882
84.04850906087086,34,269154,7916.294117647059
84.04923790786415,34,269218,7918.176470588235
84.0499769570306,34,269282,7920.058823529412
84.05071048391983,34,269346,7921.941176470588
84.05142836179584,34,269410,7923.823529411765
84.05215135868639,34,269474,7925.705882352941
84.05307992175221,34,269538,7927.588235294118
85.0917931869626,34,269602,7929.470588235294
85.09386732708663,34,269666,7931.35294117647
85.09557668864727,34,269730,7933.235294117647
85.09733198164031,34,269794,7935.117647058823
85.09919893695042,34,269858,7937.0
85.10179191967472,34,269922,7938.882352941177
85.10353722190484,34,269986,7940.764705882353
85.10534057579935,34,270050,7942.64705882353
85.10646553291008,34,270114,7944.529411764706
85.10776539472863,34,270178,7946.411764705882
85.10952832782641,34,270242,7948.294117647059
85.11080351890996,34,270306,7950.176470588235
85.1118579749018,34,270370,7952.058823529412
85.11289162980393,34,270434,7953.941176470588
85.1139350249432,34,270498,7955.823529411765
85.1149740498513,34,270562,7957.705882352941
85.11609452776611,34,270626,7959.588235294118
85.11726781586185,34,270690,7961.470588235294
85.1183487419039,34,270754,7963.35294117647
85.11997968191281,34,270818,7965.235294117647
85.12099929666147,34,270882,7967.117647058823
85.12206379277632,34,270946,7969.0
85.12313607893884,34,271010,7970.882352941177
85.12418621405959,34,271074,7972.764705882353
85.12512724706903,34,271138,7974.64705882353
85.12590848607942,34,271202,7976.529411764706
85.12704933388159,34,271266,7978.411764705882
85.12815416092053,34,271330,7980.294117647059
85.12922715675086,34,271394,7982.176470588235
85.13031794363633,34,271458,7984.058823529412
85.1313698887825,34,271522,7985.941176470588
85.13241297379136,34,271586,7987.823529411765
85.1334630199708,34,271650,7989.705882352941
85.13449253467843,34,271714,7991.588235294118
85.79575451277196,34,271778,7993.470588235294
85.79709574580193,34,271842,7995.35294117647
85.79820110276341,34,271906,7997.235294117647
85.79961362667382,34,271970,7999.117647058823
85.8006065110676,34,272034,8001.0
85.80174405872822,34,272098,8002.882352941177
85.80239376472309,34,272162,8004.764705882353
85.802986508701,34,272226,8006.64705882353
85.80358261382207,34,272290,8008.529411764706
85.80418256903067,34,272354,8010.411764705882
85.80477614281699,34,272418,8012.294117647059
85.80531787592918,34,272482,8014.176470588235
85.80598073173314,34,272546,8016.058823529412
85.80657392693684,34,272610,8017.941176470588
85.8071663910523,34,272674,8019.823529411765
85.80771430395544,34,272738,8021.705882352941
85.808429162018,34,272802,8023.588235294118
85.81031906791031,34,272866,8025.470588235294
85.81147541571409,34,272930,8027.35294117647
85.81230783602223,34,272994,8029.235294117647
85.8132891296409,34,273058,8031.117647058823
85.81435440573841,34,273122,8033.0
85.81543195201084,34,273186,8034.882352941177
85.8165138377808,34,273250,8036.764705882353
85.81757796369493,34,273314,8038.64705882353
85.81852318672463,34,273378,8040.529411764706
85.81955657200888,34,273442,8042.411764705882
85.82061799801886,34,273506,8044.294117647059
85.82171571487561,34,273570,8046.176470588235
85.82239975174889,34,273634,8048.058823529412
85.8230030159466,34,273698,8049.941176470588
85.82359989080578,34,273762,8051.823529411765
85.82419461477548,34,273826,8053.705882352941
85.82498139375821,34,273890,8055.588235294118
86.65342060895637,34,273954,8057.470588235294
86.65473783109337,34,274018,8059.35294117647
86.65584039781243,34,274082,8061.235294117647
86.65756829967722,34,274146,8063.117647058823
86.65857017366216,34,274210,8065.0
86.65973007166758,34,274274,8066.882352941177
86.66063104383647,34,274338,8068.764705882353
86.66176134208217,34,274402,8070.64705882353
86.66287072887644,34,274466,8072.529411764706
86.66395859466866,34,274530,8074.411764705882
86.6650333609432,34,274594,8076.294117647059
86.66598297376186,34,274658,8078.176470588235
86.66704146005213,34,274722,8080.058823529412
86.66809253580868,34,274786,8081.941176470588
86.66916441079229,34,274850,8083.823529411765
86.67022295668721,34,274914,8085.705882352941
86.67126165283844,34,274978,8087.588235294118
86.67354410793632,34,275042,8089.470588235294
86.67495384206995,34,275106,8091.35294117647
86.67626696405932,34,275170,8093.235294117647
86.67725663771853,34,275234,8095.117647058823
86.67834300501272,34,275298,8097.0
86.67936991993338,34,275362,8098.882352941177
86.68045388581231,34,275426,8100.764705882353
86.68125327583402,34,275490,8102.64705882353
86.68240248365328,34,275554,8104.529411764706
86.68338143685833,34,275618,8106.411764705882
86.68450966477394,34,275682,8108.294117647059
86.68558889068663,34,275746,8110.176470588235
86.68667108705267,34,275810,8112.058823529412
86.68774324283004,34,275874,8113.941176470588
86.68880366906524,34,275938,8115.823529411765
86.68987952498719,34,276002,8117.705882352941
86.69090408971533,34,276066,8119.588235294118
87.34550203802064,34,276130,8121.470588235294
87.34681130992249,34,276194,8123.35294117647
87.34791090665385,34,276258,8125.235294117647
87.34922270895913,34,276322,8127.117647058823
87.35033634584397,34,276386,8129.0
87.35153049509972,34,276450,8130.882352941177
87.35264526167884,34,276514,8132.764705882353
87.3536087446846,34,276578,8134.64705882353
87.35474980296567,34,276642,8136.529411764706
87.35585382999852,34,276706,8138.411764705882
87.35693713603541,34,276770,8140.294117647059
87.35789427906275,34,276834,8142.176470588235
87.35896355565637,34,276898,8144.058823529412
87.36002009082586,34,276962,8145.941176470588
87.36108448682353,34,277026,8147.823529411765
87.36214069277048,34,277090,8149.705882352941
87.36312691681087,34,277154,8151.588235294118
87.36528695886955,34,277218,8153.470588235294
87.36662155203521,34,277282,8155.35294117647
87.36785251181573,34,277346,8157.235294117647
87.36885034572333,34,277410,8159.117647058823
87.3699415717274,34,277474,8161.0
87.37097193673253,34,277538,8162.882352941177
87.37203866289929,34,277602,8164.764705882353
87.37295314576477,34,277666,8166.64705882353
87.374058322981,34,277730,8168.529411764706
87.3750677369535,34,277794,8170.411764705882
87.37615762278438,34,277858,8172.294117647059
87.37725126976147,34,277922,8174.176470588235
87.37833991693333,34,277986,8176.058823529412
87.37941834283993,34,278050,8177.941176470588
87.38048052880913,34,278114,8179.823529411765
87.38155052484944,34,278178,8181.705882352941
87.38268247200176,34,278242,8183.588235294118
88.03956978674978,34,278306,8185.470588235294
88.04069148376584,34,278370,8187.35294117647
88.04188023274764,34,278434,8189.235294117647
88.04353602370247,34,278498,8191.117647058823
88.04455010779202,34,278562,8193.0
88.04569701571018,34,278626,8194.882352941177
88.04679393302649,34,278690,8196.764705882353
88.04787608888,34,278754,8198.64705882353
88.04896354489028,34,278818,8200.529411764706
88.05005834205076,34,278882,8202.411764705883
88.05092565296218,34,278946,8204.29411764706
88.05191392684355,34,279010,8206.176470588236
88.05301882373169,34,279074,8208.058823529413
88.05409654974937,34,279138,8209.941176470587
88.05518302693963,34,279202,8211.823529411764
88.05623902194202,34,279266,8213.70588235294
88.05750207277015,34,279330,8215.588235294117
88.0593908187002,34,279394,8217.470588235294
88.06058941781521,34,279458,8219.35294117647
88.0618739486672,34,279522,8221.235294117647
88.06499428488314,34,279586,8223.117647058823
88.0675563076511,34,279650,8225.0
88.06829862575978,34,279714,8226.882352941177
88.0690452940762,34,279778,8228.764705882353
88.06974628102034,34,279842,8230.64705882353
88.07048826897517,34,279906,8232.529411764706
88.07121788570657,34,279970,8234.411764705883
88.07182814087719,34,280034,8236.29411764706
88.07251840783283,34,280098,8238.176470588236
88.07322080479935,34,280162,8240.058823529413
88.0739018120803,34,280226,8241.941176470587
88.07456727791578,34,280290,8243.823529411764
88.07551776105538,34,280354,8245.70588235294
88.0762474690564,34,280418,8247.588235294117
88.73610003571957,34,280482,8249.470588235294
88.73717714194208,34,280546,8251.35294117647
88.7378124780953,34,280610,8253.235294117647
88.73848927393556,34,280674,8255.117647058823
88.739128369838,34,280738,8257.0
88.74022460682318,34,280802,8258.882352941177
88.74082241067663,34,280866,8260.764705882353
88.74150796793401,34,280930,8262.64705882353
88.74216375406832,34,280994,8264.529411764706
88.74279922898859,34,281058,8266.411764705883
88.7434363248758,34,281122,8268.29411764706
88.74406484980136,34,281186,8270.176470588236
88.74462891370058,34,281250,8272.058823529413
88.74524897895753,34,281314,8273.941176470587
88.74589042365551,34,281378,8275.823529411764
88.74655167991295,34,281442,8277.70588235294
88.74733251985162,34,281506,8279.588235294117
88.74882734566927,34,281570,8281.470588235294
88.74964732583612,34,281634,8283.35294117647
88.75037558283657,34,281698,8285.235294117647
88.75104254996404,34,281762,8287.117647058823
88.75166676472872,34,281826,8289.0
88.75224480871111,34,281890,8290.882352941177
88.75285987369716,34,281954,8292.764705882353
88.75345270801336,34,282018,8294.64705882353
88.75406255293638,34,282082,8296.529411764706
88.75467608775944,34,282146,8298.411764705883
88.7552335318178,34,282210,8300.29411764706
88.75582557590678,34,282274,8302.176470588236
88.75644022086635,34,282338,8304.058823529413
88.75705652590841,34,282402,8305.941176470587
88.75767077086493,34,282466,8307.823529411764
88.75828670570627,34,282530,8309.70588235294
88.75906859477982,34,282594,8311.588235294117
89.43399160867557,34,282658,8313.470588235294
89.43487291084602,34,282722,8315.35294117647
89.43545665498823,34,282786,8317.235294117647
89.43610622081906,34,282850,8319.117647058823
89.43679367704317,34,282914,8321.0
89.43747659400105,34,282978,8322.882352941177
89.43804410798475,34,283042,8324.764705882353
89.438668042887,34,283106,8326.64705882353
89.4394725416787,34,283170,8328.529411764706
89.44010346801952,34,283234,8330.411764705883
89.44075693376362,34,283298,8332.29411764706
89.4413752690889,34,283362,8334.176470588236
89.44199579395354,34,283426,8336.058823529413
89.44260069774464,34,283490,8337.941176470587
89.44321361277252,34,283554,8339.823529411764
89.443783137016,34,283618,8341.70588235294
89.44457842689008,34,283682,8343.588235294117
89.4452036418952,34,283746,8345.470588235294
89.4458281667903,34,283810,8347.35294117647
89.446465163026,34,283874,8349.235294117647
89.44764799065888,34,283938,8351.117647058823
89.44830579683185,34,284002,8353.0
89.44891966180876,34,284066,8354.882352941177
89.44954589800909,34,284130,8356.764705882353
89.45011200103909,34,284194,8358.64705882353
89.45073510706425,34,284258,8360.529411764706
89.45132702076808,34,284322,8362.411764705883
89.45192506490275,34,284386,8364.29411764706
89.45253363996744,34,284450,8366.176470588236
89.45308136381209,34,284514,8368.058823529413
89.45369163807482,34,284578,8369.941176470587
89.45435137487948,34,284642,8371.823529411764
89.45498024998233,34,284706,8373.70588235294
89.45577745884657,34,284770,8375.588235294117
90.1342369299382,34,284834,8377.470588235294
90.13505841977894,34,284898,8379.35294117647
90.1356561249122,34,284962,8381.235294117647
90.13630490982905,34,285026,8383.117647058823
90.13698954693973,34,285090,8385.0
90.13769124401733,34,285154,8386.882352941177
90.13827420864254,34,285218,8388.764705882353
90.13890526397154,34,285282,8390.64705882353
90.13968720287085,34,285346,8392.529411764706
90.14032987877727,34,285410,8394.411764705883
90.1409809938632,34,285474,8396.29411764706
90.14161513978615,34,285538,8398.176470588236
90.14225356467068,34,285602,8400.058823529413
90.14285748964176,34,285666,8401.941176470587
90.14347664499655,34,285730,8403.823529411764
90.14423268288374,34,285794,8405.70588235294
90.14486519899219,34,285858,8407.588235294117
90.14549464406446,34,285922,8409.470588235294
90.14614364970475,34,285986,8411.35294117647
90.14676010468975,34,286050,8413.235294117647
90.14792587282136,34,286114,8415.117647058823
90.14862696966156,34,286178,8417.0
90.1493643480353,34,286242,8418.882352941177
90.14999458286911,34,286306,8420.764705882353
90.1506385486573,34,286370,8422.64705882353
90.15122833289206,34,286434,8424.529411764706
90.15185847878456,34,286498,8426.411764705883
90.15245112264529,34,286562,8428.29411764706
90.15306235803291,34,286626,8430.176470588236
90.15368140302598,34,286690,8432.058823529413
90.15424476703629,34,286754,8433.941176470587
90.15484485169873,34,286818,8435.823529411764
90.1554617867805,34,286882,8437.70588235294
90.15622832486406,34,286946,8439.588235294117
90.8360080588609,34,287010,8441.470588235294
90.83701086370274,34,287074,8443.35294117647
90.83774018194526,34,287138,8445.235294117647
90.83853820106015,34,287202,8447.117647058823
90.83939043106511,34,287266,8449.0
90.84029703401029,34,287330,8450.882352941177
90.841023680754,34,287394,8452.764705882353
90.84181962069124,34,287458,8454.64705882353
90.84259661985561,34,287522,8456.529411764706
90.84330430673435,34,287586,8458.411764705883
90.84427660983056,34,287650,8460.29411764706
90.84505752008408,34,287714,8462.176470588236
90.84584575891495,34,287778,8464.058823529413
90.84661101689562,34,287842,8465.941176470587
90.8473745957017,34,287906,8467.823529411764
90.84808567306027,34,287970,8469.70588235294
90.84886797191575,34,288034,8471.588235294117
90.85054132295772,34,288098,8473.470588235294
90.8515587868169,34,288162,8475.35294117647
90.85246274899691,34,288226,8477.235294117647
90.85325057897717,34,288290,8479.117647058823
90.85408439906314,34,288354,8481.0
90.85486709792167,34,288418,8482.882352941177
90.85564051708207,34,288482,8484.764705882353
90.85642302595079,34,288546,8486.64705882353
90.85714471386746,34,288610,8488.529411764706
90.85792298195884,34,288674,8490.411764705883
90.85866657085717,34,288738,8492.29411764706
90.85943052871153,34,288802,8494.176470588236
90.86021038796753,34,288866,8496.058823529413
90.8609079150483,34,288930,8497.941176470587
90.86166169308126,34,288994,8499.823529411764
90.86242977203801,34,289058,8501.70588235294
90.86342857591808,34,289122,8503.588235294117
91.53945621987805,34,289186,8505.470588235294
91.54047558363527,34,289250,8507.35294117647
91.54123127274215,34,289314,8509.235294117647
91.54204941308126,34,289378,8511.117647058823
91.543045676779,34,289442,8513.0
91.54421653505415,34,289506,8514.882352941177
91.54505954589695,34,289570,8516.764705882353
91.54595411801711,34,289634,8518.64705882353
91.54686899995431,34,289698,8520.529411764706
91.54762225784361,34,289762,8522.411764705883
91.54871152481064,34,289826,8524.29411764706
91.54957297584042,34,289890,8526.176470588236
91.550372174941,34,289954,8528.058823529413
91.55120405601338,34,290018,8529.941176470587
91.55199688486755,34,290082,8531.823529411764
91.55278985388577,34,290146,8533.70588235294
91.55372473690659,34,290210,8535.588235294117
91.55558400182053,34,290274,8537.470588235294
91.55664871772751,34,290338,8539.35294117647
91.55742655694485,34,290402,8541.235294117647
91.5583383589983,34,290466,8543.117647058823
91.55917275883257,34,290530,8545.0
91.55997948907316,34,290594,8546.882352941177
91.56083056982607,34,290658,8548.764705882353
91.56167529989034,34,290722,8550.64705882353
91.56253064097837,34,290786,8552.529411764706
91.56329217879102,34,290850,8554.411764705883
91.56408724887297,34,290914,8556.29411764706
91.56483626691625,34,290978,8558.176470588236
91.5655890260823,34,291042,8560.058823529413
91.56636333372444,34,291106,8561.941176470587
91.56715362379327,34,291170,8563.823529411764
91.56793679203838,34,291234,8565.70588235294
91.5690169990994,34,291298,8567.588235294117
92.24343138281256,34,291362,8569.470588235294
92.24440563702956,34,291426,8571.35294117647
92.24532782984897,34,291490,8573.235294117647
92.24622798198834,34,291554,8575.117647058823
92.24725664686412,34,291618,8577.0
92.24831023206934,34,291682,8578.882352941177
92.24904324999079,34,291746,8580.764705882353
92.24988507991657,34,291810,8582.64705882353
92.25070417998359,34,291874,8584.529411764706
92.25165255367756,34,291938,8586.411764705883
92.25269050896168,34,292002,8588.29411764706
92.25371371395886,34,292066,8590.176470588236
92.25450328271836,34,292130,8592.058823529413
92.25547995697707,34,292194,8593.941176470587
92.2562949359417,34,292258,8595.823529411764
92.25717413797975,34,292322,8597.70588235294
92.2580752200447,34,292386,8599.588235294117
92.25991129502654,34,292450,8601.470588235294
92.2611051928252,34,292514,8603.35294117647
92.26201683608815,34,292578,8605.235294117647
92.26297425897792,34,292642,8607.117647058823
92.26385365985334,34,292706,8609.0
92.26465533999726,34,292770,8610.882352941177
92.26567494496703,34,292834,8612.764705882353
92.2664735140279,34,292898,8614.64705882353
92.26746487803757,34,292962,8616.529411764706
92.26855056500062,34,293026,8618.411764705883
92.26937579503283,34,293090,8620.29411764706
92.27009973209351,34,293154,8622.176470588236
92.27099377382547,34,293218,8624.058823529413
92.27189623564482,34,293282,8625.941176470587
92.2726801247336,34,293346,8627.823529411764
92.27369367983192,34,293410,8629.70588235294
92.2747671357356,34,293474,8631.588235294117
92.9500314919278,34,293538,8633.470588235294
92.95128125278279,34,293602,8635.35294117647
92.95226071681827,34,293666,8637.235294117647
92.95334815280512,34,293730,8639.117647058823
92.95492153102532,34,293794,8641.0
92.95596955670044,34,293858,8642.882352941177
92.95701030176133,34,293922,8644.764705882353
92.9579754457809,34,293986,8646.64705882353
92.95894490880892,34,294050,8648.529411764706
92.95999731495976,34,294114,8650.411764705883
92.96125224465504,34,294178,8652.29411764706
92.96340529806912,34,294242,8654.176470588236
92.96445178287104,34,294306,8656.058823529413
92.96550449868664,34,294370,8657.941176470587
92.96654741372913,34,294434,8659.823529411764
92.9675305178389,34,294498,8661.70588235294
92.96857405407354,34,294562,8663.588235294117
92.96961229899898,34,294626,8665.470588235294
92.97065184405074,34,294690,8667.35294117647
92.97168823890388,34,294754,8669.235294117647
92.97275698464364,34,294818,8671.117647058823
92.97370352782309,34,294882,8673.0
92.97473223274574,34,294946,8674.882352941177
92.97576462896541,34,295010,8676.764705882353
92.97681077383459,34,295074,8678.64705882353
92.97784322872758,34,295138,8680.529411764706
92.97886504372582,34,295202,8682.411764705883
92.97991281887516,34,295266,8684.29411764706
92.98139484599233,34,295330,8686.176470588236
92.98254256276414,34,295394,8688.058823529413
92.9835420078598,34,295458,8689.941176470587
92.98455725191161,34,295522,8691.823529411764
92.98559164768085,34,295586,8693.70588235294
92.98671540478244,34,295650,8695.588235294117
93.65127543080598,34,295714,8697.470588235294
93.65224564494565,34,295778,8699.35294117647
93.65299066295847,34,295842,8701.235294117647
93.65381380263716,34,295906,8703.117647058823
93.65469649480656,34,295970,8705.0
93.65590891381726,34,296034,8706.882352941177
93.65672378381714,34,296098,8708.764705882353
93.65752913383767,34,296162,8710.64705882353
93.6582691418007,34,296226,8712.529411764706
93.65900281909853,34,296290,8714.411764705883
93.65980929881334,34,296354,8716.29411764706
93.66059364797547,34,296418,8718.176470588236
93.6613149358891,34,296482,8720.058823529413
93.66249693464488,34,296546,8721.941176470587
93.66330812405795,34,296610,8723.823529411764
93.66403647186235,34,296674,8725.70588235294
93.66484722169116,34,296738,8727.588235294117
93.66566266072914,34,296802,8729.470588235294
93.66644673096016,34,296866,8731.35294117647
93.66805724008009,34,296930,8733.235294117647
93.66899942280725,34,296994,8735.117647058823
93.66988407401368,34,297058,8737.0
93.67062598187476,34,297122,8738.882352941177
93.6714208018966,34,297186,8740.764705882353
93.67221415089443,34,297250,8742.64705882353
93.67301771091297,34,297314,8744.529411764706
93.67381139984354,34,297378,8746.411764705883
93.67460777889937,34,297442,8748.29411764706
93.6754164788872,34,297506,8750.176470588236
93.67616276675835,34,297570,8752.058823529413
93.67695806594566,34,297634,8753.941176470587
93.67771978490055,34,297698,8755.823529411764
93.67851145379245,34,297762,8757.70588235294
93.67951500881463,34,297826,8759.588235294117
94.45235178992152,34,297890,8761.470588235294
94.45502322493121,34,297954,8763.35294117647
94.45666793501005,34,298018,8765.235294117647
94.45825026370585,34,298082,8767.117647058823
94.45966815808788,34,298146,8769.0
94.46108235185966,34,298210,8770.882352941177
94.4625242780894,34,298274,8772.764705882353
94.46393212163821,34,298338,8774.64705882353
94.46523005282506,34,298402,8776.529411764706
94.46653186483309,34,298466,8778.411764705883
94.46795806987211,34,298530,8780.29411764706
94.47006017109379,34,298594,8782.176470588236
94.47137409308925,34,298658,8784.058823529413
94.47288936981931,34,298722,8785.941176470587
94.47433994477615,34,298786,8787.823529411764
94.47565599670634,34,298850,8789.70588235294
94.4788708249107,34,298914,8791.588235294117
94.48070271965116,34,298978,8793.470588235294
94.48237391002476,34,299042,8795.35294117647
94.48378008464351,34,299106,8797.235294117647
94.48520537884906,34,299170,8799.117647058823
94.48659226298332,34,299234,8801.0
94.48778665205464,34,299298,8802.882352941177
94.48909733397886,34,299362,8804.764705882353
94.4904276970774,34,299426,8806.64705882353
94.49154591374099,34,299490,8808.529411764706
94.49260041909292,34,299554,8810.411764705883
94.49364440469071,34,299618,8812.29411764706
94.49480276275426,34,299682,8814.176470588236
94.49580349680036,34,299746,8816.058823529413
94.49686785275117,34,299810,8817.941176470587
94.49787844764069,34,299874,8819.823529411764
94.49891775287688,34,299938,8821.70588235294
94.50002537993714,34,300002,8823.588235294117
94.50146394502372,34,300007,8823.735294117647
94.50146394502372,34,300007,8823.735294117647
95.13720135204494,33,291233,8825.242424242424
95.13818442588672,33,291297,8827.181818181818
95.13894277391955,33,291361,8829.121212121212
95.13978991471231,33,291425,8831.060606060606
95.14068325702101,33,291489,8833.0
95.14202343905345,33,291553,8834.939393939394
95.14285828964785,33,291617,8836.878787878788
95.14366901898757,33,291681,8838.818181818182
95.14442095672712,33,291745,8840.757575757576
95.1452441769652,33,291809,8842.69696969697
95.14605399686843,33,291873,8844.636363636364
95.14683899609372,33,291937,8846.575757575758
95.14757398376241,33,292001,8848.515151515152
95.14874198287725,33,292065,8850.454545454546
95.14969802601263,33,292129,8852.39393939394
95.15044991392642,33,292193,8854.333333333334
95.15128333494067,33,292257,8856.272727272728
95.15207993378863,33,292321,8858.212121212122
95.15289744408801,33,292385,8860.151515151516
95.15451478306204,33,292449,8862.09090909091
95.1555925286375,33,292513,8864.030303030304
95.15643901005387,33,292577,8865.969696969696
95.15728834085166,33,292641,8867.90909090909
95.15810644999146,33,292705,8869.848484848484
95.15893588075414,33,292769,8871.787878787878
95.15974685968831,33,292833,8873.727272727272
95.16054263990372,33,292897,8875.666666666666
95.16135646868497,33,292961,8877.60606060606
95.16210495773703,33,293025,8879.545454545454
95.16292377794161,33,293089,8881.484848484848
95.16372933704406,33,293153,8883.424242424242
95.16450310591608,33,293217,8885.363636363636
95.1654852097854,33,293281,8887.30303030303
95.8425831636414,33,293345,8889.242424242424
95.84360064892098,33,293409,8891.181818181818
95.84437890769914,33,293473,8893.121212121212
95.84522869903594,33,293537,8895.060606060606
95.84612654987723,33,293601,8897.0
95.84744415199384,33,293665,8898.939393939394
95.84839890478179,33,293729,8900.878787878788
95.84921846492216,33,293793,8902.818181818182
95.84996711369604,33,293857,8904.757575757576
95.85079904366285,33,293921,8906.69696969697
95.85162708396092,33,293985,8908.636363636364
95.85242390306666,33,294049,8910.575757575758
95.85322510264814,33,294113,8912.515151515152
95.85395974107087,33,294177,8914.454545454546
95.85519801080227,33,294241,8916.39393939394
95.85599988978356,33,294305,8918.333333333334
95.856925802771,33,294369,8920.272727272728
95.85773200308904,33,294433,8922.212121212122
95.85854330286384,33,294497,8924.151515151516
95.8601433406584,33,294561,8926.09090909091
95.86121535673738,33,294625,8928.030303030304
95.86205533798784,33,294689,8929.969696969696
95.8629140490666,33,294753,8931.90909090909
95.86373689863831,33,294817,8933.848484848484
95.8645720789209,33,294881,8935.787878787878
95.86539001902565,33,294945,8937.727272727272
95.86619328893721,33,295009,8939.666666666666
95.86700616776943,33,295073,8941.60606060606
95.86776104709134,33,295137,8943.545454545454
95.86857719579712,33,295201,8945.484848484848
95.8693823358044,33,295265,8947.424242424242
95.87016237480566,33,295329,8949.363636363636
95.87109401775524,33,295393,8951.30303030303
96.61206808686256,33,295457,8953.242424242424
96.61313383188099,33,295521,8955.181818181818
96.6139253419824,33,295585,8957.121212121212
96.61480283271521,33,295649,8959.060606060606
96.61571633489802,33,295713,8961.0
96.6170939290896,33,295777,8962.939393939394
96.61806043190882,33,295841,8964.878787878788
96.61889350274578,33,295905,8966.818181818182
96.61964809102938,33,295969,8968.757575757576
96.62053575273603,33,296033,8970.69696969697
96.62137263268232,33,296097,8972.636363636364
96.62217283202335,33,296161,8974.575757575758
96.62296571210027,33,296225,8976.515151515152
96.62371350964531,33,296289,8978.454545454546
96.62461693165824,33,296353,8980.39393939394
96.62559777591377,33,296417,8982.333333333334
96.6264841076918,33,296481,8984.272727272728
96.62729332689196,33,296545,8986.212121212122
96.62809885665774,33,296609,8988.151515151516
96.62891636695713,33,296673,8990.09090909091
96.63052802579477,33,296737,8992.030303030304
96.63140270672739,33,296801,8993.969696969696
96.63230490870774,33,296865,8995.90909090909
96.63312406884506,33,296929,8997.848484848484
96.6339544490911,33,296993,8999.787878787878
96.63476786902174,33,297057,9001.727272727272
96.63557402882725,33,297121,9003.666666666666
96.6364003289491,33,297185,9005.60606060606
96.63716326700523,33,297249,9007.545454545454
96.63797511672601,33,297313,9009.484848484848
96.63878516666591,33,297377,9011.424242424242
96.63964927801862,33,297441,9013.363636363636
96.64055798994377,33,297505,9015.30303030303
97.32207985268906,33,297569,9017.242424242424
97.32325096102431,33,297633,9019.181818181818
97.3240244500339,33,297697,9021.121212121212
97.32487383065745,33,297761,9023.060606060606
97.32569266064093,33,297825,9025.0
97.32726007886231,33,297889,9026.939393939394
97.32827133266255,33,297953,9028.878787878788
97.32909741299227,33,298017,9030.818181818182
97.32985952170566,33,298081,9032.757575757576
97.33072848292068,33,298145,9034.69696969697
97.33156444365159,33,298209,9036.636363636364
97.33237190265208,33,298273,9038.575757575758
97.3332039238885,33,298337,9040.515151515152
97.33397199166939,33,298401,9042.454545454546
97.33481209306046,33,298465,9044.39393939394
97.3355877418071,33,298529,9046.333333333334
97.33642765181139,33,298593,9048.272727272728
97.33729399275035,33,298657,9050.212121212122
97.3382565160282,33,298721,9052.151515151516
97.33908350672573,33,298785,9054.09090909091
97.34058472281322,33,298849,9056.030303030304
97.34146341402084,33,298913,9057.969696969696
97.34237381676212,33,298977,9059.90909090909
97.34320410666987,33,299041,9061.848484848484
97.34403786668554,33,299105,9063.787878787878
97.34486012673005,33,299169,9065.727272727272
97.34567636670545,33,299233,9067.666666666666
97.34650860680267,33,299297,9069.60606060606
97.3472798760049,33,299361,9071.545454545454
97.34809957584366,33,299425,9073.484848484848
97.34891143580899,33,299489,9075.424242424242
97.3497822470963,33,299553,9077.363636363636
97.35069267870858,33,299617,9079.30303030303
98.03360717697069,33,299681,9081.242424242424
98.03460780065507,33,299745,9083.181818181818
98.03539843996987,33,299809,9085.121212121212
98.03627818170935,33,299873,9087.060606060606
98.03722914494574,33,299937,9089.0
98.03867101995274,33,300001,9090.939393939394
98.03964385390282,33,300065,9092.878787878788
98.04048700397834,33,300129,9094.818181818182
98.04126153280959,33,300193,9096.757575757576
98.04217128502205,33,300257,9098.69696969697
98.04300182498991,33,300321,9100.636363636364
98.04381084488705,33,300385,9102.575757575758
98.04463674500585,33,300449,9104.515151515152
98.04538961406797,33,300513,9106.454545454546
98.046232894063,33,300577,9108.39393939394
98.04731048969552,33,300641,9110.333333333334
98.04817630071193,33,300705,9112.272727272728
98.04898525075987,33,300769,9114.212121212122
98.04980828100815,33,300833,9116.151515151516
98.05142812104896,33,300897,9118.09090909091
98.05252745701,33,300961,9120.030303030304
98.05339186778292,33,301025,9121.969696969696
98.05428109969944,33,301089,9123.90909090909
98.05510960007086,33,301153,9125.848484848484
98.05595404095948,33,301217,9127.787878787878
98.05678245099261,33,301281,9129.727272727272
98.05759453075007,33,301345,9131.666666666666
98.0584329906851,33,301409,9133.60606060606
98.05920154973865,33,301473,9135.545454545454
98.06002662004903,33,301537,9137.484848484848
98.06084966985509,33,301601,9139.424242424242
98.06164036877453,33,301665,9141.363636363636
98.06260092183948,33,301729,9143.30303030303
98.74827780807391,33,301793,9145.242424242424
98.74932601395994,33,301857,9147.181818181818
98.75012889271602,33,301921,9149.121212121212
98.75098460400477,33,301985,9151.060606060606
98.75190130574629,33,302049,9153.0
98.7533303508535,33,302113,9154.939393939394
98.75432271463796,33,302177,9156.878787878788
98.75516772596166,33,302241,9158.818181818182
98.75593726476654,33,302305,9160.757575757576
98.75684640696272,33,302369,9162.69696969697
98.7576948069036,33,302433,9164.636363636364
98.7585126068443,33,302497,9166.575757575758
98.75932930689305,33,302561,9168.515151515152
98.76008008606732,33,302625,9170.454545454546
98.76093908585608,33,302689,9172.39393939394
98.76202024286613,33,302753,9174.333333333334
98.7628871537745,33,302817,9176.272727272728
98.76371269393712,33,302881,9178.212121212122
98.76454074401408,33,302945,9180.151515151516
98.76616285275668,33,303009,9182.09090909091
98.76725983992219,33,303073,9184.030303030304
98.7681292006746,33,303137,9185.969696969696
98.76900955289602,33,303201,9187.90909090909
98.76985018281266,33,303265,9189.848484848484
98.77070304378867,33,303329,9191.787878787878
98.77153839403763,33,303393,9193.727272727272
98.7723602540791,33,303457,9195.666666666666
98.77320082485676,33,303521,9197.60606060606
98.77396893268451,33,303585,9199.545454545454
98.77481001382694,33,303649,9201.484848484848
98.7756386436522,33,303713,9203.424242424242
98.77643996383995,33,303777,9205.363636363636
98.7774046570994,33,303841,9207.30303030303
99.29125198209658,33,303886,9208.666666666666
99.29125198209658,33,303886,9208.666666666666
99.42497932584956,32,294681,9208.78125
99.42497932584956,32,294681,9208.78125
99.50606998009607,31,285471,9208.741935483871
99.50706150382757,31,285535,9210.806451612903
99.5078592528589,31,285599,9212.870967741936
99.50872536376119,31,285663,9214.935483870968
99.50964487576857,31,285727,9217.0
99.51108605181798,31,285791,9219.064516129032
99.51208197604865,31,285855,9221.129032258064
99.51293011568487,31,285919,9223.193548387097
99.51370663475245,31,285983,9225.258064516129
99.51462868787348,31,286047,9227.322580645161
99.51548037771136,31,286111,9229.387096774193
99.51629628799856,31,286175,9231.451612903225
99.5171089079231,31,286239,9233.516129032258
99.51787279685959,31,286303,9235.58064516129
99.5187926790677,31,286367,9237.645161290322
99.51992938667536,31,286431,9239.709677419354
99.5207673870027,31,286495,9241.774193548386
99.5216081677936,31,286559,9243.838709677419
99.5224748486653,31,286623,9245.90322580645
99.52397949574515,31,286687,9247.967741935483
99.52506411168724,31,286751,9250.032258064517
99.52610118687153,31,286815,9252.09677419355
99.52698591770604,31,286879,9254.161290322581
99.52783235907555,31,286943,9256.225806451614
99.52866009902209,31,287007,9258.290322580646
99.5295027596876,31,287071,9260.354838709678
99.53028003871441,31,287135,9262.41935483871
99.53111174888909,31,287199,9264.483870967742
99.53194302879274,31,287263,9266.548387096775
99.53280035965145,31,287327,9268.612903225807
99.53370904177427,31,287391,9270.677419354839
100.61472293082625,31,287455,9272.741935483871
100.61576491594315,31,287519,9274.806451612903
100.61656737606972,31,287583,9276.870967741936
100.6174432868138,31,287647,9278.935483870968
100.61836708988994,31,287711,9281.0
100.6197417830117,31,287775,9283.064516129032
100.62073969701305,31,287839,9285.129032258064
100.6215963778086,31,287903,9287.193548387097
100.62237970670685,31,287967,9289.258064516129
100.62330579990521,31,288031,9291.322580645161
100.62416199967265,31,288095,9293.387096774193
100.6249764310196,31,288159,9295.451612903225
100.62579979980364,31,288223,9297.516129032258
100.62656928878278,31,288287,9299.58064516129
100.62749307183549,31,288351,9301.645161290322
100.62852218700573,31,288415,9303.709677419354
100.62941850768402,31,288479,9305.774193548386
100.63030536007136,31,288543,9307.838709677419
100.63187675876543,31,288607,9309.90322580645
100.6330226357095,31,288671,9311.967741935483
100.63409529300407,31,288735,9314.032258064517
100.6351127368398,31,288799,9316.09677419355
100.63600941887125,31,288863,9318.161290322581
100.63685816992074,31,288927,9320.225806451614
100.6376950899139,31,288991,9322.290322580646
100.63854844076559,31,289055,9324.354838709678
100.63933550007641,31,289119,9326.41935483871
100.64018852077425,31,289183,9328.483870967742
100.64102267101407,31,289247,9330.548387096775
100.64189090207219,31,289311,9332.612903225807
100.64280557399616,31,289375,9334.677419354839
101.35861176578328,31,289439,9336.741935483871
101.35965763079002,31,289503,9338.806451612903
101.36046745069325,31,289567,9340.870967741936
101.36134723294526,31,289631,9342.935483870968
101.3622587248683,31,289695,9345.0
101.36320011783391,31,289759,9347.064516129032
101.36405030777678,31,289823,9349.129032258064
101.37357698986307,31,289887,9351.193548387097
101.37454100279137,31,289951,9353.258064516129
101.37548098573461,31,290015,9355.322580645161
101.3763713077642,31,290079,9357.387096774193
101.37720951903611,31,290143,9359.451612903225
101.37893034983426,31,290207,9361.516129032258
101.37972611980513,31,290271,9363.58064516129
101.38058606069535,31,290335,9365.645161290322
101.38144123088568,31,290399,9367.709677419354
101.3822797019966,31,290463,9369.774193548386
101.38311219168827,31,290527,9371.838709677419
101.38396018277854,31,290591,9373.90322580645
101.38482711371034,31,290655,9375.967741935483
101.3856750447303,31,290719,9378.032258064517
101.38652004487813,31,290783,9380.09677419355
101.38737927610055,31,290847,9382.161290322581
101.38822765694931,31,290911,9384.225806451614
101.38906251685694,31,290975,9386.290322580646
101.38991330796853,31,291039,9388.354838709678
101.39070138707757,31,291103,9390.41935483871
101.39183581480756,31,291167,9392.483870967742
101.39268944505602,31,291231,9394.548387096775
101.39349878486246,31,291295,9396.612903225807
101.39438333688304,31,291359,9398.677419354839
101.4331084289588,31,291366,9398.90322580645
101.4331084289588,31,291366,9398.90322580645
102.29006815701723,30,282014,9400.466666666667
102.2913439576514,30,282078,9402.6
102.29218809865415,30,282142,9404.733333333334
102.29309219075367,30,282206,9406.866666666667
102.29405318386853,30,282270,9409.0
102.29550608992577,30,282334,9411.133333333333
102.29639207106084,30,282398,9413.266666666666
102.29726142203435,30,282462,9415.4
102.29804705176502,30,282526,9417.533333333333
102.29914407804608,30,282590,9419.666666666666
102.30000758869573,30,282654,9421.8
102.30084403976798,30,282718,9423.933333333332
102.3016817397438,30,282782,9426.066666666668
102.30248900875449,30,282846,9428.2
102.30341382184997,30,282910,9430.333333333334
102.30457127979025,30,282974,9432.466666666667
102.30542226089165,30,283038,9434.6
102.30635778373107,30,283102,9436.733333333334
102.30723914504051,30,283166,9438.866666666667
102.3086458388716,30,283230,9441.0
102.30971642490476,30,283294,9443.133333333333
102.31081684166566,30,283358,9445.266666666666
102.31181498710066,30,283422,9447.4
102.312687268015,30,283486,9449.533333333333
102.31356130866334,30,283550,9451.666666666666
102.31436250871047,30,283614,9453.8
102.31522538978606,30,283678,9455.933333333332
102.31607196992263,30,283742,9458.066666666668
102.31689332006499,30,283806,9460.2
102.3178875236772,30,283870,9462.333333333334
103.00167373893782,30,283934,9464.466666666667
103.00279599567875,30,283998,9466.6
103.0036155260168,30,284062,9468.733333333334
103.00451186764985,30,284126,9470.866666666667
103.00604182481766,30,284190,9473.0
103.00708224996924,30,284254,9475.133333333333
103.00796178076416,30,284318,9477.266666666666
103.00882960297167,30,284382,9479.4
103.0096275517717,30,284446,9481.533333333333
103.01050651399419,30,284510,9483.666666666666
103.01137235481292,30,284574,9485.8
103.01220565475523,30,284638,9487.933333333332
103.01304028509185,30,284702,9490.066666666668
103.0138223436661,30,284766,9492.2
103.01475051697344,30,284830,9494.333333333334
103.0157092497684,30,284894,9496.466666666667
103.01724384678528,30,284958,9498.6
103.01832000399008,30,285022,9500.733333333334
103.01940234005451,30,285086,9502.866666666667
103.0202963417396,30,285150,9505.0
103.02116016298532,30,285214,9507.133333333333
103.02202654397115,30,285278,9509.266666666666
103.02288851467893,30,285342,9511.4
103.02373722568154,30,285406,9513.533333333333
103.0245987069793,30,285470,9515.666666666666
103.0253998558037,30,285534,9517.8
103.02626175666228,30,285598,9519.933333333332
103.02710266690701,30,285662,9522.066666666668
103.02797033870593,30,285726,9524.2
103.02890191087499,30,285790,9526.333333333334
103.71632093470544,30,285854,9528.466666666667
103.71738224988803,30,285918,9530.6
103.71820000000298,30,285982,9532.733333333334
103.7190939518623,30,286046,9534.866666666667
103.72003308497369,30,286110,9537.0
103.72134011704475,30,286174,9539.133333333333
103.72240832308307,30,286238,9541.266666666666
103.72331903502345,30,286302,9543.4
103.72411069367081,30,286366,9545.533333333333
103.72502695582807,30,286430,9547.666666666666
103.72589812800288,30,286494,9549.8
103.72673599794507,30,286558,9551.933333333332
103.72758418880403,30,286622,9554.066666666668
103.72836781805381,30,286686,9556.2
103.72930732090026,30,286750,9558.333333333334
103.7304469877854,30,286814,9560.466666666667
103.73130495892838,30,286878,9562.6
103.73216327978298,30,286942,9564.733333333334
103.73304268205538,30,287006,9566.866666666667
103.73447699705139,30,287070,9569.0
103.73556951293722,30,287134,9571.133333333333
103.73667766992003,30,287198,9573.266666666666
103.73768661497161,30,287262,9575.4
103.73857203591615,30,287326,9577.533333333333
103.73945133807138,30,287390,9579.666666666666
103.74025996681303,30,287454,9581.8
103.74112443765625,30,287518,9583.933333333332
103.74197889864445,30,287582,9586.066666666668
103.74280307907611,30,287646,9588.2
103.74380880407989,30,287710,9590.333333333334
104.43107325397432,30,287774,9592.466666666667
104.4323055637069,30,287838,9594.6
104.43315988499671,30,287902,9596.733333333334
104.43406772706658,30,287966,9598.866666666667
104.4350709207356,30,288030,9601.0
104.4365940480493,30,288094,9603.133333333333
104.43748738989234,30,288158,9605.266666666666
104.43837260082364,30,288222,9607.4
104.43918097065762,30,288286,9609.533333333333
104.44008658267558,30,288350,9611.666666666666
104.44097066484392,30,288414,9613.8
104.44184877583757,30,288478,9615.933333333332
104.44271630700678,30,288542,9618.066666666668
104.4435093360953,30,288606,9620.2
104.44438231782988,30,288670,9622.333333333334
104.44525461876765,30,288734,9624.466666666667
104.44640145683661,30,288798,9626.6
104.44728173781186,30,288862,9628.733333333334
104.4481596997939,30,288926,9630.866666666667
104.44905936066061,30,288990,9633.0
104.45037651294842,30,289054,9635.133333333333
104.45150563074276,30,289118,9637.266666666666
104.4525454659015,30,289182,9639.4
104.45340950693935,30,289246,9641.533333333333
104.45428383909166,30,289310,9643.666666666666
104.4550858377479,30,289374,9645.8
104.4559605489485,30,289438,9647.933333333332
104.45688991202042,30,289502,9650.066666666668
104.45772934285924,30,289566,9652.2
104.45865588495508,30,289630,9654.333333333334
105.1463798568584,30,289694,9656.466666666667
105.14747887384146,30,289758,9658.6
105.1483116839081,30,289822,9660.733333333334
105.1492275968194,30,289886,9662.866666666667
105.15018645999953,30,289950,9665.0
105.15164973586798,30,290014,9667.133333333333
105.15267578093335,30,290078,9669.266666666666
105.15363025385886,30,290142,9671.4
105.15448735374957,30,290206,9673.533333333333
105.15541689703241,30,290270,9675.666666666666
105.15630671894178,30,290334,9677.8
105.15716575970873,30,290398,9679.933333333332
105.1580144399777,30,290462,9682.066666666668
105.15881486004218,30,290526,9684.2
105.15974926296622,30,290590,9686.333333333334
105.16087660985067,30,290654,9688.466666666667
105.16181380301714,30,290718,9690.6
105.16269418364391,30,290782,9692.733333333334
105.16357874590904,30,290846,9694.866666666667
105.16528470767662,30,290910,9697.0
105.16636699391529,30,290974,9699.133333333333
105.16733576683328,30,291038,9701.266666666666
105.16821456886828,30,291102,9703.4
105.16907449997962,30,291166,9705.533333333333
105.16995076090097,30,291230,9707.666666666666
105.17076615104452,30,291294,9709.8
105.17164492188022,30,291358,9711.933333333332
105.17251089308411,30,291422,9714.066666666668
105.17342719482258,30,291486,9716.2
105.1743887187913,30,291550,9718.333333333334
105.8648304878734,30,291614,9720.466666666667
105.8663328550756,30,291678,9722.6
105.86743176076561,30,291742,9724.733333333334
105.86862981086597,30,291806,9726.866666666667
105.86988952104002,30,291870,9729.0
105.87133371597156,30,291934,9731.133333333333
105.87256969604641,30,291998,9733.266666666666
105.87358358083293,30,292062,9735.4
105.8745267437771,30,292126,9737.533333333333
105.8756171609275,30,292190,9739.666666666666
105.8767841886729,30,292254,9741.8
105.87790610594675,30,292318,9743.933333333332
105.87902779364958,30,292382,9746.066666666668
105.88042824808508,30,292446,9748.2
105.8816205970943,30,292510,9750.333333333334
105.8827801947482,30,292574,9752.466666666667
105.88457176880911,30,292638,9754.6
105.88588604098186,30,292702,9756.733333333334
105.88727344479412,30,292766,9758.866666666667
105.8884489228949,30,292830,9761.0
105.88960062107071,30,292894,9763.133333333333
105.8907685186714,30,292958,9765.266666666666
105.89191546663642,30,293022,9767.4
105.89305871492252,30,293086,9769.533333333333
105.89396262681112,30,293150,9771.666666666666
105.89500672277063,30,293214,9773.8
105.89597372571006,30,293278,9775.933333333332
105.89709464367479,30,293342,9778.066666666668
105.89820759091526,30,293406,9780.2
105.89943661075085,30,293470,9782.333333333334
106.58819898869842,30,293534,9784.466666666667
106.58998138271272,30,293598,9786.6
106.59134905599058,30,293662,9788.733333333334
106.59287733305246,30,293726,9790.866666666667
106.59448445169255,30,293790,9793.0
106.59666269598529,30,293854,9795.133333333333
106.59845529869199,30,293918,9797.266666666666
106.59993938496336,30,293982,9799.4
106.60136412968859,30,294046,9801.533333333333
106.60296358866617,30,294110,9803.666666666666
106.60441842395812,30,294174,9805.8
106.60581392794847,30,294238,9807.933333333332
106.6073036948219,30,294302,9810.066666666668
106.60868005780503,30,294366,9812.2
106.61035542888567,30,294430,9814.333333333334
106.612349037081,30,294494,9816.466666666667
106.61398804700002,30,294558,9818.6
106.61556002497673,30,294622,9820.733333333334
106.61710183275864,30,294686,9822.866666666667
106.61981974868104,30,294750,9825.0
106.6218190076761,30,294814,9827.133333333333
106.62382253678516,30,294878,9829.266666666666
106.62562949070707,30,294942,9831.4
106.6271958090365,30,295006,9833.533333333333
106.62860283302143,30,295070,9835.666666666666
106.62968342890963,30,295134,9837.8
106.63085455773398,30,295198,9839.933333333332
106.63200634578243,30,295262,9842.066666666668
106.63311356306076,30,295326,9844.2
106.634250971023,30,295390,9846.333333333334
106.91566060204059,30,295419,9847.3
106.91566060204059,30,295419,9847.3
107.3061005580239,29,285597,9848.172413793103
107.30731873773038,29,285661,9850.379310344828
107.30881881481037,29,285725,9852.586206896553
107.31042024306953,29,285789,9854.793103448275
107.31310970894992,29,285853,9857.0
107.31463593570516,29,285917,9859.206896551725
107.31553277792409,29,285981,9861.413793103447
107.31666155485436,29,286045,9863.620689655172
107.31808558991179,29,286109,9865.827586206897
107.31945642270148,29,286173,9868.034482758621
107.32054314995185,29,286237,9870.241379310344
107.32203571591526,29,286301,9872.448275862069
107.32355055306107,29,286365,9874.655172413793
107.32494709687307,29,286429,9876.862068965518
107.32598492177203,29,286493,9879.068965517241
107.32700836705044,29,286557,9881.275862068966
107.32889834372327,29,286621,9883.48275862069
107.33085640100762,29,286685,9885.689655172413
107.3320523397997,29,286749,9887.896551724138
107.33360590785742,29,286813,9890.103448275862
107.33472268469632,29,286877,9892.310344827587
107.33601477695629,29,286941,9894.51724137931
107.33738914970309,29,287005,9896.724137931034
107.33839379483834,29,287069,9898.931034482759
107.33960932400078,29,287133,9901.137931034482
107.34054782707244,29,287197,9903.344827586207
107.34177388669923,29,287261,9905.551724137931
107.34289099369198,29,287325,9907.758620689656
107.34382180683315,29,287389,9909.965517241379
108.10604726569727,29,287453,9912.172413793103
108.10715194279328,29,287517,9914.379310344828
108.1080004228279,29,287581,9916.586206896553
108.10894654598087,29,287645,9918.793103448275
108.10992980981246,29,287709,9921.0
108.11129391379654,29,287773,9923.206896551725
108.11238070996478,29,287837,9925.413793103447
108.11334186373278,29,287901,9927.620689655172
108.11418471392244,29,287965,9929.827586206897
108.11513585690409,29,288029,9932.034482758621
108.11604672996327,29,288093,9934.241379310344
108.11692804098129,29,288157,9936.448275862069
108.11781027168036,29,288221,9938.655172413793
108.11864328291267,29,288285,9940.862068965518
108.11961991665885,29,288349,9943.068965517241
108.12080549495295,29,288413,9945.275862068966
108.12177989864722,29,288477,9947.48275862069
108.12268047081307,29,288541,9949.689655172413
108.12360838288441,29,288605,9951.896551724138
108.12515175109729,29,288669,9954.103448275862
108.12629275908694,29,288733,9956.310344827587
108.12745025707409,29,288797,9958.51724137931
108.12849735282362,29,288861,9960.724137931034
108.12946183606982,29,288925,9962.931034482759
108.13036698801443,29,288989,9965.137931034482
108.1312091187574,29,289053,9967.344827586207
108.13216583197936,29,289117,9969.551724137931
108.13301895279437,29,289181,9971.758620689656
108.13397103594616,29,289245,9973.965517241379
108.82940968871117,29,289309,9976.172413793103
108.83052628673613,29,289373,9978.379310344828
108.8313869680278,29,289437,9980.586206896553
108.83232665993273,29,289501,9982.793103448275
108.8333091638051,29,289565,9985.0
108.83476208988577,29,289629,9987.206896551725
108.83584600593895,29,289693,9989.413793103447
108.83680306887254,29,289757,9991.620689655172
108.83764382964,29,289821,9993.827586206897
108.83859663270414,29,289885,9996.034482758621
108.83951175492257,29,289949,9998.241379310344
108.8403874868527,29,290013,10000.448275862069
108.84126945771277,29,290077,10002.655172413793
108.84209048794582,29,290141,10004.862068965518
108.84306340198964,29,290205,10007.068965517241
108.84424938075244,29,290269,10009.275862068966
108.84522352507338,29,290333,10011.48275862069
108.84612499689683,29,290397,10013.689655172413
108.84704520879313,29,290461,10015.896551724138
108.84862778801471,29,290525,10018.103448275862
108.84978447575122,29,290589,10020.310344827587
108.8509600139223,29,290653,10022.51724137931
108.85204141074792,29,290717,10024.724137931034
108.85295796301216,29,290781,10026.931034482759
108.85387180466205,29,290845,10029.137931034482
108.85472472570837,29,290909,10031.344827586207
108.85562973795459,29,290973,10033.551724137931
108.85650115879253,29,291037,10035.758620689656
108.85757063468918,29,291101,10037.965517241379
109.55276629375294,29,291165,10040.172413793103
109.5541297569871,29,291229,10042.379310344828
109.55501385778189,29,291293,10044.586206896553
109.5559632210061,29,291357,10046.793103448275
109.55686837388203,29,291421,10049.0
109.55855484493077,29,291485,10051.206896551725
109.55971415294334,29,291549,10053.413793103447
109.56063832575455,29,291613,10055.620689655172
109.56148226605728,29,291677,10057.827586206897
109.56240152800456,29,291741,10060.034482758621
109.56332058086991,29,291805,10062.241379310344
109.56419942202047,29,291869,10064.448275862069
109.56507339281961,29,291933,10066.655172413793
109.56589824287221,29,291997,10068.862068965518
109.56680723605677,29,292061,10071.068965517241
109.5677144578658,29,292125,10073.275862068966
109.568670141045,29,292189,10075.48275862069
109.56957776285708,29,292253,10077.689655172413
109.57077644206583,29,292317,10079.896551724138
109.57237158063799,29,292381,10082.103448275862
109.57352181896567,29,292445,10084.310344827587
109.57469500787556,29,292509,10086.51724137931
109.57575337402523,29,292573,10088.724137931034
109.57666662568226,29,292637,10090.931034482759
109.57758461777121,29,292701,10093.137931034482
109.57842703908682,29,292765,10095.344827586207
109.57933170069009,29,292829,10097.551724137931
109.58020239183679,29,292893,10099.758620689656
109.58125408692285,29,292957,10101.965517241379
110.27687916671857,29,293021,10104.172413793103
110.27806227607653,29,293085,10106.379310344828
110.27893112692982,29,293149,10108.586206896553
110.2798743499443,29,293213,10110.793103448275
110.2813840568997,29,293277,10113.0
110.28253249498084,29,293341,10115.206896551725
110.28361491067335,29,293405,10117.413793103447
110.28454640368,29,293469,10119.620689655172
110.2853982038796,29,293533,10121.827586206897
110.2863430576399,29,293597,10124.034482758621
110.28727269964293,29,293661,10126.241379310344
110.28815930197015,29,293725,10128.448275862069
110.28905120305717,29,293789,10130.655172413793
110.28988277399912,29,293853,10132.862068965518
110.29079324565828,29,293917,10135.068965517241
110.2918692920357,29,293981,10137.275862068966
110.2935175918974,29,294045,10139.48275862069
110.29473768174648,29,294109,10141.689655172413
110.29588047973812,29,294173,10143.896551724138
110.29683056287467,29,294237,10146.103448275862
110.29781276686117,29,294301,10148.310344827587
110.298741618637,29,294365,10150.51724137931
110.29965244187042,29,294429,10152.724137931034
110.30055790394545,29,294493,10154.931034482759
110.30147880595177,29,294557,10157.137931034482
110.30232650693506,29,294621,10159.344827586207
110.30329643981531,29,294685,10161.551724137931
110.30417324090376,29,294749,10163.758620689656
110.30516286566854,29,294813,10165.965517241379
110.86957422085106,29,294860,10167.586206896553
110.86957422085106,29,294860,10167.586206896553
111.06416758988053,28,284700,10167.857142857143
111.06524838600308,28,284764,10170.142857142857
111.06610910687596,28,284828,10172.42857142857
111.06705855997279,28,284892,10174.714285714286
111.06846504472196,28,284956,10177.0
111.06958332192153,28,285020,10179.285714285714
111.07050424395129,28,285084,10181.57142857143
111.07145416690037,28,285148,10183.857142857143
111.07231105770916,28,285212,10186.142857142857
111.07324521103874,28,285276,10188.42857142857
111.07418112363666,28,285340,10190.714285714286
111.07506614504382,28,285404,10193.0
111.07595993671566,28,285468,10195.285714285714
111.07679627696052,28,285532,10197.57142857143
111.07790111377835,28,285596,10199.857142857143
111.07962945569307,28,285660,10202.142857142857
111.08077431377023,28,285724,10204.42857142857
111.0820306846872,28,285788,10206.714285714286
111.08317180303857,28,285852,10209.0
111.08412588573992,28,285916,10211.285714285714
111.08504337770864,28,285980,10213.57142857143
111.08598197065294,28,286044,10215.857142857143
111.08690517302603,28,286108,10218.142857142857
111.08782005589455,28,286172,10220.42857142857
111.08884506067261,28,286236,10222.714285714286
111.0897092120722,28,286300,10225.0
111.09067575493827,28,286364,10227.285714285714
111.0917892716825,28,286428,10229.57142857143
111.78908085403964,28,286492,10231.857142857143
111.79097790084779,28,286556,10234.142857142857
111.79244250571355,28,286620,10236.42857142857
111.79393216175959,28,286684,10238.714285714286
111.79519016295671,28,286748,10241.0
111.79663053806871,28,286812,10243.285714285714
111.7981302649714,28,286876,10245.57142857143
111.80100984498858,28,286940,10247.857142857143
111.80241908878088,28,287004,10250.142857142857
111.80389606487006,28,287068,10252.42857142857
111.80541113205254,28,287132,10254.714285714286
111.8065637499094,28,287196,10257.0
111.80797689408064,28,287260,10259.285714285714
111.80922166490927,28,287324,10261.57142857143
111.81058541778475,28,287388,10263.857142857143
111.81194458063692,28,287452,10266.142857142857
111.8132812040858,28,287516,10268.42857142857
111.81462515564635,28,287580,10270.714285714286
111.81596255907789,28,287644,10273.0
111.81733011174947,28,287708,10275.285714285714
111.81863476382568,28,287772,10277.57142857143
111.82007188908756,28,287836,10279.857142857143
111.82147458288819,28,287900,10282.142857142857
111.82281387597322,28,287964,10284.42857142857
111.82420070981607,28,288028,10286.714285714286
111.82543719001114,28,288092,10289.0
111.82678725291044,28,288156,10291.285714285714
111.82846462307498,28,288220,10293.57142857143
112.51933916006237,28,288284,10295.857142857143
112.52115932386369,28,288348,10298.142857142857
112.52258943906054,28,288412,10300.42857142857
112.52405461482704,28,288476,10302.714285714286
112.5253428160213,28,288540,10305.0
112.5267454800196,28,288604,10307.285714285714
112.52969809202477,28,288668,10309.57142857143
112.53113061701879,28,288732,10311.857142857143
112.53255335101858,28,288796,10314.142857142857
112.5340297468938,28,288860,10316.42857142857
112.5354730328545,28,288924,10318.714285714286
112.5367109826766,28,288988,10321.0
112.53810024587438,28,289052,10323.285714285714
112.53938137786463,28,289116,10325.57142857143
112.54076627083123,28,289180,10327.857142857143
112.54216523608193,28,289244,10330.142857142857
112.5435099080205,28,289308,10332.42857142857
112.5448661907576,28,289372,10334.714285714286
112.54621698381379,28,289436,10337.0
112.54756311699748,28,289500,10339.285714285714
112.54877245705575,28,289564,10341.57142857143
112.5502500217408,28,289628,10343.857142857143
112.5516405259259,28,289692,10346.142857142857
112.55299061909318,28,289756,10348.42857142857
112.55437913304195,28,289820,10350.714285714286
112.55561374267563,28,289884,10353.0
112.55700198700652,28,289948,10355.285714285714
112.55865869671106,28,290012,10357.57142857143
113.24650056986138,28,290076,10359.857142857143
113.24830173375085,28,290140,10362.142857142857
113.24972055805847,28,290204,10364.42857142857
113.25122466497123,28,290268,10366.714285714286
113.25260377908126,28,290332,10369.0
113.25398465292528,28,290396,10371.285714285714
113.25692118378356,28,290460,10373.57142857143
113.25835928879678,28,290524,10375.857142857143
113.25973931280896,28,290588,10378.142857142857
113.26123452885076,28,290652,10380.42857142857
113.26268189400434,28,290716,10382.714285714286
113.26396711589769,28,290780,10385.0
113.26538620982319,28,290844,10387.285714285714
113.26666364073753,28,290908,10389.57142857143
113.26805891469121,28,290972,10391.857142857143
113.26945301890373,28,291036,10394.142857142857
113.27080072183162,28,291100,10396.42857142857
113.27217165566981,28,291164,10398.714285714286
113.27353437896818,28,291228,10401.0
113.27489176206291,28,291292,10403.285714285714
113.27619692264125,28,291356,10405.57142857143
113.27766089886427,28,291420,10407.857142857143
113.27905811276287,28,291484,10410.142857142857
113.28042932599783,28,291548,10412.42857142857
113.28180598979816,28,291612,10414.714285714286
113.28305402072147,28,291676,10417.0
113.28442373406142,28,291740,10419.285714285714
113.28610130492598,28,291804,10421.57142857143
113.94878852600232,28,291862,10423.642857142857
113.94878852600232,28,291862,10423.642857142857
114.0322487889789,27,281435,10423.518518518518
114.03403384191915,27,281499,10425.888888888889
114.03545879665762,27,281563,10428.25925925926
114.03693584306166,27,281627,10430.62962962963
114.03834892669693,27,281691,10433.0
114.03968867007643,27,281755,10435.37037037037
114.04266447201371,27,281819,10437.74074074074
114.04406002582982,27,281883,10440.111111111111
114.0453184871003,27,281947,10442.481481481482
114.04674401180819,27,282011,10444.851851851852
114.04817198682576,27,282075,10447.222222222223
114.04953410988674,27,282139,10449.592592592593
114.05078066000715,27,282203,10451.962962962964
114.05204714089632,27,282267,10454.333333333334
114.05345618585125,27,282331,10456.703703703704
114.05485090008005,27,282395,10459.074074074075
114.05621110182256,27,282459,10461.444444444445
114.0575836058706,27,282523,10463.814814814816
114.05894945887849,27,282587,10466.185185185184
114.06032630288973,27,282651,10468.555555555555
114.06155271176249,27,282715,10470.925925925925
114.06306124897674,27,282779,10473.296296296296
114.06448098365217,27,282843,10475.666666666666
114.06585247674957,27,282907,10478.037037037036
114.06723241088912,27,282971,10480.407407407407
114.0685935439542,27,283035,10482.777777777777
114.07035911688581,27,283099,10485.148148148148
115.14168223273009,27,283163,10487.518518518518
115.14261406566948,27,283227,10489.888888888889
115.1433510738425,27,283291,10492.25925925926
115.1443678480573,27,283355,10494.62962962963
115.14514380693436,27,283419,10497.0
115.145899286028,27,283483,10499.37037037037
115.14696629205719,27,283547,10501.74074074074
115.1477441508323,27,283611,10504.111111111111
115.14845778793097,27,283675,10506.481481481482
115.14926137775183,27,283739,10508.851851851852
115.15003159595653,27,283803,10511.222222222223
115.15077400393784,27,283867,10513.592592592593
115.15152470301837,27,283931,10515.962962962964
115.1523770140484,27,283995,10518.333333333334
115.15383469872177,27,284059,10520.703703703704
115.15482739266008,27,284123,10523.074074074075
115.15572257479653,27,284187,10525.444444444445
115.1564996340312,27,284251,10527.814814814816
115.15726639283821,27,284315,10530.185185185184
115.15802618069574,27,284379,10532.555555555555
115.15879822988063,27,284443,10534.925925925925
115.1595785790123,27,284507,10537.296296296296
115.16033980809152,27,284571,10539.666666666666
115.16109127597883,27,284635,10542.037037037036
115.1618581446819,27,284699,10544.407407407407
115.16261459281668,27,284763,10546.777777777777
115.16357173584402,27,284827,10549.148148148148
115.88977969670668,27,284891,10551.518518518518
115.89108605775982,27,284955,10553.888888888889
115.89198899967596,27,285019,10556.25925925926
115.89297419507056,27,285083,10558.62962962963
115.894005139824,27,285147,10561.0
115.89559231791645,27,285211,10563.37037037037
115.89677649689838,27,285275,10565.74074074074
115.89809184893966,27,285339,10568.111111111111
115.8991818758659,27,285403,10570.481481481482
115.90020117070526,27,285467,10572.851851851852
115.90116482367739,27,285531,10575.222222222223
115.90230012172833,27,285595,10577.592592592593
115.90350262075663,27,285659,10579.962962962964
115.90437618177384,27,285723,10582.333333333334
115.90562357194722,27,285787,10584.703703703704
115.90682242205366,27,285851,10587.074074074075
115.90793268894777,27,285915,10589.444444444445
115.90889743203297,27,285979,10591.814814814816
115.90984933497384,27,286043,10594.185185185184
115.91126322979107,27,286107,10596.555555555555
115.91242482792586,27,286171,10598.925925925925
115.91364362789318,27,286235,10601.296296296296
115.91475007496774,27,286299,10603.666666666666
115.9157063276507,27,286363,10606.037037037036
115.91666021198034,27,286427,10608.407407407407
115.91760455491021,27,286491,10610.777777777777
115.91865711007267,27,286555,10613.148148148148
116.54916729964316,27,286593,10614.555555555555
116.54916729964316,27,286593,10614.555555555555
116.82744408864528,26,276314,10627.461538461539
116.82862325804308,26,276378,10629.923076923076
116.82952343998477,26,276442,10632.384615384615
116.83051061397418,26,276506,10634.846153846154
116.83221222506836,26,276570,10637.307692307691
116.83337161270902,26,276634,10639.76923076923
116.83453314192593,26,276698,10642.23076923077
116.8356041177176,26,276762,10644.692307692309
116.83650433970615,26,276826,10647.153846153846
116.83747585304081,26,276890,10649.615384615385
116.83843882707879,26,276954,10652.076923076924
116.83936760993674,26,277018,10654.538461538461
116.84029955184087,26,277082,10657.0
116.84117701370269,26,277146,10659.461538461539
116.8421799778007,26,277210,10661.923076923076
116.84322959370911,26,277274,10664.384615384615
116.84470281982794,26,277338,10666.846153846154
116.84590142872185,26,277402,10669.307692307691
116.8470082259737,26,277466,10671.76923076923
116.8479930399917,26,277530,10674.23076923077
116.84894983284175,26,277594,10676.692307692309
116.84992733690888,26,277658,10679.153846153846
116.85088713979349,26,277722,10681.615384615385
116.8518323530443,26,277786,10684.076923076924
116.85278893681243,26,277850,10686.538461538461
116.85373283969238,26,277914,10689.0
117.56252423673868,26,277978,10691.461538461539
117.56366398464888,26,278042,10693.923076923076
117.56456574704498,26,278106,10696.384615384615
117.56556835072115,26,278170,10698.846153846154
117.56723078200594,26,278234,10701.307692307691
117.56838992983103,26,278298,10703.76923076923
117.56955040805042,26,278362,10706.23076923077
117.5706152850762,26,278426,10708.692307692309
117.57150319591165,26,278490,10711.153846153846
117.57248027995229,26,278554,10713.615384615385
117.57345746364444,26,278618,10716.076923076924
117.57438934594393,26,278682,10718.538461538461
117.5753274988383,26,278746,10721.0
117.57620630087331,26,278810,10723.461538461539
117.57727496698499,26,278874,10725.923076923076
117.57833271287382,26,278938,10728.384615384615
117.57983039878309,26,279002,10730.846153846154
117.58104317868128,26,279066,10733.307692307691
117.5822043470107,26,279130,10735.76923076923
117.58334628399462,26,279194,10738.23076923077
117.58440617006272,26,279258,10740.692307692309
117.58540550479665,26,279322,10743.153846153846
117.58637002808973,26,279386,10745.615384615385
117.58732323208824,26,279450,10748.076923076924
117.58829290466383,26,279514,10750.538461538461
117.58925524773076,26,279578,10753.0
118.29233601782471,26,279642,10755.461538461539
118.29359816899523,26,279706,10757.923076923076
118.2945336420089,26,279770,10760.384615384615
118.29553157603368,26,279834,10762.846153846154
118.29657749086618,26,279898,10765.307692307691
118.29816426988691,26,279962,10767.76923076923
118.29935978865251,26,280026,10770.23076923077
118.30050388677046,26,280090,10772.692307692309
118.30156021285802,26,280154,10775.153846153846
118.30254673678428,26,280218,10777.615384615385
118.30353326071054,26,280282,10780.076923076924
118.3044656328857,26,280346,10782.538461538461
118.30541587574407,26,280410,10785.0
118.30629170779139,26,280474,10787.461538461539
118.30730763264,26,280538,10789.923076923076
118.30852415179834,26,280602,10792.384615384615
118.30964921973646,26,280666,10794.846153846154
118.31063138367608,26,280730,10797.307692307691
118.31160635780543,26,280794,10799.76923076923
118.31299888109788,26,280858,10802.23076923077
118.31418308988214,26,280922,10804.692307692309
118.31541020004079,26,280986,10807.153846153846
118.31653741793707,26,281050,10809.615384615385
118.31750109093264,26,281114,10812.076923076924
118.31846704473719,26,281178,10814.538461538461
118.3194325179793,26,281242,10817.0
119.02556318184361,26,281306,10819.461538461539
119.02744215773419,26,281370,10821.923076923076
119.02893317490816,26,281434,10824.384615384615
119.03048136178404,26,281498,10826.846153846154
119.03177022375166,26,281562,10829.307692307691
119.03325541969389,26,281626,10831.76923076923
119.03485185885802,26,281690,10834.23076923077
119.03766623698175,26,281754,10836.692307692309
119.0391773940064,26,281818,10839.153846153846
119.04067647084594,26,281882,10841.615384615385
119.04211321566254,26,281946,10844.076923076924
119.04336891602725,26,282010,10846.538461538461
119.04486994305626,26,282074,10849.0
119.04617195483297,26,282138,10851.461538461539
119.04760224977508,26,282202,10853.923076923076
119.04903254471719,26,282266,10856.384615384615
119.05045767873526,26,282330,10858.846153846154
119.05187428370118,26,282394,10861.307692307691
119.05329672805965,26,282458,10863.76923076923
119.05456308880821,26,282522,10866.23076923077
119.05608761589974,26,282586,10868.692307692309
119.05757404165342,26,282650,10871.153846153846
119.0590084278956,26,282714,10873.615384615385
119.06042841169983,26,282778,10876.076923076924
119.06185696693137,26,282842,10878.538461538461
119.06327438075095,26,282906,10881.0
119.45758585864678,26,282944,10882.461538461539
119.45758585864678,26,282944,10882.461538461539
119.75691885268316,25,272089,10883.56
119.75882899900898,25,272153,10886.12
119.76062552304938,25,272217,10888.68
119.7622841829434,25,272281,10891.24
119.76364881685004,25,272345,10893.8
119.76515927305445,25,272409,10896.36
119.76815081574023,25,272473,10898.92
119.76966574275866,25,272537,10901.48
119.77118310984224,25,272601,10904.04
119.77262166468427,25,272665,10906.6
119.77400811901316,25,272729,10909.16
119.77527739992365,25,272793,10911.72
119.77657637186348,25,272857,10914.28
119.77805151697248,25,272921,10916.84
119.77951685292646,25,272985,10919.4
119.78093809774145,25,273049,10921.96
119.78238757280633,25,273113,10924.52
119.78380895778537,25,273177,10927.08
119.78506196802482,25,273241,10929.64
119.78633601870388,25,273305,10932.2
119.78789802687243,25,273369,10934.76
119.78937747282907,25,273433,10937.32
119.79078944772482,25,273497,10939.88
119.79222780279815,25,273561,10942.44
119.79365330794826,25,273625,10945.0
120.48817245988175,25,273689,10947.56
120.48925759689882,25,273753,10950.12
120.49013555794954,25,273817,10952.68
120.49092957796529,25,273881,10955.24
120.49224893003702,25,273945,10957.8
120.4932144829072,25,274009,10960.36
120.49401470273733,25,274073,10962.92
120.49478671187535,25,274137,10965.48
120.49560862174258,25,274201,10968.04
120.49641732079908,25,274265,10970.6
120.49719246989116,25,274329,10973.16
120.49795794906095,25,274393,10975.72
120.49868230707943,25,274457,10978.28
120.49966545077041,25,274521,10980.84
120.50121412798762,25,274585,10983.4
120.50219844188541,25,274649,10985.96
120.50319121684879,25,274713,10988.52
120.50410316884518,25,274777,10991.08
120.50491199782118,25,274841,10993.64
120.50571140786633,25,274905,10996.2
120.50658932887018,25,274969,10998.76
120.50742447003722,25,275033,11001.32
120.50821120897308,25,275097,11003.88
120.50900597777218,25,275161,11006.44
120.50984671898186,25,275225,11009.0
121.22160769207403,25,275289,11011.56
121.22283955290914,25,275353,11014.12
121.22372384369373,25,275417,11016.68
121.2245304537937,25,275481,11019.24
121.22539829509333,25,275545,11021.8
121.22664902498946,25,275609,11024.36
121.22763161873445,25,275673,11026.92
121.22851845109835,25,275737,11029.48
121.22937488183379,25,275801,11032.04
121.23018891178071,25,275865,11034.6
121.23095841985196,25,275929,11037.16
121.23174449009821,25,275993,11039.72
121.23246754705906,25,276057,11042.28
121.23332995781675,25,276121,11044.84
121.23438879381865,25,276185,11047.4
121.2353166169487,25,276249,11049.96
121.23612691601738,25,276313,11052.52
121.23732473468408,25,276377,11055.08
121.23832449968904,25,276441,11057.64
121.23927151272073,25,276505,11060.2
121.24020938575268,25,276569,11062.76
121.2410221756436,25,276633,11065.32
121.2418176648207,25,276697,11067.88
121.24262475501746,25,276761,11070.44
121.24342356389388,25,276825,11073.0
121.95725644892082,25,276889,11075.56
121.95849095890298,25,276953,11078.12
121.9595698560588,25,277017,11080.68
121.96059033088386,25,277081,11083.24
121.96238205395639,25,277145,11085.8
121.9636115138419,25,277209,11088.36
121.96477457275614,25,277273,11090.92
121.96570716472343,25,277337,11093.48
121.96674350975081,25,277401,11096.04
121.96775814471766,25,277465,11098.6
121.96871786890551,25,277529,11101.16
121.96968624182045,25,277593,11103.72
121.97059303382412,25,277657,11106.28
121.97158906795084,25,277721,11108.84
121.97257673274726,25,277785,11111.4
121.97385178366676,25,277849,11113.96
121.97558311605826,25,277913,11116.52
121.97680160589516,25,277977,11119.08
121.97799827484414,25,278041,11121.64
121.97917150286958,25,278105,11124.2
121.98020146880299,25,278169,11126.76
121.98119911272079,25,278233,11129.32
121.98217521701008,25,278297,11131.88
121.98322503175586,25,278361,11134.44
121.98421383602545,25,278425,11137.0
122.7674953546375,25,278489,11139.56
122.76872494490817,25,278553,11142.12
122.76979820104316,25,278617,11144.68
122.77080779476091,25,278681,11147.24
122.77191966306418,25,278745,11149.8
122.77359315287322,25,278809,11152.36
122.77461359789595,25,278873,11154.92
122.77724821167067,25,278937,11157.48
122.77994336793199,25,279001,11160.04
122.78105237474665,25,279065,11162.6
122.78211338073015,25,279129,11165.16
122.78326907893643,25,279193,11167.72
122.78430686378852,25,279257,11170.28
122.78536470001563,25,279321,11172.84
122.786444415804,25,279385,11175.4
122.7883279020898,25,279449,11177.96
122.7895421916619,25,279513,11180.52
122.79057942703366,25,279577,11183.08
122.79162081191316,25,279641,11185.64
122.79321617074311,25,279705,11188.2
122.79456009389833,25,279769,11190.76
122.7958172550425,25,279833,11193.32
122.79699617391452,25,279897,11195.88
122.79803321883082,25,279961,11198.44
122.79905002377927,25,280025,11201.0
123.50436017289758,25,280089,11203.56
123.50557030178607,25,280153,11206.12
123.50664706807584,25,280217,11208.68
123.50765775283799,25,280281,11211.24
123.50878294976428,25,280345,11213.8
123.51043880078942,25,280409,11216.36
123.51147727575153,25,280473,11218.92
123.51241950877011,25,280537,11221.48
123.5135179660283,25,280601,11224.04
123.51454518083483,25,280665,11226.6
123.51553206471726,25,280729,11229.16
123.51651869900525,25,280793,11231.72
123.517438640818,25,280857,11234.28
123.51844595605507,25,280921,11236.84
123.51945063006133,25,280985,11239.4
123.52088199509308,25,281049,11241.96
123.52205079374835,25,281113,11244.52
123.52315850090235,25,281177,11247.08
123.52418209565803,25,281241,11249.64
123.52553846873343,25,281305,11252.2
123.52685022074729,25,281369,11254.76
123.52814508182928,25,281433,11257.32
123.52930438984185,25,281497,11259.88
123.53032667469233,25,281561,11262.44
123.53133761975914,25,281625,11265.0
124.24366962071508,25,281689,11267.56
124.24490888090804,25,281753,11270.12
124.24601293774322,25,281817,11272.68
124.24703967291862,25,281881,11275.24
124.24816399998963,25,281945,11277.8
124.24981192080304,25,282009,11280.36
124.25116779375821,25,282073,11282.92
124.25254634674639,25,282137,11285.48
124.25418830709532,25,282201,11288.04
124.2557103340514,25,282265,11290.6
124.25716356001794,25,282329,11293.16
124.25861366465688,25,282393,11295.72
124.25994017673656,25,282457,11298.28
124.26145068369806,25,282521,11300.84
124.26255051093176,25,282585,11303.4
124.2645386797376,25,282649,11305.96
124.266234470997,25,282713,11308.52
124.26771754678339,25,282777,11311.08
124.2691896930337,25,282841,11313.64
124.27104751765728,25,282905,11316.2
124.27286800276488,25,282969,11318.76
124.27454829309136,25,283033,11321.32
124.27625036472455,25,283097,11323.88
124.27776039205492,25,283161,11326.44
124.27924405783415,25,283225,11329.0
124.98667838983238,25,283289,11331.56
124.98870941996574,25,283353,11334.12
124.99067043792456,25,283417,11336.68
124.99242655001581,25,283481,11339.24
124.99394523678347,25,283545,11341.8
124.99549129465595,25,283609,11344.36
124.99860225105658,25,283673,11346.92
125.0001233080402,25,283737,11349.48
125.001734636724,25,283801,11352.04
125.00331413606182,25,283865,11354.6
125.00461936695501,25,283929,11357.16
125.00619276566431,25,283993,11359.72
125.00754409888759,25,284057,11362.28
125.0090563558042,25,284121,11364.84
125.01056848280132,25,284185,11367.4
125.01204148773104,25,284249,11369.96
125.01353597501293,25,284313,11372.52
125.01502021076158,25,284377,11375.08
125.0163897848688,25,284441,11377.64
125.01797836273909,25,284505,11380.2
125.01954770088196,25,284569,11382.76
125.02105043781921,25,284633,11385.32
125.02253684401512,25,284697,11387.88
125.02402751985937,25,284761,11390.44
125.02552442671731,25,284825,11393.0
125.81684381468222,25,284889,11395.56
125.8190638688393,25,284953,11398.12
125.82108363788575,25,285017,11400.68
125.82275764876977,25,285081,11403.24
125.8243132866919,25,285145,11405.8
125.82582663372159,25,285209,11408.36
125.82752293488011,25,285273,11410.92
125.8302371208556,25,285337,11413.48
125.83180730883032,25,285401,11416.04
125.83341065887362,25,285465,11418.6
125.8347486210987,25,285529,11421.16
125.83631551871076,25,285593,11423.72
125.83766647195444,25,285657,11426.28
125.83917538868263,25,285721,11428.84
125.84068712592125,25,285785,11431.4
125.84216600190848,25,285849,11433.96
125.84365571802482,25,285913,11436.52
125.84514551470056,25,285977,11439.08
125.84652638807893,25,286041,11441.64
125.84810726670548,25,286105,11444.2
125.84967326465994,25,286169,11446.76
125.85118979169056,25,286233,11449.32
125.8526696478948,25,286297,11451.88
125.85417349496856,25,286361,11454.44
125.85565966088325,25,286425,11457.0
126.57541751489043,25,286489,11459.56
126.57740252278745,25,286553,11462.12
126.57937386166304,25,286617,11464.68
126.58114300481975,25,286681,11467.24
126.58266992168501,25,286745,11469.8
126.58422959968448,25,286809,11472.36
126.58738459693268,25,286873,11474.92
126.58890979364514,25,286937,11477.48
126.59054315369576,25,287001,11480.04
126.5921389227733,25,287065,11482.6
126.59347437508404,25,287129,11485.16
126.59503849269822,25,287193,11487.72
126.59641006682068,25,287257,11490.28
126.59791973372921,25,287321,11492.84
126.5994374207221,25,287385,11495.4
126.6009215968661,25,287449,11497.96
126.6024195230566,25,287513,11500.52
126.60389957996085,25,287577,11503.08
126.60525089176372,25,287641,11505.64
126.60684104077518,25,287705,11508.2
126.60840922873467,25,287769,11510.76
126.60991123598069,25,287833,11513.32
126.61139924172312,25,287897,11515.88
126.61289524892345,25,287961,11518.44
126.61440151603892,25,288025,11521.0
127.32061319006607,25,288089,11523.56
127.32278395304456,25,288153,11526.12
127.32476630108431,25,288217,11528.68
127.32653436390683,25,288281,11531.24
127.32814523391426,25,288345,11533.8
127.32975103287026,25,288409,11536.36
127.33293151995167,25,288473,11538.92
127.33447028789669,25,288537,11541.48
127.33613008772954,25,288601,11544.04
127.33772348705679,25,288665,11546.6
127.3391032810323,25,288729,11549.16
127.34066889900714,25,288793,11551.72
127.34204100165516,25,288857,11554.28
127.34366671182215,25,288921,11556.84
127.34519045893103,25,288985,11559.4
127.346678734757,25,289049,11561.96
127.34819462290034,25,289113,11564.52
127.34971220884472,25,289177,11567.08
127.35123804677278,25,289241,11569.64
127.3527537737973,25,289305,11572.2
127.35431499173865,25,289369,11574.76
127.3558238176629,25,289433,11577.32
127.35732811503112,25,289497,11579.88
127.35882905172184,25,289561,11582.44
127.36032691784203,25,289625,11585.0
128.11450545303524,25,289689,11587.56
128.11571044195443,25,289753,11590.12
128.1167941186577,25,289817,11592.68
128.11770255072042,25,289881,11595.24
128.1191596458666,25,289945,11597.8
128.12016662070528,25,290009,11600.36
128.1210472630337,25,290073,11602.92
128.12221187073737,25,290137,11605.48
128.12368170684204,25,290201,11608.04
128.1246150098741,25,290265,11610.6
128.12619388801977,25,290329,11613.16
128.1277041649446,25,290393,11615.72
128.12906381767243,25,290457,11618.28
128.1308282208629,25,290521,11620.84
128.13326802104712,25,290585,11623.4
128.13488825969398,25,290649,11625.96
128.1366578429006,25,290713,11628.52
128.13771893875673,25,290777,11631.08
128.13862093072385,25,290841,11633.64
128.13946275180206,25,290905,11636.2
128.14031051192433,25,290969,11638.76
128.14114683307707,25,291033,11641.32
128.14196333289146,25,291097,11643.88
128.14279795298353,25,291161,11646.44
128.1436257129535,25,291225,11649.0
129.0639331387356,25,291289,11651.56
129.06604844005778,25,291353,11654.12
129.06778994295746,25,291417,11656.68
129.06891334988177,25,291481,11659.24
129.0698272329755,25,291545,11661.8
129.07068215403706,25,291609,11664.36
129.07164569664747,25,291673,11666.92
129.07363956607878,25,291737,11669.48
129.07519443286583,25,291801,11672.04
129.07685887394473,25,291865,11674.6
129.07823182689026,25,291929,11677.16
129.07946423674002,25,291993,11679.72
129.08085934165865,25,292057,11682.28
129.0824287799187,25,292121,11684.84
129.0839819177054,25,292185,11687.4
129.08550579473376,25,292249,11689.96
129.0870197317563,25,292313,11692.52
129.08854280877858,25,292377,11695.08
129.08989575179294,25,292441,11697.64
129.09075718279928,25,292505,11700.2
129.09162033395842,25,292569,11702.76
129.09246331406757,25,292633,11705.32
129.09329335391521,25,292697,11707.88
129.0941344150342,25,292761,11710.44
129.09495632490143,25,292825,11713.0
129.95863494183868,25,292889,11715.56
129.96086821565405,25,292953,11718.12
129.9628950059414,25,293017,11720.68
129.96461224695668,25,293081,11723.24
129.96638033073395,25,293145,11725.8
129.96793385781348,25,293209,11728.36
129.9696038090624,25,293273,11730.92
129.9724946487695,25,293337,11733.48
129.9741872306913,25,293401,11736.04
129.97586002200842,25,293465,11738.6
129.97726977569982,25,293529,11741.16
129.9788302136585,25,293593,11743.72
129.98022998776287,25,293657,11746.28
129.98176519479603,25,293721,11748.84
129.9833226040937,25,293785,11751.4
129.98483200976625,25,293849,11753.96
129.98635507700965,25,293913,11756.52
129.98786041373387,25,293977,11759.08
129.98945931298658,25,294041,11761.64
129.99101692065597,25,294105,11764.2
129.99258724972606,25,294169,11766.76
129.99414735706523,25,294233,11769.32
129.9956623739563,25,294297,11771.88
129.99721111170948,25,294361,11774.44
129.9987293886952,25,294425,11777.0
130.97268775571138,25,294489,11779.56
130.97394864680246,25,294553,11782.12
130.97506835497916,25,294617,11784.68
130.9760124180466,25,294681,11787.24
130.9775562346913,25,294745,11789.8
130.97860498074442,25,294809,11792.36
130.9796603168361,25,294873,11794.92
130.98056991863996,25,294937,11797.48
130.98147360095754,25,295001,11800.04
130.98233320191503,25,295065,11802.6
130.98315154202282,25,295129,11805.16
130.9839692520909,25,295193,11807.72
130.9847432100214,25,295257,11810.28
130.98563160188496,25,295321,11812.84
130.98660018574446,25,295385,11815.4
130.98792916769162,25,295449,11817.96
130.98898289399222,25,295513,11820.52
130.98996113799512,25,295577,11823.08
130.9908548789099,25,295641,11825.64
130.99170181993395,25,295705,11828.2
130.99256116105244,25,295769,11830.76
130.9934078217484,25,295833,11833.32
130.9942464218475,25,295897,11835.88
130.99508508201689,25,295961,11838.44
130.99591793306172,25,296025,11841.0
131.53048540698364,25,296073,11842.92
131.53048540698364,25,296073,11842.92
131.7194930249825,24,284248,11843.666666666666
131.72078885696828,24,284312,11846.333333333334
131.7219317248091,24,284376,11849.0
131.72300224099308,24,284440,11851.666666666666
131.7241644100286,24,284504,11854.333333333334
131.72582569997758,24,284568,11857.0
131.72690476570278,24,284632,11859.666666666666
131.72791115101427,24,284696,11862.333333333334
131.72906775865704,24,284760,11865.0
131.73015529569238,24,284824,11867.666666666666
131.7311854409054,24,284888,11870.333333333334
131.73221751581877,24,284952,11873.0
131.73318159906194,24,285016,11875.666666666666
131.73424459481612,24,285080,11878.333333333334
131.73530407063663,24,285144,11881.0
131.73679451690987,24,285208,11883.666666666666
131.73785501299426,24,285272,11886.333333333334
131.7389260190539,24,285336,11889.0
131.74046191666275,24,285400,11891.666666666666
131.7418146696873,24,285464,11894.333333333334
131.74322009366006,24,285528,11897.0
131.74429119983688,24,285592,11899.666666666666
131.74538366682827,24,285656,11902.333333333334
131.74644264299423,24,285720,11905.0
132.46933163888752,24,285784,11907.666666666666
132.47083993582055,24,285848,11910.333333333334
132.4722152389586,24,285912,11913.0
132.4733744878322,24,285976,11915.666666666666
132.47452799603343,24,286040,11918.333333333334
132.47642049193382,24,286104,11921.0
132.4777115327306,24,286168,11923.666666666666
132.4788256608881,24,286232,11926.333333333334
132.4800841808319,24,286296,11929.0
132.4812646699138,24,286360,11931.666666666666
132.48229967569932,24,286424,11934.333333333334
132.4833413506858,24,286488,11937.0
132.48431079369038,24,286552,11939.666666666666
132.48537787096575,24,286616,11942.333333333334
132.48644613707438,24,286680,11945.0
132.48754376266152,24,286744,11947.666666666666
132.48887810576707,24,286808,11950.333333333334
132.490132055711,24,286872,11953.0
132.4912820039317,24,286936,11955.666666666666
132.4923758408986,24,287000,11958.333333333334
132.49380216607824,24,287064,11961.0
132.49509961670265,24,287128,11963.666666666666
132.49634066782892,24,287192,11966.333333333334
132.49740248406306,24,287256,11969.0
133.21966336574405,24,287320,11971.666666666666
133.22101027797908,24,287384,11974.333333333334
133.2222019666806,24,287448,11977.0
133.22337760590017,24,287512,11979.666666666666
133.22456249501556,24,287576,11982.333333333334
133.22651754273102,24,287640,11985.0
133.2276231800206,24,287704,11987.666666666666
133.22864316496998,24,287768,11990.333333333334
133.22977899201214,24,287832,11993.0
133.23086942872033,24,287896,11995.666666666666
133.23190695373341,24,287960,11998.333333333334
133.2329473886639,24,288024,12001.0
133.23391705285758,24,288088,12003.666666666666
133.23498095897958,24,288152,12006.333333333334
133.2360483650118,24,288216,12009.0
133.23772335564718,24,288280,12011.666666666666
133.23915824107826,24,288344,12014.333333333334
133.24043217208236,24,288408,12017.0
133.24152711872011,24,288472,12019.666666666666
133.24260868504643,24,288536,12022.333333333334
133.24402437964454,24,288600,12025.0
133.24534879205748,24,288664,12027.666666666666
133.2466186126694,24,288728,12030.333333333334
133.24775088066235,24,288792,12033.0
133.9719656407833,24,288856,12035.666666666666
133.97348565794528,24,288920,12038.333333333334
133.97486668173224,24,288984,12041.0
133.97602957999334,24,289048,12043.666666666666
133.9772123787552,24,289112,12046.333333333334
133.97922755777836,24,289176,12049.0
133.98053409997374,24,289240,12051.666666666666
133.98171872878447,24,289304,12054.333333333334
133.98303129104897,24,289368,12057.0
133.98421162972227,24,289432,12059.666666666666
133.98526023468003,24,289496,12062.333333333334
133.98631450068206,24,289560,12065.0
133.98738876683637,24,289624,12067.666666666666
133.98852341482416,24,289688,12070.333333333334
133.9896661429666,24,289752,12073.0
133.99083739100024,24,289816,12075.666666666666
133.9922998067923,24,289880,12078.333333333334
133.99357329774648,24,289944,12081.0
133.994674814865,24,290008,12083.666666666666
133.99579610209912,24,290072,12086.333333333334
133.99693301972002,24,290136,12089.0
133.99837366491556,24,290200,12091.666666666666
133.9996524960734,24,290264,12094.333333333334
134.00077338377014,24,290328,12097.0
134.72589788679034,24,290392,12099.666666666666
134.7273867027834,24,290456,12102.333333333334
134.7285566017963,24,290520,12105.0
134.72964499890804,24,290584,12107.666666666666
134.7308569578454,24,290648,12110.333333333334
134.73267241194844,24,290712,12113.0
134.73378546908498,24,290776,12115.666666666666
134.7348176939413,24,290840,12118.333333333334
134.7359792329371,24,290904,12121.0
134.73716487176716,24,290968,12123.666666666666
134.7382181477733,24,291032,12126.333333333334
134.7393282148987,24,291096,12129.0
134.74040647083893,24,291160,12131.666666666666
134.74150274787098,24,291224,12134.333333333334
134.74258158402517,24,291288,12137.0
134.74417385272682,24,291352,12139.666666666666
134.74551111506298,24,291416,12142.333333333334
134.7467941166833,24,291480,12145.0
134.747901244089,24,291544,12147.666666666666
134.74932700768113,24,291608,12150.333333333334
134.75071634165943,24,291672,12153.0
134.75203104363754,24,291736,12155.666666666666
134.7532815746963,24,291800,12158.333333333334
134.75435933098197,24,291864,12161.0
135.24274974083528,24,291908,12162.833333333334
135.24274974083528,24,291908,12162.833333333334
135.4801647318527,23,279767,12163.782608695652
135.4815320149064,23,279831,12166.565217391304
135.48268853267655,23,279895,12169.347826086956
135.48381657106802,23,279959,12172.130434782608
135.48570816684514,23,280023,12174.91304347826
135.48701351881027,23,280087,12177.695652173914
135.4882049979642,23,280151,12180.478260869566
135.48926387401298,23,280215,12183.260869565218
135.4904554928653,23,280279,12186.04347826087
135.49166241195053,23,280343,12188.826086956522
135.49274639878422,23,280407,12191.608695652174
135.49383502500132,23,280471,12194.391304347826
135.4948473898694,23,280535,12197.173913043478
135.49593929573894,23,280599,12199.95652173913
135.49702359270304,23,280663,12202.739130434782
135.498355534859,23,280727,12205.521739130434
135.50021196063608,23,280791,12208.304347826086
135.50151569209993,23,280855,12211.08695652174
135.5027070217766,23,280919,12213.869565217392
135.5038528200239,23,280983,12216.652173913044
135.50495113572106,23,281047,12219.434782608696
135.5060470928438,23,281111,12222.217391304348
135.50715211965144,23,281175,12225.0
136.2336829090491,23,281239,12227.782608695652
136.23533227900043,23,281303,12230.565217391304
136.23678618483245,23,281367,12233.347826086956
136.2381369280629,23,281431,12236.130434782608
136.2393185570836,23,281495,12238.91304347826
136.24192065000534,23,281559,12241.695652173914
136.24323692172766,23,281623,12244.478260869566
136.2442584168166,23,281687,12247.260869565218
136.24539563478902,23,281751,12250.04347826087
136.24650658201426,23,281815,12252.826086956522
136.24757093796507,23,281879,12255.608695652174
136.2486392739229,23,281943,12258.391304347826
136.24963976768777,23,282007,12261.173913043478
136.25072992499918,23,282071,12263.95652173913
136.2518317019567,23,282135,12266.739130434782
136.25290548801422,23,282199,12269.521739130434
136.2539871437475,23,282263,12272.304347826086
136.25539077771828,23,282327,12275.08695652174
136.29155477089807,23,282391,12277.869565217392
136.34575036168098,23,282455,12280.652173913044
136.3486186019145,23,282519,12283.434782608696
136.3508585668169,23,282583,12286.217391304348
136.3599548987113,23,282647,12289.0
137.07131998892874,23,282711,12291.782608695652
137.07279185485095,23,282775,12294.565217391304
137.07399088377133,23,282839,12297.347826086956
137.07511208206415,23,282903,12300.130434782608
137.0763906929642,23,282967,12302.91304347826
137.07824450777844,23,283031,12305.695652173914
137.07948547787964,23,283095,12308.478260869566
137.08056139480323,23,283159,12311.260869565218
137.08175548398867,23,283223,12314.04347826087
137.082962482702,23,283287,12316.826086956522
137.0840360787697,23,283351,12319.608695652174
137.08511414565146,23,283415,12322.391304347826
137.08612840995193,23,283479,12325.173913043478
137.08723097667098,23,283543,12327.95652173913
137.08833127375692,23,283607,12330.739130434782
137.08997633401304,23,283671,12333.521739130434
137.09139219904318,23,283735,12336.304347826086
137.09269850002602,23,283799,12339.08695652174
137.09383664792404,23,283863,12341.869565217392
137.09533136477694,23,283927,12344.652173913044
137.09669103799388,23,283991,12347.434782608696
137.09801871003583,23,284055,12350.217391304348
137.09936456289142,23,284119,12353.0
137.1753291459754,23,284128,12353.391304347826
137.1753291459754,23,284128,12353.391304347826
137.82695299992338,22,271830,12355.90909090909
137.82844751607627,22,271894,12358.818181818182
137.8296520859003,22,271958,12361.727272727272
137.83078127307817,22,272022,12364.636363636364
137.83198815304786,22,272086,12367.545454545454
137.83388687903062,22,272150,12370.454545454546
137.83503009704873,22,272214,12373.363636363636
137.83609158266336,22,272278,12376.272727272728
137.83729210169986,22,272342,12379.181818181818
137.8384182890877,22,272406,12382.09090909091
137.83949499577284,22,272470,12385.0
137.8405773518607,22,272534,12387.90909090909
137.84157976694405,22,272598,12390.818181818182
137.84268019301817,22,272662,12393.727272727272
137.84377247979864,22,272726,12396.636363636364
137.84545604093,22,272790,12399.545454545454
137.84680390404537,22,272854,12402.454545454546
137.84808551473543,22,272918,12405.363636363636
137.84923367295414,22,272982,12408.272727272728
137.85067012766376,22,273046,12411.181818181818
137.85198777075857,22,273110,12414.09090909091
137.85309159802273,22,273174,12417.0
138.5822107619606,22,273238,12419.90909090909
138.58365504676476,22,273302,12422.818181818182
138.58483610581607,22,273366,12425.727272727272
138.585951522924,22,273430,12428.636363636364
138.58718699309975,22,273494,12431.545454545454
138.5891018100083,22,273558,12434.454545454546
138.59031525999308,22,273622,12437.363636363636
138.59137910604477,22,273686,12440.272727272728
138.59257559478283,22,273750,12443.181818181818
138.59377177385613,22,273814,12446.09090909091
138.5948434099555,22,273878,12449.0
138.59592907689512,22,273942,12451.90909090909
138.59693985106423,22,274006,12454.818181818182
138.59805903909728,22,274070,12457.727272727272
138.5991824758239,22,274134,12460.636363636364
138.60080062504858,22,274198,12463.545454545454
138.60216393880546,22,274262,12466.454545454546
138.60345161985606,22,274326,12469.363636363636
138.60458261799067,22,274390,12472.272727272728
138.60602587275207,22,274454,12475.181818181818
138.60744083765894,22,274518,12478.09090909091
138.60856285504997,22,274582,12481.0
139.41145868971944,22,274646,12483.90909090909
139.41296282690018,22,274710,12486.818181818182
139.41423798771575,22,274774,12489.727272727272
139.4153769458644,22,274838,12492.636363636364
139.4165935846977,22,274902,12495.545454545454
139.4184736306779,22,274966,12498.454545454546
139.4196226587519,22,275030,12501.363636363636
139.42068855464458,22,275094,12504.272727272728
139.42188710393384,22,275158,12507.181818181818
139.42309825401753,22,275222,12510.09090909091
139.42420089105144,22,275286,12513.0
139.42530711786821,22,275350,12515.90909090909
139.4263185816817,22,275414,12518.818181818182
139.42743890965357,22,275478,12521.727272727272
139.42854645708576,22,275542,12524.636363636364
139.43021103693172,22,275606,12527.545454545454
139.4315709308721,22,275670,12530.454545454546
139.43286955170333,22,275734,12533.363636363636
139.43400740996003,22,275798,12536.272727272728
139.43547755572945,22,275862,12539.181818181818
139.43680433789268,22,275926,12542.09090909091
139.4379342859611,22,275990,12545.0
140.16869303165004,22,276054,12547.90909090909
140.17016007797793,22,276118,12550.818181818182
140.17137065669522,22,276182,12553.727272727272
140.17250897502527,22,276246,12556.636363636364
140.1737246150151,22,276310,12559.545454545454
140.17562407068908,22,276374,12562.454545454546
140.17678484879434,22,276438,12565.363636363636
140.17785586602986,22,276502,12568.272727272728
140.17905463464558,22,276566,12571.181818181818
140.180275214836,22,276630,12574.09090909091
140.18136389087886,22,276694,12577.0
140.1824663276784,22,276758,12579.90909090909
140.18348562298343,22,276822,12582.818181818182
140.18460675003007,22,276886,12585.727272727272
140.18571892706677,22,276950,12588.636363636364
140.1873750980012,22,277014,12591.545454545454
140.18874630099162,22,277078,12594.454545454546
140.1900613438338,22,277142,12597.363636363636
140.19123185193166,22,277206,12600.272727272728
140.19269797764719,22,277270,12603.181818181818
140.19406454078853,22,277334,12606.09090909091
140.19546446483582,22,277398,12609.0
140.93176132673398,22,277462,12611.90909090909
140.93321418296546,22,277526,12614.818181818182
140.9344078619033,22,277590,12617.727272727272
140.93554219976068,22,277654,12620.636363636364
140.93675619876012,22,277718,12623.545454545454
140.93863060465083,22,277782,12626.454545454546
140.93980982387438,22,277846,12629.363636363636
140.94089262979105,22,277910,12632.272727272728
140.94210392981768,22,277974,12635.181818181818
140.9433319098316,22,278038,12638.09090909091
140.94442690676078,22,278102,12641.0
140.94552534306422,22,278166,12643.90909090909
140.94654662767425,22,278230,12646.818181818182
140.94767352566123,22,278294,12649.727272727272
140.9487972627394,22,278358,12652.636363636364
140.95043166307732,22,278422,12655.545454545454
140.951825696975,22,278486,12658.454545454546
140.95316928997636,22,278550,12661.363636363636
140.95432209782302,22,278614,12664.272727272728
140.95578918373212,22,278678,12667.181818181818
140.95714215701446,22,278742,12670.09090909091
140.9582724836655,22,278806,12673.0
140.9594901939854,22,278808,12673.09090909091
140.9594901939854,22,278808,12673.09090909091
141.69074275391176,21,266197,12676.047619047618
141.6922636507079,21,266261,12679.095238095239
141.6935898028314,21,266325,12682.142857142857
141.6947608119808,21,266389,12685.190476190477
141.69603822287172,21,266453,12688.238095238095
141.6981975059025,21,266517,12691.285714285714
141.69961432972923,21,266581,12694.333333333334
141.70080800866708,21,266645,12697.380952380952
141.70207242993638,21,266709,12700.42857142857
141.70331078069285,21,266773,12703.47619047619
141.7044137478806,21,266837,12706.52380952381
141.7055236636661,21,266901,12709.57142857143
141.70654949964955,21,266965,12712.619047619048
141.70768234692514,21,267029,12715.666666666666
141.70879226364195,21,267093,12718.714285714286
141.70993270166218,21,267157,12721.761904761905
141.71163196396083,21,267221,12724.809523809523
141.71302877785638,21,267285,12727.857142857143
141.71444647200406,21,267349,12730.904761904761
141.715674711857,21,267413,12733.952380952382
141.7168739316985,21,267477,12737.0
142.4895553230308,21,267541,12740.047619047618
142.49119225284085,21,267605,12743.095238095239
142.49276279099286,21,267669,12746.142857142857
142.49392774980515,21,267733,12749.190476190477
142.49517072970048,21,267797,12752.238095238095
142.49732270184904,21,267861,12755.285714285714
142.4987615570426,21,267925,12758.333333333334
142.49996679695323,21,267989,12761.380952380952
142.50119444681332,21,268053,12764.42857142857
142.50242169667035,21,268117,12767.47619047619
142.503528424073,21,268181,12770.52380952381
142.5046354806982,21,268245,12773.57142857143
142.5056626959704,21,268309,12776.619047619048
142.50680455379188,21,268373,12779.666666666666
142.50791531102732,21,268437,12782.714285714286
142.50909120868891,21,268501,12785.761904761905
142.51098957564682,21,268565,12788.809523809523
142.51245929207653,21,268629,12791.857142857143
142.51392814703286,21,268693,12794.904761904761
142.515355381649,21,268757,12797.952380952382
142.51672070566565,21,268821,12801.0
143.37351785972714,21,268875,12803.57142857143
143.37351785972714,21,268875,12803.57142857143
143.6298289038241,20,256084,12804.2
143.63334548007697,20,256148,12807.4
143.63631542166695,20,256212,12810.6
143.63836262188852,20,256276,12813.8
143.64049754478037,20,256340,12817.0
143.64310653787106,20,256404,12820.2
143.64741530269384,20,256468,12823.4
143.6494118720293,20,256532,12826.6
143.65147564187646,20,256596,12829.8
143.65349244186655,20,256660,12833.0
143.65534502686933,20,256724,12836.2
143.65721329208463,20,256788,12839.4
143.65889996290207,20,256852,12842.6
143.66080146003515,20,256916,12845.8
143.66263458505273,20,256980,12849.0
143.66448345966637,20,257044,12852.2
143.66634160466492,20,257108,12855.4
143.66750788409263,20,257172,12858.6
143.6686788420193,20,257236,12861.8
143.66981124971062,20,257300,12865.0
144.41019888501614,20,257364,12868.2
144.41238163784146,20,257428,12871.4
144.41411291109398,20,257492,12874.6
144.415317540057,20,257556,12877.8
144.4165719607845,20,257620,12881.0
144.41819540970027,20,257684,12884.2
144.42091093584895,20,257748,12887.4
144.42214113706723,20,257812,12890.6
144.42341808788478,20,257876,12893.8
144.42466274788603,20,257940,12897.0
144.42577689466998,20,258004,12900.2
144.42688836203888,20,258068,12903.4
144.42792656784877,20,258132,12906.6
144.4291140367277,20,258196,12909.8
144.43026262475178,20,258260,12913.0
144.4314013919793,20,258324,12916.2
144.43254339974374,20,258388,12919.4
144.43368760775775,20,258452,12922.6
144.43491103779525,20,258516,12925.8
144.43605977576226,20,258580,12929.0
145.38332801079378,20,258644,12932.2
145.3855312736705,20,258708,12935.4
145.38726425683126,20,258772,12938.6
145.3884659758769,20,258836,12941.8
145.38971019582823,20,258900,12945.0
145.3912956849672,20,258964,12948.2
145.3939536199905,20,259028,12951.4
145.3951833997853,20,259092,12954.6
145.39650015207008,20,259156,12957.8
145.39775496302173,20,259220,12961.0
145.39887228002772,20,259284,12964.2
145.39999841805547,20,259348,12967.4
145.40103769302368,20,259412,12970.6
145.40225401287898,20,259476,12973.8
145.40339708980173,20,259540,12977.0
145.40463279094547,20,259604,12980.2
145.40578516898677,20,259668,12983.4
145.40693512698635,20,259732,12986.6
145.40808709478006,20,259796,12989.8
145.4092271430418,20,259860,12993.0
146.1451390008442,20,259924,12996.2
146.1473348038271,20,259988,12999.4
146.14909605681896,20,260052,13002.6
146.15034591779113,20,260116,13005.8
146.15161339892074,20,260180,13009.0
146.15324794873595,20,260244,13012.2
146.1559464847669,20,260308,13015.4
146.15720495488495,20,260372,13018.6
146.1585068567656,20,260436,13021.8
146.15978433797136,20,260500,13025.0
146.16098655667156,20,260564,13028.2
146.16215827595443,20,260628,13031.4
146.1632307418622,20,260692,13034.6
146.16446121176705,20,260756,13037.8
146.16563124069944,20,260820,13041.0
146.1667767590843,20,260884,13044.2
146.1679487777874,20,260948,13047.4
146.1691246656701,20,261012,13050.6
146.17030950495973,20,261076,13053.8
146.17146208276972,20,261140,13057.0
146.90865010302514,20,261204,13060.2
146.9108266159892,20,261268,13063.4
146.912664050702,20,261332,13066.6
146.91388646094128,20,261396,13069.8
146.91517498204485,20,261460,13073.0
146.91675433097407,20,261524,13076.2
146.9194461768493,20,261588,13079.4
146.92068383703008,20,261652,13082.6
146.92196935787797,20,261716,13085.8
146.92324530892074,20,261780,13089.0
146.92438164679334,20,261844,13092.2
146.925520574674,20,261908,13095.4
146.92657611100003,20,261972,13098.6
146.9278064207174,20,262036,13101.8
146.92897252878174,20,262100,13105.0
146.93020009901375,20,262164,13108.2
146.931406928692,20,262228,13111.4
146.93258053669706,20,262292,13114.6
146.9337499756366,20,262356,13117.8
146.93489263392985,20,262420,13121.0
147.67524349084124,20,262484,13124.2
147.67739973403513,20,262548,13127.4
147.67913964670151,20,262612,13130.6
147.68035603594035,20,262676,13133.8
147.6816354477778,20,262740,13137.0
147.6832606769167,20,262804,13140.2
147.685940023046,20,262868,13143.4
147.6871940130368,20,262932,13146.6
147.68847912503406,20,262996,13149.8
147.68974167574197,20,263060,13153.0
147.69087534304708,20,263124,13156.2
147.69206060189754,20,263188,13159.4
147.6931387479417,20,263252,13162.6
147.69446152076125,20,263316,13165.8
147.6956242788583,20,263380,13169.0
147.69677801709622,20,263444,13172.2
147.69793655583635,20,263508,13175.4
147.69914364488795,20,263572,13178.6
147.70031664287671,20,263636,13181.8
147.70146508188918,20,263700,13185.0
148.4437612579204,20,263764,13188.2
148.44591292971745,20,263828,13191.4
148.44767812266946,20,263892,13194.6
148.44889041269198,20,263956,13197.8
148.4501735237427,20,264020,13201.0
148.45179544389248,20,264084,13204.2
148.45451213000342,20,264148,13207.4
148.4558116919361,20,264212,13210.6
148.45725386682898,20,264276,13213.8
148.45852384809405,20,264340,13217.0
148.45965945580974,20,264404,13220.2
148.46079211309552,20,264468,13223.4
148.46185303898528,20,264532,13226.6
148.46307890908793,20,264596,13229.8
148.46425199788064,20,264660,13233.0
148.46540079591796,20,264724,13236.2
148.46656632376835,20,264788,13239.4
148.46773257292807,20,264852,13242.6
148.46894739288837,20,264916,13245.8
148.47015367168933,20,264980,13249.0
148.60984614072368,20,264994,13249.7
148.60984614072368,20,264994,13249.7
149.2103206566535,19,251795,13252.368421052632
149.21246932866052,19,251859,13255.736842105263
149.21419070102274,19,251923,13259.105263157895
149.2155050430447,19,251987,13262.473684210527
149.21669763186947,19,252051,13265.842105263158
149.21834242297336,19,252115,13269.21052631579
149.22079140180722,19,252179,13272.578947368422
149.22223973786458,19,252243,13275.947368421053
149.2235029176809,19,252307,13279.315789473685
149.2246326659806,19,252371,13282.684210526315
149.22578266402707,19,252435,13286.052631578947
149.22684317966923,19,252499,13289.421052631578
149.22803803905845,19,252563,13292.78947368421
149.22929563000798,19,252627,13296.157894736842
149.23045883793384,19,252691,13299.526315789473
149.23162018693984,19,252755,13302.894736842105
149.23286657687277,19,252819,13306.263157894737
149.23405701573938,19,252883,13309.631578947368
149.23521590372548,19,252947,13313.0
149.32788718584925,19,252957,13313.526315789473
149.32788718584925,19,252957,13313.526315789473
149.9754768917337,18,239698,13316.555555555555
149.97740683006123,18,239762,13320.111111111111
149.9790635900572,18,239826,13323.666666666666
149.98169313371181,18,239890,13327.222222222223
149.9830504967831,18,239954,13330.777777777777
149.98431331804022,18,240018,13334.333333333334
149.98541244491935,18,240082,13337.888888888889
149.9866250846535,18,240146,13341.444444444445
149.9878272637725,18,240210,13345.0
149.98897151183337,18,240274,13348.555555555555
149.990041277837,18,240338,13352.111111111111
149.9912278568372,18,240402,13355.666666666666
149.99306169198826,18,240466,13359.222222222223
149.99455111799762,18,240530,13362.777777777777
149.99605884496123,18,240594,13366.333333333334
149.99791107978672,18,240658,13369.888888888889
149.99938828591257,18,240722,13373.444444444445
150.00075672008097,18,240786,13377.0
150.4184636748396,18,240823,13379.055555555555
150.4184636748396,18,240823,13379.055555555555
150.81954816496,17,227473,13380.764705882353
150.82178635988384,17,227537,13384.529411764706
150.82362996507436,17,227601,13388.29411764706
150.82492377702147,17,227665,13392.058823529413
150.82613992597908,17,227729,13395.823529411764
150.8278229967691,17,227793,13399.588235294117
150.8302588770166,17,227857,13403.35294117647
150.83183141471818,17,227921,13407.117647058823
150.83312741667032,17,227985,13410.882352941177
150.8343520066701,17,228049,13414.64705882353
150.83543717302382,17,228113,13418.411764705883
150.83682786673307,17,228177,13422.176470588236
150.83802035590634,17,228241,13425.941176470587
150.83923892583698,17,228305,13429.70588235294
150.8404365349561,17,228369,13433.470588235294
150.84163418365642,17,228433,13437.235294117647
150.84279957273975,17,228497,13441.0
151.5860747457482,17,228561,13444.764705882353
151.58840970275924,17,228625,13448.529411764706
151.59021836705506,17,228689,13452.29411764706
151.59179317578673,17,228753,13456.058823529413
151.5931119476445,17,228817,13459.823529411764
151.59480645880103,17,228881,13463.588235294117
151.5973798520863,17,228945,13467.35294117647
151.59895749064162,17,229009,13471.117647058823
151.60042381566018,17,229073,13474.882352941177
151.601700137835,17,229137,13478.64705882353
151.60281190508977,17,229201,13482.411764705883
151.60417494783178,17,229265,13486.176470588236
151.6054156878963,17,229329,13489.941176470587
151.60660665668547,17,229393,13493.70588235294
151.6078101368621,17,229457,13497.470588235294
151.60901532601565,17,229521,13501.235294117647
151.61022750567645,17,229585,13505.0
152.0520072397776,17,229624,13507.29411764706
152.0520072397776,17,229624,13507.29411764706
152.35349828982726,16,216144,13509.0
152.35713768796995,16,216208,13513.0
152.35935503290966,16,216272,13517.0
152.3608700297773,16,216336,13521.0
152.3621817016974,16,216400,13525.0
152.3633252386935,16,216464,13529.0
152.36454093875363,16,216528,13533.0
152.36625256109983,16,216592,13537.0
152.36857031704858,16,216656,13541.0
152.36977909691632,16,216720,13545.0
152.37139947572723,16,216784,13549.0
152.37261412572116,16,216848,13553.0
152.37380589498207,16,216912,13557.0
152.37500350363553,16,216976,13561.0
152.3762246738188,16,217040,13565.0
152.37739991303533,16,217104,13569.0
153.11682889377698,16,217168,13573.0
153.1205151840113,16,217232,13577.0
153.12253816286102,16,217296,13581.0
153.12416533287615,16,217360,13585.0
153.12551318574697,16,217424,13589.0
153.1266369028017,16,217488,13593.0
153.12785626295954,16,217552,13597.0
153.12957494473085,16,217616,13601.0
153.13188818097115,16,217680,13605.0
153.13309900090098,16,217744,13609.0
153.1345887980424,16,217808,13613.0
153.13592008966953,16,217872,13617.0
153.1371571100317,16,217936,13621.0
153.1383669297211,16,218000,13625.0
153.13958419905975,16,218064,13629.0
153.14076353795826,16,218128,13633.0
153.95779197383672,16,218192,13637.0
153.96146811405197,16,218256,13641.0
153.96361977700144,16,218320,13645.0
153.96519032493234,16,218384,13649.0
153.96654044790193,16,218448,13653.0
153.96768175577745,16,218512,13657.0
153.96896993694827,16,218576,13661.0
153.97070339880884,16,218640,13665.0
153.97300193598494,16,218704,13669.0
153.97422753600404,16,218768,13673.0
153.97573858173564,16,218832,13677.0
153.97717534797266,16,218896,13681.0
153.97840194683522,16,218960,13685.0
153.97961307689548,16,219024,13689.0
153.98082687705755,16,219088,13693.0
153.98200442595407,16,219152,13697.0
154.72623758483678,16,219216,13701.0
154.72998361708596,16,219280,13705.0
154.732143108733,16,219344,13709.0
154.7338003399782,16,219408,13713.0
154.73517210269347,16,219472,13717.0
154.73631481081247,16,219536,13721.0
154.73765552369878,16,219600,13725.0
154.73939762590453,16,219664,13729.0
154.74173362366855,16,219728,13733.0
154.74295938387513,16,219792,13737.0
154.74451634194702,16,219856,13741.0
154.745938885957,16,219920,13745.0
154.74716967577115,16,219984,13749.0
154.7483775159344,16,220048,13753.0
154.74960106564686,16,220112,13757.0
154.75078783463687,16,220176,13761.0
155.39003616198897,16,220230,13764.375
155.39003616198897,16,220230,13764.375
155.51226032571867,15,206479,13765.266666666666
155.51577108167112,15,206543,13769.533333333333
155.5177751807496,15,206607,13773.8
155.51926744682714,15,206671,13778.066666666668
155.52053536800668,15,206735,13782.333333333334
155.52178809884936,15,206799,13786.6
155.52353571075946,15,206863,13790.866666666667
155.52590063866228,15,206927,13795.133333333333
155.5271531897597,15,206991,13799.4
155.5286874966696,15,207055,13803.666666666666
155.53001951007172,15,207119,13807.933333333332
155.53137881308794,15,207183,13812.2
155.53261781297624,15,207247,13816.466666666667
155.53385636303574,15,207311,13820.733333333334
155.53505704272538,15,207375,13825.0
156.15679049305618,15,207429,13828.6
156.15679049305618,15,207429,13828.6
156.27861022669822,14,193614,13829.57142857143
156.28222524607554,14,193678,13834.142857142857
156.28405069978908,14,193742,13838.714285714286
156.28552735596895,14,193806,13843.285714285714
156.28678365703672,14,193870,13847.857142857143
156.28808640874922,14,193934,13852.42857142857
156.28983563184738,14,193998,13857.0
156.29205078585073,14,194062,13861.57142857143
156.2937061758712,14,194126,13866.142857142857
156.2951836916618,14,194190,13870.714285714286
156.29646638268605,14,194254,13875.285714285714
156.2978116357699,14,194318,13879.857142857143
156.29907422699034,14,194382,13884.42857142857
156.3003059667535,14,194446,13889.0
156.84008966665715,14,194489,13892.07142857143
156.84008966665715,14,194489,13892.07142857143
157.11633346183226,13,180621,13893.923076923076
157.11989357881248,13,180685,13898.846153846154
157.12157512968406,13,180749,13903.76923076923
157.12282119086012,13,180813,13908.692307692309
157.12428555591032,13,180877,13913.615384615385
157.12566500995308,13,180941,13918.538461538461
157.1274082828313,13,181005,13923.461538461539
157.12977817095816,13,181069,13928.384615384615
157.13114522397518,13,181133,13933.307692307691
157.13238748395815,13,181197,13938.23076923077
157.13362307474017,13,181261,13943.153846153846
157.13485971465707,13,181325,13948.076923076924
157.13619034690782,13,181389,13953.0
157.41596462903544,13,181404,13954.153846153846
157.41596462903544,13,181404,13954.153846153846
158.22828046465293,12,167500,13958.333333333334
158.23298499872908,12,167564,13963.666666666666
158.23505146009848,12,167628,13969.0
158.23681224277243,12,167692,13974.333333333334
158.23865900794044,12,167756,13979.666666666666
158.24042798066512,12,167820,13985.0
158.24201365979388,12,167884,13990.333333333334
158.24399079801515,12,167948,13995.666666666666
158.24563431786373,12,168012,14001.0
158.24759281566367,12,168076,14006.333333333334
158.24905817164108,12,168140,14011.666666666666
158.25059920875356,12,168204,14017.0
159.02736053802073,12,168268,14022.333333333334
159.02991697005928,12,168332,14027.666666666666
159.03151746001095,12,168396,14033.0
159.03289224300534,12,168460,14038.333333333334
159.03419000469148,12,168524,14043.666666666666
159.03607405070215,12,168588,14049.0
159.03757667681202,12,168652,14054.333333333334
159.03982540173456,12,168716,14059.666666666666
159.0413025477901,12,168780,14065.0
159.0426444709301,12,168844,14070.333333333334
159.04389105085284,12,168908,14075.666666666666
159.0451490120031,12,168972,14081.0
160.03204379277304,12,169036,14086.333333333334
160.03435970982537,12,169100,14091.666666666666
160.03590122796595,12,169164,14097.0
160.0372831407003,12,169228,14102.333333333334
160.03858711291105,12,169292,14107.666666666666
160.04047771869227,12,169356,14113.0
160.04197468608618,12,169420,14118.333333333334
160.04418969992548,12,169484,14123.666666666666
160.04565768595785,12,169548,14129.0
160.04698142781854,12,169612,14134.333333333334
160.04824399901554,12,169676,14139.666666666666
160.0494981086813,12,169740,14145.0
160.80136790173128,12,169804,14150.333333333334
160.80368700809777,12,169868,14155.666666666666
160.80525835696608,12,169932,14161.0
160.80662333965302,12,169996,14166.333333333334
160.80793787166476,12,170060,14171.666666666666
160.8097387556918,12,170124,14177.0
160.8118768078275,12,170188,14182.333333333334
160.81355603970587,12,170252,14187.666666666666
160.81501482473686,12,170316,14193.0
160.81635568803176,12,170380,14198.333333333334
160.81761004775763,12,170444,14203.666666666666
160.81886993907392,12,170508,14209.0
161.5694567207247,12,170572,14214.333333333334
161.57171985600144,12,170636,14219.666666666666
161.57328525464982,12,170700,14225.0
161.57475637085736,12,170764,14230.333333333334
161.57631935877725,12,170828,14235.666666666666
161.5781370527111,12,170892,14241.0
161.58033141680062,12,170956,14246.333333333334
161.58200238784775,12,171020,14251.666666666666
161.58352303504944,12,171084,14257.0
161.58507788274437,12,171148,14262.333333333334
161.58644115598872,12,171212,14267.666666666666
161.58772341674194,12,171276,14273.0
162.33701726794243,12,171340,14278.333333333334
162.3391260500066,12,171404,14283.666666666666
162.34064421709627,12,171468,14289.0
162.34210422169417,12,171532,14294.333333333334
162.34368297085166,12,171596,14299.666666666666
162.34552755579352,12,171660,14305.0
162.34772986965254,12,171724,14310.333333333334
162.3494155309163,12,171788,14315.666666666666
162.35088174697012,12,171852,14321.0
162.35235029272735,12,171916,14326.333333333334
162.35370513563976,12,171980,14331.666666666666
162.3549917768687,12,172044,14337.0
163.10722329095006,12,172108,14342.333333333334
163.10934457276016,12,172172,14347.666666666666
163.1108552487567,12,172236,14353.0
163.11233498575166,12,172300,14358.333333333334
163.11389091284946,12,172364,14363.666666666666
163.11567682679743,12,172428,14369.0
163.11783673008904,12,172492,14374.333333333334
163.11955748172477,12,172556,14379.666666666666
163.1210415479727,12,172620,14385.0
163.1225269837305,12,172684,14390.333333333334
163.12388540804386,12,172748,14395.666666666666
163.1251748087816,12,172812,14401.0
163.87907058373094,12,172876,14406.333333333334
163.88129133777693,12,172940,14411.666666666666
163.88284161593765,12,173004,14417.0
163.88435852294788,12,173068,14422.333333333334
163.88593667186797,12,173132,14427.666666666666
163.8877672269009,12,173196,14433.0
163.8900287519209,12,173260,14438.333333333334
163.89176189387217,12,173324,14443.666666666666
163.8932925509289,12,173388,14449.0
163.89514535665512,12,173452,14454.333333333334
163.89660772308707,12,173516,14459.666666666666
163.89792920509353,12,173580,14465.0
164.65201032487676,12,173644,14470.333333333334
164.6542581198737,12,173708,14475.666666666666
164.65583964902908,12,173772,14481.0
164.6574596380815,12,173836,14486.333333333334
164.65903913695365,12,173900,14491.666666666666
164.6608756519854,12,173964,14497.0
164.66308053489774,12,174028,14502.333333333334
164.66480415686965,12,174092,14507.666666666666
164.66630461392924,12,174156,14513.0
164.66786030167714,12,174220,14518.333333333334
164.66917774407193,12,174284,14523.666666666666
164.67046736599877,12,174348,14529.0
165.49937600502744,12,174412,14534.333333333334
165.50175619265065,12,174476,14539.666666666666
165.50336300209165,12,174540,14545.0
165.50488416897133,12,174604,14550.333333333334
165.50649394886568,12,174668,14555.666666666666
165.5084604169242,12,174732,14561.0
165.51067397091538,12,174796,14566.333333333334
165.51241288287565,12,174860,14571.666666666666
165.51391782984138,12,174924,14577.0
165.5154943978414,12,174988,14582.333333333334
165.51679348992184,12,175052,14587.666666666666
165.51808436168358,12,175116,14593.0
166.2742650047876,12,175180,14598.333333333334
166.27633598493412,12,175244,14603.666666666666
166.27795240469277,12,175308,14609.0
166.27961228508502,12,175372,14614.333333333334
166.28224903997034,12,175436,14619.666666666666
166.28388457978144,12,175500,14625.0
166.28537930594757,12,175564,14630.333333333334
166.28701794566587,12,175628,14635.666666666666
166.28841384965926,12,175692,14641.0
166.28971076197922,12,175756,14646.333333333334
166.29105621483177,12,175820,14651.666666666666
166.2923854868859,12,175884,14657.0
167.05009232787415,12,175948,14662.333333333334
167.05244943592697,12,176012,14667.666666666666
167.054103306029,12,176076,14673.0
167.05571095598862,12,176140,14678.333333333334
167.0573621056974,12,176204,14683.666666666666
167.05937907472253,12,176268,14689.0
167.06163745000958,12,176332,14694.333333333334
167.06339702382684,12,176396,14699.666666666666
167.06490866094828,12,176460,14705.0
167.0664268466644,12,176524,14710.333333333334
167.06782869203016,12,176588,14715.666666666666
167.06914500379935,12,176652,14721.0
167.89034135686234,12,176716,14726.333333333334
167.89434571471065,12,176780,14731.666666666666
167.89739628881216,12,176844,14737.0
167.89974501682445,12,176908,14742.333333333334
167.9020790536888,12,176972,14747.666666666666
167.90556319896132,12,177036,14753.0
167.90917056705803,12,177100,14758.333333333334
167.91227121278644,12,177164,14763.666666666666
167.914766933769,12,177228,14769.0
167.91723974375054,12,177292,14774.333333333334
167.91953186970204,12,177356,14779.666666666666
167.9216765728779,12,177420,14785.0
168.66635710699484,12,177484,14790.333333333334
168.66882884781808,12,177548,14795.666666666666
168.67062054108828,12,177612,14801.0
168.67200108477846,12,177676,14806.333333333334
168.67348926188424,12,177740,14811.666666666666
168.6755242208019,12,177804,14817.0
168.6777747757733,12,177868,14822.333333333334
168.6795423189178,12,177932,14827.666666666666
168.6810818570666,12,177996,14833.0
168.6826153737493,12,178060,14838.333333333334
168.68402981897816,12,178124,14843.666666666666
168.68534992076457,12,178188,14849.0
169.2945143948309,12,178239,14853.25
169.2945143948309,12,178239,14853.25
169.45298440707847,11,163403,14854.818181818182
169.4552194820717,11,163467,14860.636363636364
169.4569316240959,11,163531,14866.454545454546
169.4586559557356,11,163595,14872.272727272728
169.4603928779252,11,163659,14878.09090909091
169.4623023350723,11,163723,14883.90909090909
169.46465402189642,11,163787,14889.727272727272
169.46629568189383,11,163851,14895.545454545454
169.4677206967026,11,163915,14901.363636363636
169.4691401119344,11,163979,14907.181818181818
169.47045981371775,11,164043,14913.0
170.2310622688383,11,164107,14918.818181818182
170.23355191992596,11,164171,14924.636363636364
170.23524536192417,11,164235,14930.454545454546
170.23697404377162,11,164299,14936.272727272728
170.23860420379788,11,164363,14942.09090909091
170.2399679669179,11,164427,14947.90909090909
170.24172669975087,11,164491,14953.727272727272
170.2439228030853,11,164555,14959.545454545454
170.24543375102803,11,164619,14965.363636363636
170.2469770279713,11,164683,14971.181818181818
170.24842630373314,11,164747,14977.0
171.07754103280604,11,164811,14982.818181818182
171.07978415908292,11,164875,14988.636363636364
171.08154150098562,11,164939,14994.454545454546
171.08326212409884,11,165003,15000.272727272728
171.08508222782984,11,165067,15006.09090909091
171.08699453482404,11,165131,15011.90909090909
171.08940167399123,11,165195,15017.727272727272
171.0908023477532,11,165259,15023.545454545454
171.09225056273863,11,165323,15029.363636363636
171.0936689679511,11,165387,15035.181818181818
171.09499470004812,11,165451,15041.0
172.09311108104885,11,165515,15046.818181818182
172.09512875974178,11,165579,15052.636363636364
172.09658238571137,11,165643,15058.454545454546
172.09803131083027,11,165707,15064.272727272728
172.099478576798,11,165771,15070.09090909091
172.10106609482318,11,165835,15075.90909090909
172.10306050395593,11,165899,15081.727272727272
172.10421552183107,11,165963,15087.545454545454
172.10538316098973,11,166027,15093.363636363636
172.1065411088057,11,166091,15099.181818181818
172.10761941596866,11,166155,15105.0
172.98924632091075,11,166219,15110.818181818182
172.99154510674998,11,166283,15116.636363636364
172.99329632986337,11,166347,15122.454545454546
172.995030881837,11,166411,15128.272727272728
172.9968212558888,11,166475,15134.09090909091
172.99873731285334,11,166539,15139.90909090909
173.00119916303083,11,166603,15145.727272727272
173.0026183379814,11,166667,15151.545454545454
173.00406903307885,11,166731,15157.363636363636
173.00551171787083,11,166795,15163.181818181818
173.00685108080506,11,166859,15169.0
174.05145566072315,11,166923,15174.818181818182
174.0537041760981,11,166987,15180.636363636364
174.05544539773837,11,167051,15186.454545454546
174.05716303968802,11,167115,15192.272727272728
174.05890998290852,11,167179,15198.09090909091
174.06084324000403,11,167243,15203.90909090909
174.06319766771048,11,167307,15209.727272727272
174.06483805691823,11,167371,15215.545454545454
174.06630664365366,11,167435,15221.363636363636
174.06775135872886,11,167499,15227.181818181818
174.06910167168826,11,167563,15233.0
174.83480954589322,11,167627,15238.818181818182
174.83708227192983,11,167691,15244.636363636364
174.83883643476292,11,167755,15250.454545454546
174.84057047683746,11,167819,15256.272727272728
174.84233857970685,11,167883,15262.09090909091
174.84431309904903,11,167947,15267.90909090909
174.84673883765936,11,168011,15273.727272727272
174.84840425895527,11,168075,15279.545454545454
174.84987443499267,11,168139,15285.363636363636
174.85134234977886,11,168203,15291.181818181818
174.8527490948327,11,168267,15297.0
175.61821916373447,11,168331,15302.818181818182
175.6204240778461,11,168395,15308.636363636364
175.62214201968163,11,168459,15314.454545454546
175.62386198202148,11,168523,15320.272727272728
175.6256296946667,11,168587,15326.09090909091
175.62754294183105,11,168651,15331.90909090909
175.62988977879286,11,168715,15337.727272727272
175.63158045103773,11,168779,15343.545454545454
175.63303661579266,11,168843,15349.363636363636
175.6344991317019,11,168907,15355.181818181818
175.63585552480072,11,168971,15361.0
176.40451905271038,11,169035,15366.818181818182
176.40676442766562,11,169099,15372.636363636364
176.40849437005818,11,169163,15378.454545454546
176.41022025281563,11,169227,15384.272727272728
176.41198442596942,11,169291,15390.09090909091
176.41387961199507,11,169355,15395.90909090909
176.41626534983516,11,169419,15401.727272727272
176.41792918089777,11,169483,15407.545454545454
176.4193907766603,11,169547,15413.363636363636
176.4208496119827,11,169611,15419.181818181818
176.42222367599607,11,169675,15425.0
177.1918696789071,11,169739,15430.818181818182
177.19415470492095,11,169803,15436.636363636364
177.19590841792524,11,169867,15442.454545454546
177.19764517992735,11,169931,15448.272727272728
177.19941748306155,11,169995,15454.09090909091
177.2013206598349,11,170059,15459.90909090909
177.20370889781043,11,170123,15465.727272727272
177.20538095897064,11,170187,15471.545454545454
177.20685732504353,11,170251,15477.363636363636
177.20833526086062,11,170315,15483.181818181818
177.20970610482618,11,170379,15489.0
177.4494841657579,11,170400,15490.90909090909
177.4494841657579,11,170400,15490.90909090909
177.97874816367403,10,154954,15495.4
177.98110312083736,10,155018,15501.8
177.98290179576725,10,155082,15508.2
177.98455939581618,10,155146,15514.6
177.9860162208788,10,155210,15521.0
177.9880248210393,10,155274,15527.4
177.99027146585286,10,155338,15533.8
177.99181350274011,10,155402,15540.2
177.9934193729423,10,155466,15546.6
177.99489858886227,10,155530,15553.0
178.76681582909077,10,155594,15559.4
178.76927036885172,10,155658,15565.8
178.7711383337155,10,155722,15572.2
178.77280963491648,10,155786,15578.6
178.77429636195302,10,155850,15585.0
178.77636115206406,10,155914,15591.4
178.77860991703346,10,155978,15597.8
178.7801666050218,10,156042,15604.2
178.78177489386871,10,156106,15610.6
178.7832683706656,10,156170,15617.0
179.6289239139296,10,156234,15623.4
179.63318477896973,10,156298,15629.8
179.63645382784307,10,156362,15636.2
179.63957783486694,10,156426,15642.6
179.6420993260108,10,156490,15649.0
179.64482513302937,10,156554,15655.4
179.64702330669388,10,156618,15661.8
179.6484478120692,10,156682,15668.2
179.65065209474415,10,156746,15674.6
179.652365968097,10,156810,15681.0
179.93573210481554,10,156835,15683.5
179.93573210481554,10,156835,15683.5
180.41371993068606,9,141193,15688.111111111111
180.41612693993375,9,141257,15695.222222222223
180.41796030383557,9,141321,15702.333333333334
180.41965652583167,9,141385,15709.444444444445
180.421178472694,9,141449,15716.555555555555
180.42323094280437,9,141513,15723.666666666666
180.42540582595393,9,141577,15730.777777777777
180.4270609668456,9,141641,15737.888888888889
180.42856689402834,9,141705,15745.0
181.19824201101437,9,141769,15752.111111111111
181.20062308898196,9,141833,15759.222222222223
181.20245059393346,9,141897,15766.333333333334
181.2041133949533,9,141961,15773.444444444445
181.2056256220676,9,142025,15780.555555555555
181.2077106530778,9,142089,15787.666666666666
181.2099360669963,9,142153,15794.777777777777
181.21157048689201,9,142217,15801.888888888889
181.21305716363713,9,142281,15809.0
182.04912487464026,9,142345,15816.111111111111
182.0516013558954,9,142409,15823.222222222223
182.053475511726,9,142473,15830.333333333334
182.05517618265003,9,142537,15837.444444444445
182.05665951874107,9,142601,15844.555555555555
182.058765060734,9,142665,15851.666666666666
182.06094183400273,9,142729,15858.777777777777
182.06256858399138,9,142793,15865.888888888889
182.06406781077385,9,142857,15873.0
182.49068698193878,9,142893,15877.0
182.49068698193878,9,142893,15877.0
182.8333436497487,8,127048,15881.0
182.8357475688681,8,127112,15889.0
182.83758970396593,8,127176,15897.0
182.839273174759,8,127240,15905.0
182.84076282195747,8,127304,15913.0
182.8428339320235,8,127368,15921.0
182.84500866476446,8,127432,15929.0
182.84664458502084,8,127496,15937.0
183.61731885978952,8,127560,15945.0
183.61976082995534,8,127624,15953.0
183.6216097646393,8,127688,15961.0
183.62330582598224,8,127752,15969.0
183.6247977730818,8,127816,15977.0
183.62690912373364,8,127880,15985.0
183.62898633489385,8,127944,15993.0
183.63075529783964,8,128008,16001.0
184.40202843770385,8,128072,16009.0
184.40446674777195,8,128136,16017.0
184.40637203399092,8,128200,16025.0
184.40808047587052,8,128264,16033.0
184.40960241295397,8,128328,16041.0
184.4117654156871,8,128392,16049.0
184.41386159695685,8,128456,16057.0
184.4154721768573,8,128520,16065.0
184.9230628190562,8,128558,16069.75
184.9230628190562,8,128558,16069.75
185.2405329127796,7,112519,16074.142857142857
185.24298718292266,7,112583,16083.285714285714
185.2448852090165,7,112647,16092.42857142857
185.24638010608032,7,112711,16101.57142857143
185.24777163006365,7,112775,16110.714285714286
185.24987358087674,7,112839,16119.857142857143
185.25186255993322,7,112903,16129.0
186.38220525206998,7,112967,16138.142857142857
186.3847431940958,7,113031,16147.285714285714
186.38670646306127,7,113095,16156.42857142857
186.3881777888164,7,113159,16165.57142857143
186.3896113736555,7,113223,16174.714285714286
186.39180590678006,7,113287,16183.857142857143
186.39346203766763,7,113351,16193.0
187.1867647189647,7,113415,16202.142857142857
187.18922928906977,7,113479,16211.285714285714
187.19115753564984,7,113543,16220.42857142857
187.1926578930579,7,113607,16229.57142857143
187.19405862689018,7,113671,16238.714285714286
187.19618061883375,7,113735,16247.857142857143
187.1981813777238,7,113799,16257.0
187.33306509675458,7,113811,16258.714285714286
187.33306509675458,7,113811,16258.714285714286
188.176792093087,6,97606,16267.666666666666
188.17942091682926,6,97670,16278.333333333334
188.18140813475475,6,97734,16289.0
188.18316639773548,6,97798,16299.666666666666
188.1846917560324,6,97862,16310.333333333334
188.1861662818119,6,97926,16321.0
188.95309777976945,6,97990,16331.666666666666
188.95567398285493,6,98054,16342.333333333334
188.95779866492376,6,98118,16353.0
188.95963966008276,6,98182,16363.666666666666
188.9615378556773,6,98246,16374.333333333334
188.96357567608356,6,98310,16385.0
189.73121990310028,6,98374,16395.666666666668
189.73357910988852,6,98438,16406.333333333332
189.7355718286708,6,98502,16417.0
189.7374378447421,6,98566,16427.666666666668
189.73929187981412,6,98630,16438.333333333332
189.74135010968894,6,98694,16449.0
190.50891123572364,6,98758,16459.666666666668
190.5113909956999,6,98822,16470.333333333332
190.51338603487238,6,98886,16481.0
190.51527262106538,6,98950,16491.666666666668
190.51719418773428,6,99014,16502.333333333332
190.5192135567777,6,99078,16513.0
191.17782468767837,6,99133,16522.166666666668
191.17782468767837,6,99133,16522.166666666668
191.28619726886973,5,82629,16525.8
191.2886015777476,5,82693,16538.6
191.29062901670113,5,82757,16551.4
191.29248019168153,5,82821,16564.2
191.2943779490888,5,82885,16577.0
192.05953527707607,5,82949,16589.8
192.0620315480046,5,83013,16602.6
192.06415718002245,5,83077,16615.4
192.0660764267668,5,83141,16628.2
192.06797068286687,5,83205,16641.0
192.83348207967356,5,83269,16653.8
192.83594914106652,5,83333,16666.6
192.83795535983518,5,83397,16679.4
192.83987265685573,5,83461,16692.2
192.84180325409397,5,83525,16705.0
192.930987755768,5,83533,16706.6
192.930987755768,5,83533,16706.6
193.6744458139874,4,66884,16721.0
193.67701091663912,4,66948,16737.0
193.67888055182993,4,67012,16753.0
193.68063355470076,4,67076,16769.0
194.43742809072137,4,67140,16785.0
194.43999193282798,4,67204,16801.0
194.4418595689349,4,67268,16817.0
194.4436072818935,4,67332,16833.0
195.20373653899878,4,67396,16849.0
195.20809345599264,4,67460,16865.0
195.211026747711,4,67524,16881.0
195.2141300640069,4,67588,16897.0
195.97007294977084,4,67652,16913.0
195.97266027284786,4,67716,16929.0
195.97456164006144,4,67780,16945.0
195.97628778172657,4,67844,16961.0
196.8167524067685,4,67908,16977.0
196.81935772998258,4,67972,16993.0
196.82124417694286,4,68036,17009.0
196.82301914971322,4,68100,17025.0
197.585587029811,4,68164,17041.0
197.5881359418854,4,68228,17057.0
197.59005483891815,4,68292,17073.0
197.59180356189609,4,68356,17089.0
198.36982682999223,4,68420,17105.0
198.3725386960432,4,68484,17121.0
198.3744434127584,4,68548,17137.0
198.37618690589443,4,68612,17153.0
199.1422132407315,4,68676,17169.0
199.1449197777547,4,68740,17185.0
199.14685937482864,4,68804,17201.0
199.14861496770754,4,68868,17217.0
199.99896108778194,4,68932,17233.0
200.0028630127199,4,68996,17249.0
200.0062566366978,4,69060,17265.0
200.0093645527959,4,69124,17281.0
201.11785775097087,4,69188,17297.0
201.12053734669462,4,69252,17313.0
201.12253660568967,4,69316,17329.0
201.12434323970228,4,69380,17345.0
201.9240408120677,4,69444,17361.0
201.93364414665848,4,69508,17377.0
201.93602877575904,4,69572,17393.0
201.9389741779305,4,69636,17409.0
202.94498155079782,4,69700,17425.0
202.94769815681502,4,69764,17441.0
202.94970330689102,4,69828,17457.0
202.95152449095622,4,69892,17473.0
203.73085452709347,4,69956,17489.0
203.73343086987734,4,70020,17505.0
203.73539660777897,4,70084,17521.0
203.7372076017782,4,70148,17537.0
204.51742566004395,4,70212,17553.0
204.5201021558605,4,70276,17569.0
204.52202653279528,4,70340,17585.0
204.5238130260259,4,70404,17601.0
204.7386873057112,4,70422,17605.5
204.7386873057112,4,70422,17605.5
205.29476988874376,3,52867,17622.333333333332
205.29720578808337,3,52931,17643.666666666668
205.29926770878956,3,52995,17665.0
206.06948206294328,3,53059,17686.333333333332
206.0718850917183,3,53123,17707.666666666668
206.0739794038236,3,53187,17729.0
206.84433555183932,3,53251,17750.333333333332
206.84676498174667,3,53315,17771.666666666668
206.8488444229588,3,53379,17793.0
207.61931265471503,3,53443,17814.333333333332
207.62189205782488,3,53507,17835.666666666668
207.62391430791467,3,53571,17857.0
208.4781601219438,3,53635,17878.333333333332
208.48067860398442,3,53699,17899.666666666668
208.48281674599275,3,53763,17921.0
209.25664447201416,3,53827,17942.333333333332
209.25929180672392,3,53891,17963.666666666668
209.26147467968985,3,53955,17985.0
210.03476559370756,3,54019,18006.333333333332
210.0373554667458,3,54083,18027.666666666668
210.0395083599724,3,54147,18049.0
210.87414200697094,3,54211,18070.333333333332
210.87860326608643,3,54275,18091.666666666668
210.8822775357403,3,54339,18113.0
211.65402855305,3,54403,18134.333333333332
211.65677077090368,3,54467,18155.666666666668
211.65887587191537,3,54531,18177.0
212.445658988785,3,54595,18198.333333333332
212.4481991599314,3,54659,18219.666666666668
212.4503499129787,3,54723,18241.0
213.22607544995844,3,54787,18262.333333333332
213.22859888104722,3,54851,18283.666666666668
213.23073466308415,3,54915,18305.0
214.06976262107491,3,54979,18326.333333333332
214.07235802477226,3,55043,18347.666666666668
214.07448393665254,3,55107,18369.0
215.08201756188646,3,55171,18390.333333333332
215.0847257077694,3,55235,18411.666666666668
215.08688088087365,3,55299,18433.0
215.9829219058156,3,55363,18454.333333333332
215.98552088998258,3,55427,18475.666666666668
215.98769560270011,3,55491,18497.0
217.07765094889328,3,55555,18518.333333333332
217.0802788240835,3,55619,18539.666666666668
217.08243040600792,3,55683,18561.0
217.8659943989478,3,55747,18582.333333333332
217.86851291079074,3,55811,18603.666666666668
217.87065252289176,3,55875,18625.0
218.65468725794926,3,55939,18646.333333333332
218.65740519482642,3,56003,18667.666666666668
218.65953019680455,3,56067,18689.0
219.4430822096765,3,56131,18710.333333333332
219.44561110204086,3,56195,18731.666666666668
219.44780101580545,3,56259,18753.0
220.2345814886503,3,56323,18774.333333333332
220.23713421169668,3,56387,18795.666666666668
220.23931639594957,3,56451,18817.0
221.02588181383908,3,56515,18838.333333333332
221.02844548691064,3,56579,18859.666666666668
221.03060536971316,3,56643,18881.0
221.81867632688954,3,56707,18902.333333333332
221.82142800372094,3,56771,18923.666666666668
221.8236029976979,3,56835,18945.0
222.6938055967912,3,56899,18966.333333333332
222.6964649730362,3,56963,18987.666666666668
222.69871151680127,3,57027,19009.0
223.49063004972413,3,57091,19030.333333333332
223.49329176498577,3,57155,19051.666666666668
223.49552494985983,3,57219,19073.0
224.2878621527925,3,57283,19094.333333333332
224.29096803907305,3,57347,19115.666666666668
224.2932086349465,3,57411,19137.0
225.1489893826656,3,57475,19158.333333333332
225.1518873940222,3,57539,19179.666666666668
225.154113098979,3,57603,19201.0
225.94911135872826,3,57667,19222.333333333332
225.95204333076254,3,57731,19243.666666666668
225.9543505469337,3,57795,19265.0
226.21203495189548,3,57816,19272.0
226.21203495189548,3,57816,19272.0
226.74772633891553,2,38594,19297.0
226.75049399584532,2,38658,19329.0
227.01029459293932,2,38679,19339.5
227.01029459293932,2,38679,19339.5
227.5239112987183,1,19393,19393.0
228.32948399102315,1,19457,19457.0
229.43536359304562,1,19521,19521.0
230.22776721278206,1,19585,19585.0
231.21890748571604,1,19649,19649.0
231.99481594376266,1,19713,19713.0
232.76760026579723,1,19777,19777.0
233.5361876860261,1,19841,19841.0
234.3067329940386,1,19905,19905.0
235.0783637398854,1,19969,19969.0
235.84974979097024,1,20033,20033.0
236.69597793696448,1,20097,20097.0
237.4685751479119,1,20161,20161.0
238.24145840806887,1,20225,20225.0
239.0878209490329,1,20289,20289.0
239.85814365698025,1,20353,20353.0
240.64028819603845,1,20417,20417.0
241.41700663184747,1,20481,20481.0
242.23841185495257,1,20545,20545.0
243.24093186995015,1,20609,20609.0
244.16069113602862,1,20673,20673.0
245.21728265890852,1,20737,20737.0
246.00663761980832,1,20801,20801.0
246.04422334069386,1,20804,20804.0
246.04422334069386,1,20804,20804.0
