request_id,dataset_index,timestamp_s,decoded_tokens
0,1286,3934064.227723483,1
11,1095,3934064.422222072,1
3,1874,3934064.422530610,1
16,1486,3934064.422585651,1
2,926,3934064.422628622,1
12,140,3934064.422665313,1
9,1029,3934064.422705884,1
7,1996,3934064.422747965,1
15,107,3934064.423159685,1
14,1761,3934064.423208797,1
10,541,3934064.423248078,1
4,895,3934064.423285789,1
6,1641,3934064.423320309,1
8,415,3934064.423354280,1
5,1550,3934064.423391281,1
13,1582,3934064.423427392,1
1,2025,3934064.423471863,1
18,359,3934064.423520734,1
17,394,3934064.423556946,1
23,993,3934064.594752812,1
32,495,3934064.595057610,1
25,1152,3934064.595113991,1
20,1306,3934064.595155042,1
21,1596,3934064.595192333,1
26,6,3934064.595231374,1
31,477,3934064.595268165,1
22,104,3934064.595602904,1
28,835,3934064.595650865,1
33,1842,3934064.595691796,1
34,1460,3934064.595734337,1
19,1056,3934064.595771708,1
27,144,3934064.595809658,1
24,904,3934064.595846630,1
29,209,3934064.595881200,1
30,602,3934064.595913871,1
35,812,3934064.596389423,1
44,1361,3934064.596435694,1
42,370,3934064.596471425,1
45,1592,3934064.596503696,1
39,1105,3934064.596540237,1
46,934,3934064.596573378,1
38,542,3934064.596604198,1
36,1802,3934064.596636369,1
43,799,3934064.596666730,1
41,438,3934064.596698461,1
47,1843,3934064.596731512,1
40,1526,3934064.596767853,1
37,1751,3934064.596800003,1
49,1035,3934064.749865417,1
54,1733,3934064.750170825,1
62,891,3934064.750226046,1
48,1637,3934064.750266337,1
50,1932,3934064.750303088,1
57,1507,3934064.750339969,1
52,326,3934064.750385620,1
58,1848,3934064.750702218,1
59,1658,3934064.750747989,1
53,1968,3934064.750781780,1
51,403,3934064.750816031,1
56,452,3934064.750850782,1
61,177,3934064.750890203,1
55,1326,3934064.750923764,1
63,1725,3934064.750956934,1
60,1541,3934064.750988085,1
64,89,3934064.751297673,1
67,1469,3934064.751342914,1
70,197,3934064.751378885,1
69,1254,3934064.751418916,1
68,1058,3934064.751457267,1
71,575,3934064.751494828,1
65,1535,3934064.751528359,1
66,1045,3934064.751561449,1
76,366,3934064.907668169,1
87,561,3934064.907900255,1
73,1859,3934064.907950416,1
81,1782,3934064.907989147,1
84,1087,3934064.908064829,1
79,1059,3934064.908102490,1
74,740,3934064.908451419,1
86,879,3934064.908496630,1
85,912,3934064.908537171,1
83,1956,3934064.908572552,1
78,757,3934064.908605663,1
72,289,3934064.908643114,1
75,426,3934064.908675185,1
80,1483,3934064.908712025,1
82,2035,3934064.908746706,1
77,1133,3934064.908787127,1
88,416,3934064.909189427,1
91,994,3934064.909251419,1
97,871,3934064.909291920,1
93,1885,3934064.909326131,1
95,837,3934064.909364992,1
92,588,3934064.909399803,1
89,1244,3934064.909431173,1
90,1216,3934064.909462004,1
98,1823,3934064.909492505,1
94,469,3934064.909522746,1
96,1346,3934064.909556436,1
105,346,3934065.027445852,1
99,613,3934065.027686938,1
104,790,3934065.027738319,1
107,2027,3934065.027788570,1
103,785,3934065.027823491,1
106,800,3934065.027856002,1
108,1554,3934065.028235011,1
101,1212,3934065.028281873,1
114,1090,3934065.028318283,1
102,429,3934065.028351294,1
109,1408,3934065.028384115,1
110,1828,3934065.028416926,1
112,1422,3934065.028453827,1
100,1566,3934065.028487918,1
111,466,3934065.028523428,1
113,1410,3934065.028558319,1
118,1447,3934065.028951499,1
122,1449,3934065.029020341,1
115,1245,3934065.029078492,1
120,1636,3934065.029124954,1
121,741,3934065.029177235,1
125,481,3934065.029221536,1
124,1617,3934065.029256127,1
117,970,3934065.029288678,1
123,154,3934065.029326308,1
116,920,3934065.029365500,1
119,1275,3934065.029397510,1
126,217,3934065.030722294,1
11,1095,3934065.562714573,65
3,1874,3934065.563412271,65
2,926,3934065.563500003,65
12,140,3934065.563561825,65
9,1029,3934065.563615756,65
7,1996,3934065.563673168,65
15,107,3934065.563720759,65
0,1286,3934065.563770770,65
14,1761,3934065.563821711,65
10,541,3934065.563870853,65
4,895,3934065.563919244,65
6,1641,3934065.563964885,65
8,415,3934065.564383435,65
5,1550,3934065.564444077,65
13,1582,3934065.564494388,65
1,2025,3934065.564543269,65
16,1486,3934065.564591211,65
23,993,3934065.564639832,65
18,359,3934065.564688043,65
20,1306,3934065.564735784,65
21,1596,3934065.564781685,65
17,394,3934065.565620726,65
25,1152,3934065.565680367,65
22,104,3934065.565732449,65
26,6,3934065.565794721,65
28,835,3934065.565846282,65
31,477,3934065.565892813,65
19,1056,3934065.565938904,65
27,144,3934065.565984395,65
24,904,3934065.566046407,65
29,209,3934065.566092768,65
30,602,3934065.566143779,65
35,812,3934065.566193311,65
44,1361,3934065.566241232,65
42,370,3934065.566286593,65
45,1592,3934065.566332694,65
33,1842,3934065.566377325,65
39,1105,3934065.566424686,65
46,934,3934065.566470377,65
38,542,3934065.566515379,65
36,1802,3934065.566564820,65
43,799,3934065.566611551,65
41,438,3934065.566654442,65
47,1843,3934065.566700623,65
40,1526,3934065.566749954,65
37,1751,3934065.566794726,65
34,1460,3934065.566837316,65
32,495,3934065.566882358,65
49,1035,3934065.567496963,65
54,1733,3934065.567556525,65
62,891,3934065.567605006,65
48,1637,3934065.567651287,65
50,1932,3934065.567697628,65
57,1507,3934065.567742919,65
52,326,3934065.567794211,65
58,1848,3934065.567840932,65
59,1658,3934065.567889383,65
53,1968,3934065.567933994,65
51,403,3934065.567977525,65
56,452,3934065.568030976,65
61,177,3934065.568074967,65
55,1326,3934065.568121119,65
63,1725,3934065.568165080,65
60,1541,3934065.568209711,65
76,366,3934065.569772190,65
64,89,3934065.569836622,65
67,1469,3934065.569900833,65
70,197,3934065.569960214,65
73,1859,3934065.570037747,65
69,1254,3934065.570105768,65
79,1059,3934065.570167360,65
74,740,3934065.570230081,65
68,1058,3934065.570293833,65
71,575,3934065.570370955,65
65,1535,3934065.570446027,65
66,1045,3934065.570506998,65
72,289,3934065.570569620,65
78,757,3934065.570642471,65
75,426,3934065.570709673,65
77,1133,3934065.570770945,65
88,416,3934065.570838887,65
87,561,3934065.570902598,65
91,994,3934065.570964710,65
81,1782,3934065.571049982,65
93,1885,3934065.571114303,65
95,837,3934065.571178275,65
86,879,3934065.571244507,65
92,588,3934065.571309258,65
85,912,3934065.571381150,65
83,1956,3934065.571439591,65
89,1244,3934065.571487943,65
90,1216,3934065.571532594,65
94,469,3934065.571576595,65
80,1483,3934065.571620216,65
82,2035,3934065.571664137,65
84,1087,3934065.571711358,65
97,871,3934065.571755819,65
105,346,3934065.571800751,65
99,613,3934065.571848112,65
104,790,3934065.571892693,65
107,2027,3934065.571935994,65
103,785,3934065.571979865,65
106,800,3934065.572035326,65
108,1554,3934065.572085478,65
101,1212,3934065.572130299,65
102,429,3934065.572176320,65
98,1823,3934065.572218221,65
109,1408,3934065.572260752,65
110,1828,3934065.572302323,65
100,1566,3934065.572344904,65
111,466,3934065.572386565,65
96,1346,3934065.572428316,65
118,1447,3934065.573165935,65
122,1449,3934065.573224986,65
114,1090,3934065.573270507,65
115,1245,3934065.573314238,65
120,1636,3934065.573357290,65
121,741,3934065.573400560,65
125,481,3934065.573444662,65
124,1617,3934065.573489153,65
117,970,3934065.573531994,65
112,1422,3934065.573575225,65
123,154,3934065.573631826,65
116,920,3934065.573682578,65
113,1410,3934065.573726729,65
119,1275,3934065.573769930,65
126,217,3934065.573813241,65
11,1095,3934066.108492598,129
3,1874,3934066.108935409,129
2,926,3934066.109062822,129
12,140,3934066.109131414,129
9,1029,3934066.109200486,129
7,1996,3934066.109269207,129
15,107,3934066.109335589,129
0,1286,3934066.109402321,129
14,1761,3934066.109467383,129
10,541,3934066.109528184,129
4,895,3934066.109591895,129
6,1641,3934066.109910354,129
8,415,3934066.109986245,129
5,1550,3934066.110065207,129
13,1582,3934066.110129839,129
1,2025,3934066.110189710,129
16,1486,3934066.110852527,129
23,993,3934066.110939219,129
18,359,3934066.111028251,129
20,1306,3934066.111105443,129
21,1596,3934066.111181635,129
17,394,3934066.111264617,129
25,1152,3934066.111346729,129
22,104,3934066.111422421,129
26,6,3934066.111495423,129
28,835,3934066.111568605,129
31,477,3934066.111645377,129
19,1056,3934066.111721999,129
27,144,3934066.111796621,129
24,904,3934066.111874893,129
29,209,3934066.111950894,129
30,602,3934066.112032927,129
35,812,3934066.112651982,129
44,1361,3934066.112728614,129
42,370,3934066.112794795,129
45,1592,3934066.112855097,129
33,1842,3934066.112912389,129
39,1105,3934066.112967870,129
46,934,3934066.113036652,129
38,542,3934066.113096213,129
36,1802,3934066.113151224,129
43,799,3934066.113205326,129
41,438,3934066.113258937,129
47,1843,3934066.113312919,129
40,1526,3934066.113365530,129
37,1751,3934066.113417151,129
34,1460,3934066.113475463,129
32,495,3934066.113528214,129
49,1035,3934066.114669873,129
54,1733,3934066.114738884,129
62,891,3934066.114799636,129
48,1637,3934066.114855437,129
50,1932,3934066.114909368,129
57,1507,3934066.114964320,129
52,326,3934066.115035791,129
58,1848,3934066.115095503,129
59,1658,3934066.115150014,129
53,1968,3934066.115204596,129
51,403,3934066.115258807,129
56,452,3934066.115319759,129
61,177,3934066.115376590,129
55,1326,3934066.115429832,129
63,1725,3934066.115481543,129
60,1541,3934066.115532234,129
76,366,3934066.115584005,129
64,89,3934066.115641227,129
67,1469,3934066.115696508,129
70,197,3934066.115750279,129
73,1859,3934066.115802771,129
69,1254,3934066.115853912,129
79,1059,3934066.115905783,129
74,740,3934066.115957185,129
68,1058,3934066.116016476,129
71,575,3934066.116078397,129
65,1535,3934066.116133409,129
66,1045,3934066.116185040,129
72,289,3934066.116235992,129
78,757,3934066.116293373,129
75,426,3934066.116346394,129
77,1133,3934066.116398805,129
88,416,3934066.116456667,129
87,561,3934066.116508618,129
91,994,3934066.116560540,129
81,1782,3934066.116612741,129
93,1885,3934066.116665372,129
95,837,3934066.118171880,129
86,879,3934066.118263142,129
92,588,3934066.118338704,129
85,912,3934066.118406646,129
83,1956,3934066.118476648,129
89,1244,3934066.118549059,129
90,1216,3934066.118618711,129
94,469,3934066.118695513,129
80,1483,3934066.118771475,129
82,2035,3934066.118847777,129
84,1087,3934066.118920388,129
97,871,3934066.118991310,129
105,346,3934066.119073372,129
99,613,3934066.119152844,129
104,790,3934066.119231436,129
107,2027,3934066.119307528,129
103,785,3934066.119383540,129
106,800,3934066.119459552,129
108,1554,3934066.119533544,129
101,1212,3934066.119602996,129
102,429,3934066.119661247,129
98,1823,3934066.119716639,129
109,1408,3934066.119770500,129
110,1828,3934066.119822281,129
100,1566,3934066.119873182,129
111,466,3934066.119923844,129
96,1346,3934066.119975255,129
118,1447,3934066.120046437,129
122,1449,3934066.120102158,129
114,1090,3934066.120156659,129
115,1245,3934066.120214631,129
120,1636,3934066.120267822,129
121,741,3934066.120319474,129
125,481,3934066.120378985,129
124,1617,3934066.120431766,129
117,970,3934066.120488178,129
112,1422,3934066.120540639,129
123,154,3934066.120594961,129
116,920,3934066.120651272,129
113,1410,3934066.120705263,129
119,1275,3934066.120756954,129
126,217,3934066.120808056,129
11,1095,3934066.658317474,193
3,1874,3934066.658861788,193
2,926,3934066.658961880,193
12,140,3934066.659049682,193
9,1029,3934066.659122744,193
7,1996,3934066.659189545,193
15,107,3934066.659254907,193
0,1286,3934066.659322389,193
14,1761,3934066.659386161,193
10,541,3934066.659448862,193
4,895,3934066.659513004,193
6,1641,3934066.659575235,193
8,415,3934066.659638777,193
5,1550,3934066.659701078,193
13,1582,3934066.659935574,193
1,2025,3934066.660019446,193
16,1486,3934066.660736784,193
23,993,3934066.660825177,193
18,359,3934066.660905319,193
20,1306,3934066.660981630,193
21,1596,3934066.661070143,193
17,394,3934066.661152765,193
25,1152,3934066.661228747,193
22,104,3934066.661303118,193
26,6,3934066.661378100,193
28,835,3934066.661451052,193
31,477,3934066.661525904,193
19,1056,3934066.661603296,193
27,144,3934066.661673158,193
24,904,3934066.661752780,193
29,209,3934066.661823121,193
30,602,3934066.661887643,193
35,812,3934066.661967105,193
44,1361,3934066.662069468,193
42,370,3934066.662163870,193
45,1592,3934066.662250392,193
33,1842,3934066.662332884,193
39,1105,3934066.662417016,193
46,934,3934066.663143404,193
38,542,3934066.663243397,193
36,1802,3934066.663334489,193
43,799,3934066.663423161,193
41,438,3934066.663505344,193
47,1843,3934066.663574835,193
40,1526,3934066.663640027,193
37,1751,3934066.663705198,193
34,1460,3934066.663775800,193
32,495,3934066.663843002,193
49,1035,3934066.663908454,193
54,1733,3934066.663981215,193
62,891,3934066.665420631,193
48,1637,3934066.665500273,193
50,1932,3934066.665564085,193
57,1507,3934066.665628726,193
52,326,3934066.665700078,193
58,1848,3934066.665770460,193
59,1658,3934066.665835711,193
53,1968,3934066.665898613,193
51,403,3934066.665961825,193
56,452,3934066.666039037,193
61,177,3934066.666104808,193
55,1326,3934066.666167290,193
63,1725,3934066.666231152,193
60,1541,3934066.666292143,193
76,366,3934066.666354724,193
64,89,3934066.666419576,193
67,1469,3934066.666482828,193
70,197,3934066.666543909,193
73,1859,3934066.666606151,193
69,1254,3934066.666667172,193
79,1059,3934066.666732174,193
74,740,3934066.666794506,193
68,1058,3934066.666855547,193
71,575,3934066.666922499,193
65,1535,3934066.666984890,193
66,1045,3934066.667057682,193
72,289,3934066.667119824,193
78,757,3934066.667187216,193
75,426,3934066.667254577,193
77,1133,3934066.667314148,193
88,416,3934066.667381540,193
87,561,3934066.667440872,193
91,994,3934066.667502763,193
81,1782,3934066.667564025,193
93,1885,3934066.667625416,193
95,837,3934066.667690318,193
86,879,3934066.667750750,193
92,588,3934066.667812491,193
85,912,3934066.667872922,193
83,1956,3934066.667935114,193
89,1244,3934066.667997766,193
90,1216,3934066.668070498,193
94,469,3934066.668130789,193
80,1483,3934066.668190970,193
82,2035,3934066.668250212,193
84,1087,3934066.668317564,193
97,871,3934066.669516054,193
105,346,3934066.669587115,193
99,613,3934066.669668377,193
104,790,3934066.669758030,193
107,2027,3934066.669851782,193
103,785,3934066.669937234,193
106,800,3934066.670036787,193
108,1554,3934066.670121249,193
101,1212,3934066.670210991,193
102,429,3934066.670305473,193
98,1823,3934066.670392456,193
109,1408,3934066.670480208,193
110,1828,3934066.670560960,193
100,1566,3934066.670646802,193
111,466,3934066.670728844,193
96,1346,3934066.670814696,193
118,1447,3934066.670900098,193
122,1449,3934066.670985180,193
114,1090,3934066.671089473,193
115,1245,3934066.671177975,193
120,1636,3934066.671247767,193
121,741,3934066.671312259,193
125,481,3934066.671372990,193
124,1617,3934066.671432711,193
117,970,3934066.671499673,193
112,1422,3934066.671561645,193
123,154,3934066.671627776,193
116,920,3934066.671693598,193
113,1410,3934066.671754390,193
119,1275,3934066.671812821,193
126,217,3934066.671873152,193
11,1095,3934067.215535104,257
3,1874,3934067.216044167,257
2,926,3934067.216174080,257
12,140,3934067.216274833,257
9,1029,3934067.216373255,257
7,1996,3934067.216471098,257
15,107,3934067.216568980,257
0,1286,3934067.216671003,257
14,1761,3934067.216764115,257
10,541,3934067.217442742,257
4,895,3934067.217534564,257
6,1641,3934067.217611036,257
8,415,3934067.217682578,257
5,1550,3934067.217753330,257
13,1582,3934067.217821681,257
1,2025,3934067.217890983,257
16,1486,3934067.218535509,257
23,993,3934067.218621041,257
18,359,3934067.218693343,257
20,1306,3934067.218766485,257
21,1596,3934067.218839627,257
17,394,3934067.218920209,257
25,1152,3934067.218994071,257
22,104,3934067.219082513,257
26,6,3934067.219155755,257
28,835,3934067.219226436,257
31,477,3934067.219297908,257
19,1056,3934067.219368390,257
27,144,3934067.219438942,257
24,904,3934067.219508324,257
29,209,3934067.219576705,257
30,602,3934067.219647927,257
35,812,3934067.219717709,257
44,1361,3934067.219793941,257
42,370,3934067.220449757,257
45,1592,3934067.220538909,257
33,1842,3934067.220612101,257
39,1105,3934067.220682873,257
46,934,3934067.220754885,257
38,542,3934067.220824916,257
36,1802,3934067.220895198,257
43,799,3934067.220967310,257
41,438,3934067.221047662,257
47,1843,3934067.221120514,257
40,1526,3934067.221188376,257
37,1751,3934067.221255787,257
34,1460,3934067.221331969,257
32,495,3934067.221401301,257
49,1035,3934067.221471103,257
54,1733,3934067.221550365,257
62,891,3934067.221624006,257
48,1637,3934067.222596641,257
50,1932,3934067.222684713,257
57,1507,3934067.222770255,257
52,326,3934067.222860597,257
58,1848,3934067.222950909,257
59,1658,3934067.223044642,257
53,1968,3934067.223127504,257
51,403,3934067.223207216,257
56,452,3934067.223296108,257
61,177,3934067.223373660,257
55,1326,3934067.223451252,257
63,1725,3934067.223529264,257
60,1541,3934067.223604296,257
76,366,3934067.223682868,257
64,89,3934067.223760290,257
67,1469,3934067.223848262,257
70,197,3934067.223912084,257
73,1859,3934067.224014306,257
69,1254,3934067.224101898,257
79,1059,3934067.224205781,257
74,740,3934067.224299563,257
68,1058,3934067.224388645,257
71,575,3934067.224487428,257
65,1535,3934067.224579920,257
66,1045,3934067.224674623,257
72,289,3934067.224769175,257
78,757,3934067.224873597,257
75,426,3934067.224970130,257
77,1133,3934067.225075722,257
88,416,3934067.226270972,257
87,561,3934067.226361445,257
91,994,3934067.226437917,257
81,1782,3934067.226513769,257
93,1885,3934067.226586970,257
95,837,3934067.226665242,257
86,879,3934067.226737624,257
92,588,3934067.226810026,257
85,912,3934067.226878328,257
83,1956,3934067.226947599,257
89,1244,3934067.227032671,257
90,1216,3934067.227106953,257
94,469,3934067.227176835,257
80,1483,3934067.227246277,257
82,2035,3934067.227314609,257
84,1087,3934067.227383070,257
97,871,3934067.227451892,257
105,346,3934067.227519974,257
99,613,3934067.227592705,257
104,790,3934067.227670858,257
107,2027,3934067.227743189,257
103,785,3934067.227815261,257
106,800,3934067.227882513,257
108,1554,3934067.227949405,257
101,1212,3934067.228036217,257
102,429,3934067.228115599,257
98,1823,3934067.228184840,257
109,1408,3934067.228253692,257
110,1828,3934067.228321774,257
100,1566,3934067.228392756,257
111,466,3934067.228459667,257
96,1346,3934067.228527779,257
118,1447,3934067.229098723,257
122,1449,3934067.229179265,257
114,1090,3934067.229249297,257
115,1245,3934067.229326189,257
120,1636,3934067.229396081,257
121,741,3934067.229464902,257
125,481,3934067.229531254,257
124,1617,3934067.229598636,257
117,970,3934067.229674077,257
112,1422,3934067.229750619,257
123,154,3934067.229823901,257
116,920,3934067.229898003,257
113,1410,3934067.229966295,257
119,1275,3934067.230043637,257
126,217,3934067.230114819,257
11,1095,3934067.777145085,321
3,1874,3934067.777478483,321
2,926,3934067.777569516,321
12,140,3934067.777640947,321
9,1029,3934067.777707529,321
7,1996,3934067.777764560,321
15,107,3934067.777821602,321
0,1286,3934067.777873033,321
14,1761,3934067.778155180,321
10,541,3934067.778215382,321
4,895,3934067.778268473,321
6,1641,3934067.778318604,321
8,415,3934067.778366136,321
5,1550,3934067.778415827,321
13,1582,3934067.778464678,321
1,2025,3934067.778513439,321
16,1486,3934067.778950930,321
23,993,3934067.779145835,321
18,359,3934067.779205666,321
20,1306,3934067.779257298,321
21,1596,3934067.779305049,321
17,394,3934067.779360050,321
25,1152,3934067.779411522,321
22,104,3934067.779461793,321
26,6,3934067.779510754,321
28,835,3934067.779559105,321
31,477,3934067.779606756,321
19,1056,3934067.779654128,321
27,144,3934067.779847662,321
24,904,3934067.779907554,321
29,209,3934067.779959435,321
30,602,3934067.780017757,321
35,812,3934067.780238892,321
44,1361,3934067.780303614,321
42,370,3934067.780360355,321
45,1592,3934067.780412767,321
33,1842,3934067.780462518,321
39,1105,3934067.780510969,321
46,934,3934067.780560840,321
38,542,3934067.780727784,321
36,1802,3934067.780785306,321
43,799,3934067.780839137,321
41,438,3934067.780890708,321
47,1843,3934067.781088673,321
40,1526,3934067.781145905,321
37,1751,3934067.781195096,321
34,1460,3934067.781248848,321
32,495,3934067.781297029,321
49,1035,3934067.781433802,321
54,1733,3934067.781498894,321
62,891,3934067.781668698,321
48,1637,3934067.781731120,321
50,1932,3934067.781783321,321
57,1507,3934067.781833552,321
52,326,3934067.782123609,321
58,1848,3934067.782183761,321
59,1658,3934067.782233852,321
53,1968,3934067.782282773,321
51,403,3934067.782331015,321
56,452,3934067.782381656,321
61,177,3934067.782429447,321
55,1326,3934067.782476388,321
63,1725,3934067.782528420,321
60,1541,3934067.782574601,321
76,366,3934067.782733325,321
64,89,3934067.782792486,321
67,1469,3934067.782843947,321
70,197,3934067.783018032,321
73,1859,3934067.783081373,321
69,1254,3934067.783132284,321
79,1059,3934067.783186956,321
74,740,3934067.783444972,321
68,1058,3934067.783499584,321
71,575,3934067.783553325,321
65,1535,3934067.783602376,321
66,1045,3934067.783649837,321
72,289,3934067.783695898,321
78,757,3934067.783746680,321
75,426,3934067.783797851,321
77,1133,3934067.783845442,321
88,416,3934067.783975085,321
87,561,3934067.784136160,321
91,994,3934067.784194621,321
81,1782,3934067.784243152,321
93,1885,3934067.784490358,321
95,837,3934067.784550370,321
86,879,3934067.784599131,321
92,588,3934067.784648802,321
85,912,3934067.784694963,321
83,1956,3934067.784747525,321
89,1244,3934067.784799226,321
90,1216,3934067.784847167,321
94,469,3934067.784895969,321
80,1483,3934067.785063763,321
82,2035,3934067.785118624,321
84,1087,3934067.785166375,321
97,871,3934067.785316069,321
105,346,3934067.785369540,321
99,613,3934067.785418492,321
104,790,3934067.785745640,321
107,2027,3934067.785804081,321
103,785,3934067.785854203,321
106,800,3934067.785902114,321
108,1554,3934067.785953985,321
101,1212,3934067.786014347,321
102,429,3934067.786070038,321
98,1823,3934067.786119299,321
109,1408,3934067.786167170,321
110,1828,3934067.786214892,321
100,1566,3934067.786264573,321
111,466,3934067.786311344,321
96,1346,3934067.786357335,321
118,1447,3934067.786746405,321
122,1449,3934067.786804386,321
114,1090,3934067.786854708,321
115,1245,3934067.786907919,321
120,1636,3934067.786957160,321
121,741,3934067.787015561,321
125,481,3934067.787065303,321
124,1617,3934067.787113724,321
117,970,3934067.787165885,321
112,1422,3934067.787217057,321
123,154,3934067.787266638,321
116,920,3934067.787318859,321
113,1410,3934067.787367850,321
119,1275,3934067.787414691,321
126,217,3934067.787461613,321
11,1095,3934068.344411987,385
3,1874,3934068.344837407,385
2,926,3934068.344953770,385
12,140,3934068.345089394,385
9,1029,3934068.345183086,385
7,1996,3934068.345269198,385
15,107,3934068.345364921,385
0,1286,3934068.345453543,385
14,1761,3934068.345547765,385
10,541,3934068.345632397,385
4,895,3934068.345967856,385
6,1641,3934068.346076118,385
8,415,3934068.346160310,385
5,1550,3934068.346245583,385
13,1582,3934068.346327914,385
1,2025,3934068.346410827,385
16,1486,3934068.347076713,385
23,993,3934068.347186026,385
18,359,3934068.347285589,385
20,1306,3934068.347393801,385
21,1596,3934068.347489903,385
17,394,3934068.347599156,385
25,1152,3934068.347694969,385
22,104,3934068.347789041,385
26,6,3934068.347851132,385
28,835,3934068.347936865,385
31,477,3934068.348053728,385
19,1056,3934068.348167980,385
27,144,3934068.348277883,385
24,904,3934068.348381576,385
29,209,3934068.348489379,385
30,602,3934068.348601151,385
35,812,3934068.349637437,385
44,1361,3934068.349764220,385
42,370,3934068.349871153,385
45,1592,3934068.349964025,385
33,1842,3934068.350065008,385
39,1105,3934068.350153390,385
46,934,3934068.350241012,385
38,542,3934068.350326805,385
36,1802,3934068.350410387,385
43,799,3934068.350498449,385
41,438,3934068.350583411,385
47,1843,3934068.350668133,385
40,1526,3934068.350753645,385
37,1751,3934068.350838747,385
34,1460,3934068.350934280,385
32,495,3934068.351030952,385
49,1035,3934068.352547630,385
54,1733,3934068.352658343,385
62,891,3934068.352750535,385
48,1637,3934068.352847168,385
50,1932,3934068.352935270,385
57,1507,3934068.353032862,385
52,326,3934068.353130795,385
58,1848,3934068.353225907,385
59,1658,3934068.353311079,385
53,1968,3934068.353396351,385
51,403,3934068.353479773,385
56,452,3934068.353570306,385
61,177,3934068.353650248,385
55,1326,3934068.353732670,385
63,1725,3934068.353823282,385
60,1541,3934068.353905414,385
76,366,3934068.353988886,385
64,89,3934068.354085248,385
67,1469,3934068.354168230,385
70,197,3934068.354249172,385
73,1859,3934068.354340755,385
69,1254,3934068.354425467,385
79,1059,3934068.354523099,385
74,740,3934068.354624042,385
68,1058,3934068.354718474,385
71,575,3934068.354825297,385
65,1535,3934068.354924219,385
66,1045,3934068.355030562,385
72,289,3934068.355127025,385
78,757,3934068.355234227,385
75,426,3934068.355343160,385
77,1133,3934068.355440942,385
88,416,3934068.355546245,385
87,561,3934068.355642817,385
91,994,3934068.355714999,385
81,1782,3934068.355814002,385
93,1885,3934068.355919394,385
95,837,3934068.356052808,385
86,879,3934068.356161350,385
92,588,3934068.356270583,385
85,912,3934068.356377625,385
83,1956,3934068.356505889,385
89,1244,3934068.356627762,385
90,1216,3934068.356750985,385
94,469,3934068.356870998,385
80,1483,3934068.357010971,385
82,2035,3934068.357130704,385
84,1087,3934068.357244107,385
97,871,3934068.358324824,385
105,346,3934068.358426127,385
99,613,3934068.358514999,385
104,790,3934068.358612712,385
107,2027,3934068.358699654,385
103,785,3934068.358785776,385
106,800,3934068.358878768,385
108,1554,3934068.358972190,385
101,1212,3934068.359072983,385
102,429,3934068.359164605,385
98,1823,3934068.359247937,385
109,1408,3934068.359331649,385
110,1828,3934068.359413072,385
100,1566,3934068.359499594,385
111,466,3934068.359581156,385
96,1346,3934068.359663798,385
118,1447,3934068.359746380,385
122,1449,3934068.359830772,385
114,1090,3934068.359914484,385
115,1245,3934068.360014567,385
120,1636,3934068.360101889,385
121,741,3934068.360188201,385
125,481,3934068.360271513,385
124,1617,3934068.360353895,385
117,970,3934068.360441457,385
112,1422,3934068.360531229,385
123,154,3934068.360618502,385
116,920,3934068.360709294,385
113,1410,3934068.360791496,385
119,1275,3934068.360875648,385
126,217,3934068.360959940,385
11,1095,3934068.916671613,449
3,1874,3934068.917063533,449
2,926,3934068.917150855,449
12,140,3934068.917220067,449
9,1029,3934068.917284318,449
7,1996,3934068.917344460,449
15,107,3934068.917414102,449
0,1286,3934068.917475343,449
14,1761,3934068.917540395,449
10,541,3934068.917815122,449
4,895,3934068.917884864,449
6,1641,3934068.917944195,449
8,415,3934068.918008616,449
5,1550,3934068.918077068,449
13,1582,3934068.918137280,449
1,2025,3934068.918196401,449
16,1486,3934068.918622342,449
23,993,3934068.918695774,449
18,359,3934068.918757805,449
20,1306,3934068.918819077,449
21,1596,3934068.918876388,449
17,394,3934068.918943110,449
25,1152,3934068.919018602,449
22,104,3934068.919082174,449
26,6,3934068.919141375,449
28,835,3934068.919200086,449
31,477,3934068.919256298,449
19,1056,3934068.919312989,449
27,144,3934068.919371261,449
24,904,3934068.919429462,449
29,209,3934068.919487353,449
30,602,3934068.919547115,449
35,812,3934068.919771471,449
44,1361,3934068.919845242,449
42,370,3934068.919910614,449
45,1592,3934068.919972476,449
33,1842,3934068.920597671,449
39,1105,3934068.920671593,449
46,934,3934068.920734255,449
38,542,3934068.920791956,449
36,1802,3934068.920849087,449
43,799,3934068.920910349,449
41,438,3934068.920970441,449
47,1843,3934068.921039632,449
40,1526,3934068.921097074,449
37,1751,3934068.921154725,449
34,1460,3934068.921217827,449
32,495,3934068.921274218,449
49,1035,3934068.921339010,449
54,1733,3934068.921402501,449
62,891,3934068.921463413,449
48,1637,3934068.921525715,449
50,1932,3934068.921583016,449
57,1507,3934068.921641257,449
52,326,3934068.921703809,449
58,1848,3934068.921767850,449
59,1658,3934068.922095939,449
53,1968,3934068.922165040,449
51,403,3934068.922224312,449
56,452,3934068.922287983,449
61,177,3934068.922344515,449
55,1326,3934068.922400426,449
63,1725,3934068.922462718,449
60,1541,3934068.922519839,449
76,366,3934068.923281818,449
64,89,3934068.923350290,449
67,1469,3934068.923410962,449
70,197,3934068.923467643,449
73,1859,3934068.923531254,449
69,1254,3934068.923590986,449
79,1059,3934068.923654208,449
74,740,3934068.923713469,449
68,1058,3934068.923768111,449
71,575,3934068.923829882,449
65,1535,3934068.923887414,449
66,1045,3934068.923942345,449
72,289,3934068.923996116,449
78,757,3934068.924068088,449
75,426,3934068.924130709,449
77,1133,3934068.924187571,449
88,416,3934068.924248243,449
87,561,3934068.924303864,449
91,994,3934068.924359105,449
81,1782,3934068.924415257,449
93,1885,3934068.924469938,449
95,837,3934068.924529979,449
86,879,3934068.924587661,449
92,588,3934068.924644522,449
85,912,3934068.924699184,449
83,1956,3934068.924760315,449
89,1244,3934068.924824567,449
90,1216,3934068.924885158,449
94,469,3934068.924943560,449
80,1483,3934068.925012851,449
82,2035,3934068.925073013,449
84,1087,3934068.925131005,449
97,871,3934068.925595626,449
105,346,3934068.925665978,449
99,613,3934068.925728740,449
104,790,3934068.925795681,449
107,2027,3934068.925857973,449
103,785,3934068.925918404,449
106,800,3934068.925981806,449
108,1554,3934068.926053497,449
101,1212,3934068.926120069,449
102,429,3934068.926180851,449
98,1823,3934068.926240642,449
109,1408,3934068.926301554,449
110,1828,3934068.926358815,449
100,1566,3934068.926420197,449
111,466,3934068.926477358,449
96,1346,3934068.926533309,449
118,1447,3934068.926950070,449
122,1449,3934068.927026072,449
114,1090,3934068.927091103,449
115,1245,3934068.927158845,449
120,1636,3934068.927219417,449
121,741,3934068.927278728,449
125,481,3934068.927336130,449
124,1617,3934068.927393871,449
117,970,3934068.927453212,449
112,1422,3934068.927514674,449
123,154,3934068.927576356,449
116,920,3934068.927638337,449
113,1410,3934068.927694429,449
119,1275,3934068.927749950,449
126,217,3934068.927807031,449
87,561,3934069.449885914,509
127,316,3934069.495381071,1
11,1095,3934069.527182865,513
3,1874,3934069.527391440,513
2,926,3934069.527478583,513
12,140,3934069.527549935,513
9,1029,3934069.527940264,513
7,1996,3934069.528025216,513
15,107,3934069.528106868,513
0,1286,3934069.528176090,513
14,1761,3934069.528246202,513
10,541,3934069.528311243,513
4,895,3934069.528374765,513
6,1641,3934069.528435906,513
8,415,3934069.528497218,513
5,1550,3934069.528564570,513
13,1582,3934069.528627841,513
1,2025,3934069.528688743,513
16,1486,3934069.529188015,513
23,993,3934069.529266077,513
18,359,3934069.529332669,513
20,1306,3934069.529396730,513
21,1596,3934069.529461172,513
17,394,3934069.529532434,513
25,1152,3934069.529615146,513
22,104,3934069.529682998,513
26,6,3934069.529745939,513
28,835,3934069.529806861,513
31,477,3934069.529866602,513
19,1056,3934069.529928644,513
27,144,3934069.529989005,513
24,904,3934069.530059687,513
29,209,3934069.530124649,513
30,602,3934069.530187340,513
35,812,3934069.530706713,513
44,1361,3934069.530792785,513
42,370,3934069.530867127,513
45,1592,3934069.530933309,513
33,1842,3934069.530996570,513
39,1105,3934069.531071142,513
46,934,3934069.531138824,513
38,542,3934069.531204046,513
36,1802,3934069.531267537,513
43,799,3934069.531333399,513
41,438,3934069.531397051,513
47,1843,3934069.531459472,513
40,1526,3934069.531522054,513
37,1751,3934069.531584605,513
34,1460,3934069.531653157,513
32,495,3934069.531713928,513
49,1035,3934069.532350774,513
54,1733,3934069.532430856,513
62,891,3934069.532501828,513
48,1637,3934069.532572640,513
50,1932,3934069.532634662,513
57,1507,3934069.532697323,513
52,326,3934069.532765425,513
58,1848,3934069.532832256,513
59,1658,3934069.532893688,513
53,1968,3934069.532955530,513
51,403,3934069.533026361,513
56,452,3934069.533098453,513
61,177,3934069.533159544,513
55,1326,3934069.533221416,513
63,1725,3934069.533287408,513
60,1541,3934069.533347209,513
76,366,3934069.533855702,513
64,89,3934069.533929904,513
67,1469,3934069.533992925,513
70,197,3934069.534067867,513
73,1859,3934069.534138159,513
69,1254,3934069.534201210,513
79,1059,3934069.534270942,513
74,740,3934069.534337204,513
68,1058,3934069.534398355,513
71,575,3934069.534464227,513
65,1535,3934069.534525569,513
66,1045,3934069.534584420,513
72,289,3934069.534643112,513
78,757,3934069.534708163,513
75,426,3934069.534777685,513
77,1133,3934069.534839757,513
88,416,3934069.535706308,513
91,994,3934069.535783350,513
81,1782,3934069.535850422,513
93,1885,3934069.535912833,513
95,837,3934069.535979695,513
86,879,3934069.536057867,513
92,588,3934069.536122438,513
85,912,3934069.536181910,513
83,1956,3934069.536249662,513
89,1244,3934069.536318254,513
90,1216,3934069.536383785,513
94,469,3934069.536449477,513
96,1346,3934069.536511198,513
80,1483,3934069.536578700,513
82,2035,3934069.536639542,513
84,1087,3934069.536699633,513
97,871,3934069.536760134,513
105,346,3934069.536820536,513
99,613,3934069.536883028,513
104,790,3934069.536951169,513
107,2027,3934069.537021531,513
103,785,3934069.537089733,513
106,800,3934069.537157815,513
108,1554,3934069.537223666,513
101,1212,3934069.537290828,513
102,429,3934069.537360020,513
98,1823,3934069.537425371,513
109,1408,3934069.537490523,513
110,1828,3934069.537550304,513
112,1422,3934069.537616226,513
100,1566,3934069.537679288,513
111,466,3934069.537737599,513
118,1447,3934069.538198681,513
122,1449,3934069.538271162,513
114,1090,3934069.538334394,513
115,1245,3934069.538403506,513
120,1636,3934069.538468277,513
121,741,3934069.538532649,513
125,481,3934069.538593390,513
124,1617,3934069.538656932,513
117,970,3934069.538726564,513
123,154,3934069.538791905,513
116,920,3934069.538858327,513
113,1410,3934069.538919819,513
119,1275,3934069.538979730,513
126,217,3934069.539052402,513
127,316,3934070.077584206,65
11,1095,3934070.108301724,577
3,1874,3934070.108668633,577
2,926,3934070.108809156,577
12,140,3934070.108927729,577
9,1029,3934070.109091043,577
7,1996,3934070.109208926,577
15,107,3934070.109713929,577
0,1286,3934070.109834012,577
14,1761,3934070.109960875,577
10,541,3934070.110082058,577
4,895,3934070.110195161,577
6,1641,3934070.110316154,577
8,415,3934070.110423407,577
5,1550,3934070.110541009,577
13,1582,3934070.110649452,577
1,2025,3934070.110755285,577
16,1486,3934070.111464753,577
23,993,3934070.111588646,577
18,359,3934070.111698438,577
20,1306,3934070.111807341,577
21,1596,3934070.111913714,577
17,394,3934070.112044357,577
25,1152,3934070.112157070,577
22,104,3934070.112271393,577
26,6,3934070.112400976,577
28,835,3934070.112525529,577
31,477,3934070.112644032,577
19,1056,3934070.112765135,577
27,144,3934070.112886328,577
24,904,3934070.113016891,577
29,209,3934070.113140534,577
30,602,3934070.113264618,577
35,812,3934070.114443637,577
44,1361,3934070.114606031,577
42,370,3934070.114770915,577
45,1592,3934070.114924939,577
33,1842,3934070.115080783,577
39,1105,3934070.115201826,577
46,934,3934070.115318259,577
38,542,3934070.115427502,577
36,1802,3934070.115535424,577
43,799,3934070.115648607,577
41,438,3934070.115756710,577
47,1843,3934070.115864953,577
40,1526,3934070.115972455,577
37,1751,3934070.116100879,577
34,1460,3934070.116225651,577
32,495,3934070.116331184,577
49,1035,3934070.116455987,577
54,1733,3934070.116576570,577
62,891,3934070.116687253,577
48,1637,3934070.116806856,577
50,1932,3934070.116916219,577
57,1507,3934070.117032632,577
52,326,3934070.118790566,577
58,1848,3934070.118932219,577
59,1658,3934070.119061642,577
53,1968,3934070.119176455,577
51,403,3934070.119287278,577
56,452,3934070.119406271,577
61,177,3934070.119511704,577
55,1326,3934070.119619006,577
63,1725,3934070.119739139,577
60,1541,3934070.119847452,577
76,366,3934070.119956395,577
64,89,3934070.120079978,577
67,1469,3934070.120198781,577
70,197,3934070.120323744,577
73,1859,3934070.120463997,577
69,1254,3934070.120589421,577
79,1059,3934070.120725294,577
74,740,3934070.120849377,577
68,1058,3934070.120974690,577
71,575,3934070.121127044,577
65,1535,3934070.121255007,577
66,1045,3934070.121356990,577
72,289,3934070.121471043,577
78,757,3934070.121621097,577
75,426,3934070.121781601,577
77,1133,3934070.121923934,577
88,416,3934070.122090938,577
91,994,3934070.122235132,577
81,1782,3934070.122373555,577
93,1885,3934070.122511999,577
95,837,3934070.122670843,577
86,879,3934070.122812846,577
92,588,3934070.122949239,577
85,912,3934070.123079583,577
83,1956,3934070.123208606,577
89,1244,3934070.123332369,577
90,1216,3934070.123452602,577
94,469,3934070.123566945,577
96,1346,3934070.123678068,577
80,1483,3934070.123798611,577
82,2035,3934070.123908874,577
84,1087,3934070.124030127,577
97,871,3934070.125264647,577
105,346,3934070.125390031,577
99,613,3934070.125500673,577
104,790,3934070.125624436,577
107,2027,3934070.125736899,577
103,785,3934070.125848722,577
106,800,3934070.125970895,577
108,1554,3934070.126105098,577
101,1212,3934070.126227092,577
102,429,3934070.126346515,577
98,1823,3934070.126467967,577
109,1408,3934070.126590070,577
110,1828,3934070.126698293,577
112,1422,3934070.126815766,577
100,1566,3934070.126926359,577
111,466,3934070.127041552,577
118,1447,3934070.127153235,577
122,1449,3934070.127264478,577
114,1090,3934070.127372530,577
115,1245,3934070.127489513,577
120,1636,3934070.127597046,577
121,741,3934070.127705548,577
125,481,3934070.127810071,577
124,1617,3934070.127919694,577
117,970,3934070.128051777,577
123,154,3934070.128195791,577
116,920,3934070.128337574,577
113,1410,3934070.128461517,577
119,1275,3934070.128583260,577
126,217,3934070.128713543,577
43,799,3934070.128844307,579
15,107,3934070.251626654,594
116,920,3934070.279108561,597
127,316,3934070.663113405,129
11,1095,3934070.693957965,641
3,1874,3934070.694348845,641
16,1486,3934070.694486188,641
2,926,3934070.694641522,641
12,140,3934070.694778985,641
9,1029,3934070.694915679,641
7,1996,3934070.695540644,641
0,1286,3934070.695665238,641
14,1761,3934070.695791671,641
10,541,3934070.695934754,641
4,895,3934070.696092508,641
6,1641,3934070.696256802,641
8,415,3934070.696402396,641
5,1550,3934070.696566960,641
13,1582,3934070.696714794,641
1,2025,3934070.696864708,641
23,993,3934070.697711029,641
32,495,3934070.697849992,641
18,359,3934070.697977265,641
20,1306,3934070.698109909,641
21,1596,3934070.698227392,641
17,394,3934070.698358075,641
25,1152,3934070.698478648,641
22,104,3934070.698595201,641
26,6,3934070.698708544,641
28,835,3934070.698821106,641
31,477,3934070.698931489,641
19,1056,3934070.699056472,641
27,144,3934070.699173505,641
24,904,3934070.699286748,641
29,209,3934070.699402721,641
30,602,3934070.699520244,641
35,812,3934070.700735954,641
49,1035,3934070.700885268,641
44,1361,3934070.701025552,641
42,370,3934070.701164115,641
48,1637,3934070.701296238,641
45,1592,3934070.701417061,641
33,1842,3934070.701532884,641
39,1105,3934070.701645497,641
46,934,3934070.701761580,641
38,542,3934070.701886523,641
36,1802,3934070.702009426,641
47,1843,3934070.702129939,641
41,438,3934070.702243432,641
40,1526,3934070.702356425,641
37,1751,3934070.702469138,641
34,1460,3934070.702598581,641
54,1733,3934070.702750265,641
62,891,3934070.702883988,641
64,89,3934070.703027702,641
59,1658,3934070.703159055,641
50,1932,3934070.703287248,641
57,1507,3934070.703413921,641
52,326,3934070.703561965,641
58,1848,3934070.703710399,641
53,1968,3934070.703835042,641
51,403,3934070.703978325,641
56,452,3934070.704153760,641
61,177,3934070.704290043,641
55,1326,3934070.704432587,641
65,1535,3934070.704580570,641
63,1725,3934070.704743874,641
60,1541,3934070.704890898,641
76,366,3934070.706889378,641
67,1469,3934070.707035912,641
73,1859,3934070.707178785,641
70,197,3934070.707297208,641
81,1782,3934070.707415041,641
69,1254,3934070.707531584,641
79,1059,3934070.707657927,641
74,740,3934070.707775650,641
68,1058,3934070.707893983,641
71,575,3934070.708034267,641
66,1045,3934070.708152900,641
72,289,3934070.708263453,641
78,757,3934070.708388696,641
75,426,3934070.708513759,641
80,1483,3934070.708640382,641
77,1133,3934070.708753045,641
88,416,3934070.708876278,641
91,994,3934070.708991201,641
97,871,3934070.709120954,641
93,1885,3934070.709241147,641
95,837,3934070.709369130,641
86,879,3934070.709485323,641
92,588,3934070.709600296,641
85,912,3934070.709711239,641
83,1956,3934070.709837152,641
89,1244,3934070.709963805,641
90,1216,3934070.710101068,641
98,1823,3934070.710226911,641
94,469,3934070.710347014,641
96,1346,3934070.710462117,641
82,2035,3934070.710580000,641
84,1087,3934070.710693713,641
105,346,3934070.710817686,641
99,613,3934070.710947400,641
104,790,3934070.711104983,641
107,2027,3934070.711256647,641
103,785,3934070.711406341,641
106,800,3934070.711556935,641
108,1554,3934070.711703908,641
101,1212,3934070.711853792,641
114,1090,3934070.712013676,641
102,429,3934070.712149719,641
109,1408,3934070.712283353,641
110,1828,3934070.712421196,641
112,1422,3934070.712578080,641
100,1566,3934070.712720974,641
111,466,3934070.712860397,641
113,1410,3934070.713014221,641
118,1447,3934070.713447502,641
122,1449,3934070.713599526,641
115,1245,3934070.713767490,641
120,1636,3934070.713918524,641
121,741,3934070.714087688,641
125,481,3934070.714227601,641
124,1617,3934070.714351025,641
117,970,3934070.714481218,641
123,154,3934070.714613791,641
119,1275,3934070.714733954,641
126,217,3934070.714859857,641
32,495,3934070.893186022,664
127,316,3934071.252625882,193
11,1095,3934071.284257603,705
3,1874,3934071.284502289,705
16,1486,3934071.284640682,705
2,926,3934071.284819177,705
12,140,3934071.285215356,705
9,1029,3934071.285386711,705
7,1996,3934071.285566556,705
0,1286,3934071.285731300,705
14,1761,3934071.285915464,705
10,541,3934071.286088689,705
4,895,3934071.286229372,705
6,1641,3934071.286378086,705
8,415,3934071.286503399,705
5,1550,3934071.286641492,705
13,1582,3934071.286783766,705
1,2025,3934071.286906209,705
23,993,3934071.287749760,705
18,359,3934071.287889813,705
20,1306,3934071.288028607,705
21,1596,3934071.288154920,705
17,394,3934071.288291773,705
25,1152,3934071.288418537,705
22,104,3934071.288542790,705
26,6,3934071.288667743,705
28,835,3934071.288789576,705
31,477,3934071.288906879,705
33,1842,3934071.289038692,705
19,1056,3934071.289165125,705
27,144,3934071.289286548,705
24,904,3934071.289405481,705
29,209,3934071.289527324,705
30,602,3934071.289650418,705
35,812,3934071.289769581,705
49,1035,3934071.289916404,705
44,1361,3934071.290064978,705
42,370,3934071.290203691,705
48,1637,3934071.290338295,705
50,1932,3934071.290462308,705
45,1592,3934071.290586771,705
39,1105,3934071.290704634,705
46,934,3934071.290827947,705
38,542,3934071.290960150,705
36,1802,3934071.291097403,705
47,1843,3934071.291225967,705
41,438,3934071.291346510,705
40,1526,3934071.291465933,705
37,1751,3934071.291587366,705
34,1460,3934071.291722559,705
54,1733,3934071.292240592,705
62,891,3934071.292390076,705
64,89,3934071.292550080,705
59,1658,3934071.292689503,705
57,1507,3934071.292825987,705
52,326,3934071.292943820,705
58,1848,3934071.293112144,705
53,1968,3934071.293274268,705
51,403,3934071.293426022,705
56,452,3934071.293602466,705
61,177,3934071.293754740,705
55,1326,3934071.293904154,705
65,1535,3934071.294070058,705
66,1045,3934071.294230112,705
63,1725,3934071.294410316,705
60,1541,3934071.294556900,705
76,366,3934071.296189791,705
67,1469,3934071.296330644,705
73,1859,3934071.296480948,705
70,197,3934071.296608941,705
81,1782,3934071.296732955,705
69,1254,3934071.296858258,705
79,1059,3934071.296994071,705
74,740,3934071.297131224,705
68,1058,3934071.297254288,705
71,575,3934071.297391741,705
78,757,3934071.297529604,705
72,289,3934071.297650767,705
75,426,3934071.297784601,705
80,1483,3934071.297920954,705
82,2035,3934071.298056657,705
77,1133,3934071.298181800,705
88,416,3934071.298316254,705
91,994,3934071.298438357,705
97,871,3934071.298560310,705
93,1885,3934071.298683263,705
99,613,3934071.298809066,705
95,837,3934071.298939890,705
86,879,3934071.299073133,705
92,588,3934071.299194216,705
85,912,3934071.299312769,705
83,1956,3934071.299449042,705
89,1244,3934071.299584756,705
90,1216,3934071.299719299,705
98,1823,3934071.299852062,705
94,469,3934071.299995346,705
96,1346,3934071.300152300,705
84,1087,3934071.300290423,705
105,346,3934071.300422076,705
104,790,3934071.300571880,705
107,2027,3934071.300710844,705
103,785,3934071.300852267,705
106,800,3934071.300992051,705
108,1554,3934071.301156005,705
101,1212,3934071.301327969,705
114,1090,3934071.301505803,705
115,1245,3934071.301678028,705
102,429,3934071.301856112,705
109,1408,3934071.302040827,705
110,1828,3934071.302197341,705
112,1422,3934071.302369925,705
100,1566,3934071.302530309,705
111,466,3934071.302666353,705
113,1410,3934071.302793986,705
118,1447,3934071.302918359,705
122,1449,3934071.303055582,705
120,1636,3934071.303180325,705
121,741,3934071.303303948,705
125,481,3934071.303431742,705
124,1617,3934071.303573765,705
117,970,3934071.303709409,705
123,154,3934071.303838402,705
119,1275,3934071.303963005,705
126,217,3934071.304103608,705
42,370,3934071.700121882,742
28,835,3934071.739409534,746
127,316,3934071.930857437,257
11,1095,3934071.962104318,769
3,1874,3934071.962339383,769
16,1486,3934071.962479877,769
2,926,3934071.962776314,769
12,140,3934071.962935648,769
9,1029,3934071.963085142,769
7,1996,3934071.963234916,769
0,1286,3934071.963367939,769
14,1761,3934071.963513103,769
10,541,3934071.963644716,769
4,895,3934071.963772869,769
6,1641,3934071.963917843,769
8,415,3934071.964053286,769
5,1550,3934071.964197580,769
13,1582,3934071.964343943,769
1,2025,3934071.964470697,769
23,993,3934071.965294027,769
18,359,3934071.965442781,769
20,1306,3934071.965577544,769
21,1596,3934071.965710677,769
17,394,3934071.965858511,769
25,1152,3934071.965994535,769
22,104,3934071.966138278,769
26,6,3934071.966268562,769
31,477,3934071.966395095,769
33,1842,3934071.966522468,769
34,1460,3934071.966668572,769
19,1056,3934071.966816325,769
27,144,3934071.966965619,769
24,904,3934071.967120923,769
29,209,3934071.967267796,769
30,602,3934071.967420360,769
35,812,3934071.967561464,769
49,1035,3934071.967731458,769
44,1361,3934071.967860361,769
48,1637,3934071.968043316,769
50,1932,3934071.968214870,769
45,1592,3934071.968380154,769
52,326,3934071.968568749,769
39,1105,3934071.968737273,769
46,934,3934071.968904397,769
38,542,3934071.969101032,769
36,1802,3934071.969271446,769
47,1843,3934071.969441941,769
41,438,3934071.969588834,769
51,403,3934071.969721358,769
40,1526,3934071.969851731,769
37,1751,3934071.969984024,769
54,1733,3934071.972233380,769
62,891,3934071.972387014,769
64,89,3934071.972539898,769
67,1469,3934071.972675392,769
59,1658,3934071.972807305,769
57,1507,3934071.972936098,769
58,1848,3934071.973090082,769
53,1968,3934071.973225755,769
68,1058,3934071.973356089,769
56,452,3934071.973503812,769
61,177,3934071.973679107,769
55,1326,3934071.973815330,769
65,1535,3934071.973954003,769
66,1045,3934071.974094597,769
63,1725,3934071.974242521,769
60,1541,3934071.974371984,769
76,366,3934071.974503097,769
73,1859,3934071.974647731,769
70,197,3934071.974773014,769
81,1782,3934071.974905817,769
84,1087,3934071.975066831,769
69,1254,3934071.975219695,769
79,1059,3934071.975384639,769
74,740,3934071.975535623,769
71,575,3934071.975702457,769
83,1956,3934071.975873391,769
78,757,3934071.976023825,769
72,289,3934071.976178039,769
75,426,3934071.976361864,769
80,1483,3934071.976542998,769
82,2035,3934071.976708102,769
77,1133,3934071.976873007,769
88,416,3934071.977063871,769
91,994,3934071.977233256,769
97,871,3934071.977401890,769
93,1885,3934071.977555573,769
99,613,3934071.977695107,769
95,837,3934071.977843871,769
86,879,3934071.977988944,769
101,1212,3934071.978147708,769
92,588,3934071.978282272,769
85,912,3934071.978410365,769
89,1244,3934071.978553269,769
90,1216,3934071.978695492,769
98,1823,3934071.978837756,769
94,469,3934071.978971839,769
100,1566,3934071.979116603,769
96,1346,3934071.979248866,769
118,1447,3934071.979399319,769
105,346,3934071.979527463,769
104,790,3934071.979667076,769
107,2027,3934071.979795789,769
103,785,3934071.979924913,769
106,800,3934071.980077556,769
108,1554,3934071.980222170,769
114,1090,3934071.980364604,769
115,1245,3934071.980503377,769
102,429,3934071.980641351,769
117,970,3934071.980779644,769
109,1408,3934071.980918948,769
110,1828,3934071.981055861,769
112,1422,3934071.981197444,769
111,466,3934071.981320158,769
113,1410,3934071.981445941,769
122,1449,3934071.981573624,769
120,1636,3934071.981702957,769
121,741,3934071.981831970,769
125,481,3934071.981957734,769
124,1617,3934071.982112237,769
123,154,3934071.982254651,769
119,1275,3934071.982381274,769
126,217,3934071.982519328,769
126,217,3934071.983140123,772
102,429,3934072.015342577,776
88,416,3934072.238409070,800
24,904,3934072.442949771,822
127,316,3934072.526299323,321
11,1095,3934072.557251256,833
3,1874,3934072.557673977,833
16,1486,3934072.557827381,833
2,926,3934072.557988515,833
12,140,3934072.558166309,833
9,1029,3934072.558315233,833
7,1996,3934072.558480727,833
0,1286,3934072.559093152,833
14,1761,3934072.559284107,833
10,541,3934072.559442231,833
4,895,3934072.559563924,833
6,1641,3934072.559748639,833
8,415,3934072.559916233,833
5,1550,3934072.560113598,833
13,1582,3934072.560319323,833
1,2025,3934072.560493137,833
23,993,3934072.561448741,833
35,812,3934072.561605765,833
18,359,3934072.561750889,833
20,1306,3934072.561895972,833
21,1596,3934072.562044706,833
17,394,3934072.562201770,833
25,1152,3934072.562346014,833
22,104,3934072.562484717,833
26,6,3934072.562626021,833
31,477,3934072.562761644,833
33,1842,3934072.562899577,833
19,1056,3934072.563068161,833
27,144,3934072.563212595,833
34,1460,3934072.563368739,833
29,209,3934072.563509923,833
30,602,3934072.563649196,833
49,1035,3934072.565027450,833
44,1361,3934072.565195735,833
48,1637,3934072.565355039,833
50,1932,3934072.565497542,833
45,1592,3934072.565637716,833
52,326,3934072.565792760,833
39,1105,3934072.565932643,833
46,934,3934072.566083647,833
38,542,3934072.566236411,833
36,1802,3934072.566376244,833
47,1843,3934072.566515248,833
41,438,3934072.566651541,833
51,403,3934072.566798565,833
40,1526,3934072.566955529,833
53,1968,3934072.567122403,833
37,1751,3934072.567279257,833
54,1733,3934072.567453331,833
62,891,3934072.567606515,833
64,89,3934072.567773799,833
67,1469,3934072.567921573,833
70,197,3934072.568070846,833
59,1658,3934072.568215180,833
57,1507,3934072.568365064,833
69,1254,3934072.568494657,833
58,1848,3934072.568678972,833
68,1058,3934072.568853046,833
61,177,3934072.569027121,833
55,1326,3934072.569192454,833
65,1535,3934072.569366699,833
66,1045,3934072.569533653,833
63,1725,3934072.569729158,833
60,1541,3934072.569904923,833
76,366,3934072.571780199,833
73,1859,3934072.571964284,833
81,1782,3934072.572125598,833
84,1087,3934072.572267522,833
79,1059,3934072.572420645,833
74,740,3934072.572561989,833
86,879,3934072.572713073,833
71,575,3934072.572863746,833
83,1956,3934072.573025280,833
85,912,3934072.573162964,833
78,757,3934072.573312117,833
72,289,3934072.573445161,833
75,426,3934072.573596775,833
80,1483,3934072.573747488,833
82,2035,3934072.573882532,833
77,1133,3934072.574024945,833
91,994,3934072.574160359,833
97,871,3934072.574297462,833
93,1885,3934072.574432496,833
99,613,3934072.574565509,833
105,346,3934072.574697702,833
104,790,3934072.574850506,833
95,837,3934072.575027991,833
103,785,3934072.575191035,833
101,1212,3934072.575364249,833
92,588,3934072.575517113,833
89,1244,3934072.575688607,833
90,1216,3934072.575867201,833
98,1823,3934072.576016265,833
94,469,3934072.576186939,833
100,1566,3934072.576364834,833
96,1346,3934072.576537478,833
118,1447,3934072.576734333,833
122,1449,3934072.576906657,833
107,2027,3934072.577089642,833
114,1090,3934072.577286417,833
106,800,3934072.577473352,833
108,1554,3934072.577640496,833
115,1245,3934072.577800110,833
120,1636,3934072.577985724,833
121,741,3934072.578150069,833
117,970,3934072.578302552,833
109,1408,3934072.578457866,833
110,1828,3934072.578594840,833
112,1422,3934072.578745213,833
111,466,3934072.578875136,833
113,1410,3934072.579021940,833
119,1275,3934072.579161854,833
123,154,3934072.579309747,833
124,1617,3934072.579463621,833
125,481,3934072.579602285,833
94,469,3934073.028211353,876
127,316,3934073.204808945,385
11,1095,3934073.235517122,897
3,1874,3934073.235924892,897
16,1486,3934073.236132307,897
2,926,3934073.236304521,897
12,140,3934073.236475746,897
9,1029,3934073.236628740,897
7,1996,3934073.237196834,897
0,1286,3934073.237356698,897
14,1761,3934073.237524792,897
10,541,3934073.237669735,897
4,895,3934073.237815829,897
6,1641,3934073.237983634,897
8,415,3934073.238138297,897
5,1550,3934073.238298751,897
13,1582,3934073.238467295,897
1,2025,3934073.238609889,897
23,993,3934073.239378948,897
35,812,3934073.239532772,897
18,359,3934073.239681016,897
20,1306,3934073.239824779,897
21,1596,3934073.239966933,897
17,394,3934073.240137487,897
25,1152,3934073.240287651,897
22,104,3934073.240442855,897
26,6,3934073.240586808,897
31,477,3934073.240732122,897
33,1842,3934073.240898866,897
19,1056,3934073.241097651,897
27,144,3934073.241261675,897
34,1460,3934073.241442930,897
29,209,3934073.241609824,897
30,602,3934073.241742967,897
49,1035,3934073.243678016,897
44,1361,3934073.243858690,897
48,1637,3934073.244035785,897
50,1932,3934073.244191149,897
45,1592,3934073.244342402,897
52,326,3934073.244504506,897
39,1105,3934073.244651610,897
46,934,3934073.244799734,897
38,542,3934073.244960348,897
36,1802,3934073.245140222,897
47,1843,3934073.245290266,897
41,438,3934073.245434220,897
51,403,3934073.245574413,897
40,1526,3934073.245716716,897
53,1968,3934073.245860460,897
37,1751,3934073.246009114,897
54,1733,3934073.246169908,897
62,891,3934073.246316182,897
64,89,3934073.246477895,897
67,1469,3934073.246622469,897
70,197,3934073.246760693,897
59,1658,3934073.246896936,897
57,1507,3934073.247046960,897
69,1254,3934073.247193404,897
58,1848,3934073.247352428,897
68,1058,3934073.247497051,897
61,177,3934073.247634895,897
55,1326,3934073.247774788,897
65,1535,3934073.247917582,897
66,1045,3934073.248065365,897
63,1725,3934073.248226329,897
60,1541,3934073.248365963,897
76,366,3934073.249882221,897
73,1859,3934073.250086396,897
81,1782,3934073.250268980,897
84,1087,3934073.250451265,897
79,1059,3934073.250655080,897
74,740,3934073.250846125,897
86,879,3934073.251058600,897
71,575,3934073.251268315,897
83,1956,3934073.251468050,897
85,912,3934073.251626414,897
78,757,3934073.251792779,897
72,289,3934073.251937242,897
75,426,3934073.252111106,897
80,1483,3934073.252280281,897
82,2035,3934073.252427084,897
77,1133,3934073.252572178,897
91,994,3934073.252718522,897
97,871,3934073.252865855,897
93,1885,3934073.253022349,897
99,613,3934073.253169623,897
105,346,3934073.253310596,897
104,790,3934073.253467070,897
95,837,3934073.253622894,897
103,785,3934073.253771588,897
106,800,3934073.253934652,897
101,1212,3934073.254109246,897
92,588,3934073.254256400,897
89,1244,3934073.254418894,897
90,1216,3934073.254580818,897
98,1823,3934073.254736472,897
100,1566,3934073.254882036,897
96,1346,3934073.255033349,897
118,1447,3934073.255191943,897
122,1449,3934073.255333707,897
107,2027,3934073.255481320,897
114,1090,3934073.255645795,897
108,1554,3934073.255800628,897
120,1636,3934073.255944572,897
121,741,3934073.256101946,897
124,1617,3934073.256261730,897
117,970,3934073.256419134,897
109,1408,3934073.256574428,897
110,1828,3934073.256716141,897
112,1422,3934073.256866295,897
123,154,3934073.257036739,897
111,466,3934073.257194223,897
113,1410,3934073.257355677,897
119,1275,3934073.257514191,897
125,481,3934073.257669125,897
127,316,3934073.805423250,449
11,1095,3934073.835982734,961
3,1874,3934073.836314192,961
16,1486,3934073.836478926,961
2,926,3934073.836648210,961
12,140,3934073.836969888,961
9,1029,3934073.837144903,961
7,1996,3934073.837317667,961
0,1286,3934073.837471911,961
14,1761,3934073.837644995,961
10,541,3934073.837797599,961
4,895,3934073.837950713,961
6,1641,3934073.838153178,961
8,415,3934073.838305522,961
5,1550,3934073.838472306,961
13,1582,3934073.838642580,961
1,2025,3934073.838797444,961
23,993,3934073.839718797,961
35,812,3934073.839880271,961
18,359,3934073.840044865,961
20,1306,3934073.840199139,961
21,1596,3934073.840353103,961
17,394,3934073.840519887,961
25,1152,3934073.840680961,961
22,104,3934073.840851335,961
26,6,3934073.841037500,961
31,477,3934073.841210364,961
33,1842,3934073.841378688,961
19,1056,3934073.841579534,961
27,144,3934073.841751868,961
34,1460,3934073.841939432,961
29,209,3934073.842141628,961
30,602,3934073.842331332,961
49,1035,3934073.842551288,961
44,1361,3934073.842766853,961
48,1637,3934073.842980318,961
50,1932,3934073.843184643,961
45,1592,3934073.843383648,961
52,326,3934073.843574303,961
39,1105,3934073.843736707,961
46,934,3934073.843899021,961
38,542,3934073.844082586,961
36,1802,3934073.844260470,961
47,1843,3934073.844416884,961
41,438,3934073.844567858,961
51,403,3934073.844716722,961
40,1526,3934073.844866705,961
53,1968,3934073.845029140,961
37,1751,3934073.845183053,961
54,1733,3934073.845653155,961
62,891,3934073.845819899,961
64,89,3934073.845993004,961
67,1469,3934073.846159418,961
70,197,3934073.846305181,961
59,1658,3934073.846447495,961
57,1507,3934073.846594819,961
69,1254,3934073.846743492,961
58,1848,3934073.846908496,961
68,1058,3934073.847068751,961
61,177,3934073.847213614,961
55,1326,3934073.847359508,961
65,1535,3934073.847510111,961
66,1045,3934073.847656705,961
63,1725,3934073.847823549,961
60,1541,3934073.847970853,961
76,366,3934073.849521602,961
73,1859,3934073.849729217,961
81,1782,3934073.849906191,961
84,1087,3934073.850072166,961
79,1059,3934073.850275051,961
74,740,3934073.850465625,961
86,879,3934073.850673801,961
71,575,3934073.850887606,961
83,1956,3934073.851110572,961
85,912,3934073.851302646,961
78,757,3934073.851516532,961
72,289,3934073.851692156,961
75,426,3934073.851870771,961
80,1483,3934073.852055975,961
82,2035,3934073.852215809,961
77,1133,3934073.852369813,961
91,994,3934073.852522177,961
97,871,3934073.852676561,961
93,1885,3934073.852829415,961
99,613,3934073.852983018,961
105,346,3934073.853145402,961
104,790,3934073.853312747,961
95,837,3934073.853475060,961
103,785,3934073.853629704,961
106,800,3934073.853797599,961
101,1212,3934073.853969373,961
92,588,3934073.854131597,961
89,1244,3934073.854298431,961
90,1216,3934073.854464005,961
98,1823,3934073.854627269,961
100,1566,3934073.854780033,961
96,1346,3934073.854928837,961
118,1447,3934073.855105821,961
122,1449,3934073.855257545,961
107,2027,3934073.855404069,961
114,1090,3934073.855572363,961
108,1554,3934073.855735307,961
120,1636,3934073.855883461,961
121,741,3934073.856049765,961
124,1617,3934073.856227059,961
117,970,3934073.856392633,961
109,1408,3934073.856558858,961
110,1828,3934073.856703991,961
112,1422,3934073.856863705,961
123,154,3934073.857032049,961
111,466,3934073.857180303,961
113,1410,3934073.857342177,961
119,1275,3934073.857512981,961
125,481,3934073.857676076,961
85,912,3934074.089099507,989
27,144,3934074.336631522,1015
127,316,3934074.411595835,513
11,1095,3934074.456093286,1025
3,1874,3934074.456377414,1025
16,1486,3934074.456552218,1025
2,926,3934074.456733152,1025
12,140,3934074.457114662,1025
9,1029,3934074.457290076,1025
7,1996,3934074.457474461,1025
0,1286,3934074.457634145,1025
14,1761,3934074.457816309,1025
10,541,3934074.457982363,1025
4,895,3934074.458181579,1025
6,1641,3934074.458395144,1025
8,415,3934074.458569498,1025
5,1550,3934074.458768533,1025
13,1582,3934074.458954128,1025
1,2025,3934074.459166143,1025
23,993,3934074.460075296,1025
35,812,3934074.460277111,1025
18,359,3934074.460483556,1025
20,1306,3934074.460690411,1025
21,1596,3934074.460863195,1025
17,394,3934074.461057760,1025
25,1152,3934074.461230475,1025
22,104,3934074.461401029,1025
26,6,3934074.461561243,1025
31,477,3934074.461716857,1025
33,1842,3934074.461876701,1025
36,1802,3934074.462078016,1025
19,1056,3934074.462267670,1025
34,1460,3934074.462449825,1025
29,209,3934074.462615999,1025
30,602,3934074.462778423,1025
49,1035,3934074.462961488,1025
54,1733,3934074.463152153,1025
44,1361,3934074.463327947,1025
48,1637,3934074.463511092,1025
50,1932,3934074.463670896,1025
45,1592,3934074.463834510,1025
52,326,3934074.464024265,1025
39,1105,3934074.464185938,1025
46,934,3934074.464349662,1025
38,542,3934074.464524477,1025
47,1843,3934074.464686601,1025
51,403,3934074.464844655,1025
41,438,3934074.464998579,1025
53,1968,3934074.465165413,1025
40,1526,3934074.465346547,1025
37,1751,3934074.465508842,1025
62,891,3934074.466093686,1025
64,89,3934074.466294731,1025
67,1469,3934074.466480096,1025
70,197,3934074.466658310,1025
59,1658,3934074.466830995,1025
57,1507,3934074.467016549,1025
69,1254,3934074.467178983,1025
58,1848,3934074.467297426,1025
68,1058,3934074.467399129,1025
71,575,3934074.467508552,1025
61,177,3934074.467602284,1025
55,1326,3934074.467696296,1025
65,1535,3934074.467791949,1025
66,1045,3934074.467885001,1025
63,1725,3934074.467988344,1025
60,1541,3934074.468097446,1025
76,366,3934074.468718692,1025
73,1859,3934074.468834625,1025
81,1782,3934074.468938337,1025
84,1087,3934074.469049670,1025
79,1059,3934074.469157433,1025
74,740,3934074.469258115,1025
86,879,3934074.469360138,1025
83,1956,3934074.469463240,1025
89,1244,3934074.469565813,1025
78,757,3934074.469669115,1025
72,289,3934074.469762868,1025
90,1216,3934074.469866591,1025
75,426,3934074.469970533,1025
80,1483,3934074.470086576,1025
82,2035,3934074.470183338,1025
77,1133,3934074.470283041,1025
91,994,3934074.470379023,1025
97,871,3934074.470476216,1025
93,1885,3934074.470570118,1025
99,613,3934074.470664371,1025
105,346,3934074.470760793,1025
104,790,3934074.470862975,1025
107,2027,3934074.470959718,1025
95,837,3934074.471067301,1025
103,785,3934074.471168203,1025
106,800,3934074.471273326,1025
101,1212,3934074.471379098,1025
92,588,3934074.471476671,1025
108,1554,3934074.471579203,1025
98,1823,3934074.471681416,1025
100,1566,3934074.471778588,1025
96,1346,3934074.471875591,1025
118,1447,3934074.471979993,1025
122,1449,3934074.472086916,1025
114,1090,3934074.472190469,1025
120,1636,3934074.472286331,1025
121,741,3934074.472381053,1025
125,481,3934074.472473945,1025
124,1617,3934074.472576008,1025
117,970,3934074.472675170,1025
109,1408,3934074.472777333,1025
110,1828,3934074.472872786,1025
112,1422,3934074.472972388,1025
123,154,3934074.473085451,1025
111,466,3934074.473178893,1025
113,1410,3934074.473272496,1025
119,1275,3934074.473365358,1025
74,740,3934074.881368571,1072
18,359,3934075.014678212,1086
127,316,3934075.023763789,577
11,1095,3934075.056073206,1089
3,1874,3934075.056364584,1089
16,1486,3934075.056547068,1089
2,926,3934075.056737913,1089
12,140,3934075.057136323,1089
9,1029,3934075.057317787,1089
7,1996,3934075.057510322,1089
0,1286,3934075.057678586,1089
14,1761,3934075.057869201,1089
10,541,3934075.058045866,1089
4,895,3934075.058230770,1089
6,1641,3934075.058420105,1089
8,415,3934075.058585999,1089
5,1550,3934075.058766893,1089
13,1582,3934075.058958528,1089
1,2025,3934075.059152243,1089
23,993,3934075.059857801,1089
35,812,3934075.060039455,1089
25,1152,3934075.060225520,1089
20,1306,3934075.060415685,1089
21,1596,3934075.060583569,1089
17,394,3934075.060779504,1089
26,6,3934075.060972299,1089
22,104,3934075.061177184,1089
31,477,3934075.061359488,1089
33,1842,3934075.061549453,1089
36,1802,3934075.061740068,1089
19,1056,3934075.061971964,1089
37,1751,3934075.062195479,1089
34,1460,3934075.062429155,1089
29,209,3934075.062645440,1089
30,602,3934075.062848946,1089
49,1035,3934075.063105472,1089
54,1733,3934075.063334558,1089
44,1361,3934075.063538053,1089
48,1637,3934075.063734388,1089
50,1932,3934075.063906882,1089
45,1592,3934075.064094437,1089
52,326,3934075.064284662,1089
39,1105,3934075.064454156,1089
46,934,3934075.064625340,1089
38,542,3934075.064812015,1089
47,1843,3934075.064984509,1089
51,403,3934075.065173024,1089
41,438,3934075.065337528,1089
53,1968,3934075.065508712,1089
40,1526,3934075.065695077,1089
55,1326,3934075.065862401,1089
62,891,3934075.066395894,1089
64,89,3934075.066593239,1089
67,1469,3934075.066764163,1089
70,197,3934075.066931437,1089
59,1658,3934075.067110142,1089
57,1507,3934075.067278196,1089
69,1254,3934075.067444360,1089
58,1848,3934075.067630075,1089
68,1058,3934075.068590869,1089
71,575,3934075.068802064,1089
61,177,3934075.068964358,1089
65,1535,3934075.069148073,1089
66,1045,3934075.069337937,1089
72,289,3934075.069517462,1089
63,1725,3934075.069729147,1089
60,1541,3934075.069916682,1089
76,366,3934075.070108237,1089
91,994,3934075.070313992,1089
73,1859,3934075.070547038,1089
81,1782,3934075.070752243,1089
84,1087,3934075.070958968,1089
79,1059,3934075.071202324,1089
86,879,3934075.071433080,1089
92,588,3934075.071639245,1089
83,1956,3934075.071844800,1089
89,1244,3934075.072050055,1089
78,757,3934075.072240210,1089
90,1216,3934075.072427815,1089
75,426,3934075.072612759,1089
80,1483,3934075.072798864,1089
82,2035,3934075.072966758,1089
77,1133,3934075.073146833,1089
97,871,3934075.073316777,1089
105,346,3934075.073479891,1089
93,1885,3934075.073646885,1089
99,613,3934075.073815200,1089
104,790,3934075.073994154,1089
107,2027,3934075.074171028,1089
95,837,3934075.074346343,1089
103,785,3934075.074510687,1089
106,800,3934075.074690581,1089
101,1212,3934075.074873736,1089
108,1554,3934075.075064721,1089
98,1823,3934075.075244725,1089
109,1408,3934075.075427200,1089
110,1828,3934075.075594054,1089
100,1566,3934075.075765648,1089
96,1346,3934075.075930022,1089
118,1447,3934075.076120297,1089
122,1449,3934075.076287171,1089
114,1090,3934075.076470756,1089
120,1636,3934075.076635150,1089
121,741,3934075.076804914,1089
125,481,3934075.076964768,1089
124,1617,3934075.077164873,1089
117,970,3934075.077342608,1089
112,1422,3934075.077543813,1089
123,154,3934075.077747758,1089
111,466,3934075.077927662,1089
113,1410,3934075.078120967,1089
119,1275,3934075.078310172,1089
127,316,3934075.252630367,601
11,1095,3934075.665740578,1153
3,1874,3934075.666095227,1153
16,1486,3934075.666258591,1153
2,926,3934075.666455336,1153
12,140,3934075.666664061,1153
9,1029,3934075.667053341,1153
7,1996,3934075.667261056,1153
0,1286,3934075.667423560,1153
14,1761,3934075.667597024,1153
10,541,3934075.667754408,1153
4,895,3934075.667904062,1153
6,1641,3934075.668064716,1153
8,415,3934075.668199690,1153
5,1550,3934075.668339353,1153
13,1582,3934075.668486067,1153
1,2025,3934075.668625300,1153
23,993,3934075.668864676,1153
35,812,3934075.668997199,1153
25,1152,3934075.669584384,1153
20,1306,3934075.669772549,1153
21,1596,3934075.669913613,1153
17,394,3934075.670080717,1153
26,6,3934075.670225520,1153
22,104,3934075.670365384,1153
31,477,3934075.670493617,1153
33,1842,3934075.670623640,1153
36,1802,3934075.670768584,1153
19,1056,3934075.670914858,1153
37,1751,3934075.671056471,1153
34,1460,3934075.671218505,1153
29,209,3934075.671358509,1153
30,602,3934075.671496272,1153
49,1035,3934075.671644946,1153
54,1733,3934075.671787849,1153
44,1361,3934075.671926223,1153
48,1637,3934075.672077276,1153
50,1932,3934075.672222560,1153
45,1592,3934075.672364764,1153
52,326,3934075.672507817,1153
39,1105,3934075.672652871,1153
46,934,3934075.672792324,1153
38,542,3934075.672935138,1153
47,1843,3934075.673076992,1153
51,403,3934075.673211235,1153
41,438,3934075.673354199,1153
53,1968,3934075.673489252,1153
40,1526,3934075.673633535,1153
55,1326,3934075.673763959,1153
62,891,3934075.674147658,1153
64,89,3934075.675137863,1153
67,1469,3934075.675288727,1153
70,197,3934075.675424360,1153
59,1658,3934075.675573384,1153
57,1507,3934075.675713337,1153
69,1254,3934075.675846061,1153
58,1848,3934075.675989764,1153
68,1058,3934075.676136648,1153
71,575,3934075.676285112,1153
61,177,3934075.676410695,1153
65,1535,3934075.676538678,1153
66,1045,3934075.676667301,1153
72,289,3934075.676790334,1153
63,1725,3934075.676935348,1153
60,1541,3934075.677075161,1153
76,366,3934075.677223545,1153
91,994,3934075.677356248,1153
73,1859,3934075.677498452,1153
81,1782,3934075.677635525,1153
84,1087,3934075.677769179,1153
79,1059,3934075.677909552,1153
86,879,3934075.678060256,1153
92,588,3934075.678214610,1153
83,1956,3934075.678364514,1153
89,1244,3934075.678506277,1153
78,757,3934075.678650981,1153
90,1216,3934075.678792644,1153
75,426,3934075.678934748,1153
80,1483,3934075.679084902,1153
82,2035,3934075.679217585,1153
77,1133,3934075.679344138,1153
97,871,3934075.679474541,1153
105,346,3934075.679615635,1153
93,1885,3934075.679745638,1153
99,613,3934075.679873951,1153
104,790,3934075.680020725,1153
107,2027,3934075.680154528,1153
95,837,3934075.680291492,1153
103,785,3934075.680422875,1153
106,800,3934075.680562819,1153
101,1212,3934075.680700402,1153
108,1554,3934075.680837225,1153
98,1823,3934075.680973809,1153
109,1408,3934075.681129913,1153
110,1828,3934075.681269056,1153
100,1566,3934075.681401689,1153
96,1346,3934075.681529073,1153
118,1447,3934075.681668726,1153
122,1449,3934075.681796289,1153
114,1090,3934075.681934323,1153
120,1636,3934075.682073006,1153
121,741,3934075.682207360,1153
125,481,3934075.682331343,1153
124,1617,3934075.682469326,1153
117,970,3934075.682605879,1153
112,1422,3934075.682739573,1153
123,154,3934075.682872636,1153
111,466,3934075.682993569,1153
113,1410,3934075.683225715,1153
119,1275,3934075.683445060,1153
70,197,3934075.789124241,1165
13,1582,3934075.980476962,1182
11,1095,3934076.404863255,1217
3,1874,3934076.405423469,1217
16,1486,3934076.405698936,1217
2,926,3934076.405971312,1217
12,140,3934076.406278900,1217
9,1029,3934076.406758302,1217
7,1996,3934076.407076660,1217
17,394,3934076.407354467,1217
0,1286,3934076.407731946,1217
14,1761,3934076.408046974,1217
10,541,3934076.408302110,1217
4,895,3934076.408562147,1217
6,1641,3934076.408825674,1217
8,415,3934076.409084130,1217
5,1550,3934076.409345596,1217
1,2025,3934076.409600153,1217
23,993,3934076.410724821,1217
35,812,3934076.410983048,1217
25,1152,3934076.411291035,1217
20,1306,3934076.411571252,1217
21,1596,3934076.411813128,1217
26,6,3934076.412067904,1217
31,477,3934076.412306441,1217
22,104,3934076.412558317,1217
33,1842,3934076.412795523,1217
36,1802,3934076.413069900,1217
38,542,3934076.413339667,1217
19,1056,3934076.413605413,1217
37,1751,3934076.413842909,1217
34,1460,3934076.414110986,1217
29,209,3934076.414363752,1217
30,602,3934076.414609728,1217
49,1035,3934076.414877765,1217
54,1733,3934076.415153192,1217
44,1361,3934076.415409338,1217
48,1637,3934076.415662354,1217
50,1932,3934076.415895430,1217
57,1507,3934076.416148987,1217
45,1592,3934076.416390023,1217
52,326,3934076.416646629,1217
39,1105,3934076.416885365,1217
46,934,3934076.417143791,1217
47,1843,3934076.417379557,1217
51,403,3934076.417612013,1217
53,1968,3934076.417851599,1217
41,438,3934076.418094175,1217
55,1326,3934076.418333671,1217
40,1526,3934076.418594538,1217
62,891,3934076.420590528,1217
64,89,3934076.420893125,1217
67,1469,3934076.421181442,1217
73,1859,3934076.421486660,1217
59,1658,3934076.421738236,1217
69,1254,3934076.421982982,1217
58,1848,3934076.422275760,1217
68,1058,3934076.422519006,1217
71,575,3934076.422782162,1217
61,177,3934076.423022968,1217
65,1535,3934076.423265764,1217
66,1045,3934076.423500650,1217
72,289,3934076.423726616,1217
75,426,3934076.423984642,1217
63,1725,3934076.424267589,1217
60,1541,3934076.424503725,1217
76,366,3934076.424761902,1217
91,994,3934076.425012078,1217
81,1782,3934076.425251074,1217
84,1087,3934076.425488550,1217
93,1885,3934076.425722286,1217
95,837,3934076.425968192,1217
79,1059,3934076.426239739,1217
86,879,3934076.426493865,1217
92,588,3934076.426731391,1217
83,1956,3934076.426985937,1217
89,1244,3934076.427257984,1217
78,757,3934076.427513081,1217
90,1216,3934076.427767307,1217
80,1483,3934076.428037183,1217
82,2035,3934076.428320901,1217
77,1133,3934076.428608558,1217
97,871,3934076.428859314,1217
105,346,3934076.429104150,1217
99,613,3934076.429341126,1217
104,790,3934076.429592502,1217
107,2027,3934076.429825588,1217
103,785,3934076.430097835,1217
106,800,3934076.430360922,1217
108,1554,3934076.430611948,1217
101,1212,3934076.430862764,1217
98,1823,3934076.431120401,1217
109,1408,3934076.431466059,1217
110,1828,3934076.431716706,1217
112,1422,3934076.431961892,1217
100,1566,3934076.432228088,1217
111,466,3934076.432455074,1217
96,1346,3934076.432682580,1217
118,1447,3934076.432928736,1217
122,1449,3934076.433180342,1217
114,1090,3934076.433433878,1217
120,1636,3934076.433667444,1217
121,741,3934076.433899790,1217
125,481,3934076.434135756,1217
124,1617,3934076.434391072,1217
117,970,3934076.434630928,1217
123,154,3934076.434872514,1217
113,1410,3934076.435113120,1217
119,1275,3934076.435393538,1217
92,588,3934076.568288418,1224
91,994,3934076.697062155,1230
61,177,3934077.335467605,1274
11,1095,3934077.412498930,1281
3,1874,3934077.412843519,1281
16,1486,3934077.413091315,1281
2,926,3934077.413314170,1281
12,140,3934077.413761751,1281
9,1029,3934077.413966567,1281
7,1996,3934077.414201392,1281
17,394,3934077.414418128,1281
0,1286,3934077.414604763,1281
14,1761,3934077.414817258,1281
10,541,3934077.415027543,1281
4,895,3934077.415246668,1281
6,1641,3934077.415469734,1281
8,415,3934077.415658509,1281
5,1550,3934077.415866294,1281
1,2025,3934077.416086320,1281
23,993,3934077.416858399,1281
35,812,3934077.417064304,1281
25,1152,3934077.417273509,1281
20,1306,3934077.417488004,1281
21,1596,3934077.417679509,1281
26,6,3934077.417874724,1281
31,477,3934077.418070399,1281
22,104,3934077.418267914,1281
33,1842,3934077.418459429,1281
36,1802,3934077.418676824,1281
38,542,3934077.418885739,1281
19,1056,3934077.419114485,1281
37,1751,3934077.419317190,1281
34,1460,3934077.419557596,1281
29,209,3934077.419771912,1281
30,602,3934077.419990387,1281
49,1035,3934077.420203962,1281
54,1733,3934077.420465119,1281
44,1361,3934077.420728845,1281
48,1637,3934077.420995922,1281
50,1932,3934077.421231268,1281
57,1507,3934077.421462864,1281
45,1592,3934077.421700020,1281
52,326,3934077.421933935,1281
39,1105,3934077.422146691,1281
46,934,3934077.422355156,1281
47,1843,3934077.422548631,1281
51,403,3934077.422737046,1281
53,1968,3934077.422930960,1281
41,438,3934077.423128616,1281
55,1326,3934077.423314230,1281
40,1526,3934077.423532566,1281
76,366,3934077.424235543,1281
62,891,3934077.424443258,1281
64,89,3934077.424659404,1281
67,1469,3934077.424849208,1281
73,1859,3934077.425070014,1281
59,1658,3934077.425259259,1281
69,1254,3934077.425454014,1281
58,1848,3934077.425660159,1281
68,1058,3934077.425849544,1281
71,575,3934077.426071199,1281
65,1535,3934077.426265804,1281
66,1045,3934077.426455188,1281
72,289,3934077.426636523,1281
75,426,3934077.426843908,1281
63,1725,3934077.427062194,1281
60,1541,3934077.427252868,1281
97,871,3934077.428194662,1281
81,1782,3934077.428415088,1281
84,1087,3934077.428637253,1281
93,1885,3934077.428833118,1281
95,837,3934077.429095054,1281
79,1059,3934077.429348681,1281
86,879,3934077.429606827,1281
83,1956,3934077.429866564,1281
89,1244,3934077.430143731,1281
78,757,3934077.430382337,1281
90,1216,3934077.430604982,1281
98,1823,3934077.430824938,1281
96,1346,3934077.431028753,1281
80,1483,3934077.431247668,1281
82,2035,3934077.431445473,1281
77,1133,3934077.431633268,1281
105,346,3934077.431818333,1281
99,613,3934077.432017307,1281
104,790,3934077.432230903,1281
107,2027,3934077.432421057,1281
103,785,3934077.432626023,1281
106,800,3934077.432833618,1281
108,1554,3934077.433056124,1281
101,1212,3934077.433269269,1281
114,1090,3934077.433480564,1281
117,970,3934077.433684689,1281
109,1408,3934077.433891224,1281
110,1828,3934077.434082359,1281
112,1422,3934077.434284924,1281
100,1566,3934077.434476149,1281
111,466,3934077.434656244,1281
113,1410,3934077.434842408,1281
118,1447,3934077.435056214,1281
122,1449,3934077.435246398,1281
120,1636,3934077.435457513,1281
121,741,3934077.435647548,1281
125,481,3934077.435853193,1281
124,1617,3934077.436071199,1281
123,154,3934077.436286884,1281
119,1275,3934077.436497319,1281
11,1095,3934078.078620263,1345
3,1874,3934078.079079184,1345
16,1486,3934078.079242648,1345
2,926,3934078.079377652,1345
12,140,3934078.079678249,1345
9,1029,3934078.079807062,1345
7,1996,3934078.079945086,1345
17,394,3934078.080088199,1345
0,1286,3934078.080211432,1345
14,1761,3934078.080341906,1345
10,541,3934078.080461879,1345
4,895,3934078.080590982,1345
6,1641,3934078.080725535,1345
8,415,3934078.080841978,1345
5,1550,3934078.080969831,1345
1,2025,3934078.081109555,1345
23,993,3934078.081460734,1345
35,812,3934078.081583757,1345
25,1152,3934078.081715640,1345
20,1306,3934078.081847363,1345
21,1596,3934078.081966526,1345
26,6,3934078.082097769,1345
31,477,3934078.082215452,1345
22,104,3934078.082337046,1345
33,1842,3934078.082453598,1345
36,1802,3934078.082583482,1345
38,542,3934078.082709255,1345
19,1056,3934078.082840338,1345
37,1751,3934078.082957901,1345
34,1460,3934078.083092704,1345
29,209,3934078.083216608,1345
30,602,3934078.083338091,1345
49,1035,3934078.083615807,1345
54,1733,3934078.084153031,1345
44,1361,3934078.084288544,1345
48,1637,3934078.084417378,1345
50,1932,3934078.084534470,1345
57,1507,3934078.084652213,1345
45,1592,3934078.084772636,1345
52,326,3934078.084901219,1345
39,1105,3934078.085036973,1345
46,934,3934078.085163676,1345
47,1843,3934078.085281289,1345
51,403,3934078.085396182,1345
53,1968,3934078.085515055,1345
41,438,3934078.085646078,1345
55,1326,3934078.085772111,1345
40,1526,3934078.085908545,1345
76,366,3934078.086052539,1345
62,891,3934078.086179982,1345
64,89,3934078.086353346,1345
67,1469,3934078.086497690,1345
73,1859,3934078.086635983,1345
59,1658,3934078.086756906,1345
69,1254,3934078.086877409,1345
58,1848,3934078.087013982,1345
68,1058,3934078.087136066,1345
71,575,3934078.087267559,1345
65,1535,3934078.087386162,1345
66,1045,3934078.087501884,1345
72,289,3934078.087629288,1345
75,426,3934078.087779262,1345
63,1725,3934078.088035988,1345
60,1541,3934078.088268904,1345
97,871,3934078.088763946,1345
81,1782,3934078.089776861,1345
84,1087,3934078.090017127,1345
93,1885,3934078.090245553,1345
95,837,3934078.090430438,1345
79,1059,3934078.090689664,1345
86,879,3934078.090952331,1345
83,1956,3934078.091237998,1345
89,1244,3934078.091504515,1345
78,757,3934078.091780911,1345
90,1216,3934078.092043238,1345
98,1823,3934078.092272944,1345
96,1346,3934078.092480569,1345
80,1483,3934078.092701694,1345
82,2035,3934078.092901750,1345
77,1133,3934078.093110575,1345
105,346,3934078.093307420,1345
99,613,3934078.093500124,1345
104,790,3934078.093710030,1345
107,2027,3934078.093911315,1345
103,785,3934078.094135140,1345
106,800,3934078.094351646,1345
108,1554,3934078.094570331,1345
101,1212,3934078.094784286,1345
114,1090,3934078.095010822,1345
117,970,3934078.095228598,1345
109,1408,3934078.095445623,1345
110,1828,3934078.095639948,1345
112,1422,3934078.095846963,1345
100,1566,3934078.096057098,1345
111,466,3934078.096249763,1345
113,1410,3934078.096443598,1345
118,1447,3934078.096656153,1345
122,1449,3934078.096850978,1345
120,1636,3934078.097078694,1345
121,741,3934078.097278579,1345
125,481,3934078.097504885,1345
124,1617,3934078.097752251,1345
123,154,3934078.097990627,1345
119,1275,3934078.098221442,1345
11,1095,3934078.932873406,1409
3,1874,3934078.933600104,1409
16,1486,3934078.933839540,1409
2,926,3934078.934084466,1409
12,140,3934078.934331113,1409
9,1029,3934078.934543698,1409
7,1996,3934078.934788574,1409
17,394,3934078.935051640,1409
0,1286,3934078.935284896,1409
14,1761,3934078.935552083,1409
10,541,3934078.935921972,1409
4,895,3934078.936206079,1409
6,1641,3934078.936490426,1409
8,415,3934078.936734962,1409
5,1550,3934078.937024640,1409
1,2025,3934078.937309257,1409
23,993,3934078.938165678,1409
35,812,3934078.938384054,1409
25,1152,3934078.938608759,1409
20,1306,3934078.938848465,1409
21,1596,3934078.939069601,1409
26,6,3934078.939288886,1409
31,477,3934078.939492651,1409
22,104,3934078.939706757,1409
33,1842,3934078.939914352,1409
36,1802,3934078.940166908,1409
38,542,3934078.940406884,1409
19,1056,3934078.940645760,1409
37,1751,3934078.940858136,1409
34,1460,3934078.941095811,1409
29,209,3934078.941310967,1409
30,602,3934078.941524502,1409
49,1035,3934078.941767718,1409
54,1733,3934078.941995174,1409
44,1361,3934078.942231430,1409
48,1637,3934078.942461016,1409
50,1932,3934078.942667201,1409
57,1507,3934078.942872056,1409
45,1592,3934078.943091051,1409
52,326,3934078.943323417,1409
39,1105,3934078.943570583,1409
46,934,3934078.943806509,1409
47,1843,3934078.944045335,1409
51,403,3934078.944273601,1409
53,1968,3934078.944477836,1409
41,438,3934078.944711742,1409
55,1326,3934078.944946718,1409
40,1526,3934078.945239555,1409
76,366,3934078.946116477,1409
62,891,3934078.946352133,1409
64,89,3934078.946585309,1409
67,1469,3934078.946797014,1409
73,1859,3934078.947036940,1409
59,1658,3934078.947244815,1409
69,1254,3934078.947452900,1409
58,1848,3934078.947686306,1409
68,1058,3934078.947895501,1409
71,575,3934078.948139927,1409
65,1535,3934078.948353913,1409
66,1045,3934078.948564158,1409
72,289,3934078.948761113,1409
75,426,3934078.948984748,1409
63,1725,3934078.949222494,1409
60,1541,3934078.949425099,1409
97,871,3934078.950393654,1409
81,1782,3934078.950613029,1409
84,1087,3934078.950822105,1409
93,1885,3934078.951054000,1409
95,837,3934078.951284516,1409
79,1059,3934078.951510292,1409
86,879,3934078.951742557,1409
83,1956,3934078.951971473,1409
89,1244,3934078.952221840,1409
78,757,3934078.952484826,1409
90,1216,3934078.952747122,1409
98,1823,3934078.953016769,1409
96,1346,3934078.953249005,1409
80,1483,3934078.953533132,1409
82,2035,3934078.953779358,1409
77,1133,3934078.954040595,1409
105,346,3934078.954282571,1409
99,613,3934078.954527397,1409
104,790,3934078.954776033,1409
107,2027,3934078.954993599,1409
103,785,3934078.955240505,1409
106,800,3934078.955473541,1409
108,1554,3934078.955704076,1409
101,1212,3934078.955931362,1409
114,1090,3934078.956168838,1409
117,970,3934078.956396424,1409
109,1408,3934078.956625279,1409
110,1828,3934078.956850215,1409
112,1422,3934078.957086921,1409
100,1566,3934078.957296696,1409
111,466,3934078.957495091,1409
113,1410,3934078.957700256,1409
118,1447,3934078.957924932,1409
122,1449,3934078.958141467,1409
120,1636,3934078.958371033,1409
121,741,3934078.958578968,1409
125,481,3934078.958801174,1409
124,1617,3934078.959035210,1409
123,154,3934078.959256465,1409
119,1275,3934078.959457440,1409
123,154,3934079.385819373,1456
111,466,3934079.414969121,1459
23,993,3934079.493180185,1467
11,1095,3934079.562854496,1473
3,1874,3934079.563153224,1473
16,1486,3934079.563329838,1473
2,926,3934079.563715238,1473
12,140,3934079.563925103,1473
9,1029,3934079.564105097,1473
7,1996,3934079.564284252,1473
17,394,3934079.564458946,1473
0,1286,3934079.564617200,1473
14,1761,3934079.564792394,1473
10,541,3934079.564950469,1473
4,895,3934079.565132163,1473
6,1641,3934079.565311487,1473
8,415,3934079.565468482,1473
5,1550,3934079.565638486,1473
1,2025,3934079.565809260,1473
35,812,3934079.566622270,1473
25,1152,3934079.566826485,1473
20,1306,3934079.567024860,1473
21,1596,3934079.567198815,1473
26,6,3934079.567364109,1473
31,477,3934079.567520433,1473
22,104,3934079.567685797,1473
33,1842,3934079.567847571,1473
36,1802,3934079.568038546,1473
38,542,3934079.568217870,1473
39,1105,3934079.568412475,1473
19,1056,3934079.568615620,1473
37,1751,3934079.568801675,1473
34,1460,3934079.568980339,1473
29,209,3934079.569184444,1473
30,602,3934079.569355619,1473
49,1035,3934079.569581834,1473
54,1733,3934079.569771469,1473
44,1361,3934079.569946513,1473
48,1637,3934079.570131428,1473
50,1932,3934079.570293382,1473
57,1507,3934079.570454746,1473
45,1592,3934079.570616850,1473
52,326,3934079.570787014,1473
58,1848,3934079.570966449,1473
47,1843,3934079.571137793,1473
46,934,3934079.571302627,1473
51,403,3934079.571457571,1473
53,1968,3934079.571615655,1473
41,438,3934079.571768269,1473
55,1326,3934079.571919663,1473
40,1526,3934079.572102627,1473
76,366,3934079.578099387,1473
62,891,3934079.578355353,1473
64,89,3934079.578553938,1473
67,1469,3934079.578949588,1473
73,1859,3934079.579154823,1473
59,1658,3934079.579332428,1473
69,1254,3934079.579494292,1473
77,1133,3934079.579652976,1473
68,1058,3934079.579811170,1473
71,575,3934079.579992574,1473
65,1535,3934079.580170499,1473
66,1045,3934079.580324073,1473
72,289,3934079.580474516,1473
75,426,3934079.580645490,1473
63,1725,3934079.580815715,1473
60,1541,3934079.580968189,1473
97,871,3934079.581747288,1473
81,1782,3934079.581918692,1473
93,1885,3934079.582091957,1473
99,613,3934079.582250641,1473
95,837,3934079.582415685,1473
79,1059,3934079.582582719,1473
86,879,3934079.582750843,1473
83,1956,3934079.582926658,1473
89,1244,3934079.583106032,1473
78,757,3934079.583283036,1473
90,1216,3934079.583455511,1473
98,1823,3934079.583625875,1473
96,1346,3934079.583782129,1473
80,1483,3934079.583950693,1473
82,2035,3934079.584135278,1473
84,1087,3934079.584299502,1473
118,1447,3934079.584470706,1473
105,346,3934079.584622480,1473
104,790,3934079.584789044,1473
107,2027,3934079.584942368,1473
103,785,3934079.585120402,1473
106,800,3934079.585295307,1473
108,1554,3934079.585464041,1473
101,1212,3934079.585631225,1473
114,1090,3934079.585798569,1473
117,970,3934079.585963083,1473
109,1408,3934079.586142218,1473
110,1828,3934079.586311452,1473
112,1422,3934079.586473316,1473
100,1566,3934079.586631360,1473
113,1410,3934079.586788674,1473
119,1275,3934079.586941628,1473
122,1449,3934079.587393399,1473
120,1636,3934079.587583364,1473
121,741,3934079.587748288,1473
125,481,3934079.587915642,1473
124,1617,3934079.588173449,1473
16,1486,3934079.815854897,1500
11,1095,3934080.191444071,1537
3,1874,3934080.191746109,1537
2,926,3934080.191945754,1537
12,140,3934080.192191700,1537
9,1029,3934080.192560319,1537
7,1996,3934080.192762784,1537
17,394,3934080.192943969,1537
0,1286,3934080.193121324,1537
14,1761,3934080.193305408,1537
19,1056,3934080.193487382,1537
10,541,3934080.193650617,1537
4,895,3934080.193823911,1537
6,1641,3934080.194016636,1537
8,415,3934080.194184870,1537
5,1550,3934080.194361664,1537
1,2025,3934080.194538399,1537
35,812,3934080.195346259,1537
25,1152,3934080.195519183,1537
20,1306,3934080.195712078,1537
21,1596,3934080.195876912,1537
26,6,3934080.196058097,1537
31,477,3934080.196222911,1537
22,104,3934080.196395045,1537
33,1842,3934080.196558109,1537
36,1802,3934080.196741264,1537
38,542,3934080.196918168,1537
39,1105,3934080.197107423,1537
40,1526,3934080.197294578,1537
37,1751,3934080.197464942,1537
34,1460,3934080.197644117,1537
29,209,3934080.197837671,1537
30,602,3934080.198026166,1537
49,1035,3934080.198216601,1537
54,1733,3934080.198397565,1537
44,1361,3934080.198573040,1537
48,1637,3934080.198748494,1537
50,1932,3934080.198909128,1537
57,1507,3934080.199081282,1537
45,1592,3934080.199252866,1537
52,326,3934080.199430051,1537
58,1848,3934080.199609406,1537
59,1658,3934080.199773990,1537
47,1843,3934080.199937284,1537
46,934,3934080.200120638,1537
51,403,3934080.200285332,1537
53,1968,3934080.200448487,1537
41,438,3934080.200608480,1537
55,1326,3934080.200766695,1537
76,366,3934080.201968745,1537
62,891,3934080.202163319,1537
64,89,3934080.202345284,1537
67,1469,3934080.202511568,1537
73,1859,3934080.202689663,1537
69,1254,3934080.202855657,1537
77,1133,3934080.203030701,1537
68,1058,3934080.203197435,1537
71,575,3934080.203377140,1537
65,1535,3934080.203543074,1537
66,1045,3934080.203703108,1537
72,289,3934080.203859472,1537
78,757,3934080.204046866,1537
75,426,3934080.204229031,1537
63,1725,3934080.204407425,1537
60,1541,3934080.204566619,1537
97,871,3934080.204731743,1537
81,1782,3934080.204890687,1537
93,1885,3934080.205068422,1537
99,613,3934080.205233946,1537
95,837,3934080.205406850,1537
79,1059,3934080.205578435,1537
86,879,3934080.205750989,1537
83,1956,3934080.205927273,1537
89,1244,3934080.206117288,1537
90,1216,3934080.206294493,1537
98,1823,3934080.206466067,1537
100,1566,3934080.206630041,1537
96,1346,3934080.206789265,1537
80,1483,3934080.206964649,1537
82,2035,3934080.207135923,1537
84,1087,3934080.207297738,1537
118,1447,3934080.207470782,1537
105,346,3934080.207626926,1537
104,790,3934080.207791350,1537
107,2027,3934080.207965824,1537
103,785,3934080.208159319,1537
106,800,3934080.208335573,1537
108,1554,3934080.208513188,1537
101,1212,3934080.208691153,1537
114,1090,3934080.208864707,1537
120,1636,3934080.209059312,1537
117,970,3934080.209233186,1537
109,1408,3934080.209407860,1537
110,1828,3934080.209579545,1537
112,1422,3934080.209748449,1537
113,1410,3934080.209908333,1537
119,1275,3934080.210080267,1537
124,1617,3934080.210257261,1537
121,741,3934080.210421146,1537
122,1449,3934080.210581740,1537
125,481,3934080.210758564,1537
11,1095,3934080.822717424,1601
3,1874,3934080.823098924,1601
2,926,3934080.823311499,1601
12,140,3934080.823516844,1601
9,1029,3934080.823921794,1601
7,1996,3934080.824152890,1601
17,394,3934080.824358445,1601
0,1286,3934080.824542549,1601
14,1761,3934080.824746155,1601
19,1056,3934080.824948480,1601
10,541,3934080.825131454,1601
4,895,3934080.825316749,1601
6,1641,3934080.825505034,1601
8,415,3934080.825689428,1601
5,1550,3934080.825870603,1601
1,2025,3934080.826066098,1601
35,812,3934080.826754985,1601
25,1152,3934080.826941120,1601
20,1306,3934080.827150235,1601
21,1596,3934080.827327829,1601
26,6,3934080.827528414,1601
31,477,3934080.827700628,1601
22,104,3934080.827888323,1601
33,1842,3934080.828123479,1601
36,1802,3934080.828320004,1601
38,542,3934080.828503899,1601
39,1105,3934080.828685743,1601
40,1526,3934080.828874208,1601
37,1751,3934080.829058162,1601
34,1460,3934080.829244017,1601
29,209,3934080.829426412,1601
30,602,3934080.829601256,1601
49,1035,3934080.829797071,1601
54,1733,3934080.829982196,1601
44,1361,3934080.830182170,1601
48,1637,3934080.830364595,1601
50,1932,3934080.830530069,1601
57,1507,3934080.830696333,1601
45,1592,3934080.830866638,1601
52,326,3934080.831059062,1601
58,1848,3934080.831245407,1601
59,1658,3934080.831412731,1601
47,1843,3934080.831591036,1601
46,934,3934080.831768850,1601
51,403,3934080.831933964,1601
53,1968,3934080.832119619,1601
41,438,3934080.832288153,1601
55,1326,3934080.832477718,1601
76,366,3934080.833697128,1601
62,891,3934080.833882723,1601
64,89,3934080.834077068,1601
67,1469,3934080.834264983,1601
73,1859,3934080.834466457,1601
69,1254,3934080.834647192,1601
77,1133,3934080.834821066,1601
68,1058,3934080.834990241,1601
71,575,3934080.835190356,1601
65,1535,3934080.835362670,1601
66,1045,3934080.835528864,1601
72,289,3934080.835691478,1601
78,757,3934080.835875533,1601
75,426,3934080.836071978,1601
63,1725,3934080.836260172,1601
60,1541,3934080.836424946,1601
97,871,3934080.836592781,1601
81,1782,3934080.836757135,1601
93,1885,3934080.836925909,1601
99,613,3934080.837100483,1601
95,837,3934080.837288398,1601
79,1059,3934080.837468372,1601
86,879,3934080.837648327,1601
83,1956,3934080.837829681,1601
89,1244,3934080.838020246,1601
90,1216,3934080.838205491,1601
98,1823,3934080.838383085,1601
100,1566,3934080.838551980,1601
96,1346,3934080.838723744,1601
80,1483,3934080.838904608,1601
82,2035,3934080.839085963,1601
84,1087,3934080.839259347,1601
118,1447,3934080.839443422,1601
105,346,3934080.839604016,1601
104,790,3934080.839776350,1601
107,2027,3934080.840060937,1601
103,785,3934080.840405986,1601
106,800,3934080.840745105,1601
108,1554,3934080.841095753,1601
101,1212,3934080.841409091,1601
114,1090,3934080.841711329,1601
120,1636,3934080.842062498,1601
117,970,3934080.842419966,1601
109,1408,3934080.842752395,1601
110,1828,3934080.842959750,1601
112,1422,3934080.843157915,1601
113,1410,3934080.843336769,1601
119,1275,3934080.843505834,1601
124,1617,3934080.843690868,1601
121,741,3934080.843864722,1601
122,1449,3934080.844044147,1601
125,481,3934080.844259152,1601
117,970,3934081.044665569,1625
104,790,3934081.420190302,1663
11,1095,3934081.453431103,1665
3,1874,3934081.453711400,1665
2,926,3934081.453920405,1665
12,140,3934081.454398467,1665
9,1029,3934081.454589642,1665
7,1996,3934081.454796227,1665
17,394,3934081.454991082,1665
0,1286,3934081.455187877,1665
14,1761,3934081.455397642,1665
19,1056,3934081.455598037,1665
10,541,3934081.455771501,1665
4,895,3934081.455958636,1665
6,1641,3934081.456164311,1665
8,415,3934081.456360466,1665
5,1550,3934081.456575921,1665
1,2025,3934081.456788006,1665
35,812,3934081.457636368,1665
25,1152,3934081.457826323,1665
20,1306,3934081.458041478,1665
21,1596,3934081.458259343,1665
26,6,3934081.458459758,1665
31,477,3934081.458657743,1665
22,104,3934081.458857178,1665
33,1842,3934081.459056853,1665
36,1802,3934081.459259758,1665
38,542,3934081.459448713,1665
39,1105,3934081.459665749,1665
40,1526,3934081.459883424,1665
37,1751,3934081.460087559,1665
34,1460,3934081.460284584,1665
29,209,3934081.460468549,1665
30,602,3934081.460654353,1665
49,1035,3934081.460852118,1665
54,1733,3934081.461051923,1665
44,1361,3934081.461241908,1665
48,1637,3934081.461433123,1665
50,1932,3934081.461605087,1665
57,1507,3934081.461778761,1665
45,1592,3934081.461956506,1665
52,326,3934081.462159911,1665
58,1848,3934081.462384717,1665
59,1658,3934081.462577361,1665
47,1843,3934081.462776846,1665
46,934,3934081.462974481,1665
51,403,3934081.463182486,1665
53,1968,3934081.463365571,1665
41,438,3934081.463536605,1665
55,1326,3934081.463728220,1665
76,366,3934081.464941220,1665
62,891,3934081.465154636,1665
64,89,3934081.465375071,1665
67,1469,3934081.465557576,1665
73,1859,3934081.465748461,1665
69,1254,3934081.465921265,1665
77,1133,3934081.466106539,1665
68,1058,3934081.466280894,1665
71,575,3934081.466471079,1665
65,1535,3934081.466646563,1665
66,1045,3934081.466816667,1665
72,289,3934081.466987681,1665
78,757,3934081.467190186,1665
75,426,3934081.467375991,1665
63,1725,3934081.467563226,1665
60,1541,3934081.467730710,1665
97,871,3934081.467903464,1665
81,1782,3934081.468080389,1665
93,1885,3934081.468258213,1665
99,613,3934081.468427047,1665
95,837,3934081.468609952,1665
79,1059,3934081.468794566,1665
86,879,3934081.468976011,1665
83,1956,3934081.469174076,1665
89,1244,3934081.469358851,1665
90,1216,3934081.469546165,1665
98,1823,3934081.469728150,1665
100,1566,3934081.469902254,1665
96,1346,3934081.470087769,1665
80,1483,3934081.470281074,1665
82,2035,3934081.470454768,1665
84,1087,3934081.470625072,1665
118,1447,3934081.470807327,1665
105,346,3934081.470970341,1665
122,1449,3934081.471149885,1665
107,2027,3934081.471317780,1665
114,1090,3934081.471504384,1665
103,785,3934081.471686689,1665
106,800,3934081.471867483,1665
108,1554,3934081.472066128,1665
101,1212,3934081.472256013,1665
120,1636,3934081.472440768,1665
121,741,3934081.472615212,1665
109,1408,3934081.472801447,1665
110,1828,3934081.472985311,1665
112,1422,3934081.473176106,1665
113,1410,3934081.473347860,1665
119,1275,3934081.473516184,1665
124,1617,3934081.473700359,1665
125,481,3934081.473883474,1665
109,1408,3934081.776240938,1699
11,1095,3934082.087160767,1729
3,1874,3934082.087454874,1729
2,926,3934082.087665719,1729
12,140,3934082.088135381,1729
9,1029,3934082.088333916,1729
7,1996,3934082.088546542,1729
17,394,3934082.088747727,1729
0,1286,3934082.088926311,1729
14,1761,3934082.089144426,1729
19,1056,3934082.089353002,1729
10,541,3934082.089533186,1729
4,895,3934082.089726161,1729
6,1641,3934082.089926536,1729
8,415,3934082.090135161,1729
5,1550,3934082.090336586,1729
1,2025,3934082.090531921,1729
35,812,3934082.091384622,1729
25,1152,3934082.091590938,1729
20,1306,3934082.091790632,1729
21,1596,3934082.091970717,1729
26,6,3934082.092168882,1729
31,477,3934082.092344786,1729
22,104,3934082.092530021,1729
33,1842,3934082.092707115,1729
36,1802,3934082.092906440,1729
38,542,3934082.093110405,1729
39,1105,3934082.093308560,1729
40,1526,3934082.093510746,1729
37,1751,3934082.093700140,1729
34,1460,3934082.093891545,1729
29,209,3934082.094088420,1729
30,602,3934082.094276645,1729
49,1035,3934082.094480010,1729
54,1733,3934082.094674444,1729
44,1361,3934082.094870009,1729
48,1637,3934082.095074645,1729
50,1932,3934082.095255279,1729
57,1507,3934082.095434643,1729
45,1592,3934082.095614688,1729
52,326,3934082.095807493,1729
58,1848,3934082.095999808,1729
59,1658,3934082.096189362,1729
47,1843,3934082.096369117,1729
46,934,3934082.096550041,1729
51,403,3934082.096726496,1729
53,1968,3934082.096903720,1729
41,438,3934082.097086335,1729
55,1326,3934082.097286150,1729
76,366,3934082.098509570,1729
62,891,3934082.098707875,1729
64,89,3934082.098902300,1729
67,1469,3934082.099113795,1729
73,1859,3934082.099323321,1729
69,1254,3934082.099503265,1729
77,1133,3934082.099682650,1729
68,1058,3934082.099861174,1729
71,575,3934082.100066199,1729
65,1535,3934082.100252274,1729
66,1045,3934082.100427718,1729
72,289,3934082.100595763,1729
78,757,3934082.100789717,1729
75,426,3934082.100978782,1729
63,1725,3934082.101185667,1729
60,1541,3934082.101360462,1729
97,871,3934082.101537486,1729
81,1782,3934082.101710300,1729
93,1885,3934082.101885755,1729
99,613,3934082.102070789,1729
95,837,3934082.102262404,1729
79,1059,3934082.102456409,1729
86,879,3934082.102649954,1729
83,1956,3934082.102843819,1729
89,1244,3934082.103049804,1729
90,1216,3934082.103248089,1729
98,1823,3934082.103436874,1729
100,1566,3934082.103617838,1729
96,1346,3934082.103795372,1729
80,1483,3934082.103987177,1729
82,2035,3934082.104177302,1729
84,1087,3934082.104353256,1729
118,1447,3934082.104539961,1729
105,346,3934082.104707915,1729
122,1449,3934082.104880019,1729
107,2027,3934082.105062114,1729
114,1090,3934082.105255979,1729
103,785,3934082.105448874,1729
106,800,3934082.105640109,1729
108,1554,3934082.105830113,1729
101,1212,3934082.106029258,1729
120,1636,3934082.106224053,1729
121,741,3934082.106403657,1729
124,1617,3934082.106596272,1729
110,1828,3934082.106784557,1729
112,1422,3934082.106972502,1729
113,1410,3934082.107161007,1729
119,1275,3934082.107336071,1729
125,481,3934082.107525805,1729
105,346,3934082.263243596,1748
11,1095,3934082.724328887,1793
3,1874,3934082.724674176,1793
2,926,3934082.724897061,1793
12,140,3934082.725135187,1793
9,1029,3934082.725335042,1793
7,1996,3934082.725778213,1793
17,394,3934082.725990618,1793
0,1286,3934082.726190333,1793
14,1761,3934082.726399099,1793
19,1056,3934082.726603634,1793
10,541,3934082.726786668,1793
4,895,3934082.726985773,1793
6,1641,3934082.727203469,1793
8,415,3934082.727401393,1793
5,1550,3934082.727599838,1793
1,2025,3934082.727803154,1793
35,812,3934082.728657435,1793
25,1152,3934082.728862200,1793
20,1306,3934082.729093846,1793
21,1596,3934082.729321262,1793
26,6,3934082.729516566,1793
31,477,3934082.729697201,1793
22,104,3934082.729890796,1793
33,1842,3934082.730091011,1793
36,1802,3934082.730304766,1793
38,542,3934082.730509111,1793
39,1105,3934082.730714307,1793
40,1526,3934082.730916752,1793
37,1751,3934082.731116077,1793
34,1460,3934082.731315791,1793
29,209,3934082.731506276,1793
30,602,3934082.731697781,1793
49,1035,3934082.731906316,1793
54,1733,3934082.732122302,1793
44,1361,3934082.732322087,1793
48,1637,3934082.732523932,1793
50,1932,3934082.732704206,1793
57,1507,3934082.732905581,1793
45,1592,3934082.733113916,1793
52,326,3934082.733320101,1793
58,1848,3934082.733517737,1793
59,1658,3934082.733698921,1793
47,1843,3934082.733877295,1793
46,934,3934082.734073880,1793
51,403,3934082.734254485,1793
53,1968,3934082.734439360,1793
41,438,3934082.734618944,1793
55,1326,3934082.734822669,1793
76,366,3934082.736053460,1793
62,891,3934082.736257895,1793
64,89,3934082.736458450,1793
67,1469,3934082.736644004,1793
73,1859,3934082.736845980,1793
69,1254,3934082.737037305,1793
77,1133,3934082.737223409,1793
68,1058,3934082.737408314,1793
71,575,3934082.737611769,1793
65,1535,3934082.737796913,1793
66,1045,3934082.737983748,1793
72,289,3934082.738175753,1793
78,757,3934082.738377298,1793
75,426,3934082.738577873,1793
63,1725,3934082.738778848,1793
60,1541,3934082.738959982,1793
97,871,3934082.739157127,1793
81,1782,3934082.739342102,1793
93,1885,3934082.739525356,1793
99,613,3934082.739705231,1793
95,837,3934082.739903666,1793
79,1059,3934082.740109961,1793
86,879,3934082.740308246,1793
83,1956,3934082.740509861,1793
89,1244,3934082.740707686,1793
90,1216,3934082.740906901,1793
98,1823,3934082.741115016,1793
100,1566,3934082.741303371,1793
96,1346,3934082.741486596,1793
80,1483,3934082.741686041,1793
82,2035,3934082.741866145,1793
84,1087,3934082.742062120,1793
118,1447,3934082.742265865,1793
122,1449,3934082.742448400,1793
107,2027,3934082.742628884,1793
114,1090,3934082.742825019,1793
103,785,3934082.743046564,1793
108,1554,3934082.743259100,1793
106,800,3934082.743456365,1793
101,1212,3934082.743656000,1793
120,1636,3934082.743854145,1793
121,741,3934082.744049429,1793
125,481,3934082.744248694,1793
124,1617,3934082.744446279,1793
110,1828,3934082.744641454,1793
112,1422,3934082.744829199,1793
113,1410,3934082.745019124,1793
119,1275,3934082.745203218,1793
11,1095,3934083.364548213,1857
3,1874,3934083.364982134,1857
2,926,3934083.365269831,1857
12,140,3934083.365500997,1857
9,1029,3934083.365700722,1857
7,1996,3934083.365913378,1857
17,394,3934083.366134233,1857
0,1286,3934083.366327558,1857
14,1761,3934083.366724498,1857
19,1056,3934083.366945233,1857
10,541,3934083.367147678,1857
4,895,3934083.367352713,1857
6,1641,3934083.367563859,1857
8,415,3934083.367767614,1857
5,1550,3934083.367972859,1857
1,2025,3934083.368189694,1857
35,812,3934083.368659736,1857
25,1152,3934083.368880561,1857
20,1306,3934083.369100417,1857
21,1596,3934083.369294722,1857
26,6,3934083.369488857,1857
31,477,3934083.369673311,1857
22,104,3934083.369869826,1857
33,1842,3934083.370066011,1857
36,1802,3934083.370278816,1857
38,542,3934083.370484522,1857
39,1105,3934083.370688907,1857
40,1526,3934083.370897062,1857
37,1751,3934083.371103857,1857
34,1460,3934083.371330343,1857
29,209,3934083.371528268,1857
30,602,3934083.371727053,1857
49,1035,3934083.372467751,1857
54,1733,3934083.372690377,1857
44,1361,3934083.372898002,1857
48,1637,3934083.373116427,1857
50,1932,3934083.373312302,1857
57,1507,3934083.373503017,1857
45,1592,3934083.373695002,1857
52,326,3934083.373902197,1857
58,1848,3934083.374122603,1857
59,1658,3934083.374309347,1857
47,1843,3934083.374496772,1857
46,934,3934083.374689967,1857
51,403,3934083.374875231,1857
53,1968,3934083.375075356,1857
41,438,3934083.375262871,1857
55,1326,3934083.375471846,1857
76,366,3934083.376541853,1857
62,891,3934083.376749848,1857
64,89,3934083.376954403,1857
67,1469,3934083.377155248,1857
73,1859,3934083.377363624,1857
69,1254,3934083.377553418,1857
77,1133,3934083.377742243,1857
68,1058,3934083.377929328,1857
71,575,3934083.378150373,1857
65,1535,3934083.378341578,1857
66,1045,3934083.378527702,1857
72,289,3934083.378707447,1857
78,757,3934083.378914052,1857
75,426,3934083.379128938,1857
63,1725,3934083.379338333,1857
60,1541,3934083.379523758,1857
97,871,3934083.379714402,1857
81,1782,3934083.379899827,1857
93,1885,3934083.380096582,1857
99,613,3934083.380282446,1857
95,837,3934083.380482942,1857
79,1059,3934083.380684176,1857
86,879,3934083.380886032,1857
83,1956,3934083.381106647,1857
89,1244,3934083.381330112,1857
90,1216,3934083.381544958,1857
98,1823,3934083.381749303,1857
100,1566,3934083.381940338,1857
96,1346,3934083.382139063,1857
80,1483,3934083.382347528,1857
82,2035,3934083.382533743,1857
84,1087,3934083.382720807,1857
118,1447,3934083.382923472,1857
122,1449,3934083.383121167,1857
107,2027,3934083.383310182,1857
114,1090,3934083.383514487,1857
103,785,3934083.383718192,1857
108,1554,3934083.383921728,1857
106,800,3934083.384132393,1857
101,1212,3934083.384340028,1857
120,1636,3934083.384544433,1857
121,741,3934083.384730788,1857
125,481,3934083.385251310,1857
124,1617,3934083.385475286,1857
110,1828,3934083.385677231,1857
112,1422,3934083.385872406,1857
113,1410,3934083.386075201,1857
119,1275,3934083.386262436,1857
95,837,3934083.573553675,1879
26,6,3934083.664129159,1888
11,1095,3934084.006048222,1921
3,1874,3934084.006371010,1921
2,926,3934084.006597746,1921
12,140,3934084.006825371,1921
9,1029,3934084.007244212,1921
7,1996,3934084.007481938,1921
17,394,3934084.007696333,1921
0,1286,3934084.007893348,1921
14,1761,3934084.008124914,1921
19,1056,3934084.008344189,1921
10,541,3934084.008536024,1921
4,895,3934084.008743869,1921
6,1641,3934084.008958045,1921
8,415,3934084.009176520,1921
5,1550,3934084.009386785,1921
1,2025,3934084.009593581,1921
35,812,3934084.010509613,1921
25,1152,3934084.010733309,1921
20,1306,3934084.010950344,1921
21,1596,3934084.011156340,1921
31,477,3934084.011345874,1921
33,1842,3934084.011537489,1921
22,104,3934084.011741984,1921
36,1802,3934084.011957140,1921
38,542,3934084.012176525,1921
39,1105,3934084.012386320,1921
41,438,3934084.012577385,1921
40,1526,3934084.012787410,1921
37,1751,3934084.012987625,1921
34,1460,3934084.013206091,1921
29,209,3934084.013409906,1921
30,602,3934084.013610221,1921
49,1035,3934084.013833976,1921
54,1733,3934084.014055272,1921
44,1361,3934084.014275977,1921
48,1637,3934084.014489653,1921
50,1932,3934084.014679408,1921
57,1507,3934084.014875672,1921
45,1592,3934084.015084418,1921
52,326,3934084.015299043,1921
58,1848,3934084.015513978,1921
59,1658,3934084.015704433,1921
47,1843,3934084.015898048,1921
46,934,3934084.016107433,1921
51,403,3934084.016301628,1921
53,1968,3934084.016497633,1921
55,1326,3934084.016713928,1921
60,1541,3934084.016904623,1921
76,366,3934084.017364115,1921
62,891,3934084.018341169,1921
64,89,3934084.018563145,1921
67,1469,3934084.018765430,1921
73,1859,3934084.019016836,1921
69,1254,3934084.019217841,1921
77,1133,3934084.019420616,1921
79,1059,3934084.019628921,1921
68,1058,3934084.019829636,1921
71,575,3934084.020052532,1921
65,1535,3934084.020251187,1921
66,1045,3934084.020444672,1921
72,289,3934084.020632566,1921
78,757,3934084.020844042,1921
75,426,3934084.021063707,1921
63,1725,3934084.021278712,1921
97,871,3934084.021477317,1921
81,1782,3934084.021688183,1921
93,1885,3934084.021880717,1921
99,613,3934084.022078572,1921
103,785,3934084.022296068,1921
86,879,3934084.022504393,1921
101,1212,3934084.022711608,1921
83,1956,3934084.022921863,1921
89,1244,3934084.023140979,1921
90,1216,3934084.023355804,1921
98,1823,3934084.023560089,1921
100,1566,3934084.023754434,1921
96,1346,3934084.023943909,1921
80,1483,3934084.024160294,1921
82,2035,3934084.024353099,1921
84,1087,3934084.024545854,1921
118,1447,3934084.024749499,1921
122,1449,3934084.024940454,1921
107,2027,3934084.025145029,1921
114,1090,3934084.025357214,1921
106,800,3934084.025564040,1921
108,1554,3934084.025769525,1921
120,1636,3934084.025976250,1921
121,741,3934084.026179475,1921
125,481,3934084.026385120,1921
124,1617,3934084.026595925,1921
110,1828,3934084.026803290,1921
112,1422,3934084.027013936,1921
113,1410,3934084.027205961,1921
119,1275,3934084.027395405,1921
84,1087,3934084.187378112,1940
11,1095,3934084.651039218,1985
3,1874,3934084.651345705,1985
2,926,3934084.651580631,1985
12,140,3934084.652072343,1985
9,1029,3934084.652292939,1985
7,1996,3934084.652531255,1985
17,394,3934084.652755131,1985
0,1286,3934084.652955696,1985
14,1761,3934084.653194251,1985
19,1056,3934084.653427317,1985
10,541,3934084.653629032,1985
4,895,3934084.653846088,1985
6,1641,3934084.654079864,1985
8,415,3934084.654301479,1985
5,1550,3934084.654523935,1985
1,2025,3934084.654745020,1985
35,812,3934084.655476248,1985
25,1152,3934084.655709354,1985
20,1306,3934084.655932010,1985
21,1596,3934084.656146595,1985
31,477,3934084.656346720,1985
33,1842,3934084.656545665,1985
22,104,3934084.656755151,1985
36,1802,3934084.656980376,1985
38,542,3934084.657210232,1985
39,1105,3934084.657428747,1985
41,438,3934084.657626972,1985
40,1526,3934084.657845528,1985
37,1751,3934084.658085324,1985
34,1460,3934084.658308909,1985
29,209,3934084.658514324,1985
30,602,3934084.658719600,1985
49,1035,3934084.658946005,1985
54,1733,3934084.659176351,1985
44,1361,3934084.659408737,1985
48,1637,3934084.659629922,1985
50,1932,3934084.659827727,1985
57,1507,3934084.660059883,1985
45,1592,3934084.660269558,1985
52,326,3934084.660491894,1985
58,1848,3934084.660713359,1985
59,1658,3934084.660910504,1985
47,1843,3934084.661117009,1985
46,934,3934084.661325015,1985
51,403,3934084.661519690,1985
53,1968,3934084.661723095,1985
55,1326,3934084.661950020,1985
60,1541,3934084.662164846,1985
76,366,3934084.663386406,1985
62,891,3934084.663606382,1985
64,89,3934084.663823937,1985
67,1469,3934084.664032282,1985
73,1859,3934084.664257098,1985
69,1254,3934084.664459083,1985
77,1133,3934084.664656188,1985
79,1059,3934084.664867703,1985
68,1058,3934084.665076448,1985
71,575,3934084.665298704,1985
65,1535,3934084.665502919,1985
66,1045,3934084.665699424,1985
72,289,3934084.665893869,1985
78,757,3934084.666119094,1985
75,426,3934084.666336560,1985
63,1725,3934084.666552135,1985
97,871,3934084.666754800,1985
81,1782,3934084.666975586,1985
93,1885,3934084.667187621,1985
99,613,3934084.667383556,1985
103,785,3934084.667597722,1985
106,800,3934084.667812057,1985
86,879,3934084.668037902,1985
101,1212,3934084.668260038,1985
83,1956,3934084.668477973,1985
89,1244,3934084.668694679,1985
90,1216,3934084.668911074,1985
98,1823,3934084.669131280,1985
100,1566,3934084.669335855,1985
96,1346,3934084.669538400,1985
80,1483,3934084.669761105,1985
82,2035,3934084.669957030,1985
118,1447,3934084.670184326,1985
122,1449,3934084.670384791,1985
107,2027,3934084.670584596,1985
114,1090,3934084.670799691,1985
108,1554,3934084.671026207,1985
120,1636,3934084.671244033,1985
121,741,3934084.671444818,1985
125,481,3934084.671660323,1985
124,1617,3934084.671877418,1985
110,1828,3934084.672102894,1985
112,1422,3934084.672311539,1985
113,1410,3934084.672507294,1985
119,1275,3934084.672704409,1985
29,209,3934085.025532915,2023
11,1095,3934085.299589522,2049
3,1874,3934085.299897740,2049
2,926,3934085.300172347,2049
12,140,3934085.300656289,2049
9,1029,3934085.300874714,2049
7,1996,3934085.301115771,2049
17,394,3934085.301345046,2049
0,1286,3934085.301554412,2049
14,1761,3934085.301777617,2049
19,1056,3934085.302011373,2049
10,541,3934085.302219038,2049
4,895,3934085.302439574,2049
6,1641,3934085.302665579,2049
8,415,3934085.302888905,2049
5,1550,3934085.303118361,2049
1,2025,3934085.303342536,2049
35,812,3934085.304058884,2049
44,1361,3934085.304324721,2049
25,1152,3934085.304542116,2049
20,1306,3934085.304763542,2049
21,1596,3934085.304967427,2049
31,477,3934085.305180002,2049
33,1842,3934085.305387717,2049
22,104,3934085.305598833,2049
36,1802,3934085.305823868,2049
38,542,3934085.306051684,2049
39,1105,3934085.306274529,2049
41,438,3934085.306475614,2049
40,1526,3934085.306701120,2049
37,1751,3934085.306932666,2049
34,1460,3934085.307161782,2049
30,602,3934085.307378967,2049
49,1035,3934085.307611903,2049
54,1733,3934085.307841789,2049
62,891,3934085.308065984,2049
48,1637,3934085.308290810,2049
50,1932,3934085.308495025,2049
57,1507,3934085.308722481,2049
45,1592,3934085.308931086,2049
52,326,3934085.309173182,2049
58,1848,3934085.309398958,2049
59,1658,3934085.309598963,2049
47,1843,3934085.309801178,2049
46,934,3934085.310019853,2049
51,403,3934085.310223468,2049
53,1968,3934085.310429683,2049
55,1326,3934085.310660399,2049
60,1541,3934085.310859254,2049
76,366,3934085.312058414,2049
64,89,3934085.312293500,2049
67,1469,3934085.312500605,2049
73,1859,3934085.312725311,2049
69,1254,3934085.312930396,2049
77,1133,3934085.313148901,2049
79,1059,3934085.313368067,2049
68,1058,3934085.313573702,2049
71,575,3934085.313796668,2049
65,1535,3934085.314012593,2049
66,1045,3934085.314220078,2049
72,289,3934085.314416083,2049
78,757,3934085.314644179,2049
75,426,3934085.314866374,2049
80,1483,3934085.315097260,2049
63,1725,3934085.315322716,2049
97,871,3934085.315533811,2049
81,1782,3934085.315756197,2049
93,1885,3934085.315958811,2049
99,613,3934085.316168537,2049
107,2027,3934085.316372882,2049
103,785,3934085.316594107,2049
106,800,3934085.316815063,2049
86,879,3934085.317039609,2049
101,1212,3934085.317263174,2049
83,1956,3934085.317487450,2049
89,1244,3934085.317707155,2049
90,1216,3934085.317928741,2049
98,1823,3934085.318158446,2049
100,1566,3934085.318371952,2049
96,1346,3934085.318574177,2049
82,2035,3934085.318772942,2049
118,1447,3934085.318990037,2049
122,1449,3934085.319208763,2049
114,1090,3934085.319429118,2049
108,1554,3934085.319647114,2049
120,1636,3934085.319871219,2049
121,741,3934085.320087075,2049
125,481,3934085.320307120,2049
124,1617,3934085.320533456,2049
110,1828,3934085.320749171,2049
112,1422,3934085.320961456,2049
113,1410,3934085.321173522,2049
119,1275,3934085.321379777,2049
125,481,3934085.584196714,2078
11,1095,3934086.029486020,2113
3,1874,3934086.029828248,2113
2,926,3934086.030152797,2113
12,140,3934086.030409093,2113
9,1029,3934086.030772392,2113
7,1996,3934086.031026209,2113
17,394,3934086.031279175,2113
0,1286,3934086.031499330,2113
14,1761,3934086.031729016,2113
19,1056,3934086.031961272,2113
10,541,3934086.032182107,2113
4,895,3934086.032416333,2113
6,1641,3934086.032650149,2113
8,415,3934086.032874425,2113
5,1550,3934086.033116031,2113
1,2025,3934086.033351917,2113
35,812,3934086.033928021,2113
44,1361,3934086.034176677,2113
25,1152,3934086.034396673,2113
20,1306,3934086.034624648,2113
21,1596,3934086.034833144,2113
31,477,3934086.035052479,2113
33,1842,3934086.035264724,2113
22,104,3934086.035483970,2113
36,1802,3934086.035715966,2113
38,542,3934086.035942551,2113
39,1105,3934086.036178157,2113
41,438,3934086.036389992,2113
40,1526,3934086.036619438,2113
37,1751,3934086.036856894,2113
34,1460,3934086.037090990,2113
30,602,3934086.037313726,2113
49,1035,3934086.037550801,2113
54,1733,3934086.037777487,2113
62,891,3934086.037993572,2113
48,1637,3934086.038240329,2113
50,1932,3934086.038445944,2113
57,1507,3934086.038680270,2113
45,1592,3934086.038892515,2113
52,326,3934086.039330526,2113
58,1848,3934086.039795718,2113
59,1658,3934086.040067175,2113
47,1843,3934086.040326751,2113
46,934,3934086.040573337,2113
51,403,3934086.040805733,2113
53,1968,3934086.041070160,2113
55,1326,3934086.041340126,2113
60,1541,3934086.041570462,2113
76,366,3934086.042948916,2113
64,89,3934086.043224023,2113
67,1469,3934086.043450959,2113
73,1859,3934086.043708645,2113
69,1254,3934086.043930481,2113
77,1133,3934086.044169427,2113
79,1059,3934086.044406883,2113
68,1058,3934086.044630398,2113
71,575,3934086.044873055,2113
65,1535,3934086.045105960,2113
66,1045,3934086.045332566,2113
72,289,3934086.045545921,2113
78,757,3934086.045786997,2113
75,426,3934086.046035784,2113
80,1483,3934086.046278620,2113
63,1725,3934086.046522236,2113
97,871,3934086.046745001,2113
81,1782,3934086.046984597,2113
93,1885,3934086.047221943,2113
99,613,3934086.047451279,2113
107,2027,3934086.047671854,2113
103,785,3934086.047902880,2113
106,800,3934086.048150646,2113
86,879,3934086.048387292,2113
101,1212,3934086.048624518,2113
83,1956,3934086.048864724,2113
89,1244,3934086.049115961,2113
90,1216,3934086.049357287,2113
98,1823,3934086.049588682,2113
100,1566,3934086.049813038,2113
96,1346,3934086.050061754,2113
82,2035,3934086.050281840,2113
118,1447,3934086.050514836,2113
122,1449,3934086.050733921,2113
114,1090,3934086.050975217,2113
108,1554,3934086.051250844,2113
120,1636,3934086.051492120,2113
121,741,3934086.051718346,2113
124,1617,3934086.051954331,2113
110,1828,3934086.052202978,2113
112,1422,3934086.052431163,2113
113,1410,3934086.052645689,2113
119,1275,3934086.052861404,2113
51,403,3934086.253385485,2136
121,741,3934086.324312157,2143
11,1095,3934086.678409224,2177
3,1874,3934086.678749873,2177
2,926,3934086.679041140,2177
12,140,3934086.679514262,2177
9,1029,3934086.679749618,2177
7,1996,3934086.680011825,2177
17,394,3934086.680256371,2177
0,1286,3934086.680479616,2177
14,1761,3934086.680725082,2177
19,1056,3934086.680971698,2177
10,541,3934086.681211875,2177
4,895,3934086.681452801,2177
6,1641,3934086.681715587,2177
8,415,3934086.681967113,2177
5,1550,3934086.682222880,2177
1,2025,3934086.682464866,2177
35,812,3934086.683218285,2177
44,1361,3934086.683475221,2177
25,1152,3934086.683703447,2177
20,1306,3934086.683943953,2177
21,1596,3934086.684174418,2177
31,477,3934086.684391574,2177
33,1842,3934086.684610599,2177
22,104,3934086.684843145,2177
36,1802,3934086.685093761,2177
38,542,3934086.685332397,2177
39,1105,3934086.685576504,2177
41,438,3934086.685796419,2177
40,1526,3934086.686045215,2177
37,1751,3934086.686297111,2177
34,1460,3934086.686530867,2177
30,602,3934086.686758443,2177
49,1035,3934086.687013009,2177
54,1733,3934086.687257075,2177
62,891,3934086.687485931,2177
48,1637,3934086.687729157,2177
50,1932,3934086.687942572,2177
57,1507,3934086.688199929,2177
45,1592,3934086.688431885,2177
52,326,3934086.688670941,2177
58,1848,3934086.688914337,2177
59,1658,3934086.689142393,2177
47,1843,3934086.689370518,2177
46,934,3934086.689595854,2177
53,1968,3934086.689816599,2177
55,1326,3934086.690072006,2177
63,1725,3934086.690316482,2177
60,1541,3934086.690534117,2177
76,366,3934086.690968368,2177
64,89,3934086.691219325,2177
67,1469,3934086.691986534,2177
73,1859,3934086.692261231,2177
81,1782,3934086.692507937,2177
69,1254,3934086.692729262,2177
79,1059,3934086.692966238,2177
68,1058,3934086.693206594,2177
71,575,3934086.693452170,2177
65,1535,3934086.693674376,2177
66,1045,3934086.693889611,2177
72,289,3934086.694111157,2177
78,757,3934086.694354013,2177
75,426,3934086.694592329,2177
80,1483,3934086.694835055,2177
77,1133,3934086.695069541,2177
97,871,3934086.695298356,2177
93,1885,3934086.695516812,2177
99,613,3934086.695730777,2177
107,2027,3934086.695947023,2177
103,785,3934086.696186678,2177
106,800,3934086.696425804,2177
86,879,3934086.696661321,2177
101,1212,3934086.696900376,2177
108,1554,3934086.697143322,2177
83,1956,3934086.697388659,2177
89,1244,3934086.697624585,2177
90,1216,3934086.697857350,2177
98,1823,3934086.698097286,2177
100,1566,3934086.698320862,2177
96,1346,3934086.698558668,2177
82,2035,3934086.698775713,2177
118,1447,3934086.699014379,2177
122,1449,3934086.699236605,2177
114,1090,3934086.699475151,2177
120,1636,3934086.699716347,2177
124,1617,3934086.699950723,2177
110,1828,3934086.700194279,2177
112,1422,3934086.700426615,2177
113,1410,3934086.700643260,2177
119,1275,3934086.700856225,2177
31,477,3934086.974487992,2207
40,1526,3934087.282068228,2228
11,1095,3934087.423908802,2241
3,1874,3934087.424252971,2241
2,926,3934087.424505627,2241
12,140,3934087.424915737,2241
9,1029,3934087.425170204,2241
7,1996,3934087.425424450,2241
17,394,3934087.425668526,2241
0,1286,3934087.425891071,2241
14,1761,3934087.426152138,2241
19,1056,3934087.426412955,2241
10,541,3934087.426637050,2241
4,895,3934087.426875246,2241
6,1641,3934087.427138173,2241
8,415,3934087.427379259,2241
5,1550,3934087.427628305,2241
1,2025,3934087.427868851,2241
35,812,3934087.428499067,2241
44,1361,3934087.428747603,2241
45,1592,3934087.428980689,2241
25,1152,3934087.429220865,2241
20,1306,3934087.429461761,2241
21,1596,3934087.429684266,2241
33,1842,3934087.429906372,2241
39,1105,3934087.430156388,2241
22,104,3934087.430388014,2241
36,1802,3934087.430631840,2241
38,542,3934087.430872746,2241
41,438,3934087.431103962,2241
46,934,3934087.431331267,2241
37,1751,3934087.431577984,2241
34,1460,3934087.431812859,2241
30,602,3934087.432050856,2241
49,1035,3934087.432317632,2241
54,1733,3934087.432559828,2241
62,891,3934087.432787424,2241
64,89,3934087.433033510,2241
48,1637,3934087.433280516,2241
50,1932,3934087.433496332,2241
57,1507,3934087.433741288,2241
52,326,3934087.433979064,2241
58,1848,3934087.434239540,2241
59,1658,3934087.434461746,2241
47,1843,3934087.434681201,2241
53,1968,3934087.434907727,2241
55,1326,3934087.435164753,2241
65,1535,3934087.435394859,2241
63,1725,3934087.435637125,2241
60,1541,3934087.435853840,2241
76,366,3934087.436673691,2241
67,1469,3934087.436913007,2241
73,1859,3934087.437166693,2241
81,1782,3934087.437411339,2241
69,1254,3934087.437634845,2241
79,1059,3934087.437868331,2241
68,1058,3934087.438097037,2241
71,575,3934087.438341873,2241
83,1956,3934087.438583809,2241
66,1045,3934087.438805454,2241
72,289,3934087.439049950,2241
78,757,3934087.439295766,2241
75,426,3934087.439534743,2241
80,1483,3934087.439775309,2241
82,2035,3934087.439994694,2241
77,1133,3934087.440224970,2241
97,871,3934087.440445155,2241
93,1885,3934087.440663881,2241
99,613,3934087.440877186,2241
107,2027,3934087.441106662,2241
103,785,3934087.441341048,2241
106,800,3934087.441575663,2241
86,879,3934087.441812119,2241
101,1212,3934087.442060195,2241
108,1554,3934087.442296192,2241
89,1244,3934087.442533007,2241
90,1216,3934087.442767553,2241
98,1823,3934087.443010999,2241
110,1828,3934087.443249605,2241
112,1422,3934087.443480051,2241
100,1566,3934087.443702127,2241
96,1346,3934087.443942363,2241
118,1447,3934087.444183939,2241
122,1449,3934087.444406154,2241
114,1090,3934087.444642020,2241
120,1636,3934087.444879096,2241
124,1617,3934087.445123522,2241
113,1410,3934087.445345238,2241
119,1275,3934087.445561113,2241
62,891,3934088.059787971,2304
11,1095,3934088.079986095,2305
3,1874,3934088.080447867,2305
2,926,3934088.080727034,2305
12,140,3934088.081012661,2305
9,1029,3934088.081258137,2305
7,1996,3934088.081525384,2305
17,394,3934088.081989996,2305
0,1286,3934088.082254542,2305
14,1761,3934088.082516899,2305
19,1056,3934088.082780345,2305
10,541,3934088.083024881,2305
4,895,3934088.083285398,2305
6,1641,3934088.083550424,2305
8,415,3934088.083808341,2305
5,1550,3934088.084078938,2305
1,2025,3934088.084342484,2305
35,812,3934088.084834496,2305
44,1361,3934088.085133004,2305
45,1592,3934088.085392761,2305
25,1152,3934088.085633787,2305
20,1306,3934088.085906503,2305
21,1596,3934088.086157129,2305
33,1842,3934088.086398886,2305
39,1105,3934088.086656222,2305
22,104,3934088.086921889,2305
36,1802,3934088.087187865,2305
38,542,3934088.087443422,2305
41,438,3934088.087681848,2305
46,934,3934088.087927164,2305
37,1751,3934088.088199611,2305
34,1460,3934088.088452217,2305
30,602,3934088.088696233,2305
49,1035,3934088.089296188,2305
54,1733,3934088.089561125,2305
64,89,3934088.089810281,2305
48,1637,3934088.090104188,2305
50,1932,3934088.090345764,2305
57,1507,3934088.090605951,2305
52,326,3934088.090858237,2305
58,1848,3934088.091171975,2305
59,1658,3934088.091420441,2305
47,1843,3934088.091661377,2305
53,1968,3934088.091895333,2305
55,1326,3934088.092174070,2305
65,1535,3934088.092421156,2305
66,1045,3934088.092651462,2305
63,1725,3934088.092907758,2305
60,1541,3934088.093147474,2305
76,366,3934088.093941364,2305
67,1469,3934088.094196921,2305
73,1859,3934088.094458107,2305
81,1782,3934088.094714663,2305
69,1254,3934088.094947909,2305
79,1059,3934088.095205796,2305
86,879,3934088.095459602,2305
68,1058,3934088.095692688,2305
71,575,3934088.095965105,2305
83,1956,3934088.096239512,2305
78,757,3934088.096501218,2305
72,289,3934088.096749364,2305
75,426,3934088.097009241,2305
80,1483,3934088.097264367,2305
82,2035,3934088.097496263,2305
77,1133,3934088.097734649,2305
97,871,3934088.097969515,2305
93,1885,3934088.098215341,2305
99,613,3934088.098443376,2305
107,2027,3934088.098670802,2305
103,785,3934088.098915008,2305
106,800,3934088.099176105,2305
108,1554,3934088.099429601,2305
101,1212,3934088.099678118,2305
89,1244,3934088.099927614,2305
90,1216,3934088.100184290,2305
98,1823,3934088.100431256,2305
110,1828,3934088.100677232,2305
112,1422,3934088.100920718,2305
100,1566,3934088.101175535,2305
113,1410,3934088.101409791,2305
96,1346,3934088.101664127,2305
118,1447,3934088.101911313,2305
122,1449,3934088.102155979,2305
114,1090,3934088.102409486,2305
120,1636,3934088.102659312,2305
124,1617,3934088.102905498,2305
119,1275,3934088.103139924,2305
0,1286,3934088.103643337,2308
11,1095,3934088.738119210,2369
3,1874,3934088.738610032,2369
2,926,3934088.739198087,2369
12,140,3934088.739714000,2369
9,1029,3934088.740522370,2369
7,1996,3934088.740844968,2369
20,1306,3934088.741136766,2369
17,394,3934088.741402582,2369
14,1761,3934088.741674069,2369
19,1056,3934088.741939596,2369
10,541,3934088.742195782,2369
4,895,3934088.742492329,2369
6,1641,3934088.742774516,2369
8,415,3934088.743047943,2369
5,1550,3934088.743310510,2369
1,2025,3934088.743573356,2369
35,812,3934088.743939885,2369
44,1361,3934088.744238383,2369
45,1592,3934088.744909880,2369
25,1152,3934088.745176267,2369
33,1842,3934088.745422143,2369
21,1596,3934088.745661719,2369
39,1105,3934088.745922825,2369
46,934,3934088.746181772,2369
22,104,3934088.746452798,2369
36,1802,3934088.746714175,2369
38,542,3934088.746971091,2369
41,438,3934088.747216758,2369
47,1843,3934088.747487514,2369
37,1751,3934088.747756431,2369
34,1460,3934088.748023488,2369
30,602,3934088.748277684,2369
49,1035,3934088.748548011,2369
54,1733,3934088.748803727,2369
64,89,3934088.749062114,2369
67,1469,3934088.749300590,2369
48,1637,3934088.749561776,2369
50,1932,3934088.749791792,2369
57,1507,3934088.750061489,2369
52,326,3934088.750321205,2369
58,1848,3934088.750577722,2369
59,1658,3934088.750809387,2369
53,1968,3934088.751053323,2369
55,1326,3934088.751319790,2369
65,1535,3934088.751586887,2369
66,1045,3934088.751821573,2369
63,1725,3934088.752115350,2369
60,1541,3934088.752382887,2369
76,366,3934088.752956521,2369
73,1859,3934088.753237348,2369
81,1782,3934088.753500695,2369
69,1254,3934088.753736810,2369
79,1059,3934088.753985717,2369
86,879,3934088.754249653,2369
68,1058,3934088.754485819,2369
71,575,3934088.754746586,2369
83,1956,3934088.755019182,2369
89,1244,3934088.755277149,2369
78,757,3934088.755530885,2369
72,289,3934088.755783981,2369
75,426,3934088.756046438,2369
80,1483,3934088.756305585,2369
82,2035,3934088.756536860,2369
77,1133,3934088.756769856,2369
97,871,3934088.757288769,2369
93,1885,3934088.757529375,2369
99,613,3934088.757765371,2369
107,2027,3934088.757998087,2369
114,1090,3934088.758268064,2369
103,785,3934088.758522320,2369
106,800,3934088.758775096,2369
108,1554,3934088.759041203,2369
101,1212,3934088.759299980,2369
90,1216,3934088.759554836,2369
98,1823,3934088.759805692,2369
110,1828,3934088.760068989,2369
112,1422,3934088.760323655,2369
100,1566,3934088.760561491,2369
113,1410,3934088.760796107,2369
96,1346,3934088.761086464,2369
118,1447,3934088.761354021,2369
122,1449,3934088.761596817,2369
120,1636,3934088.761851473,2369
124,1617,3934088.762113240,2369
119,1275,3934088.762385277,2369
106,800,3934088.990243490,2394
46,934,3934088.990665701,2394
11,1095,3934089.400403979,2433
3,1874,3934089.400895051,2433
2,926,3934089.401209329,2433
12,140,3934089.401502416,2433
9,1029,3934089.401757773,2433
7,1996,3934089.402043350,2433
20,1306,3934089.402316597,2433
17,394,3934089.402773518,2433
14,1761,3934089.403065306,2433
19,1056,3934089.403347502,2433
10,541,3934089.403597819,2433
4,895,3934089.403858465,2433
6,1641,3934089.404139672,2433
8,415,3934089.404403899,2433
5,1550,3934089.404669866,2433
1,2025,3934089.404932682,2433
35,812,3934089.405442315,2433
44,1361,3934089.405712672,2433
48,1637,3934089.405984108,2433
45,1592,3934089.406250165,2433
25,1152,3934089.406494121,2433
33,1842,3934089.406736687,2433
21,1596,3934089.406976373,2433
39,1105,3934089.407249390,2433
47,1843,3934089.407521507,2433
22,104,3934089.407789624,2433
36,1802,3934089.408063220,2433
38,542,3934089.408324727,2433
41,438,3934089.408564243,2433
37,1751,3934089.408829279,2433
34,1460,3934089.409096196,2433
30,602,3934089.409352663,2433
49,1035,3934089.409932347,2433
54,1733,3934089.410217184,2433
64,89,3934089.410472980,2433
67,1469,3934089.410715337,2433
59,1658,3934089.410951532,2433
50,1932,3934089.411194678,2433
57,1507,3934089.411469996,2433
52,326,3934089.411735432,2433
58,1848,3934089.411995089,2433
53,1968,3934089.412253985,2433
68,1058,3934089.412495771,2433
55,1326,3934089.412768768,2433
65,1535,3934089.413052835,2433
66,1045,3934089.413294341,2433
63,1725,3934089.413556477,2433
60,1541,3934089.413794683,2433
76,366,3934089.414557673,2433
73,1859,3934089.414832149,2433
81,1782,3934089.415108026,2433
69,1254,3934089.415350762,2433
79,1059,3934089.415608379,2433
86,879,3934089.415867495,2433
71,575,3934089.416142652,2433
83,1956,3934089.416406779,2433
89,1244,3934089.416668635,2433
78,757,3934089.416929912,2433
72,289,3934089.417198519,2433
90,1216,3934089.417455055,2433
75,426,3934089.417715972,2433
80,1483,3934089.417982788,2433
82,2035,3934089.418233884,2433
77,1133,3934089.418474791,2433
118,1447,3934089.418732857,2433
97,871,3934089.418980513,2433
119,1275,3934089.419229049,2433
93,1885,3934089.419473055,2433
99,613,3934089.419713141,2433
107,2027,3934089.419952007,2433
114,1090,3934089.420226314,2433
103,785,3934089.420484901,2433
108,1554,3934089.420745417,2433
101,1212,3934089.421015554,2433
98,1823,3934089.421271920,2433
110,1828,3934089.421527587,2433
112,1422,3934089.421778653,2433
100,1566,3934089.422028329,2433
113,1410,3934089.422267405,2433
96,1346,3934089.422526242,2433
120,1636,3934089.422786138,2433
124,1617,3934089.423057215,2433
122,1449,3934089.423327392,2433
11,1095,3934090.097531298,2497
3,1874,3934090.098059001,2497
2,926,3934090.098364389,2497
12,140,3934090.098666517,2497
9,1029,3934090.098920533,2497
7,1996,3934090.099211450,2497
20,1306,3934090.099485967,2497
17,394,3934090.099757404,2497
14,1761,3934090.100237136,2497
19,1056,3934090.100527953,2497
10,541,3934090.100778149,2497
4,895,3934090.101052036,2497
6,1641,3934090.101330583,2497
8,415,3934090.101596480,2497
5,1550,3934090.101864276,2497
1,2025,3934090.102143763,2497
35,812,3934090.102651756,2497
44,1361,3934090.102934173,2497
48,1637,3934090.103219880,2497
45,1592,3934090.103476367,2497
25,1152,3934090.103724013,2497
33,1842,3934090.103975889,2497
21,1596,3934090.104235306,2497
39,1105,3934090.104505882,2497
47,1843,3934090.104785969,2497
22,104,3934090.105068877,2497
36,1802,3934090.105346514,2497
38,542,3934090.105612900,2497
41,438,3934090.105851826,2497
37,1751,3934090.106136973,2497
34,1460,3934090.106407350,2497
30,602,3934090.106664536,2497
49,1035,3934090.107264802,2497
54,1733,3934090.107549218,2497
64,89,3934090.107812535,2497
67,1469,3934090.108070952,2497
59,1658,3934090.108317808,2497
50,1932,3934090.108556074,2497
57,1507,3934090.108827890,2497
52,326,3934090.109102327,2497
58,1848,3934090.109374404,2497
53,1968,3934090.109625761,2497
68,1058,3934090.109872027,2497
55,1326,3934090.110163634,2497
65,1535,3934090.110443681,2497
66,1045,3934090.110690167,2497
63,1725,3934090.110958344,2497
60,1541,3934090.111213150,2497
76,366,3934090.111940018,2497
73,1859,3934090.112233826,2497
81,1782,3934090.112507333,2497
69,1254,3934090.112759879,2497
79,1059,3934090.113030935,2497
86,879,3934090.113297922,2497
71,575,3934090.113567309,2497
83,1956,3934090.113836086,2497
89,1244,3934090.114110013,2497
78,757,3934090.114385900,2497
72,289,3934090.114648876,2497
90,1216,3934090.114915173,2497
75,426,3934090.115190789,2497
80,1483,3934090.115461116,2497
82,2035,3934090.115712133,2497
77,1133,3934090.115956909,2497
118,1447,3934090.116235235,2497
97,871,3934090.116486522,2497
119,1275,3934090.116730148,2497
93,1885,3934090.116978754,2497
99,613,3934090.117227570,2497
107,2027,3934090.117471226,2497
114,1090,3934090.117737823,2497
103,785,3934090.117999360,2497
108,1554,3934090.118278527,2497
101,1212,3934090.118545713,2497
98,1823,3934090.118805960,2497
110,1828,3934090.119074526,2497
112,1422,3934090.119332503,2497
100,1566,3934090.119580419,2497
113,1410,3934090.119821495,2497
96,1346,3934090.120099032,2497
120,1636,3934090.120366989,2497
124,1617,3934090.120630756,2497
122,1449,3934090.120909383,2497
11,1095,3934090.978793439,2561
3,1874,3934090.979793614,2561
2,926,3934090.980323277,2561
12,140,3934090.980834600,2561
9,1029,3934090.981309872,2561
7,1996,3934090.982138712,2561
20,1306,3934090.982634355,2561
17,394,3934090.983120517,2561
14,1761,3934090.983604089,2561
19,1056,3934090.984103332,2561
10,541,3934090.984542932,2561
4,895,3934090.985018344,2561
6,1641,3934090.985504627,2561
8,415,3934090.985975778,2561
5,1550,3934090.986475271,2561
1,2025,3934090.986951113,2561
35,812,3934090.987782573,2561
44,1361,3934090.988287296,2561
48,1637,3934090.988780098,2561
45,1592,3934090.989252890,2561
25,1152,3934090.989698321,2561
33,1842,3934090.990152653,2561
21,1596,3934090.990586543,2561
39,1105,3934090.991129177,2561
47,1843,3934090.991682031,2561
22,104,3934090.992198394,2561
36,1802,3934090.992683486,2561
38,542,3934090.993160328,2561
41,438,3934090.993592169,2561
37,1751,3934090.994079561,2561
34,1460,3934090.994545022,2561
30,602,3934090.994990553,2561
49,1035,3934090.995974188,2561
54,1733,3934090.996494181,2561
64,89,3934090.996965153,2561
67,1469,3934090.997427084,2561
59,1658,3934090.997865155,2561
50,1932,3934090.998304526,2561
57,1507,3934090.998793459,2561
52,326,3934090.999282091,2561
58,1848,3934090.999767673,2561
53,1968,3934091.000236505,2561
68,1058,3934091.000682406,2561
55,1326,3934091.001187088,2561
65,1535,3934091.001689111,2561
66,1045,3934091.002136992,2561
63,1725,3934091.002621584,2561
60,1541,3934091.003119087,2561
76,366,3934091.003627989,2561
73,1859,3934091.004118902,2561
81,1782,3934091.005416854,2561
69,1254,3934091.005886876,2561
79,1059,3934091.006375428,2561
86,879,3934091.006843290,2561
71,575,3934091.007331372,2561
83,1956,3934091.007802954,2561
89,1244,3934091.008286326,2561
78,757,3934091.008767558,2561
72,289,3934091.009244800,2561
90,1216,3934091.009716281,2561
75,426,3934091.010211084,2561
80,1483,3934091.010800979,2561
82,2035,3934091.011270190,2561
77,1133,3934091.011817524,2561
118,1447,3934091.012370658,2561
97,871,3934091.012841190,2561
119,1275,3934091.013289451,2561
93,1885,3934091.013731322,2561
99,613,3934091.014215684,2561
107,2027,3934091.014749867,2561
114,1090,3934091.015306761,2561
103,785,3934091.015782633,2561
108,1554,3934091.016345497,2561
101,1212,3934091.016938472,2561
98,1823,3934091.017539077,2561
110,1828,3934091.018112641,2561
112,1422,3934091.018617384,2561
100,1566,3934091.018975623,2561
113,1410,3934091.019318961,2561
96,1346,3934091.019705861,2561
120,1636,3934091.020077051,2561
124,1617,3934091.020428729,2561
122,1449,3934091.020794258,2561
11,1095,3934091.893608588,2625
3,1874,3934091.894167222,2625
2,926,3934091.894490980,2625
12,140,3934091.894800278,2625
9,1029,3934091.895078345,2625
7,1996,3934091.895374362,2625
20,1306,3934091.895661959,2625
17,394,3934091.896293545,2625
14,1761,3934091.896589462,2625
19,1056,3934091.896895550,2625
10,541,3934091.897160657,2625
4,895,3934091.897439344,2625
6,1641,3934091.897724151,2625
8,415,3934091.897996768,2625
5,1550,3934091.898286805,2625
1,2025,3934091.898570152,2625
35,812,3934091.899096155,2625
44,1361,3934091.899391092,2625
48,1637,3934091.899679040,2625
45,1592,3934091.899945126,2625
25,1152,3934091.900214033,2625
33,1842,3934091.900473319,2625
21,1596,3934091.900722966,2625
39,1105,3934091.900999943,2625
47,1843,3934091.901297740,2625
22,104,3934091.901576847,2625
36,1802,3934091.901850664,2625
38,542,3934091.902130421,2625
41,438,3934091.902379147,2625
37,1751,3934091.902657364,2625
34,1460,3934091.902954821,2625
30,602,3934091.903244499,2625
49,1035,3934091.903884195,2625
54,1733,3934091.904188562,2625
64,89,3934091.904471319,2625
67,1469,3934091.904729416,2625
59,1658,3934091.904980052,2625
50,1932,3934091.905244869,2625
57,1507,3934091.905532746,2625
52,326,3934091.905816503,2625
58,1848,3934091.906105250,2625
53,1968,3934091.906367067,2625
68,1058,3934091.906626073,2625
55,1326,3934091.906913180,2625
65,1535,3934091.907213358,2625
66,1045,3934091.907474245,2625
63,1725,3934091.907752181,2625
60,1541,3934091.908016378,2625
76,366,3934091.908297295,2625
73,1859,3934091.908578672,2625
81,1782,3934091.908854229,2625
69,1254,3934091.909115835,2625
79,1059,3934091.909389182,2625
86,879,3934091.909661669,2625
71,575,3934091.910335846,2625
83,1956,3934091.910623923,2625
89,1244,3934091.910902110,2625
78,757,3934091.911193847,2625
72,289,3934091.911471114,2625
90,1216,3934091.911747181,2625
75,426,3934091.912029198,2625
80,1483,3934091.912308525,2625
82,2035,3934091.912563422,2625
77,1133,3934091.912816938,2625
118,1447,3934091.913098125,2625
97,871,3934091.913380812,2625
119,1275,3934091.913650769,2625
93,1885,3934091.913906615,2625
99,613,3934091.914169202,2625
107,2027,3934091.914423468,2625
114,1090,3934091.914700035,2625
103,785,3934091.914968542,2625
108,1554,3934091.915253349,2625
101,1212,3934091.915529756,2625
98,1823,3934091.915798382,2625
110,1828,3934091.916075139,2625
112,1422,3934091.916340086,2625
100,1566,3934091.916594852,2625
113,1410,3934091.916848769,2625
96,1346,3934091.917133386,2625
120,1636,3934091.917409943,2625
124,1617,3934091.917679029,2625
122,1449,3934091.917960007,2625
99,613,3934092.420531615,2671
11,1095,3934092.625799874,2689
3,1874,3934092.626339528,2689
2,926,3934092.626699596,2689
12,140,3934092.627072546,2689
9,1029,3934092.627347373,2689
7,1996,3934092.628016549,2689
20,1306,3934092.628318587,2689
17,394,3934092.628611374,2689
14,1761,3934092.628896081,2689
19,1056,3934092.629205339,2689
10,541,3934092.629470026,2689
4,895,3934092.629747433,2689
6,1641,3934092.630045380,2689
8,415,3934092.630329907,2689
5,1550,3934092.630612054,2689
1,2025,3934092.630896561,2689
35,812,3934092.631365413,2689
44,1361,3934092.631648840,2689
48,1637,3934092.631944857,2689
45,1592,3934092.632222134,2689
25,1152,3934092.632486761,2689
33,1842,3934092.632746628,2689
21,1596,3934092.633009714,2689
39,1105,3934092.633295521,2689
47,1843,3934092.633580938,2689
22,104,3934092.633861915,2689
36,1802,3934092.634147963,2689
38,542,3934092.634755418,2689
41,438,3934092.635031374,2689
37,1751,3934092.635324112,2689
34,1460,3934092.635627900,2689
30,602,3934092.635907836,2689
49,1035,3934092.636215154,2689
54,1733,3934092.636507902,2689
64,89,3934092.636791478,2689
67,1469,3934092.637062225,2689
59,1658,3934092.637320182,2689
50,1932,3934092.637573788,2689
57,1507,3934092.637863265,2689
52,326,3934092.638156003,2689
58,1848,3934092.638441880,2689
53,1968,3934092.638702586,2689
68,1058,3934092.638962213,2689
55,1326,3934092.639267800,2689
65,1535,3934092.639560098,2689
66,1045,3934092.639817084,2689
63,1725,3934092.640109741,2689
60,1541,3934092.640364268,2689
76,366,3934092.641163918,2689
73,1859,3934092.641468946,2689
81,1782,3934092.641758493,2689
69,1254,3934092.642027780,2689
79,1059,3934092.642306876,2689
86,879,3934092.642587613,2689
71,575,3934092.642875281,2689
83,1956,3934092.643168308,2689
89,1244,3934092.643448115,2689
78,757,3934092.643731092,2689
72,289,3934092.644018819,2689
90,1216,3934092.644301116,2689
75,426,3934092.644584313,2689
80,1483,3934092.644863590,2689
82,2035,3934092.645131257,2689
77,1133,3934092.645395873,2689
118,1447,3934092.645673671,2689
97,871,3934092.645962448,2689
119,1275,3934092.646240475,2689
93,1885,3934092.646506801,2689
107,2027,3934092.646760388,2689
114,1090,3934092.647049445,2689
103,785,3934092.647328312,2689
108,1554,3934092.647603569,2689
120,1636,3934092.647910956,2689
101,1212,3934092.648207434,2689
98,1823,3934092.648483761,2689
110,1828,3934092.648756517,2689
112,1422,3934092.649071645,2689
100,1566,3934092.649344682,2689
113,1410,3934092.649601449,2689
96,1346,3934092.649886426,2689
124,1617,3934092.650174733,2689
122,1449,3934092.650466030,2689
68,1058,3934092.868556620,2701
39,1105,3934093.116667740,2717
72,289,3934093.273205651,2732
11,1095,3934093.502571623,2753
3,1874,3934093.503076005,2753
2,926,3934093.503403004,2753
12,140,3934093.503720541,2753
9,1029,3934093.504020349,2753
7,1996,3934093.504322867,2753
20,1306,3934093.504621474,2753
17,394,3934093.505108026,2753
14,1761,3934093.505416704,2753
19,1056,3934093.505718411,2753
10,541,3934093.505987858,2753
4,895,3934093.506290476,2753
6,1641,3934093.506593173,2753
8,415,3934093.506882180,2753
5,1550,3934093.507181028,2753
1,2025,3934093.507476595,2753
35,812,3934093.507977588,2753
49,1035,3934093.508302376,2753
44,1361,3934093.508595633,2753
48,1637,3934093.508897571,2753
45,1592,3934093.509188118,2753
25,1152,3934093.509459895,2753
33,1842,3934093.509727152,2753
21,1596,3934093.509987528,2753
47,1843,3934093.510295436,2753
22,104,3934093.510590423,2753
36,1802,3934093.510876680,2753
38,542,3934093.511172538,2753
41,438,3934093.511432154,2753
37,1751,3934093.511745852,2753
34,1460,3934093.512072270,2753
30,602,3934093.512370418,2753
54,1733,3934093.512955232,2753
64,89,3934093.513271020,2753
67,1469,3934093.513542017,2753
59,1658,3934093.513809124,2753
50,1932,3934093.514076550,2753
57,1507,3934093.514378558,2753
52,326,3934093.514672675,2753
58,1848,3934093.514963133,2753
69,1254,3934093.515258670,2753
53,1968,3934093.515533857,2753
71,575,3934093.515827164,2753
55,1326,3934093.516135682,2753
65,1535,3934093.516488571,2753
66,1045,3934093.516762807,2753
63,1725,3934093.517099516,2753
60,1541,3934093.517402873,2753
76,366,3934093.518086611,2753
97,871,3934093.518393748,2753
73,1859,3934093.518696066,2753
81,1782,3934093.518987603,2753
93,1885,3934093.519273720,2753
79,1059,3934093.519554027,2753
86,879,3934093.519838974,2753
83,1956,3934093.520135842,2753
89,1244,3934093.520429699,2753
78,757,3934093.520717836,2753
90,1216,3934093.521018574,2753
75,426,3934093.521310391,2753
96,1346,3934093.521598958,2753
80,1483,3934093.521909456,2753
82,2035,3934093.522201083,2753
77,1133,3934093.522466500,2753
118,1447,3934093.522749237,2753
122,1449,3934093.523050335,2753
107,2027,3934093.523315351,2753
114,1090,3934093.523601598,2753
103,785,3934093.523881445,2753
108,1554,3934093.524176753,2753
120,1636,3934093.524466310,2753
101,1212,3934093.524751667,2753
124,1617,3934093.525046404,2753
98,1823,3934093.525329132,2753
110,1828,3934093.525626159,2753
112,1422,3934093.525902166,2753
100,1566,3934093.526180333,2753
113,1410,3934093.526448080,2753
119,1275,3934093.526704976,2753
11,1095,3934094.169924729,2817
3,1874,3934094.170453392,2817
2,926,3934094.170773380,2817
12,140,3934094.171120439,2817
9,1029,3934094.171403066,2817
7,1996,3934094.171894308,2817
20,1306,3934094.172212496,2817
17,394,3934094.172515813,2817
14,1761,3934094.172812001,2817
19,1056,3934094.173122169,2817
10,541,3934094.173393726,2817
4,895,3934094.173683663,2817
6,1641,3934094.173982400,2817
8,415,3934094.174287578,2817
5,1550,3934094.174582815,2817
1,2025,3934094.174878893,2817
35,812,3934094.175322094,2817
49,1035,3934094.175627051,2817
44,1361,3934094.175920598,2817
48,1637,3934094.176219636,2817
45,1592,3934094.176495403,2817
25,1152,3934094.176764150,2817
33,1842,3934094.177037746,2817
21,1596,3934094.177305963,2817
47,1843,3934094.177952279,2817
22,104,3934094.178274277,2817
36,1802,3934094.178574295,2817
38,542,3934094.178863892,2817
41,438,3934094.179153039,2817
37,1751,3934094.179454657,2817
34,1460,3934094.179741724,2817
30,602,3934094.180062362,2817
54,1733,3934094.180404931,2817
64,89,3934094.180700328,2817
67,1469,3934094.180970635,2817
59,1658,3934094.181251492,2817
50,1932,3934094.181512958,2817
57,1507,3934094.181811816,2817
52,326,3934094.182111443,2817
58,1848,3934094.182413051,2817
69,1254,3934094.182683028,2817
53,1968,3934094.182955005,2817
71,575,3934094.183264232,2817
55,1326,3934094.183568630,2817
65,1535,3934094.183872497,2817
66,1045,3934094.184150494,2817
63,1725,3934094.184442902,2817
60,1541,3934094.184705828,2817
76,366,3934094.185408266,2817
97,871,3934094.185692763,2817
73,1859,3934094.185991080,2817
81,1782,3934094.186300618,2817
93,1885,3934094.186577775,2817
79,1059,3934094.186860752,2817
86,879,3934094.187160210,2817
83,1956,3934094.187452917,2817
89,1244,3934094.187740864,2817
78,757,3934094.188041892,2817
90,1216,3934094.188336749,2817
75,426,3934094.188628346,2817
96,1346,3934094.188921323,2817
80,1483,3934094.189223401,2817
82,2035,3934094.189495698,2817
77,1133,3934094.189761964,2817
118,1447,3934094.190057972,2817
122,1449,3934094.190357039,2817
107,2027,3934094.190645837,2817
114,1090,3934094.190947844,2817
103,785,3934094.191247112,2817
108,1554,3934094.191537889,2817
120,1636,3934094.191830006,2817
101,1212,3934094.192129374,2817
124,1617,3934094.192420441,2817
98,1823,3934094.192705318,2817
110,1828,3934094.192989415,2817
112,1422,3934094.193283723,2817
100,1566,3934094.193553399,2817
113,1410,3934094.193816796,2817
119,1275,3934094.194087863,2817
57,1507,3934094.317969788,2832
11,1095,3934094.840276690,2881
3,1874,3934094.840773922,2881
2,926,3934094.841136441,2881
12,140,3934094.841468960,2881
9,1029,3934094.841758167,2881
7,1996,3934094.842079065,2881
20,1306,3934094.842575017,2881
17,394,3934094.842885675,2881
14,1761,3934094.843204153,2881
19,1056,3934094.843515201,2881
10,541,3934094.843790958,2881
4,895,3934094.844098145,2881
6,1641,3934094.844405933,2881
8,415,3934094.844705641,2881
5,1550,3934094.845015408,2881
1,2025,3934094.845325696,2881
35,812,3934094.845844089,2881
49,1035,3934094.846163737,2881
44,1361,3934094.846466905,2881
48,1637,3934094.846766212,2881
45,1592,3934094.847066200,2881
25,1152,3934094.847342496,2881
33,1842,3934094.847621953,2881
21,1596,3934094.847894450,2881
47,1843,3934094.848214948,2881
22,104,3934094.848516976,2881
36,1802,3934094.848812023,2881
38,542,3934094.849115651,2881
41,438,3934094.849402568,2881
37,1751,3934094.849703495,2881
34,1460,3934094.850008693,2881
30,602,3934094.850293670,2881
54,1733,3934094.850880905,2881
64,89,3934094.851213713,2881
67,1469,3934094.851495840,2881
73,1859,3934094.851800968,2881
59,1658,3934094.852085705,2881
50,1932,3934094.852354752,2881
69,1254,3934094.852641939,2881
52,326,3934094.852948076,2881
58,1848,3934094.853263394,2881
53,1968,3934094.853547002,2881
71,575,3934094.853845299,2881
55,1326,3934094.854164977,2881
65,1535,3934094.854474925,2881
66,1045,3934094.854746812,2881
63,1725,3934094.855050829,2881
60,1541,3934094.855323806,2881
76,366,3934094.855631503,2881
97,871,3934094.856291040,2881
81,1782,3934094.856650489,2881
93,1885,3934094.856950547,2881
79,1059,3934094.857262764,2881
86,879,3934094.857561882,2881
83,1956,3934094.857865839,2881
89,1244,3934094.858177337,2881
78,757,3934094.858480495,2881
90,1216,3934094.858786462,2881
98,1823,3934094.859090070,2881
75,426,3934094.859394197,2881
96,1346,3934094.859696975,2881
80,1483,3934094.859998463,2881
82,2035,3934094.860310680,2881
77,1133,3934094.860586327,2881
118,1447,3934094.860882795,2881
122,1449,3934094.861220373,2881
107,2027,3934094.861503210,2881
114,1090,3934094.861807048,2881
103,785,3934094.862110145,2881
108,1554,3934094.862411973,2881
120,1636,3934094.862712391,2881
101,1212,3934094.863021028,2881
124,1617,3934094.863322246,2881
110,1828,3934094.863617123,2881
112,1422,3934094.863978442,2881
100,1566,3934094.864293220,2881
113,1410,3934094.864572487,2881
119,1275,3934094.864848384,2881
11,1095,3934095.514092148,2945
3,1874,3934095.514632891,2945
2,926,3934095.514975499,2945
12,140,3934095.515331319,2945
9,1029,3934095.515626766,2945
7,1996,3934095.515946444,2945
20,1306,3934095.516265242,2945
17,394,3934095.516759754,2945
14,1761,3934095.517089552,2945
19,1056,3934095.517411180,2945
10,541,3934095.517692598,2945
4,895,3934095.517993225,2945
6,1641,3934095.518319053,2945
8,415,3934095.518622351,2945
5,1550,3934095.518926358,2945
1,2025,3934095.519241816,2945
35,812,3934095.519787250,2945
49,1035,3934095.520121218,2945
44,1361,3934095.520437956,2945
48,1637,3934095.520741734,2945
45,1592,3934095.521040311,2945
25,1152,3934095.521356029,2945
33,1842,3934095.521649266,2945
21,1596,3934095.521928643,2945
47,1843,3934095.522252592,2945
22,104,3934095.522560119,2945
36,1802,3934095.522867567,2945
38,542,3934095.523192445,2945
41,438,3934095.523491403,2945
37,1751,3934095.523800030,2945
34,1460,3934095.524109388,2945
30,602,3934095.524417015,2945
54,1733,3934095.525012720,2945
64,89,3934095.525326918,2945
67,1469,3934095.525709258,2945
73,1859,3934095.526060867,2945
59,1658,3934095.526355664,2945
50,1932,3934095.526632131,2945
69,1254,3934095.526911888,2945
52,326,3934095.527239146,2945
58,1848,3934095.527550374,2945
53,1968,3934095.527834311,2945
71,575,3934095.528155679,2945
55,1326,3934095.528474587,2945
65,1535,3934095.528787775,2945
66,1045,3934095.529077912,2945
63,1725,3934095.529387260,2945
60,1541,3934095.529661617,2945
76,366,3934095.530340174,2945
97,871,3934095.530634401,2945
81,1782,3934095.530939818,2945
93,1885,3934095.531232986,2945
79,1059,3934095.531529503,2945
86,879,3934095.531827961,2945
83,1956,3934095.532141879,2945
89,1244,3934095.532444936,2945
78,757,3934095.532751164,2945
90,1216,3934095.533063231,2945
98,1823,3934095.533365509,2945
75,426,3934095.533669217,2945
96,1346,3934095.533972154,2945
80,1483,3934095.534287352,2945
82,2035,3934095.534565049,2945
77,1133,3934095.534843266,2945
118,1447,3934095.535157404,2945
122,1449,3934095.535468562,2945
107,2027,3934095.535744519,2945
114,1090,3934095.536052236,2945
103,785,3934095.536352314,2945
108,1554,3934095.536651931,2945
120,1636,3934095.536953319,2945
101,1212,3934095.537268927,2945
124,1617,3934095.537569024,2945
110,1828,3934095.537865751,2945
112,1422,3934095.538171559,2945
100,1566,3934095.538456056,2945
113,1410,3934095.538729643,2945
119,1275,3934095.539010290,2945
11,1095,3934096.190828018,3009
3,1874,3934096.191497655,3009
2,926,3934096.191832793,3009
12,140,3934096.192179962,3009
9,1029,3934096.192476449,3009
7,1996,3934096.192803888,3009
20,1306,3934096.193324091,3009
17,394,3934096.193653699,3009
14,1761,3934096.193965837,3009
19,1056,3934096.194309575,3009
10,541,3934096.194600213,3009
4,895,3934096.194904320,3009
6,1641,3934096.195227378,3009
8,415,3934096.195533006,3009
5,1550,3934096.195842924,3009
1,2025,3934096.196161741,3009
35,812,3934096.196695435,3009
49,1035,3934096.197031393,3009
44,1361,3934096.197347341,3009
48,1637,3934096.197659109,3009
45,1592,3934096.197948496,3009
25,1152,3934096.198247204,3009
33,1842,3934096.198534271,3009
21,1596,3934096.198812598,3009
47,1843,3934096.199151126,3009
22,104,3934096.199469574,3009
36,1802,3934096.199779852,3009
38,542,3934096.200095370,3009
41,438,3934096.200407358,3009
37,1751,3934096.200724726,3009
34,1460,3934096.201038474,3009
30,602,3934096.201347561,3009
54,1733,3934096.201988517,3009
64,89,3934096.202312375,3009
67,1469,3934096.202609733,3009
73,1859,3934096.202923090,3009
59,1658,3934096.203215478,3009
50,1932,3934096.203493645,3009
69,1254,3934096.203773892,3009
52,326,3934096.204096730,3009
58,1848,3934096.204410518,3009
53,1968,3934096.204710975,3009
71,575,3934096.205036443,3009
55,1326,3934096.205366722,3009
65,1535,3934096.205702730,3009
66,1045,3934096.205992187,3009
63,1725,3934096.206318805,3009
60,1541,3934096.206597822,3009
76,366,3934096.206909140,3009
97,871,3934096.207209848,3009
81,1782,3934096.207522876,3009
93,1885,3934096.207808003,3009
79,1059,3934096.208120131,3009
86,879,3934096.208719445,3009
83,1956,3934096.209046363,3009
89,1244,3934096.209370562,3009
78,757,3934096.209686770,3009
90,1216,3934096.209996117,3009
98,1823,3934096.210309405,3009
75,426,3934096.210625823,3009
96,1346,3934096.210933531,3009
80,1483,3934096.211253059,3009
82,2035,3934096.211533856,3009
77,1133,3934096.211818583,3009
118,1447,3934096.212132961,3009
122,1449,3934096.212454619,3009
107,2027,3934096.212732096,3009
114,1090,3934096.213050014,3009
103,785,3934096.213351921,3009
108,1554,3934096.213658969,3009
120,1636,3934096.213965837,3009
101,1212,3934096.214282924,3009
124,1617,3934096.214587372,3009
110,1828,3934096.214892020,3009
112,1422,3934096.215196037,3009
100,1566,3934096.215479764,3009
113,1410,3934096.215758771,3009
119,1275,3934096.216044989,3009
11,1095,3934096.871636961,3073
3,1874,3934096.872255536,3073
2,926,3934096.872605105,3073
12,140,3934096.873023796,3073
9,1029,3934096.873342283,3073
7,1996,3934096.873672892,3073
20,1306,3934096.874335478,3073
17,394,3934096.874668277,3073
14,1761,3934096.874984404,3073
19,1056,3934096.875353144,3073
10,541,3934096.875647031,3073
4,895,3934096.875961179,3073
6,1641,3934096.876315758,3073
8,415,3934096.876874442,3073
5,1550,3934096.877237841,3073
1,2025,3934096.877568449,3073
35,812,3934096.878163054,3073
49,1035,3934096.878503532,3073
44,1361,3934096.878830321,3073
48,1637,3934096.879164909,3073
45,1592,3934096.879500017,3073
25,1152,3934096.879794725,3073
33,1842,3934096.880103772,3073
21,1596,3934096.880392400,3073
47,1843,3934096.880716198,3073
22,104,3934096.881044716,3073
36,1802,3934096.881361084,3073
38,542,3934096.881667722,3073
41,438,3934096.881984779,3073
37,1751,3934096.882314868,3073
34,1460,3934096.882623486,3073
30,602,3934096.882922413,3073
54,1733,3934096.883738353,3073
64,89,3934096.884074662,3073
67,1469,3934096.884372919,3073
73,1859,3934096.884700257,3073
59,1658,3934096.884988805,3073
50,1932,3934096.885283392,3073
69,1254,3934096.885570539,3073
52,326,3934096.885888797,3073
58,1848,3934096.886216725,3073
53,1968,3934096.886518123,3073
71,575,3934096.886835811,3073
55,1326,3934096.887174379,3073
65,1535,3934096.887508908,3073
66,1045,3934096.887796395,3073
63,1725,3934096.888122533,3073
60,1541,3934096.888403380,3073
76,366,3934096.888718388,3073
97,871,3934096.889022305,3073
81,1782,3934096.889340973,3073
93,1885,3934096.889633061,3073
79,1059,3934096.889937288,3073
86,879,3934096.890255046,3073
83,1956,3934096.890572144,3073
89,1244,3934096.890883912,3073
78,757,3934096.891204900,3073
90,1216,3934096.891516678,3073
98,1823,3934096.891821915,3073
75,426,3934096.892140743,3073
96,1346,3934096.892459501,3073
80,1483,3934096.892767929,3073
82,2035,3934096.893061756,3073
77,1133,3934096.893362144,3073
118,1447,3934096.893892557,3073
122,1449,3934096.894229065,3073
107,2027,3934096.894520763,3073
114,1090,3934096.894836011,3073
103,785,3934096.895153759,3073
108,1554,3934096.895470256,3073
120,1636,3934096.895783204,3073
101,1212,3934096.896105232,3073
124,1617,3934096.896417330,3073
110,1828,3934096.896727778,3073
112,1422,3934096.897035426,3073
100,1566,3934096.897327563,3073
113,1410,3934096.897611870,3073
119,1275,3934096.897894337,3073
11,1095,3934097.556669729,3137
3,1874,3934097.557227073,3137
2,926,3934097.557584132,3137
12,140,3934097.557930311,3137
9,1029,3934097.558252429,3137
7,1996,3934097.558780812,3137
20,1306,3934097.559124591,3137
17,394,3934097.559455789,3137
14,1761,3934097.559788477,3137
19,1056,3934097.560130526,3137
10,541,3934097.560425523,3137
4,895,3934097.560748961,3137
6,1641,3934097.561090670,3137
8,415,3934097.561414658,3137
5,1550,3934097.561735436,3137
1,2025,3934097.562067374,3137
35,812,3934097.562615788,3137
49,1035,3934097.562949606,3137
44,1361,3934097.563286935,3137
48,1637,3934097.563611343,3137
45,1592,3934097.563944551,3137
25,1152,3934097.564612198,3137
33,1842,3934097.564912135,3137
21,1596,3934097.565214753,3137
47,1843,3934097.565546391,3137
22,104,3934097.565873109,3137
36,1802,3934097.566213768,3137
38,542,3934097.566533906,3137
41,438,3934097.566859774,3137
37,1751,3934097.567208553,3137
34,1460,3934097.567536061,3137
30,602,3934097.567844789,3137
54,1733,3934097.568180047,3137
64,89,3934097.568497825,3137
67,1469,3934097.568790982,3137
73,1859,3934097.569121950,3137
59,1658,3934097.569414888,3137
50,1932,3934097.569732716,3137
69,1254,3934097.570035093,3137
52,326,3934097.570361591,3137
58,1848,3934097.570683020,3137
53,1968,3934097.570981037,3137
71,575,3934097.571315235,3137
55,1326,3934097.571649224,3137
65,1535,3934097.571980772,3137
66,1045,3934097.572290710,3137
63,1725,3934097.572625078,3137
60,1541,3934097.572915255,3137
76,366,3934097.573520120,3137
97,871,3934097.573829078,3137
81,1782,3934097.574161436,3137
93,1885,3934097.574464044,3137
79,1059,3934097.574779682,3137
86,879,3934097.575105000,3137
83,1956,3934097.575429968,3137
89,1244,3934097.575756226,3137
78,757,3934097.576083744,3137
90,1216,3934097.576404192,3137
98,1823,3934097.576723811,3137
75,426,3934097.577049459,3137
96,1346,3934097.577388777,3137
80,1483,3934097.577715505,3137
82,2035,3934097.578017883,3137
77,1133,3934097.578312790,3137
118,1447,3934097.578828893,3137
122,1449,3934097.579175952,3137
107,2027,3934097.579473799,3137
114,1090,3934097.579800617,3137
103,785,3934097.580124255,3137
108,1554,3934097.580446873,3137
120,1636,3934097.580763851,3137
101,1212,3934097.581092649,3137
124,1617,3934097.581409968,3137
110,1828,3934097.581720765,3137
112,1422,3934097.582036773,3137
100,1566,3934097.582334911,3137
113,1410,3934097.582624518,3137
119,1275,3934097.582912005,3137
75,426,3934098.221495253,3200
11,1095,3934098.240993580,3201
3,1874,3934098.241433181,3201
2,926,3934098.241776719,3201
12,140,3934098.242313813,3201
9,1029,3934098.242630781,3201
7,1996,3934098.242971069,3201
20,1306,3934098.243310798,3201
17,394,3934098.243634276,3201
14,1761,3934098.243968494,3201
19,1056,3934098.244322993,3201
10,541,3934098.244643011,3201
4,895,3934098.244978750,3201
6,1641,3934098.245336539,3201
8,415,3934098.245695068,3201
5,1550,3934098.246042286,3201
1,2025,3934098.246378005,3201
35,812,3934098.247269437,3201
49,1035,3934098.247616045,3201
44,1361,3934098.247964834,3201
48,1637,3934098.248313003,3201
45,1592,3934098.248655582,3201
25,1152,3934098.248959189,3201
33,1842,3934098.249266177,3201
21,1596,3934098.249560104,3201
47,1843,3934098.249890372,3201
22,104,3934098.250232351,3201
36,1802,3934098.250576539,3201
38,542,3934098.250912818,3201
41,438,3934098.251248196,3201
37,1751,3934098.251573914,3201
34,1460,3934098.251903072,3201
30,602,3934098.252222131,3201
54,1733,3934098.252553799,3201
64,89,3934098.252881967,3201
67,1469,3934098.253200145,3201
73,1859,3934098.253528373,3201
59,1658,3934098.253822180,3201
50,1932,3934098.254152739,3201
69,1254,3934098.254452546,3201
52,326,3934098.254785815,3201
58,1848,3934098.255126683,3201
53,1968,3934098.255429441,3201
71,575,3934098.255753059,3201
55,1326,3934098.256097977,3201
65,1535,3934098.256434966,3201
66,1045,3934098.256728323,3201
63,1725,3934098.257072992,3201
60,1541,3934098.257367079,3201
76,366,3934098.257912153,3201
97,871,3934098.258240941,3201
81,1782,3934098.258568549,3201
93,1885,3934098.258874797,3201
79,1059,3934098.259198995,3201
86,879,3934098.259518853,3201
83,1956,3934098.259842871,3201
89,1244,3934098.260170599,3201
78,757,3934098.260497827,3201
90,1216,3934098.260815615,3201
98,1823,3934098.261377049,3201
100,1566,3934098.261684207,3201
96,1346,3934098.262022225,3201
80,1483,3934098.262347793,3201
82,2035,3934098.262643841,3201
77,1133,3934098.262942598,3201
118,1447,3934098.263290137,3201
122,1449,3934098.263629266,3201
107,2027,3934098.263926163,3201
114,1090,3934098.264267001,3201
103,785,3934098.264585449,3201
108,1554,3934098.264902777,3201
120,1636,3934098.265235996,3201
101,1212,3934098.265559084,3201
124,1617,3934098.265879002,3201
110,1828,3934098.266206300,3201
112,1422,3934098.266523828,3201
113,1410,3934098.266820475,3201
119,1275,3934098.267120873,3201
3,1874,3934098.457212433,3222
11,1095,3934098.927101775,3265
2,926,3934098.927677740,3265
12,140,3934098.928063639,3265
9,1029,3934098.928384777,3265
7,1996,3934098.928732976,3265
20,1306,3934098.929299400,3265
21,1596,3934098.929638729,3265
17,394,3934098.930048429,3265
14,1761,3934098.930400418,3265
19,1056,3934098.930755347,3265
10,541,3934098.931080545,3265
4,895,3934098.931417223,3265
6,1641,3934098.931763072,3265
8,415,3934098.932103900,3265
5,1550,3934098.932441539,3265
1,2025,3934098.932779707,3265
35,812,3934098.933413743,3265
49,1035,3934098.933764502,3265
44,1361,3934098.934116531,3265
48,1637,3934098.934455019,3265
50,1932,3934098.934788397,3265
45,1592,3934098.935145076,3265
25,1152,3934098.935456564,3265
33,1842,3934098.935761182,3265
47,1843,3934098.936110040,3265
22,104,3934098.936451399,3265
36,1802,3934098.936780727,3265
38,542,3934098.937518876,3265
41,438,3934098.937858054,3265
37,1751,3934098.938207613,3265
34,1460,3934098.938550311,3265
30,602,3934098.938870930,3265
54,1733,3934098.939223998,3265
76,366,3934098.939571387,3265
64,89,3934098.939918776,3265
67,1469,3934098.940238764,3265
73,1859,3934098.940607263,3265
59,1658,3934098.940953102,3265
69,1254,3934098.941323161,3265
52,326,3934098.941669469,3265
58,1848,3934098.942014958,3265
53,1968,3934098.942326206,3265
71,575,3934098.942663354,3265
55,1326,3934098.943032413,3265
65,1535,3934098.943383442,3265
66,1045,3934098.943684930,3265
63,1725,3934098.944029398,3265
60,1541,3934098.944329046,3265
97,871,3934098.944644894,3265
81,1782,3934098.944976622,3265
93,1885,3934098.945294510,3265
79,1059,3934098.945615428,3265
86,879,3934098.946275144,3265
101,1212,3934098.946613553,3265
83,1956,3934098.946949011,3265
89,1244,3934098.947287700,3265
78,757,3934098.947628948,3265
90,1216,3934098.947958637,3265
98,1823,3934098.948293375,3265
100,1566,3934098.948603383,3265
96,1346,3934098.948946121,3265
80,1483,3934098.949290930,3265
82,2035,3934098.949601118,3265
77,1133,3934098.949925826,3265
118,1447,3934098.950280384,3265
122,1449,3934098.950620013,3265
107,2027,3934098.950923080,3265
114,1090,3934098.951264949,3265
103,785,3934098.951589327,3265
108,1554,3934098.951919796,3265
120,1636,3934098.952260144,3265
124,1617,3934098.952585972,3265
110,1828,3934098.952910950,3265
112,1422,3934098.953240629,3265
113,1410,3934098.953541546,3265
119,1275,3934098.953838813,3265
107,2027,3934099.175206756,3289
97,871,3934099.464882004,3316
11,1095,3934099.613144169,3329
2,926,3934099.613652632,3329
12,140,3934099.614044962,3329
9,1029,3934099.614374390,3329
7,1996,3934099.614929584,3329
20,1306,3934099.615293263,3329
21,1596,3934099.615615591,3329
17,394,3934099.615960090,3329
14,1761,3934099.616319039,3329
19,1056,3934099.616676048,3329
10,541,3934099.616987875,3329
4,895,3934099.617333704,3329
6,1641,3934099.617684393,3329
8,415,3934099.618026881,3329
5,1550,3934099.618367650,3329
1,2025,3934099.618707198,3329
35,812,3934099.619657602,3329
49,1035,3934099.620044182,3329
44,1361,3934099.620395361,3329
48,1637,3934099.620744329,3329
50,1932,3934099.621091288,3329
45,1592,3934099.621447717,3329
25,1152,3934099.621764515,3329
33,1842,3934099.622090713,3329
47,1843,3934099.622437341,3329
22,104,3934099.622777720,3329
36,1802,3934099.623153019,3329
38,542,3934099.623549379,3329
41,438,3934099.623937099,3329
37,1751,3934099.624334759,3329
34,1460,3934099.624676677,3329
30,602,3934099.625021306,3329
54,1733,3934099.625369265,3329
76,366,3934099.625716143,3329
64,89,3934099.626063432,3329
67,1469,3934099.626372580,3329
73,1859,3934099.626712458,3329
59,1658,3934099.627033496,3329
69,1254,3934099.627342344,3329
52,326,3934099.627681323,3329
58,1848,3934099.628032701,3329
53,1968,3934099.628349259,3329
71,575,3934099.628684597,3329
55,1326,3934099.629044277,3329
65,1535,3934099.629399735,3329
66,1045,3934099.629702963,3329
63,1725,3934099.630051632,3329
60,1541,3934099.630441632,3329
81,1782,3934099.631062357,3329
93,1885,3934099.631387735,3329
103,785,3934099.631720993,3329
79,1059,3934099.632061482,3329
86,879,3934099.632401580,3329
101,1212,3934099.632741939,3329
83,1956,3934099.633093598,3329
89,1244,3934099.633429046,3329
78,757,3934099.633774965,3329
90,1216,3934099.634112003,3329
98,1823,3934099.634443881,3329
100,1566,3934099.634752529,3329
96,1346,3934099.635100398,3329
80,1483,3934099.635439566,3329
82,2035,3934099.635757064,3329
77,1133,3934099.636250206,3329
118,1447,3934099.636588435,3329
122,1449,3934099.636936344,3329
114,1090,3934099.637287952,3329
108,1554,3934099.637622461,3329
120,1636,3934099.637959909,3329
124,1617,3934099.638308008,3329
110,1828,3934099.638640546,3329
112,1422,3934099.638960334,3329
113,1410,3934099.639280202,3329
119,1275,3934099.639590270,3329
52,326,3934099.872095400,3354
11,1095,3934100.334313971,3393
2,926,3934100.388106665,3393
12,140,3934100.388524646,3393
9,1029,3934100.388890745,3393
7,1996,3934100.389280444,3393
20,1306,3934100.389635304,3393
21,1596,3934100.389966982,3393
17,394,3934100.390322871,3393
14,1761,3934100.390669539,3393
19,1056,3934100.391037419,3393
10,541,3934100.391351746,3393
4,895,3934100.391690695,3393
6,1641,3934100.392049094,3393
8,415,3934100.392389732,3393
5,1550,3934100.392730331,3393
1,2025,3934100.393080819,3393
35,812,3934100.393791857,3393
49,1035,3934100.394164837,3393
44,1361,3934100.394509595,3393
48,1637,3934100.394856624,3393
50,1932,3934100.395206093,3393
45,1592,3934100.395564392,3393
25,1152,3934100.395888550,3393
33,1842,3934100.396437003,3393
47,1843,3934100.396998628,3393
22,104,3934100.400448694,3393
36,1802,3934100.400848304,3393
38,542,3934100.401258754,3393
41,438,3934100.401655884,3393
37,1751,3934100.402119885,3393
34,1460,3934100.402732781,3393
30,602,3934100.403327936,3393
54,1733,3934100.405231433,3393
76,366,3934100.405871709,3393
64,89,3934100.406492955,3393
67,1469,3934100.407056159,3393
73,1859,3934100.407670604,3393
59,1658,3934100.408213088,3393
69,1254,3934100.408719570,3393
58,1848,3934100.409296755,3393
77,1133,3934100.409818918,3393
53,1968,3934100.410343231,3393
71,575,3934100.410910575,3393
55,1326,3934100.411499700,3393
65,1535,3934100.412091785,3393
66,1045,3934100.412622608,3393
63,1725,3934100.413194252,3393
60,1541,3934100.413696785,3393
81,1782,3934100.414255699,3393
93,1885,3934100.414768952,3393
103,785,3934100.415329375,3393
108,1554,3934100.415882469,3393
79,1059,3934100.416441863,3393
86,879,3934100.416984707,3393
101,1212,3934100.417554831,3393
83,1956,3934100.418172677,3393
89,1244,3934100.418847154,3393
78,757,3934100.419493210,3393
90,1216,3934100.420069544,3393
98,1823,3934100.420621668,3393
100,1566,3934100.421143271,3393
96,1346,3934100.421720385,3393
80,1483,3934100.422294820,3393
82,2035,3934100.422820073,3393
118,1447,3934100.423384807,3393
122,1449,3934100.423955821,3393
114,1090,3934100.424519255,3393
120,1636,3934100.425090650,3393
124,1617,3934100.425632803,3393
110,1828,3934100.426125335,3393
112,1422,3934100.426552186,3393
113,1410,3934100.426959126,3393
119,1275,3934100.427379017,3393
11,1095,3934101.062976220,3457
2,926,3934101.063622376,3457
12,140,3934101.064022006,3457
9,1029,3934101.064362415,3457
7,1996,3934101.064735594,3457
20,1306,3934101.065293668,3457
21,1596,3934101.065625216,3457
17,394,3934101.066020756,3457
14,1761,3934101.066381205,3457
19,1056,3934101.066747154,3457
10,541,3934101.067072693,3457
4,895,3934101.067420411,3457
6,1641,3934101.067782030,3457
8,415,3934101.068137609,3457
5,1550,3934101.068484808,3457
1,2025,3934101.068831266,3457
35,812,3934101.069347609,3457
49,1035,3934101.069711679,3457
44,1361,3934101.070082428,3457
48,1637,3934101.070438766,3457
50,1932,3934101.070778965,3457
45,1592,3934101.071152154,3457
25,1152,3934101.071478072,3457
33,1842,3934101.071791451,3457
47,1843,3934101.072148189,3457
22,104,3934101.072494498,3457
36,1802,3934101.072838717,3457
38,542,3934101.073390430,3457
41,438,3934101.073738769,3457
37,1751,3934101.074097368,3457
34,1460,3934101.074439126,3457
30,602,3934101.074768455,3457
54,1733,3934101.079493253,3457
76,366,3934101.079932634,3457
64,89,3934101.080505168,3457
67,1469,3934101.080832646,3457
73,1859,3934101.081198686,3457
59,1658,3934101.081516354,3457
69,1254,3934101.081829821,3457
58,1848,3934101.082187290,3457
77,1133,3934101.082513758,3457
53,1968,3934101.082831666,3457
71,575,3934101.083190555,3457
55,1326,3934101.083557334,3457
65,1535,3934101.083917843,3457
66,1045,3934101.084241522,3457
63,1725,3934101.084593050,3457
60,1541,3934101.084928469,3457
81,1782,3934101.085770240,3457
93,1885,3934101.086143299,3457
103,785,3934101.086499158,3457
108,1554,3934101.086854087,3457
79,1059,3934101.087213016,3457
86,879,3934101.087557714,3457
101,1212,3934101.087908693,3457
83,1956,3934101.088274972,3457
89,1244,3934101.088615741,3457
78,757,3934101.088964560,3457
90,1216,3934101.089320518,3457
98,1823,3934101.089658587,3457
100,1566,3934101.089974795,3457
96,1346,3934101.090350544,3457
80,1483,3934101.090702543,3457
82,2035,3934101.091066762,3457
118,1447,3934101.091615366,3457
122,1449,3934101.091982335,3457
114,1090,3934101.092345384,3457
120,1636,3934101.092690013,3457
124,1617,3934101.093035461,3457
110,1828,3934101.093453302,3457
112,1422,3934101.093789920,3457
113,1410,3934101.094115848,3457
119,1275,3934101.094430626,3457
11,1095,3934101.754637555,3521
2,926,3934101.755305471,3521
12,140,3934101.755712202,3521
9,1029,3934101.756064260,3521
7,1996,3934101.756488431,3521
20,1306,3934101.756856150,3521
21,1596,3934101.757196899,3521
17,394,3934101.757559198,3521
14,1761,3934101.757912926,3521
19,1056,3934101.758291136,3521
10,541,3934101.758771588,3521
4,895,3934101.759148757,3521
6,1641,3934101.759525977,3521
8,415,3934101.759875666,3521
5,1550,3934101.760238955,3521
1,2025,3934101.760599544,3521
35,812,3934101.761181168,3521
49,1035,3934101.761561358,3521
44,1361,3934101.761918077,3521
48,1637,3934101.762285046,3521
50,1932,3934101.762635735,3521
45,1592,3934101.763014494,3521
25,1152,3934101.763351862,3521
33,1842,3934101.763677221,3521
47,1843,3934101.764047380,3521
22,104,3934101.764403469,3521
36,1802,3934101.764752668,3521
38,542,3934101.765103166,3521
41,438,3934101.765474135,3521
37,1751,3934101.765832004,3521
34,1460,3934101.766185523,3521
30,602,3934101.766546322,3521
54,1733,3934101.767296191,3521
76,366,3934101.767668140,3521
64,89,3934101.768022479,3521
67,1469,3934101.768345647,3521
73,1859,3934101.768707586,3521
59,1658,3934101.769034424,3521
69,1254,3934101.769362513,3521
58,1848,3934101.769710721,3521
77,1133,3934101.770042660,3521
53,1968,3934101.770366468,3521
71,575,3934101.770716886,3521
55,1326,3934101.771085716,3521
65,1535,3934101.771452425,3521
66,1045,3934101.771770903,3521
63,1725,3934101.772149602,3521
60,1541,3934101.772469150,3521
81,1782,3934101.773230389,3521
93,1885,3934101.773569448,3521
103,785,3934101.773910836,3521
108,1554,3934101.774272445,3521
79,1059,3934101.774618374,3521
86,879,3934101.774965153,3521
101,1212,3934101.775330432,3521
83,1956,3934101.775684571,3521
89,1244,3934101.776040050,3521
78,757,3934101.776399668,3521
90,1216,3934101.776750197,3521
98,1823,3934101.777106176,3521
100,1566,3934101.777431574,3521
96,1346,3934101.777782753,3521
80,1483,3934101.778142732,3521
82,2035,3934101.778471310,3521
118,1447,3934101.778816129,3521
122,1449,3934101.779183908,3521
114,1090,3934101.779533467,3521
120,1636,3934101.779888746,3521
124,1617,3934101.780241944,3521
110,1828,3934101.780597284,3521
112,1422,3934101.780935062,3521
113,1410,3934101.781264130,3521
119,1275,3934101.781641439,3521
11,1095,3934102.530039072,3585
2,926,3934102.530618996,3585
12,140,3934102.531025997,3585
9,1029,3934102.531372366,3585
7,1996,3934102.531759405,3585
20,1306,3934102.532322279,3585
21,1596,3934102.532665288,3585
17,394,3934102.533034987,3585
14,1761,3934102.533402086,3585
19,1056,3934102.533771465,3585
10,541,3934102.534105844,3585
4,895,3934102.534461492,3585
6,1641,3934102.534832502,3585
8,415,3934102.535195981,3585
5,1550,3934102.535555910,3585
1,2025,3934102.535914449,3585
35,812,3934102.536853582,3585
49,1035,3934102.537329994,3585
44,1361,3934102.537708604,3585
48,1637,3934102.538082663,3585
50,1932,3934102.538442262,3585
45,1592,3934102.538824002,3585
25,1152,3934102.539165310,3585
33,1842,3934102.539510469,3585
47,1843,3934102.539884238,3585
22,104,3934102.540254547,3585
36,1802,3934102.540632787,3585
38,542,3934102.540987896,3585
41,438,3934102.541351335,3585
37,1751,3934102.541731634,3585
34,1460,3934102.542099783,3585
30,602,3934102.542443292,3585
54,1733,3934102.542806991,3585
76,366,3934102.543181410,3585
64,89,3934102.543538950,3585
67,1469,3934102.543897448,3585
73,1859,3934102.544278238,3585
59,1658,3934102.544603636,3585
69,1254,3934102.544952535,3585
58,1848,3934102.545338324,3585
77,1133,3934102.545672173,3585
53,1968,3934102.546011761,3585
71,575,3934102.546411841,3585
55,1326,3934102.546785991,3585
65,1535,3934102.547169910,3585
66,1045,3934102.547530399,3585
63,1725,3934102.547895558,3585
60,1541,3934102.548322649,3585
81,1782,3934102.549280023,3585
93,1885,3934102.549665092,3585
103,785,3934102.550040162,3585
108,1554,3934102.550407561,3585
79,1059,3934102.550800311,3585
86,879,3934102.551173860,3585
101,1212,3934102.551538369,3585
83,1956,3934102.551940189,3585
89,1244,3934102.552312059,3585
78,757,3934102.552676388,3585
90,1216,3934102.553044637,3585
98,1823,3934102.553398016,3585
100,1566,3934102.553727734,3585
96,1346,3934102.554117704,3585
80,1483,3934102.554488633,3585
82,2035,3934102.554830352,3585
118,1447,3934102.555228051,3585
122,1449,3934102.555602761,3585
114,1090,3934102.555962820,3585
120,1636,3934102.556344879,3585
124,1617,3934102.556697948,3585
110,1828,3934102.557052067,3585
112,1422,3934102.557427197,3585
113,1410,3934102.557761785,3585
119,1275,3934102.558094353,3585
11,1095,3934103.225551703,3649
2,926,3934103.226112827,3649
12,140,3934103.226517487,3649
9,1029,3934103.227077291,3649
7,1996,3934103.227477951,3649
20,1306,3934103.227849271,3649
21,1596,3934103.228202439,3649
17,394,3934103.228567118,3649
14,1761,3934103.228930078,3649
19,1056,3934103.229323587,3649
10,541,3934103.229658066,3649
4,895,3934103.230025645,3649
6,1641,3934103.230399364,3649
8,415,3934103.230763063,3649
5,1550,3934103.231135393,3649
1,2025,3934103.231504002,3649
35,812,3934103.232403314,3649
49,1035,3934103.232847325,3649
44,1361,3934103.233227965,3649
48,1637,3934103.233600024,3649
50,1932,3934103.233958113,3649
45,1592,3934103.234345593,3649
25,1152,3934103.234682771,3649
33,1842,3934103.235025690,3649
47,1843,3934103.235395909,3649
22,104,3934103.235757408,3649
36,1802,3934103.236130467,3649
38,542,3934103.236485186,3649
41,438,3934103.236841045,3649
37,1751,3934103.237212605,3649
34,1460,3934103.237576303,3649
30,602,3934103.237964693,3649
54,1733,3934103.238341593,3649
76,366,3934103.238708882,3649
64,89,3934103.239072921,3649
67,1469,3934103.239406619,3649
73,1859,3934103.239773018,3649
59,1658,3934103.240109527,3649
69,1254,3934103.240435935,3649
58,1848,3934103.240804184,3649
77,1133,3934103.241148383,3649
53,1968,3934103.241483191,3649
71,575,3934103.241846530,3649
55,1326,3934103.242231720,3649
65,1535,3934103.242607529,3649
66,1045,3934103.242937928,3649
63,1725,3934103.243312147,3649
60,1541,3934103.243635365,3649
81,1782,3934103.244265561,3649
93,1885,3934103.244618470,3649
103,785,3934103.245340808,3649
108,1554,3934103.245780539,3649
79,1059,3934103.246149078,3649
86,879,3934103.246510967,3649
101,1212,3934103.246873066,3649
83,1956,3934103.247247445,3649
89,1244,3934103.247607104,3649
78,757,3934103.247970523,3649
90,1216,3934103.248341073,3649
98,1823,3934103.248695541,3649
100,1566,3934103.249037960,3649
96,1346,3934103.249401569,3649
80,1483,3934103.249771518,3649
82,2035,3934103.250120607,3649
118,1447,3934103.250481186,3649
122,1449,3934103.250848815,3649
114,1090,3934103.251217575,3649
120,1636,3934103.251578384,3649
124,1617,3934103.251927502,3649
110,1828,3934103.252294251,3649
112,1422,3934103.252640770,3649
113,1410,3934103.252970288,3649
119,1275,3934103.253305757,3649
76,366,3934103.796222594,3702
11,1095,3934103.924191422,3713
2,926,3934103.924724956,3713
12,140,3934103.925136616,3713
9,1029,3934103.925493095,3713
7,1996,3934103.926113441,3713
20,1306,3934103.926493470,3713
21,1596,3934103.926844229,3713
17,394,3934103.927236189,3713
14,1761,3934103.927614008,3713
19,1056,3934103.927998617,3713
10,541,3934103.928354217,3713
4,895,3934103.928719566,3713
6,1641,3934103.929110465,3713
8,415,3934103.929480005,3713
5,1550,3934103.929856614,3713
1,2025,3934103.930241874,3713
35,812,3934103.931182487,3713
49,1035,3934103.931629438,3713
44,1361,3934103.932010448,3713
48,1637,3934103.932391227,3713
50,1932,3934103.932767007,3713
45,1592,3934103.933161586,3713
25,1152,3934103.933506305,3713
33,1842,3934103.933845374,3713
47,1843,3934103.934231523,3713
22,104,3934103.934597993,3713
36,1802,3934103.934969062,3713
38,542,3934103.935339551,3713
41,438,3934103.935703960,3713
37,1751,3934103.936080550,3713
34,1460,3934103.936445059,3713
30,602,3934103.936834518,3713
54,1733,3934103.937218268,3713
64,89,3934103.937577837,3713
67,1469,3934103.937914095,3713
73,1859,3934103.938300915,3713
59,1658,3934103.938635193,3713
69,1254,3934103.938968602,3713
58,1848,3934103.939345061,3713
77,1133,3934103.939685810,3713
53,1968,3934103.940033608,3713
71,575,3934103.940403567,3713
55,1326,3934103.940783647,3713
65,1535,3934103.941174557,3713
66,1045,3934103.941510465,3713
78,757,3934103.941884835,3713
63,1725,3934103.942266024,3713
60,1541,3934103.942597462,3713
81,1782,3934103.943658129,3713
93,1885,3934103.944026228,3713
103,785,3934103.944393687,3713
108,1554,3934103.944766116,3713
79,1059,3934103.945144396,3713
86,879,3934103.945515325,3713
101,1212,3934103.945886384,3713
83,1956,3934103.946272864,3713
89,1244,3934103.946646794,3713
90,1216,3934103.947019303,3713
98,1823,3934103.947381002,3713
110,1828,3934103.947738581,3713
100,1566,3934103.948096160,3713
96,1346,3934103.948469459,3713
80,1483,3934103.948840368,3713
82,2035,3934103.949200017,3713
118,1447,3934103.949569047,3713
122,1449,3934103.949946496,3713
114,1090,3934103.950337346,3713
120,1636,3934103.950706425,3713
124,1617,3934103.951076114,3713
112,1422,3934103.951434763,3713
113,1410,3934103.951770722,3713
119,1275,3934103.952111130,3713
11,1095,3934104.625381236,3777
2,926,3934104.625969840,3777
12,140,3934104.626398361,3777
9,1029,3934104.626762810,3777
7,1996,3934104.627369225,3777
20,1306,3934104.627763615,3777
21,1596,3934104.628129254,3777
17,394,3934104.628510014,3777
14,1761,3934104.628884943,3777
19,1056,3934104.629282143,3777
10,541,3934104.629626042,3777
4,895,3934104.629999981,3777
6,1641,3934104.630395621,3777
8,415,3934104.630766710,3777
5,1550,3934104.631155050,3777
1,2025,3934104.631536469,3777
35,812,3934104.632467593,3777
49,1035,3934104.632937634,3777
44,1361,3934104.633335544,3777
48,1637,3934104.633714504,3777
50,1932,3934104.634097883,3777
45,1592,3934104.634495083,3777
25,1152,3934104.634869943,3777
33,1842,3934104.635241982,3777
47,1843,3934104.635629242,3777
22,104,3934104.636011341,3777
36,1802,3934104.636387840,3777
38,542,3934104.636761220,3777
41,438,3934104.637159410,3777
37,1751,3934104.637535879,3777
34,1460,3934104.637922669,3777
30,602,3934104.638349170,3777
54,1733,3934104.638729269,3777
64,89,3934104.639142400,3777
67,1469,3934104.639494558,3777
73,1859,3934104.639877428,3777
59,1658,3934104.640235587,3777
69,1254,3934104.640576695,3777
58,1848,3934104.640953135,3777
77,1133,3934104.641345204,3777
53,1968,3934104.641698283,3777
71,575,3934104.642088423,3777
55,1326,3934104.642479883,3777
65,1535,3934104.642870513,3777
66,1045,3934104.643220281,3777
78,757,3934104.643624601,3777
63,1725,3934104.644033452,3777
60,1541,3934104.644378780,3777
81,1782,3934104.645026787,3777
93,1885,3934104.645846877,3777
103,785,3934104.646239807,3777
108,1554,3934104.646655337,3777
79,1059,3934104.647057947,3777
86,879,3934104.647439787,3777
101,1212,3934104.647818226,3777
83,1956,3934104.648223376,3777
89,1244,3934104.648599806,3777
90,1216,3934104.649035977,3777
98,1823,3934104.649420746,3777
110,1828,3934104.649792495,3777
100,1566,3934104.650171655,3777
96,1346,3934104.650562125,3777
80,1483,3934104.650941514,3777
82,2035,3934104.651308624,3777
118,1447,3934104.651680993,3777
122,1449,3934104.652070503,3777
114,1090,3934104.652453072,3777
120,1636,3934104.652837932,3777
124,1617,3934104.653215011,3777
112,1422,3934104.653580430,3777
113,1410,3934104.653954430,3777
119,1275,3934104.654310839,3777
11,1095,3934105.389441470,3841
2,926,3934105.390107047,3841
12,140,3934105.390539958,3841
9,1029,3934105.390909957,3841
7,1996,3934105.391327327,3841
20,1306,3934105.391717817,3841
21,1596,3934105.392285801,3841
17,394,3934105.392677661,3841
14,1761,3934105.393068570,3841
19,1056,3934105.393470681,3841
10,541,3934105.393815899,3841
4,895,3934105.394198799,3841
6,1641,3934105.394590469,3841
8,415,3934105.394969158,3841
5,1550,3934105.395368928,3841
1,2025,3934105.395753048,3841
35,812,3934105.396370143,3841
49,1035,3934105.396767643,3841
44,1361,3934105.397167013,3841
48,1637,3934105.397546962,3841
50,1932,3934105.397920382,3841
45,1592,3934105.398329952,3841
25,1152,3934105.398687631,3841
33,1842,3934105.399048850,3841
47,1843,3934105.399440750,3841
22,104,3934105.399816529,3841
36,1802,3934105.400198889,3841
38,542,3934105.400566438,3841
41,438,3934105.400943258,3841
37,1751,3934105.401329537,3841
34,1460,3934105.401699746,3841
30,602,3934105.402106556,3841
54,1733,3934105.402761233,3841
64,89,3934105.403152633,3841
67,1469,3934105.403501981,3841
73,1859,3934105.403886271,3841
59,1658,3934105.404239640,3841
69,1254,3934105.404592738,3841
58,1848,3934105.404969948,3841
77,1133,3934105.405335987,3841
53,1968,3934105.405684286,3841
71,575,3934105.406071306,3841
55,1326,3934105.406461745,3841
65,1535,3934105.406854395,3841
66,1045,3934105.407204484,3841
78,757,3934105.407588324,3841
63,1725,3934105.407971973,3841
60,1541,3934105.408316382,3841
81,1782,3934105.409033129,3841
93,1885,3934105.409398439,3841
103,785,3934105.409769208,3841
108,1554,3934105.410160908,3841
79,1059,3934105.410535137,3841
86,879,3934105.410908687,3841
101,1212,3934105.411301746,3841
83,1956,3934105.411686036,3841
89,1244,3934105.412076506,3841
90,1216,3934105.412486216,3841
98,1823,3934105.412864805,3841
110,1828,3934105.413245265,3841
100,1566,3934105.413597264,3841
96,1346,3934105.413977843,3841
80,1483,3934105.414379473,3841
82,2035,3934105.414736592,3841
118,1447,3934105.415123252,3841
122,1449,3934105.415511982,3841
114,1090,3934105.415916262,3841
120,1636,3934105.416319292,3841
124,1617,3934105.416698111,3841
112,1422,3934105.417076670,3841
113,1410,3934105.417428959,3841
119,1275,3934105.417772598,3841
8,415,3934105.573456699,3850
11,1095,3934106.491711327,3905
2,926,3934106.492412004,3905
12,140,3934106.492849105,3905
9,1029,3934106.493260016,3905
7,1996,3934106.493673096,3905
20,1306,3934106.494098217,3905
21,1596,3934106.494687091,3905
17,394,3934106.495103962,3905
22,104,3934106.495504392,3905
14,1761,3934106.495888801,3905
19,1056,3934106.496301121,3905
10,541,3934106.496655940,3905
4,895,3934106.497049870,3905
6,1641,3934106.497448400,3905
5,1550,3934106.497842300,3905
1,2025,3934106.498244270,3905
35,812,3934106.498875456,3905
49,1035,3934106.499296216,3905
44,1361,3934106.499697336,3905
48,1637,3934106.500094976,3905
50,1932,3934106.500478476,3905
45,1592,3934106.500885116,3905
25,1152,3934106.501252835,3905
33,1842,3934106.501616554,3905
47,1843,3934106.502017534,3905
53,1968,3934106.502376133,3905
38,542,3934106.502752113,3905
36,1802,3934106.503147772,3905
41,438,3934106.503531772,3905
37,1751,3934106.503922752,3905
34,1460,3934106.504314582,3905
30,602,3934106.504719082,3905
54,1733,3934106.505563173,3905
64,89,3934106.505953043,3905
67,1469,3934106.506331082,3905
73,1859,3934106.506725562,3905
59,1658,3934106.507085281,3905
69,1254,3934106.507447600,3905
58,1848,3934106.507842970,3905
77,1133,3934106.508214799,3905
79,1059,3934106.508595289,3905
71,575,3934106.508980238,3905
55,1326,3934106.509416489,3905
65,1535,3934106.509816499,3905
66,1045,3934106.510178418,3905
78,757,3934106.510571088,3905
63,1725,3934106.510963128,3905
60,1541,3934106.511320747,3905
81,1782,3934106.511705517,3905
93,1885,3934106.512079186,3905
103,785,3934106.512476366,3905
108,1554,3934106.512869695,3905
86,879,3934106.513257135,3905
101,1212,3934106.513644275,3905
83,1956,3934106.514043215,3905
89,1244,3934106.514424084,3905
90,1216,3934106.514806854,3905
98,1823,3934106.515194373,3905
110,1828,3934106.515898991,3905
112,1422,3934106.516301761,3905
100,1566,3934106.516664530,3905
96,1346,3934106.517060040,3905
80,1483,3934106.517449930,3905
82,2035,3934106.517820319,3905
118,1447,3934106.518207299,3905
122,1449,3934106.518603759,3905
114,1090,3934106.518989899,3905
120,1636,3934106.519387078,3905
124,1617,3934106.519761308,3905
113,1410,3934106.520129147,3905
119,1275,3934106.520479496,3905
11,1095,3934107.254285854,3969
2,926,3934107.254917720,3969
12,140,3934107.255358971,3969
9,1029,3934107.255739671,3969
7,1996,3934107.256156671,3969
20,1306,3934107.256549851,3969
21,1596,3934107.257103735,3969
17,394,3934107.257514765,3969
22,104,3934107.257908535,3969
14,1761,3934107.258299735,3969
19,1056,3934107.258705375,3969
10,541,3934107.259068274,3969
4,895,3934107.259458254,3969
6,1641,3934107.259855314,3969
5,1550,3934107.260259624,3969
1,2025,3934107.260653203,3969
35,812,3934107.261274529,3969
49,1035,3934107.261690259,3969
44,1361,3934107.262099430,3969
48,1637,3934107.262494169,3969
50,1932,3934107.262877989,3969
45,1592,3934107.263295389,3969
25,1152,3934107.263658169,3969
33,1842,3934107.264028588,3969
47,1843,3934107.264433308,3969
53,1968,3934107.264790857,3969
38,542,3934107.265180596,3969
36,1802,3934107.265574297,3969
41,438,3934107.265958456,3969
37,1751,3934107.266361436,3969
34,1460,3934107.266752246,3969
30,602,3934107.267176946,3969
54,1733,3934107.268122760,3969
64,89,3934107.268521950,3969
67,1469,3934107.268888939,3969
73,1859,3934107.269296139,3969
59,1658,3934107.269651948,3969
69,1254,3934107.270009477,3969
58,1848,3934107.270407497,3969
77,1133,3934107.270780307,3969
79,1059,3934107.271173466,3969
71,575,3934107.271567036,3969
55,1326,3934107.271967946,3969
65,1535,3934107.272387307,3969
66,1045,3934107.272755006,3969
78,757,3934107.273201027,3969
63,1725,3934107.273607827,3969
60,1541,3934107.273991797,3969
81,1782,3934107.274421127,3969
93,1885,3934107.274786277,3969
103,785,3934107.275182477,3969
108,1554,3934107.275572456,3969
86,879,3934107.275954616,3969
101,1212,3934107.276356116,3969
83,1956,3934107.276748836,3969
89,1244,3934107.277152986,3969
90,1216,3934107.277541836,3969
98,1823,3934107.277927785,3969
110,1828,3934107.278626083,3969
112,1422,3934107.279035413,3969
100,1566,3934107.279403282,3969
96,1346,3934107.279795352,3969
80,1483,3934107.280194732,3969
82,2035,3934107.280561191,3969
118,1447,3934107.280952191,3969
122,1449,3934107.281360591,3969
114,1090,3934107.281750201,3969
120,1636,3934107.282174421,3969
124,1617,3934107.282560381,3969
113,1410,3934107.282915650,3969
119,1275,3934107.283289489,3969
11,1095,3934108.156969514,4033
2,926,3934108.157793784,4033
12,140,3934108.158252826,4033
9,1029,3934108.158644476,4033
7,1996,3934108.159097917,4033
20,1306,3934108.159499967,4033
21,1596,3934108.160116102,4033
17,394,3934108.160531413,4033
22,104,3934108.160935323,4033
14,1761,3934108.161334583,4033
19,1056,3934108.161746773,4033
10,541,3934108.162117522,4033
4,895,3934108.162512082,4033
6,1641,3934108.162912112,4033
5,1550,3934108.163331823,4033
1,2025,3934108.163734893,4033
35,812,3934108.164402199,4033
49,1035,3934108.164823500,4033
44,1361,3934108.165230990,4033
48,1637,3934108.165630760,4033
50,1932,3934108.166027020,4033
45,1592,3934108.166440600,4033
25,1152,3934108.166804759,4033
33,1842,3934108.167183109,4033
47,1843,3934108.167585959,4033
53,1968,3934108.167955748,4033
38,542,3934108.168352688,4033
36,1802,3934108.168746048,4033
41,438,3934108.169144928,4033
37,1751,3934108.169537918,4033
34,1460,3934108.169925827,4033
30,602,3934108.170362078,4033
54,1733,3934108.171494166,4033
64,89,3934108.171894996,4033
67,1469,3934108.172272086,4033
73,1859,3934108.172712527,4033
59,1658,3934108.173078176,4033
69,1254,3934108.173439355,4033
58,1848,3934108.173838015,4033
77,1133,3934108.174218885,4033
79,1059,3934108.174612404,4033
71,575,3934108.175022215,4033
55,1326,3934108.175430625,4033
65,1535,3934108.175840005,4033
66,1045,3934108.176208624,4033
78,757,3934108.176611965,4033
63,1725,3934108.177022605,4033
60,1541,3934108.177378394,4033
81,1782,3934108.177771343,4033
93,1885,3934108.178156263,4033
103,785,3934108.178541803,4033
108,1554,3934108.178942203,4033
86,879,3934108.179345533,4033
101,1212,3934108.179740013,4033
83,1956,3934108.180145413,4033
89,1244,3934108.180536972,4033
90,1216,3934108.180923432,4033
98,1823,3934108.181324292,4033
110,1828,3934108.181710202,4033
112,1422,3934108.182107452,4033
100,1566,3934108.182484921,4033
96,1346,3934108.182882001,4033
80,1483,3934108.183286771,4033
82,2035,3934108.183667251,4033
118,1447,3934108.184347078,4033
122,1449,3934108.184766628,4033
114,1090,3934108.185171488,4033
120,1636,3934108.185568088,4033
124,1617,3934108.185951338,4033
113,1410,3934108.186321897,4033
119,1275,3934108.186677416,4033
11,1095,3934108.863922891,4097
2,926,3934108.864629199,4097
12,140,3934108.865102141,4097
9,1029,3934108.865493410,4097
7,1996,3934108.865914181,4097
20,1306,3934108.866643879,4097
21,1596,3934108.867031589,4097
17,394,3934108.867440009,4097
22,104,3934108.867862349,4097
14,1761,3934108.868265880,4097
19,1056,3934108.868682230,4097
10,541,3934108.869054239,4097
4,895,3934108.869450509,4097
6,1641,3934108.869860199,4097
5,1550,3934108.870271970,4097
1,2025,3934108.870672320,4097
35,812,3934108.871358237,4097
49,1035,3934108.871815559,4097
44,1361,3934108.872246149,4097
48,1637,3934108.872653749,4097
50,1932,3934108.873059860,4097
45,1592,3934108.873480920,4097
25,1152,3934108.873867390,4097
33,1842,3934108.874250239,4097
47,1843,3934108.874674960,4097
53,1968,3934108.875159992,4097
38,542,3934108.875582482,4097
36,1802,3934108.875989333,4097
41,438,3934108.876409023,4097
37,1751,3934108.876807553,4097
34,1460,3934108.877228004,4097
30,602,3934108.877663195,4097
54,1733,3934108.878625409,4097
64,89,3934108.879046889,4097
67,1469,3934108.879421638,4097
73,1859,3934108.879848259,4097
59,1658,3934108.880225909,4097
69,1254,3934108.880589608,4097
58,1848,3934108.880989188,4097
77,1133,3934108.881377438,4097
79,1059,3934108.881769187,4097
71,575,3934108.882190808,4097
55,1326,3934108.882605658,4097
65,1535,3934108.883030429,4097
66,1045,3934108.883400688,4097
78,757,3934108.883810938,4097
63,1725,3934108.884227769,4097
60,1541,3934108.884592948,4097
81,1782,3934108.885018758,4097
93,1885,3934108.885398178,4097
103,785,3934108.885795108,4097
108,1554,3934108.886316781,4097
86,879,3934108.886740801,4097
101,1212,3934108.887159962,4097
83,1956,3934108.887566602,4097
89,1244,3934108.888015203,4097
90,1216,3934108.888423014,4097
98,1823,3934108.889140221,4097
110,1828,3934108.889547262,4097
112,1422,3934108.889940541,4097
100,1566,3934108.890328631,4097
96,1346,3934108.890737681,4097
80,1483,3934108.891149602,4097
82,2035,3934108.891529721,4097
118,1447,3934108.891922691,4097
122,1449,3934108.892348152,4097
114,1090,3934108.892757542,4097
120,1636,3934108.893164062,4097
124,1617,3934108.893555532,4097
113,1410,3934108.893918481,4097
119,1275,3934108.894287710,4097
112,1422,3934109.456687595,4151
11,1095,3934109.573317740,4161
2,926,3934109.574294675,4161
12,140,3934109.575081454,4161
9,1029,3934109.575752881,4161
7,1996,3934109.577027733,4161
20,1306,3934109.577796152,4161
21,1596,3934109.578453388,4161
17,394,3934109.579222838,4161
22,104,3934109.579983367,4161
14,1761,3934109.580732716,4161
19,1056,3934109.581521585,4161
10,541,3934109.582194122,4161
4,895,3934109.582948091,4161
6,1641,3934109.583750831,4161
5,1550,3934109.584300265,4161
1,2025,3934109.584732195,4161
35,812,3934109.585422773,4161
49,1035,3934109.585855913,4161
44,1361,3934109.586282074,4161
48,1637,3934109.586691574,4161
50,1932,3934109.587099884,4161
45,1592,3934109.587526075,4161
25,1152,3934109.587901825,4161
33,1842,3934109.588286484,4161
47,1843,3934109.588697584,4161
53,1968,3934109.589080124,4161
38,542,3934109.589478654,4161
36,1802,3934109.589883094,4161
41,438,3934109.590293004,4161
37,1751,3934109.590698414,4161
34,1460,3934109.591103325,4161
30,602,3934109.591531325,4161
54,1733,3934109.592847268,4161
64,89,3934109.593276289,4161
67,1469,3934109.593660148,4161
73,1859,3934109.594101330,4161
59,1658,3934109.594578462,4161
69,1254,3934109.594978112,4161
58,1848,3934109.595411022,4161
77,1133,3934109.595792222,4161
79,1059,3934109.596206452,4161
71,575,3934109.596621353,4161
55,1326,3934109.597058313,4161
65,1535,3934109.597484524,4161
66,1045,3934109.597856024,4161
78,757,3934109.598281044,4161
63,1725,3934109.598696525,4161
60,1541,3934109.599067344,4161
81,1782,3934109.599477504,4161
93,1885,3934109.599853333,4161
103,785,3934109.600257884,4161
108,1554,3934109.600664704,4161
86,879,3934109.601071364,4161
101,1212,3934109.601489224,4161
113,1410,3934109.601861133,4161
83,1956,3934109.602278354,4161
89,1244,3934109.602680854,4161
90,1216,3934109.603089284,4161
98,1823,3934109.603490294,4161
110,1828,3934109.603886024,4161
100,1566,3934109.604320785,4161
96,1346,3934109.604730975,4161
80,1483,3934109.605277139,4161
82,2035,3934109.605691829,4161
118,1447,3934109.606114710,4161
122,1449,3934109.606536670,4161
114,1090,3934109.606948011,4161
120,1636,3934109.607344481,4161
124,1617,3934109.607663178,4161
119,1275,3934109.607959716,4161
81,1782,3934109.789837871,4182
11,1095,3934110.250308179,4225
2,926,3934110.251014427,4225
12,140,3934110.251449398,4225
9,1029,3934110.251832497,4225
7,1996,3934110.252264618,4225
20,1306,3934110.252675969,4225
21,1596,3934110.253260523,4225
17,394,3934110.253677603,4225
22,104,3934110.254123545,4225
14,1761,3934110.254535055,4225
19,1056,3934110.254960716,4225
10,541,3934110.255342635,4225
4,895,3934110.255742205,4225
6,1641,3934110.256182666,4225
5,1550,3934110.256607077,4225
1,2025,3934110.257040948,4225
35,812,3934110.257712695,4225
49,1035,3934110.258165376,4225
44,1361,3934110.258578146,4225
48,1637,3934110.259018957,4225
50,1932,3934110.259479908,4225
45,1592,3934110.259933650,4225
25,1152,3934110.260348910,4225
33,1842,3934110.260736530,4225
47,1843,3934110.261161801,4225
53,1968,3934110.261541760,4225
38,542,3934110.261943170,4225
36,1802,3934110.262376391,4225
41,438,3934110.262786281,4225
37,1751,3934110.263225182,4225
34,1460,3934110.263635772,4225
30,602,3934110.264080144,4225
54,1733,3934110.265199762,4225
64,89,3934110.265615862,4225
67,1469,3934110.266011572,4225
73,1859,3934110.266467243,4225
59,1658,3934110.266841672,4225
69,1254,3934110.267261223,4225
58,1848,3934110.267679053,4225
77,1133,3934110.268072263,4225
79,1059,3934110.268478544,4225
71,575,3934110.268911914,4225
55,1326,3934110.269353415,4225
65,1535,3934110.269794256,4225
66,1045,3934110.270184026,4225
78,757,3934110.270609257,4225
63,1725,3934110.271065408,4225
60,1541,3934110.271445138,4225
93,1885,3934110.271828557,4225
114,1090,3934110.272256698,4225
103,785,3934110.272656868,4225
108,1554,3934110.273072978,4225
86,879,3934110.273477638,4225
101,1212,3934110.273884659,4225
113,1410,3934110.274277118,4225
83,1956,3934110.274692559,4225
89,1244,3934110.275110749,4225
90,1216,3934110.275538470,4225
98,1823,3934110.275947940,4225
110,1828,3934110.276377001,4225
100,1566,3934110.276758540,4225
96,1346,3934110.277195771,4225
80,1483,3934110.277614102,4225
82,2035,3934110.278017052,4225
118,1447,3934110.278676628,4225
122,1449,3934110.279119650,4225
120,1636,3934110.279534920,4225
124,1617,3934110.279936800,4225
119,1275,3934110.280318829,4225
11,1095,3934110.923527734,4289
2,926,3934110.924204881,4289
12,140,3934110.924670063,4289
9,1029,3934110.925086823,4289
7,1996,3934110.925527434,4289
20,1306,3934110.926283713,4289
21,1596,3934110.926675033,4289
17,394,3934110.927098844,4289
22,104,3934110.927525944,4289
14,1761,3934110.927930794,4289
19,1056,3934110.928372416,4289
10,541,3934110.928749305,4289
4,895,3934110.929174845,4289
6,1641,3934110.929608176,4289
5,1550,3934110.930046677,4289
1,2025,3934110.930468808,4289
35,812,3934110.931182506,4289
49,1035,3934110.931664418,4289
44,1361,3934110.932096299,4289
48,1637,3934110.932516589,4289
50,1932,3934110.932933970,4289
45,1592,3934110.933387961,4289
25,1152,3934110.933775220,4289
33,1842,3934110.934183381,4289
47,1843,3934110.934606221,4289
53,1968,3934110.934990181,4289
38,542,3934110.935408451,4289
36,1802,3934110.935842022,4289
41,438,3934110.936268333,4289
37,1751,3934110.936681903,4289
34,1460,3934110.937102544,4289
30,602,3934110.937542125,4289
54,1733,3934110.938720494,4289
64,89,3934110.939165915,4289
67,1469,3934110.939568635,4289
73,1859,3934110.940041617,4289
59,1658,3934110.940431827,4289
69,1254,3934110.940810896,4289
58,1848,3934110.941242137,4289
77,1133,3934110.941637157,4289
79,1059,3934110.942058078,4289
71,575,3934110.942501069,4289
55,1326,3934110.942936189,4289
65,1535,3934110.943384201,4289
66,1045,3934110.943776561,4289
78,757,3934110.944211901,4289
63,1725,3934110.944659343,4289
60,1541,3934110.945061533,4289
93,1885,3934110.945471353,4289
114,1090,3934110.945903643,4289
103,785,3934110.946320834,4289
108,1554,3934110.946778056,4289
86,879,3934110.947210876,4289
101,1212,3934110.947631797,4289
113,1410,3934110.948024927,4289
83,1956,3934110.948455907,4289
89,1244,3934110.948867928,4289
90,1216,3934110.949291528,4289
98,1823,3934110.949704139,4289
110,1828,3934110.950126279,4289
100,1566,3934110.950514259,4289
96,1346,3934110.950932219,4289
80,1483,3934110.951368890,4289
82,2035,3934110.951760600,4289
118,1447,3934110.952455067,4289
122,1449,3934110.952887548,4289
120,1636,3934110.953321809,4289
124,1617,3934110.953730079,4289
119,1275,3934110.954120249,4289
11,1095,3934111.598858312,4353
2,926,3934111.599621741,4353
12,140,3934111.600102753,4353
9,1029,3934111.600517934,4353
7,1996,3934111.600967985,4353
20,1306,3934111.601403456,4353
21,1596,3934111.601800366,4353
17,394,3934111.602543225,4353
22,104,3934111.602977555,4353
14,1761,3934111.603407686,4353
19,1056,3934111.603848067,4353
10,541,3934111.604245747,4353
4,895,3934111.604663618,4353
6,1641,3934111.605106989,4353
5,1550,3934111.605536419,4353
1,2025,3934111.605957530,4353
35,812,3934111.606673778,4353
49,1035,3934111.607168170,4353
44,1361,3934111.607604341,4353
48,1637,3934111.608037262,4353
50,1932,3934111.608453332,4353
45,1592,3934111.608893923,4353
25,1152,3934111.609318534,4353
33,1842,3934111.609722144,4353
47,1843,3934111.610166615,4353
53,1968,3934111.610555495,4353
38,542,3934111.610965125,4353
36,1802,3934111.611398996,4353
41,438,3934111.611808786,4353
37,1751,3934111.612245257,4353
34,1460,3934111.612665298,4353
30,602,3934111.613121989,4353
54,1733,3934111.614281678,4353
64,89,3934111.614713359,4353
67,1469,3934111.615126829,4353
73,1859,3934111.615583660,4353
59,1658,3934111.615972990,4353
69,1254,3934111.616367490,4353
58,1848,3934111.616791170,4353
77,1133,3934111.617197521,4353
79,1059,3934111.617614431,4353
71,575,3934111.618072562,4353
55,1326,3934111.618517434,4353
65,1535,3934111.618958125,4353
66,1045,3934111.619357245,4353
78,757,3934111.619803396,4353
63,1725,3934111.620267597,4353
60,1541,3934111.620651947,4353
93,1885,3934111.621052007,4353
114,1090,3934111.621484728,4353
103,785,3934111.621892628,4353
108,1554,3934111.622337659,4353
86,879,3934111.622755339,4353
101,1212,3934111.623185260,4353
113,1410,3934111.623577390,4353
83,1956,3934111.623999231,4353
89,1244,3934111.624433201,4353
90,1216,3934111.624849242,4353
98,1823,3934111.625272622,4353
110,1828,3934111.625683223,4353
100,1566,3934111.626076213,4353
96,1346,3934111.626499123,4353
80,1483,3934111.626921594,4353
82,2035,3934111.627325864,4353
118,1447,3934111.628038682,4353
122,1449,3934111.628551644,4353
120,1636,3934111.628992826,4353
124,1617,3934111.629419456,4353
119,1275,3934111.629803646,4353
11,1095,3934112.278967600,4417
2,926,3934112.279636836,4417
12,140,3934112.280029226,4417
9,1029,3934112.280357445,4417
7,1996,3934112.280715254,4417
20,1306,3934112.281066092,4417
21,1596,3934112.281387290,4417
17,394,3934112.281890973,4417
22,104,3934112.282258472,4417
14,1761,3934112.282613221,4417
19,1056,3934112.282977240,4417
10,541,3934112.283302678,4417
4,895,3934112.283642877,4417
6,1641,3934112.283995705,4417
5,1550,3934112.284352204,4417
1,2025,3934112.284700053,4417
35,812,3934112.285660297,4417
49,1035,3934112.286410706,4417
44,1361,3934112.287096723,4417
48,1637,3934112.287727979,4417
50,1932,3934112.288347044,4417
45,1592,3934112.288982430,4417
25,1152,3934112.289567805,4417
33,1842,3934112.290162719,4417
47,1843,3934112.290782715,4417
53,1968,3934112.291345169,4417
38,542,3934112.291935024,4417
36,1802,3934112.292558299,4417
41,438,3934112.293158545,4417
37,1751,3934112.293773540,4417
34,1460,3934112.294307743,4417
30,602,3934112.295025891,4417
54,1733,3934112.296038666,4417
64,89,3934112.296654322,4417
67,1469,3934112.297217216,4417
73,1859,3934112.297839891,4417
59,1658,3934112.298387575,4417
69,1254,3934112.298946109,4417
58,1848,3934112.299572765,4417
77,1133,3934112.300141029,4417
79,1059,3934112.300740534,4417
71,575,3934112.301363879,4417
55,1326,3934112.301988925,4417
65,1535,3934112.302641802,4417
66,1045,3934112.303309748,4417
78,757,3934112.303760959,4417
63,1725,3934112.304590080,4417
60,1541,3934112.305535814,4417
93,1885,3934112.307042272,4417
114,1090,3934112.307847622,4417
103,785,3934112.308434486,4417
108,1554,3934112.309056352,4417
86,879,3934112.309660247,4417
101,1212,3934112.310281893,4417
113,1410,3934112.310834756,4417
83,1956,3934112.311460032,4417
89,1244,3934112.312077537,4417
90,1216,3934112.312725243,4417
98,1823,3934112.313220506,4417
110,1828,3934112.313583595,4417
100,1566,3934112.314170900,4417
96,1346,3934112.314858637,4417
80,1483,3934112.315512413,4417
82,2035,3934112.316104098,4417
118,1447,3934112.316719393,4417
122,1449,3934112.317353289,4417
120,1636,3934112.317976595,4417
124,1617,3934112.318576350,4417
119,1275,3934112.319125614,4417
2,926,3934112.319897043,4420
11,1095,3934112.958074272,4481
12,140,3934112.958634066,4481
9,1029,3934112.958960854,4481
7,1996,3934112.959480687,4481
25,1152,3934112.959814446,4481
20,1306,3934112.960168595,4481
21,1596,3934112.960482483,4481
17,394,3934112.960828201,4481
22,104,3934112.961183250,4481
14,1761,3934112.961526709,4481
19,1056,3934112.961881987,4481
10,541,3934112.962211266,4481
4,895,3934112.962555004,4481
6,1641,3934112.962908103,4481
5,1550,3934112.963265572,4481
1,2025,3934112.963613471,4481
35,812,3934112.964559794,4481
49,1035,3934112.965019936,4481
44,1361,3934112.965379815,4481
54,1733,3934112.965730414,4481
48,1637,3934112.966092663,4481
50,1932,3934112.966443921,4481
45,1592,3934112.966809121,4481
33,1842,3934112.967141049,4481
47,1843,3934112.967502068,4481
53,1968,3934112.967823256,4481
38,542,3934112.968171415,4481
36,1802,3934112.968521613,4481
41,438,3934112.968861562,4481
37,1751,3934112.969217141,4481
34,1460,3934112.969563059,4481
30,602,3934112.969932679,4481
64,89,3934112.970280697,4481
67,1469,3934112.970601355,4481
73,1859,3934112.970953214,4481
59,1658,3934112.971272052,4481
69,1254,3934112.971584510,4481
58,1848,3934112.971936869,4481
77,1133,3934112.972266647,4481
79,1059,3934112.972610776,4481
71,575,3934112.972962955,4481
55,1326,3934112.973333554,4481
65,1535,3934112.973693263,4481
66,1045,3934112.974050811,4481
78,757,3934112.974406271,4481
80,1483,3934112.974756489,4481
63,1725,3934112.975117768,4481
60,1541,3934112.975503198,4481
118,1447,3934112.976280377,4481
93,1885,3934112.976609006,4481
114,1090,3934112.976960204,4481
103,785,3934112.977304623,4481
108,1554,3934112.977648541,4481
86,879,3934112.977983930,4481
101,1212,3934112.982364479,4481
83,1956,3934112.983028756,4481
89,1244,3934112.983466707,4481
90,1216,3934112.983891828,4481
98,1823,3934112.984384350,4481
110,1828,3934112.984817201,4481
100,1566,3934112.985238401,4481
96,1346,3934112.985645331,4481
113,1410,3934112.986027421,4481
82,2035,3934112.986415120,4481
120,1636,3934112.986846571,4481
124,1617,3934112.987288822,4481
122,1449,3934112.987678012,4481
119,1275,3934112.988059622,4481
78,757,3934113.022743099,4488
11,1095,3934113.635630696,4545
12,140,3934113.636260732,4545
9,1029,3934113.636638891,4545
7,1996,3934113.637055312,4545
25,1152,3934113.637449931,4545
20,1306,3934113.637854402,4545
21,1596,3934113.638462337,4545
17,394,3934113.638860527,4545
22,104,3934113.639266667,4545
14,1761,3934113.639624856,4545
19,1056,3934113.640018196,4545
10,541,3934113.640349854,4545
4,895,3934113.640704303,4545
6,1641,3934113.641114503,4545
5,1550,3934113.641497843,4545
1,2025,3934113.641885533,4545
35,812,3934113.642704273,4545
49,1035,3934113.643105283,4545
44,1361,3934113.643490493,4545
54,1733,3934113.643873822,4545
48,1637,3934113.644253812,4545
50,1932,3934113.644603290,4545
45,1592,3934113.645021841,4545
33,1842,3934113.645376130,4545
47,1843,3934113.645740889,4545
53,1968,3934113.646089098,4545
38,542,3934113.646444896,4545
36,1802,3934113.646795415,4545
41,438,3934113.647172445,4545
37,1751,3934113.647528023,4545
34,1460,3934113.647876632,4545
30,602,3934113.648278442,4545
64,89,3934113.649336429,4545
67,1469,3934113.649694788,4545
73,1859,3934113.650117658,4545
59,1658,3934113.650455807,4545
69,1254,3934113.650784145,4545
58,1848,3934113.651148834,4545
77,1133,3934113.651485913,4545
79,1059,3934113.651831601,4545
71,575,3934113.652202580,4545
55,1326,3934113.652586810,4545
65,1535,3934113.652956769,4545
66,1045,3934113.653328638,4545
80,1483,3934113.653685967,4545
82,2035,3934113.654027886,4545
63,1725,3934113.654400865,4545
60,1541,3934113.654720143,4545
118,1447,3934113.655085082,4545
119,1275,3934113.655411620,4545
93,1885,3934113.655747159,4545
114,1090,3934113.656115718,4545
103,785,3934113.656461697,4545
108,1554,3934113.656810906,4545
86,879,3934113.657171524,4545
101,1212,3934113.657526913,4545
83,1956,3934113.657879412,4545
89,1244,3934113.658238511,4545
90,1216,3934113.658589950,4545
98,1823,3934113.658935188,4545
110,1828,3934113.659295217,4545
100,1566,3934113.659638326,4545
113,1410,3934113.659961314,4545
96,1346,3934113.660322543,4545
120,1636,3934113.660877427,4545
124,1617,3934113.661238876,4545
122,1449,3934113.661605275,4545
79,1059,3934113.945541712,4575
11,1095,3934114.316105743,4609
12,140,3934114.316876862,4609
9,1029,3934114.317442386,4609
7,1996,3934114.318290098,4609
25,1152,3934114.318844532,4609
20,1306,3934114.319430486,4609
21,1596,3934114.319957549,4609
17,394,3934114.320551974,4609
22,104,3934114.321143789,4609
14,1761,3934114.321709993,4609
19,1056,3934114.322326808,4609
10,541,3934114.322856312,4609
4,895,3934114.323448727,4609
6,1641,3934114.324067432,4609
5,1550,3934114.324654687,4609
1,2025,3934114.325248181,4609
35,812,3934114.326886262,4609
49,1035,3934114.327628141,4609
44,1361,3934114.328243656,4609
54,1733,3934114.328845101,4609
48,1637,3934114.329439456,4609
50,1932,3934114.330022111,4609
45,1592,3934114.330633286,4609
33,1842,3934114.331193100,4609
47,1843,3934114.331783145,4609
53,1968,3934114.332328869,4609
38,542,3934114.332900803,4609
36,1802,3934114.333516878,4609
41,438,3934114.334106343,4609
37,1751,3934114.334620126,4609
34,1460,3934114.335085757,4609
30,602,3934114.335626081,4609
64,89,3934114.336201485,4609
67,1469,3934114.336734739,4609
73,1859,3934114.337331674,4609
59,1658,3934114.337852967,4609
69,1254,3934114.338386050,4609
58,1848,3934114.338978975,4609
77,1133,3934114.339529978,4609
71,575,3934114.340134784,4609
83,1956,3934114.340722478,4609
55,1326,3934114.341329083,4609
65,1535,3934114.341933969,4609
66,1045,3934114.342531024,4609
80,1483,3934114.343129368,4609
82,2035,3934114.343675732,4609
63,1725,3934114.344273677,4609
60,1541,3934114.344886042,4609
118,1447,3934114.345698183,4609
119,1275,3934114.346579505,4609
93,1885,3934114.347024526,4609
114,1090,3934114.347553119,4609
103,785,3934114.348133104,4609
108,1554,3934114.348716488,4609
86,879,3934114.349330223,4609
101,1212,3934114.349911418,4609
120,1636,3934114.350509353,4609
89,1244,3934114.351095378,4609
90,1216,3934114.351622021,4609
98,1823,3934114.352066002,4609
110,1828,3934114.352540894,4609
100,1566,3934114.353093307,4609
113,1410,3934114.353626011,4609
96,1346,3934114.354220816,4609
124,1617,3934114.354788710,4609
122,1449,3934114.355386605,4609
11,1095,3934115.076491927,4673
12,140,3934115.077471092,4673
9,1029,3934115.078224420,4673
7,1996,3934115.079331808,4673
25,1152,3934115.080084907,4673
20,1306,3934115.080858376,4673
21,1596,3934115.081589625,4673
17,394,3934115.082381104,4673
22,104,3934115.083176864,4673
14,1761,3934115.083940263,4673
19,1056,3934115.084767864,4673
10,541,3934115.085505233,4673
4,895,3934115.086288952,4673
6,1641,3934115.087111022,4673
5,1550,3934115.087915002,4673
1,2025,3934115.088721483,4673
35,812,3934115.091690537,4673
49,1035,3934115.092753394,4673
44,1361,3934115.093582054,4673
54,1733,3934115.094396765,4673
48,1637,3934115.095209175,4673
50,1932,3934115.096015575,4673
45,1592,3934115.096873906,4673
33,1842,3934115.097754269,4673
47,1843,3934115.098745883,4673
53,1968,3934115.099542833,4673
38,542,3934115.100371704,4673
36,1802,3934115.101173104,4673
41,438,3934115.101947593,4673
37,1751,3934115.102749124,4673
34,1460,3934115.103528733,4673
30,602,3934115.104367074,4673
64,89,3934115.105146023,4673
67,1469,3934115.105862391,4673
73,1859,3934115.106659251,4673
59,1658,3934115.107369499,4673
69,1254,3934115.108088647,4673
58,1848,3934115.108874106,4673
77,1133,3934115.109621355,4673
71,575,3934115.110426045,4673
83,1956,3934115.111237496,4673
55,1326,3934115.112062106,4673
65,1535,3934115.112878506,4673
66,1045,3934115.113684197,4673
80,1483,3934115.114486947,4673
82,2035,3934115.115235276,4673
63,1725,3934115.116039596,4673
60,1541,3934115.116735913,4673
118,1447,3934115.117503702,4673
119,1275,3934115.118058326,4673
93,1885,3934115.118611920,4673
114,1090,3934115.119223135,4673
103,785,3934115.119804380,4673
108,1554,3934115.120399325,4673
86,879,3934115.120972979,4673
101,1212,3934115.121570844,4673
120,1636,3934115.122176579,4673
89,1244,3934115.122757484,4673
90,1216,3934115.123349138,4673
98,1823,3934115.123930433,4673
110,1828,3934115.124517128,4673
100,1566,3934115.125067991,4673
113,1410,3934115.125615885,4673
96,1346,3934115.126214970,4673
124,1617,3934115.127288217,4673
122,1449,3934115.127900122,4673
11,1095,3934115.769727983,4737
12,140,3934115.770454031,4737
9,1029,3934115.771018675,4737
7,1996,3934115.771886997,4737
25,1152,3934115.772459171,4737
20,1306,3934115.773051546,4737
21,1596,3934115.773590300,4737
17,394,3934115.774191675,4737
22,104,3934115.774780389,4737
14,1761,3934115.775359744,4737
19,1056,3934115.775967529,4737
10,541,3934115.776528763,4737
4,895,3934115.777130728,4737
6,1641,3934115.777727663,4737
5,1550,3934115.778333748,4737
1,2025,3934115.778939944,4737
35,812,3934115.780529153,4737
49,1035,3934115.781287522,4737
44,1361,3934115.781889137,4737
54,1733,3934115.782492522,4737
48,1637,3934115.783100048,4737
50,1932,3934115.783684152,4737
45,1592,3934115.784308567,4737
33,1842,3934115.784878132,4737
47,1843,3934115.785488097,4737
53,1968,3934115.786046491,4737
38,542,3934115.786622905,4737
36,1802,3934115.787219200,4737
41,438,3934115.787799385,4737
37,1751,3934115.788405000,4737
34,1460,3934115.788989084,4737
30,602,3934115.789628180,4737
64,89,3934115.790214775,4737
67,1469,3934115.790749228,4737
73,1859,3934115.791352654,4737
59,1658,3934115.791885397,4737
69,1254,3934115.792427570,4737
58,1848,3934115.793028896,4737
77,1133,3934115.793579209,4737
71,575,3934115.794185734,4737
83,1956,3934115.794781609,4737
55,1326,3934115.795408335,4737
65,1535,3934115.796035961,4737
66,1045,3934115.796632535,4737
80,1483,3934115.797232481,4737
82,2035,3934115.797785575,4737
63,1725,3934115.798394320,4737
60,1541,3934115.799019895,4737
118,1447,3934115.799937798,4737
119,1275,3934115.800498692,4737
93,1885,3934115.801068217,4737
114,1090,3934115.801681102,4737
103,785,3934115.802271807,4737
108,1554,3934115.802863041,4737
86,879,3934115.803458176,4737
101,1212,3934115.804059051,4737
120,1636,3934115.804842881,4737
89,1244,3934115.805446966,4737
90,1216,3934115.806041171,4737
98,1823,3934115.806626396,4737
110,1828,3934115.807214890,4737
100,1566,3934115.807756704,4737
113,1410,3934115.808307287,4737
96,1346,3934115.808916702,4737
124,1617,3934115.809500877,4737
122,1449,3934115.810118873,4737
11,1095,3934116.517532453,4801
12,140,3934116.518259781,4801
9,1029,3934116.518824416,4801
7,1996,3934116.519714208,4801
25,1152,3934116.520287192,4801
20,1306,3934116.520878087,4801
21,1596,3934116.521431441,4801
17,394,3934116.522032856,4801
22,104,3934116.522633531,4801
14,1761,3934116.523221026,4801
19,1056,3934116.523843461,4801
10,541,3934116.524391564,4801
4,895,3934116.524979229,4801
6,1641,3934116.525610095,4801
5,1550,3934116.526217080,4801
1,2025,3934116.526823655,4801
35,812,3934116.528389095,4801
49,1035,3934116.529120393,4801
44,1361,3934116.529724438,4801
54,1733,3934116.530343303,4801
48,1637,3934116.530946259,4801
50,1932,3934116.531542663,4801
45,1592,3934116.532174449,4801
33,1842,3934116.532731623,4801
47,1843,3934116.533338008,4801
53,1968,3934116.533890982,4801
38,542,3934116.534478367,4801
36,1802,3934116.535079242,4801
41,438,3934116.535675107,4801
37,1751,3934116.536279572,4801
34,1460,3934116.536871656,4801
30,602,3934116.537510052,4801
64,89,3934116.538103567,4801
67,1469,3934116.538641681,4801
73,1859,3934116.539246216,4801
59,1658,3934116.539775209,4801
69,1254,3934116.540386144,4801
58,1848,3934116.540983849,4801
77,1133,3934116.541548063,4801
71,575,3934116.542162919,4801
83,1956,3934116.542762684,4801
55,1326,3934116.543390539,4801
65,1535,3934116.544032606,4801
66,1045,3934116.544636461,4801
80,1483,3934116.545244166,4801
82,2035,3934116.545804250,4801
63,1725,3934116.546415985,4801
60,1541,3934116.546950408,4801
118,1447,3934116.547921683,4801
119,1275,3934116.548499557,4801
93,1885,3934116.549068091,4801
114,1090,3934116.549688847,4801
103,785,3934116.550283892,4801
108,1554,3934116.550887867,4801
86,879,3934116.551492422,4801
101,1212,3934116.552317702,4801
120,1636,3934116.552937658,4801
89,1244,3934116.553545223,4801
90,1216,3934116.554150659,4801
98,1823,3934116.554742293,4801
110,1828,3934116.555336378,4801
100,1566,3934116.555886312,4801
113,1410,3934116.556443486,4801
96,1346,3934116.557055871,4801
124,1617,3934116.557647696,4801
122,1449,3934116.558264831,4801
11,1095,3934117.202726009,4865
12,140,3934117.203819266,4865
9,1029,3934117.204595365,4865
7,1996,3934117.205739134,4865
25,1152,3934117.206517673,4865
20,1306,3934117.207336654,4865
21,1596,3934117.208083422,4865
17,394,3934117.208887782,4865
22,104,3934117.209702473,4865
14,1761,3934117.210494323,4865
19,1056,3934117.211339934,4865
10,541,3934117.212085562,4865
4,895,3934117.212891403,4865
6,1641,3934117.213721373,4865
5,1550,3934117.214568534,4865
1,2025,3934117.215393905,4865
35,812,3934117.218502833,4865
49,1035,3934117.219526328,4865
44,1361,3934117.220365959,4865
54,1733,3934117.221201970,4865
48,1637,3934117.222023441,4865
50,1932,3934117.222836031,4865
45,1592,3934117.223690613,4865
33,1842,3934117.224533114,4865
47,1843,3934117.225348204,4865
53,1968,3934117.226104563,4865
38,542,3934117.226891833,4865
36,1802,3934117.227702233,4865
41,438,3934117.228500262,4865
37,1751,3934117.229316043,4865
34,1460,3934117.230123613,4865
30,602,3934117.230991305,4865
64,89,3934117.231790065,4865
67,1469,3934117.232525593,4865
73,1859,3934117.233368024,4865
59,1658,3934117.234104803,4865
69,1254,3934117.234923403,4865
58,1848,3934117.235750444,4865
77,1133,3934117.236517163,4865
71,575,3934117.237351204,4865
83,1956,3934117.238170714,4865
55,1326,3934117.239017456,4865
65,1535,3934117.239861777,4865
66,1045,3934117.240715528,4865
80,1483,3934117.241539848,4865
82,2035,3934117.242309478,4865
63,1725,3934117.243135528,4865
60,1541,3934117.243859177,4865
118,1447,3934117.244633006,4865
119,1275,3934117.245200460,4865
93,1885,3934117.245757614,4865
114,1090,3934117.246378800,4865
103,785,3934117.246970574,4865
108,1554,3934117.247592360,4865
86,879,3934117.248203815,4865
101,1212,3934117.248806270,4865
120,1636,3934117.249427676,4865
89,1244,3934117.250032951,4865
90,1216,3934117.250630366,4865
98,1823,3934117.251234611,4865
110,1828,3934117.251829546,4865
100,1566,3934117.252395930,4865
113,1410,3934117.252951764,4865
96,1346,3934117.253587689,4865
124,1617,3934117.254182275,4865
122,1449,3934117.254807020,4865
11,1095,3934117.900317033,4929
12,140,3934117.901123984,4929
9,1029,3934117.901713159,4929
7,1996,3934117.902809626,4929
25,1152,3934117.903405151,4929
20,1306,3934117.904026236,4929
21,1596,3934117.904580650,4929
17,394,3934117.905197346,4929
22,104,3934117.905801521,4929
14,1761,3934117.906402416,4929
19,1056,3934117.907045332,4929
10,541,3934117.907599055,4929
4,895,3934117.908218991,4929
6,1641,3934117.908850777,4929
5,1550,3934117.909477442,4929
1,2025,3934117.910105358,4929
35,812,3934117.911742459,4929
49,1035,3934117.912544449,4929
44,1361,3934117.913171045,4929
54,1733,3934117.913789000,4929
48,1637,3934117.914411766,4929
50,1932,3934117.915034031,4929
45,1592,3934117.915678497,4929
33,1842,3934117.916319633,4929
47,1843,3934117.916939959,4929
53,1968,3934117.917539424,4929
38,542,3934117.918156899,4929
36,1802,3934117.918769795,4929
41,438,3934117.919374070,4929
37,1751,3934117.919987035,4929
34,1460,3934117.920604951,4929
30,602,3934117.921267537,4929
64,89,3934117.921866522,4929
67,1469,3934117.922431276,4929
73,1859,3934117.923057722,4929
59,1658,3934117.923621786,4929
69,1254,3934117.924250872,4929
58,1848,3934117.924868607,4929
77,1133,3934117.925448622,4929
71,575,3934117.926082157,4929
83,1956,3934117.926700083,4929
55,1326,3934117.927341859,4929
65,1535,3934117.927983405,4929
66,1045,3934117.928620461,4929
80,1483,3934117.929255967,4929
82,2035,3934117.929834761,4929
63,1725,3934117.930464377,4929
60,1541,3934117.931027091,4929
118,1447,3934117.932240871,4929
119,1275,3934117.932817556,4929
93,1885,3934117.933410451,4929
114,1090,3934117.934060747,4929
103,785,3934117.934653592,4929
108,1554,3934117.935288548,4929
86,879,3934117.935907093,4929
101,1212,3934117.936540029,4929
120,1636,3934117.937181375,4929
89,1244,3934117.937793500,4929
90,1216,3934117.938411166,4929
98,1823,3934117.939030461,4929
110,1828,3934117.939635556,4929
100,1566,3934117.940205661,4929
113,1410,3934117.940830836,4929
96,1346,3934117.941451982,4929
124,1617,3934117.942271222,4929
122,1449,3934117.942915078,4929
55,1326,3934117.943580445,4930
11,1095,3934118.589513869,4993
12,140,3934118.590278628,4993
9,1029,3934118.590864273,4993
7,1996,3934118.591724784,4993
25,1152,3934118.592318879,4993
20,1306,3934118.592938745,4993
21,1596,3934118.593512899,4993
17,394,3934118.594140685,4993
22,104,3934118.594759290,4993
14,1761,3934118.595369456,4993
19,1056,3934118.596016302,4993
10,541,3934118.596572186,4993
4,895,3934118.597191051,4993
6,1641,3934118.597821857,4993
5,1550,3934118.598465123,4993
1,2025,3934118.599098409,4993
35,812,3934118.600710269,4993
49,1035,3934118.601511879,4993
44,1361,3934118.602156065,4993
54,1733,3934118.602774650,4993
48,1637,3934118.603406126,4993
50,1932,3934118.604064133,4993
45,1592,3934118.604710869,4993
33,1842,3934118.605355325,4993
47,1843,3934118.605975521,4993
53,1968,3934118.606557705,4993
38,542,3934118.607168270,4993
36,1802,3934118.607822117,4993
41,438,3934118.608431832,4993
37,1751,3934118.609056358,4993
34,1460,3934118.609669393,4993
30,602,3934118.610337610,4993
64,89,3934118.610942765,4993
67,1469,3934118.611511079,4993
73,1859,3934118.612141455,4993
59,1658,3934118.612693398,4993
69,1254,3934118.613333214,4993
58,1848,3934118.613952820,4993
77,1133,3934118.614537984,4993
86,879,3934118.615155600,4993
71,575,3934118.615801576,4993
83,1956,3934118.616439382,4993
65,1535,3934118.617094638,4993
66,1045,3934118.617789776,4993
80,1483,3934118.618439062,4993
82,2035,3934118.619047177,4993
63,1725,3934118.619680533,4993
60,1541,3934118.620245957,4993
118,1447,3934118.621212871,4993
119,1275,3934118.621787296,4993
93,1885,3934118.622369910,4993
122,1449,3934118.623035977,4993
114,1090,3934118.623668133,4993
103,785,3934118.624276478,4993
108,1554,3934118.624894563,4993
120,1636,3934118.625528249,4993
101,1212,3934118.626161445,4993
89,1244,3934118.626950755,4993
90,1216,3934118.627625662,4993
98,1823,3934118.628249217,4993
110,1828,3934118.628853652,4993
100,1566,3934118.629434777,4993
113,1410,3934118.630085693,4993
96,1346,3934118.630706549,4993
124,1617,3934118.631316434,4993
11,1095,3934119.352952120,5057
12,140,3934119.354280104,5057
9,1029,3934119.355088513,5057
7,1996,3934119.356399466,5057
25,1152,3934119.357205097,5057
20,1306,3934119.358055868,5057
21,1596,3934119.358818727,5057
17,394,3934119.359674728,5057
22,104,3934119.360519400,5057
14,1761,3934119.361345460,5057
19,1056,3934119.362218592,5057
10,541,3934119.362979651,5057
4,895,3934119.363822652,5057
6,1641,3934119.364686444,5057
5,1550,3934119.365558095,5057
1,2025,3934119.366423467,5057
35,812,3934119.369526874,5057
49,1035,3934119.370604612,5057
44,1361,3934119.371469563,5057
54,1733,3934119.372329745,5057
48,1637,3934119.373181466,5057
50,1932,3934119.373997356,5057
45,1592,3934119.374887279,5057
33,1842,3934119.375756350,5057
47,1843,3934119.376611162,5057
53,1968,3934119.377397821,5057
38,542,3934119.378226542,5057
36,1802,3934119.379079433,5057
41,438,3934119.379905314,5057
37,1751,3934119.380748525,5057
34,1460,3934119.381589796,5057
30,602,3934119.382491378,5057
64,89,3934119.383310279,5057
67,1469,3934119.384079448,5057
73,1859,3934119.384921629,5057
59,1658,3934119.385682758,5057
69,1254,3934119.386550380,5057
58,1848,3934119.387426672,5057
77,1133,3934119.388210641,5057
86,879,3934119.389048173,5057
71,575,3934119.389956195,5057
83,1956,3934119.390828447,5057
65,1535,3934119.391706879,5057
66,1045,3934119.392560760,5057
80,1483,3934119.393417992,5057
82,2035,3934119.394060418,5057
63,1725,3934119.394710014,5057
60,1541,3934119.395282608,5057
118,1447,3934119.395909604,5057
119,1275,3934119.396494599,5057
93,1885,3934119.397094914,5057
122,1449,3934119.397747460,5057
114,1090,3934119.398405496,5057
103,785,3934119.399017351,5057
108,1554,3934119.399646037,5057
120,1636,3934119.400289523,5057
101,1212,3934119.400916569,5057
89,1244,3934119.401548955,5057
90,1216,3934119.402190361,5057
98,1823,3934119.402808026,5057
110,1828,3934119.403429782,5057
100,1566,3934119.404012187,5057
113,1410,3934119.404695753,5057
96,1346,3934119.405332540,5057
124,1617,3934119.405941285,5057
11,1095,3934120.312292388,5121
12,140,3934120.313257012,5121
9,1029,3934120.313889158,5121
7,1996,3934120.314579685,5121
25,1152,3934120.315198081,5121
20,1306,3934120.316360850,5121
21,1596,3934120.316966435,5121
17,394,3934120.317645022,5121
22,104,3934120.318306278,5121
14,1761,3934120.318946684,5121
19,1056,3934120.319630021,5121
10,541,3934120.320225896,5121
4,895,3934120.320874903,5121
6,1641,3934120.321546619,5121
5,1550,3934120.322212916,5121
1,2025,3934120.322862852,5121
35,812,3934120.323671612,5121
49,1035,3934120.324355919,5121
44,1361,3934120.325011876,5121
54,1733,3934120.325654052,5121
48,1637,3934120.327577390,5121
50,1932,3934120.328253277,5121
45,1592,3934120.328947124,5121
33,1842,3934120.329626721,5121
47,1843,3934120.330285368,5121
53,1968,3934120.330884162,5121
38,542,3934120.331527849,5121
36,1802,3934120.332181545,5121
41,438,3934120.332807421,5121
37,1751,3934120.333457907,5121
34,1460,3934120.334106483,5121
30,602,3934120.334805721,5121
64,89,3934120.335443896,5121
67,1469,3934120.336045862,5121
73,1859,3934120.336672277,5121
59,1658,3934120.337144009,5121
69,1254,3934120.337658602,5121
58,1848,3934120.338169075,5121
77,1133,3934120.338627716,5121
86,879,3934120.339118899,5121
71,575,3934120.339619111,5121
83,1956,3934120.340119864,5121
65,1535,3934120.340636786,5121
66,1045,3934120.341157290,5121
80,1483,3934120.341655512,5121
82,2035,3934120.342125334,5121
63,1725,3934120.342628336,5121
60,1541,3934120.343095728,5121
118,1447,3934120.344171225,5121
119,1275,3934120.344632296,5121
93,1885,3934120.345093558,5121
122,1449,3934120.345619451,5121
114,1090,3934120.346121443,5121
103,785,3934120.346605866,5121
108,1554,3934120.347099508,5121
120,1636,3934120.347595060,5121
101,1212,3934120.348186885,5121
89,1244,3934120.348702518,5121
90,1216,3934120.349213181,5121
98,1823,3934120.349717693,5121
110,1828,3934120.350212086,5121
100,1566,3934120.350665867,5121
113,1410,3934120.351182310,5121
96,1346,3934120.351665042,5121
124,1617,3934120.352057512,5121
20,1306,3934120.955379391,5169
71,575,3934121.041998626,5177
11,1095,3934121.137670347,5185
12,140,3934121.138514099,5185
9,1029,3934121.139020111,5185
7,1996,3934121.139573885,5185
25,1152,3934121.140062147,5185
21,1596,3934121.140748344,5185
17,394,3934121.141282128,5185
22,104,3934121.141819961,5185
30,602,3934121.142363135,5185
14,1761,3934121.142888508,5185
19,1056,3934121.143419881,5185
10,541,3934121.143892193,5185
4,895,3934121.144627901,5185
6,1641,3934121.145170165,5185
5,1550,3934121.145736439,5185
1,2025,3934121.146265402,5185
35,812,3934121.147638357,5185
49,1035,3934121.148318204,5185
44,1361,3934121.148835577,5185
54,1733,3934121.149344129,5185
48,1637,3934121.149843752,5185
50,1932,3934121.150341474,5185
45,1592,3934121.150877377,5185
58,1848,3934121.151384000,5185
33,1842,3934121.151897623,5185
47,1843,3934121.152406196,5185
53,1968,3934121.152863387,5185
38,542,3934121.153354210,5185
36,1802,3934121.153852342,5185
41,438,3934121.154345734,5185
37,1751,3934121.154843727,5185
34,1460,3934121.155354600,5185
64,89,3934121.155836581,5185
67,1469,3934121.156299423,5185
73,1859,3934121.156800016,5185
59,1658,3934121.157254117,5185
69,1254,3934121.157791190,5185
77,1133,3934121.158269832,5185
86,879,3934121.159063272,5185
83,1956,3934121.159678528,5185
89,1244,3934121.160207891,5185
65,1535,3934121.160741874,5185
66,1045,3934121.161257867,5185
90,1216,3934121.161755400,5185
80,1483,3934121.162273633,5185
82,2035,3934121.162742414,5185
63,1725,3934121.163267527,5185
60,1541,3934121.163807951,5185
118,1447,3934121.164801966,5185
119,1275,3934121.165274417,5185
93,1885,3934121.165736869,5185
122,1449,3934121.166261812,5185
114,1090,3934121.166771035,5185
103,785,3934121.167256967,5185
108,1554,3934121.167769730,5185
120,1636,3934121.168287563,5185
101,1212,3934121.168782805,5185
124,1617,3934121.169271457,5185
98,1823,3934121.169758280,5185
110,1828,3934121.170285273,5185
100,1566,3934121.170749944,5185
113,1410,3934121.171267097,5185
96,1346,3934121.171742029,5185
11,1095,3934122.103207811,5249
12,140,3934122.104056962,5249
9,1029,3934122.104509553,5249
7,1996,3934122.104958054,5249
25,1152,3934122.105364174,5249
21,1596,3934122.105957219,5249
17,394,3934122.106403610,5249
22,104,3934122.106824911,5249
30,602,3934122.107274662,5249
14,1761,3934122.107706943,5249
19,1056,3934122.108156384,5249
10,541,3934122.108548614,5249
4,895,3934122.108977155,5249
6,1641,3934122.109411575,5249
5,1550,3934122.109834566,5249
1,2025,3934122.110265447,5249
35,812,3934122.111484477,5249
49,1035,3934122.112057302,5249
44,1361,3934122.112500403,5249
54,1733,3934122.112925783,5249
48,1637,3934122.113356534,5249
50,1932,3934122.113767514,5249
45,1592,3934122.114209846,5249
58,1848,3934122.114617905,5249
33,1842,3934122.115053767,5249
47,1843,3934122.115472187,5249
53,1968,3934122.115851227,5249
38,542,3934122.116261617,5249
36,1802,3934122.116673667,5249
41,438,3934122.117093238,5249
37,1751,3934122.117503308,5249
34,1460,3934122.117904508,5249
64,89,3934122.118313668,5249
67,1469,3934122.118683067,5249
73,1859,3934122.119103648,5249
59,1658,3934122.119477477,5249
69,1254,3934122.119887027,5249
77,1133,3934122.120274007,5249
86,879,3934122.120674497,5249
83,1956,3934122.121091918,5249
89,1244,3934122.121498797,5249
65,1535,3934122.121922838,5249
66,1045,3934122.122343549,5249
90,1216,3934122.122798610,5249
80,1483,3934122.123267672,5249
82,2035,3934122.123658122,5249
63,1725,3934122.124085072,5249
60,1541,3934122.124527263,5249
118,1447,3934122.125393665,5249
119,1275,3934122.125770214,5249
93,1885,3934122.126152124,5249
122,1449,3934122.126570334,5249
114,1090,3934122.126976325,5249
103,785,3934122.127376224,5249
108,1554,3934122.127777534,5249
120,1636,3934122.128203295,5249
101,1212,3934122.128608835,5249
124,1617,3934122.129009695,5249
98,1823,3934122.129404495,5249
110,1828,3934122.129798095,5249
100,1566,3934122.130181995,5249
113,1410,3934122.130594595,5249
96,1346,3934122.130999665,5249
12,140,3934122.330897482,5271
11,1095,3934122.795337770,5313
9,1029,3934122.796020797,5313
7,1996,3934122.796563241,5313
25,1152,3934122.797058583,5313
33,1842,3934122.797828132,5313
21,1596,3934122.798362235,5313
17,394,3934122.798878058,5313
22,104,3934122.799669508,5313
30,602,3934122.800247642,5313
14,1761,3934122.800762735,5313
19,1056,3934122.801313519,5313
10,541,3934122.801789821,5313
4,895,3934122.802308274,5313
6,1641,3934122.802827467,5313
5,1550,3934122.803353350,5313
1,2025,3934122.803868003,5313
35,812,3934122.805295359,5313
49,1035,3934122.805929624,5313
44,1361,3934122.806464658,5313
54,1733,3934122.806974501,5313
48,1637,3934122.807496764,5313
50,1932,3934122.808092459,5313
59,1658,3934122.808571191,5313
45,1592,3934122.809111594,5313
58,1848,3934122.809624047,5313
47,1843,3934122.810150140,5313
53,1968,3934122.810617962,5313
38,542,3934122.811120834,5313
36,1802,3934122.811627757,5313
41,438,3934122.812129639,5313
37,1751,3934122.812632702,5313
34,1460,3934122.813139415,5313
64,89,3934122.813632737,5313
67,1469,3934122.814106249,5313
73,1859,3934122.814617132,5313
93,1885,3934122.815094874,5313
69,1254,3934122.815611797,5313
77,1133,3934122.816108369,5313
86,879,3934122.816684973,5313
83,1956,3934122.817229817,5313
89,1244,3934122.817742590,5313
66,1045,3934122.818273593,5313
65,1535,3934122.818810377,5313
90,1216,3934122.819319869,5313
80,1483,3934122.819840242,5313
82,2035,3934122.820329175,5313
63,1725,3934122.820844517,5313
60,1541,3934122.821306319,5313
118,1447,3934122.822331225,5313
119,1275,3934122.822803746,5313
122,1449,3934122.823335990,5313
114,1090,3934122.823864923,5313
103,785,3934122.824363095,5313
108,1554,3934122.824871828,5313
120,1636,3934122.825389261,5313
101,1212,3934122.825903534,5313
124,1617,3934122.826405056,5313
98,1823,3934122.826897899,5313
110,1828,3934122.827423012,5313
100,1566,3934122.827898704,5313
113,1410,3934122.828438487,5313
96,1346,3934122.828947780,5313
11,1095,3934123.491127041,5377
9,1029,3934123.491966772,5377
7,1996,3934123.492605818,5377
25,1152,3934123.493108530,5377
33,1842,3934123.493676434,5377
21,1596,3934123.494428403,5377
17,394,3934123.494965717,5377
22,104,3934123.495496140,5377
30,602,3934123.496054014,5377
14,1761,3934123.496570417,5377
19,1056,3934123.497106930,5377
10,541,3934123.497572152,5377
4,895,3934123.498096765,5377
6,1641,3934123.498614068,5377
5,1550,3934123.499248424,5377
1,2025,3934123.499890280,5377
35,812,3934123.500507405,5377
49,1035,3934123.502290110,5377
44,1361,3934123.502864604,5377
54,1733,3934123.503411968,5377
48,1637,3934123.503926911,5377
50,1932,3934123.504444094,5377
59,1658,3934123.504907965,5377
45,1592,3934123.505449859,5377
58,1848,3934123.505987412,5377
47,1843,3934123.506520215,5377
53,1968,3934123.507099560,5377
38,542,3934123.507665204,5377
36,1802,3934123.508199828,5377
41,438,3934123.508698840,5377
37,1751,3934123.509216803,5377
34,1460,3934123.509723096,5377
64,89,3934123.510223028,5377
67,1469,3934123.510684420,5377
73,1859,3934123.511208663,5377
93,1885,3934123.511682525,5377
69,1254,3934123.512213768,5377
77,1133,3934123.512764482,5377
86,879,3934123.513336126,5377
83,1956,3934123.513860669,5377
89,1244,3934123.514382142,5377
66,1045,3934123.514903835,5377
65,1535,3934123.515445829,5377
90,1216,3934123.515952781,5377
80,1483,3934123.516479924,5377
82,2035,3934123.516955687,5377
63,1725,3934123.517492610,5377
60,1541,3934123.517950291,5377
118,1447,3934123.518474284,5377
119,1275,3934123.518932996,5377
122,1449,3934123.519468129,5377
114,1090,3934123.519980242,5377
103,785,3934123.520571847,5377
108,1554,3934123.521434968,5377
120,1636,3934123.521963121,5377
101,1212,3934123.522483734,5377
124,1617,3934123.523017028,5377
98,1823,3934123.523546601,5377
110,1828,3934123.524063024,5377
100,1566,3934123.524532516,5377
113,1410,3934123.524985057,5377
96,1346,3934123.525414208,5377
30,602,3934124.259369393,5397
4,895,3934124.597767951,5429
11,1095,3934124.736377935,5441
35,812,3934124.737118074,5441
9,1029,3934124.737621707,5441
7,1996,3934124.738538180,5441
25,1152,3934124.739089753,5441
33,1842,3934124.739655737,5441
21,1596,3934124.740230492,5441
17,394,3934124.740764795,5441
34,1460,3934124.741346050,5441
22,104,3934124.741866553,5441
14,1761,3934124.742388586,5441
19,1056,3934124.742922149,5441
10,541,3934124.743396521,5441
6,1641,3934124.743924634,5441
5,1550,3934124.744460588,5441
1,2025,3934124.744979551,5441
49,1035,3934124.746975140,5441
54,1733,3934124.747517264,5441
44,1361,3934124.748076328,5441
48,1637,3934124.748595051,5441
50,1932,3934124.749165595,5441
59,1658,3934124.749636957,5441
45,1592,3934124.750180411,5441
58,1848,3934124.750695973,5441
47,1843,3934124.751364270,5441
53,1968,3934124.751960505,5441
38,542,3934124.752511049,5441
36,1802,3934124.753038242,5441
41,438,3934124.753540675,5441
37,1751,3934124.754061238,5441
63,1725,3934124.754590141,5441
60,1541,3934124.755059093,5441
64,89,3934124.755554705,5441
67,1469,3934124.756021457,5441
73,1859,3934124.756541400,5441
93,1885,3934124.757027682,5441
69,1254,3934124.757553715,5441
86,879,3934124.758065398,5441
83,1956,3934124.758695093,5441
89,1244,3934124.759281548,5441
65,1535,3934124.759830882,5441
66,1045,3934124.760366565,5441
90,1216,3934124.760879048,5441
98,1823,3934124.761395801,5441
96,1346,3934124.761912594,5441
80,1483,3934124.762450707,5441
82,2035,3934124.762936459,5441
77,1133,3934124.763454863,5441
118,1447,3934124.763995956,5441
122,1449,3934124.764568110,5441
114,1090,3934124.765103064,5441
103,785,3934124.765600036,5441
108,1554,3934124.766142050,5441
120,1636,3934124.766663683,5441
101,1212,3934124.767223286,5441
124,1617,3934124.767733159,5441
110,1828,3934124.768249302,5441
100,1566,3934124.768750245,5441
113,1410,3934124.769333989,5441
119,1275,3934124.769814642,5441
89,1244,3934125.129657096,5478
11,1095,3934125.430315911,5505
35,812,3934125.431067710,5505
9,1029,3934125.431576542,5505
7,1996,3934125.432133956,5505
25,1152,3934125.432621108,5505
33,1842,3934125.433482240,5505
21,1596,3934125.434046194,5505
17,394,3934125.434575517,5505
34,1460,3934125.435104200,5505
22,104,3934125.435623313,5505
14,1761,3934125.436133116,5505
19,1056,3934125.436684690,5505
10,541,3934125.437181502,5505
6,1641,3934125.437721386,5505
5,1550,3934125.438259029,5505
1,2025,3934125.438778762,5505
49,1035,3934125.439751196,5505
54,1733,3934125.440288240,5505
44,1361,3934125.440852564,5505
48,1637,3934125.441433829,5505
50,1932,3934125.441962102,5505
59,1658,3934125.442442354,5505
45,1592,3934125.442978567,5505
58,1848,3934125.443507510,5505
47,1843,3934125.444037814,5505
53,1968,3934125.444512006,5505
38,542,3934125.445027828,5505
36,1802,3934125.445579772,5505
41,438,3934125.446102425,5505
37,1751,3934125.446628948,5505
63,1725,3934125.447168442,5505
60,1541,3934125.447633353,5505
64,89,3934125.448986137,5505
67,1469,3934125.449506360,5505
73,1859,3934125.450071785,5505
93,1885,3934125.450562017,5505
69,1254,3934125.451104560,5505
86,879,3934125.451631044,5505
83,1956,3934125.452266149,5505
65,1535,3934125.452838783,5505
66,1045,3934125.453386597,5505
90,1216,3934125.453906530,5505
98,1823,3934125.454434894,5505
100,1566,3934125.454915655,5505
96,1346,3934125.455453679,5505
80,1483,3934125.455975252,5505
82,2035,3934125.456492295,5505
77,1133,3934125.456977777,5505
118,1447,3934125.457509660,5505
122,1449,3934125.458054504,5505
114,1090,3934125.458596467,5505
103,785,3934125.459110760,5505
108,1554,3934125.459625473,5505
120,1636,3934125.460158697,5505
101,1212,3934125.460680710,5505
124,1617,3934125.461199492,5505
110,1828,3934125.461702275,5505
113,1410,3934125.462255229,5505
119,1275,3934125.462752051,5505
96,1346,3934125.811672033,5541
11,1095,3934126.121821955,5569
35,812,3934126.122488012,5569
9,1029,3934126.123077016,5569
7,1996,3934126.124016430,5569
25,1152,3934126.124529823,5569
33,1842,3934126.125099537,5569
21,1596,3934126.125636190,5569
17,394,3934126.126177584,5569
34,1460,3934126.126703207,5569
22,104,3934126.127234810,5569
14,1761,3934126.127749153,5569
19,1056,3934126.128306077,5569
10,541,3934126.128791619,5569
6,1641,3934126.129334503,5569
5,1550,3934126.129865986,5569
1,2025,3934126.130403890,5569
49,1035,3934126.132453241,5569
54,1733,3934126.133031265,5569
44,1361,3934126.133610960,5569
48,1637,3934126.134166384,5569
50,1932,3934126.134727038,5569
59,1658,3934126.135219780,5569
45,1592,3934126.135768884,5569
58,1848,3934126.136303097,5569
47,1843,3934126.136843520,5569
53,1968,3934126.137369353,5569
38,542,3934126.137947378,5569
36,1802,3934126.138490452,5569
41,438,3934126.139009954,5569
37,1751,3934126.139534928,5569
63,1725,3934126.140076071,5569
60,1541,3934126.140548153,5569
64,89,3934126.141058476,5569
67,1469,3934126.141528217,5569
73,1859,3934126.142061641,5569
93,1885,3934126.142549443,5569
69,1254,3934126.143115857,5569
86,879,3934126.143689022,5569
101,1212,3934126.144252385,5569
83,1956,3934126.144875991,5569
65,1535,3934126.145454946,5569
66,1045,3934126.145987939,5569
90,1216,3934126.146524832,5569
98,1823,3934126.147052126,5569
100,1566,3934126.147534788,5569
80,1483,3934126.148077471,5569
82,2035,3934126.148580384,5569
77,1133,3934126.149080286,5569
118,1447,3934126.149603639,5569
122,1449,3934126.150165123,5569
114,1090,3934126.150697887,5569
103,785,3934126.151207539,5569
108,1554,3934126.151728892,5569
120,1636,3934126.152270606,5569
124,1617,3934126.152785259,5569
110,1828,3934126.153313452,5569
113,1410,3934126.153840455,5569
119,1275,3934126.154339088,5569
11,1095,3934126.815438322,5633
35,812,3934126.816173860,5633
9,1029,3934126.816738685,5633
7,1996,3934126.817314459,5633
25,1152,3934126.817810491,5633
33,1842,3934126.818696314,5633
21,1596,3934126.819258268,5633
17,394,3934126.819795101,5633
34,1460,3934126.820338624,5633
22,104,3934126.820877058,5633
14,1761,3934126.821407451,5633
19,1056,3934126.821961525,5633
10,541,3934126.822474448,5633
6,1641,3934126.823043392,5633
5,1550,3934126.823581796,5633
1,2025,3934126.824120399,5633
49,1035,3934126.825116354,5633
54,1733,3934126.825679338,5633
44,1361,3934126.826239642,5633
48,1637,3934126.826799296,5633
50,1932,3934126.827354550,5633
59,1658,3934126.827858452,5633
45,1592,3934126.828421546,5633
58,1848,3934126.828954090,5633
47,1843,3934126.829503624,5633
53,1968,3934126.829997336,5633
38,542,3934126.830536790,5633
36,1802,3934126.831073623,5633
41,438,3934126.831592816,5633
37,1751,3934126.832259793,5633
63,1725,3934126.833033952,5633
60,1541,3934126.833615896,5633
64,89,3934126.834889838,5633
67,1469,3934126.835432772,5633
73,1859,3934126.836020616,5633
93,1885,3934126.836521249,5633
69,1254,3934126.837090693,5633
86,879,3934126.837653887,5633
101,1212,3934126.838289933,5633
83,1956,3934126.838851697,5633
65,1535,3934126.839424232,5633
66,1045,3934126.839966305,5633
90,1216,3934126.840558640,5633
98,1823,3934126.841108224,5633
100,1566,3934126.841601096,5633
80,1483,3934126.842145870,5633
82,2035,3934126.842643972,5633
77,1133,3934126.843153345,5633
118,1447,3934126.843695608,5633
122,1449,3934126.844254612,5633
114,1090,3934126.844804956,5633
103,785,3934126.845324079,5633
108,1554,3934126.845851782,5633
120,1636,3934126.846579740,5633
124,1617,3934126.847218447,5633
110,1828,3934126.847773840,5633
113,1410,3934126.848345804,5633
119,1275,3934126.848875928,5633
11,1095,3934127.512126566,5697
35,812,3934127.512966897,5697
9,1029,3934127.513505591,5697
7,1996,3934127.514085795,5697
25,1152,3934127.514871805,5697
33,1842,3934127.515539972,5697
21,1596,3934127.516102406,5697
17,394,3934127.516645659,5697
34,1460,3934127.517185402,5697
22,104,3934127.517724866,5697
14,1761,3934127.518260840,5697
19,1056,3934127.518821783,5697
10,541,3934127.519322456,5697
6,1641,3934127.519868590,5697
5,1550,3934127.520433944,5697
1,2025,3934127.520977497,5697
49,1035,3934127.523214373,5697
54,1733,3934127.523789998,5697
44,1361,3934127.524353312,5697
48,1637,3934127.524896985,5697
50,1932,3934127.525438939,5697
59,1658,3934127.525929631,5697
45,1592,3934127.526500175,5697
58,1848,3934127.527054359,5697
47,1843,3934127.527603203,5697
53,1968,3934127.528115416,5697
38,542,3934127.528658229,5697
36,1802,3934127.529219434,5697
41,438,3934127.529747467,5697
37,1751,3934127.530293410,5697
63,1725,3934127.530843584,5697
60,1541,3934127.531340666,5697
64,89,3934127.531862060,5697
67,1469,3934127.532369392,5697
73,1859,3934127.532909795,5697
93,1885,3934127.533423759,5697
69,1254,3934127.534062344,5697
86,879,3934127.534626189,5697
101,1212,3934127.535192973,5697
83,1956,3934127.535745017,5697
65,1535,3934127.536318821,5697
66,1045,3934127.536866025,5697
90,1216,3934127.537412938,5697
98,1823,3934127.537948501,5697
100,1566,3934127.538451214,5697
80,1483,3934127.538990958,5697
82,2035,3934127.539522271,5697
77,1133,3934127.540026073,5697
118,1447,3934127.540574347,5697
122,1449,3934127.541144441,5697
114,1090,3934127.541710786,5697
103,785,3934127.542249279,5697
108,1554,3934127.542802513,5697
120,1636,3934127.543354697,5697
124,1617,3934127.543884760,5697
110,1828,3934127.544415463,5697
113,1410,3934127.544988188,5697
119,1275,3934127.545515611,5697
11,1095,3934128.209493997,5761
35,812,3934128.210304587,5761
9,1029,3934128.210857681,5761
7,1996,3934128.211441786,5761
25,1152,3934128.211954529,5761
33,1842,3934128.212860061,5761
21,1596,3934128.213436796,5761
17,394,3934128.213985979,5761
34,1460,3934128.214539233,5761
22,104,3934128.215088427,5761
14,1761,3934128.215616360,5761
19,1056,3934128.216191355,5761
10,541,3934128.216683407,5761
6,1641,3934128.217241761,5761
5,1550,3934128.217785825,5761
1,2025,3934128.218346048,5761
49,1035,3934128.219238881,5761
54,1733,3934128.219794175,5761
44,1361,3934128.220391190,5761
48,1637,3934128.220991755,5761
50,1932,3934128.221550259,5761
59,1658,3934128.222050901,5761
45,1592,3934128.222617435,5761
58,1848,3934128.223174819,5761
47,1843,3934128.223717773,5761
53,1968,3934128.224224125,5761
38,542,3934128.224756129,5761
36,1802,3934128.225315003,5761
41,438,3934128.225846366,5761
37,1751,3934128.226411930,5761
63,1725,3934128.226967534,5761
60,1541,3934128.227554019,5761
64,89,3934128.228834201,5761
67,1469,3934128.229393905,5761
73,1859,3934128.229987839,5761
93,1885,3934128.230501612,5761
69,1254,3934128.231079947,5761
86,879,3934128.231621600,5761
101,1212,3934128.232296237,5761
83,1956,3934128.232882862,5761
65,1535,3934128.233467717,5761
66,1045,3934128.234030771,5761
90,1216,3934128.234573694,5761
98,1823,3934128.235128018,5761
100,1566,3934128.235635451,5761
80,1483,3934128.236202365,5761
82,2035,3934128.236734738,5761
77,1133,3934128.237253071,5761
118,1447,3934128.237798585,5761
122,1449,3934128.238377839,5761
114,1090,3934128.238936533,5761
103,785,3934128.239494437,5761
108,1554,3934128.240054621,5761
120,1636,3934128.240615785,5761
124,1617,3934128.241157179,5761
110,1828,3934128.241688142,5761
113,1410,3934128.242255896,5761
119,1275,3934128.242795630,5761
11,1095,3934128.910146531,5825
35,812,3934128.910734305,5825
9,1029,3934128.911232028,5825
7,1996,3934128.911726440,5825
25,1152,3934128.912397057,5825
33,1842,3934128.912903340,5825
21,1596,3934128.913379211,5825
17,394,3934128.913827963,5825
34,1460,3934128.914275944,5825
22,104,3934128.914713355,5825
14,1761,3934128.915147716,5825
19,1056,3934128.915609177,5825
10,541,3934128.916019657,5825
6,1641,3934128.916468918,5825
5,1550,3934128.916910740,5825
1,2025,3934128.917390261,5825
49,1035,3934128.918917870,5825
54,1733,3934128.919384691,5825
44,1361,3934128.919830973,5825
48,1637,3934128.920284564,5825
50,1932,3934128.920718945,5825
59,1658,3934128.921119655,5825
45,1592,3934128.921580356,5825
58,1848,3934128.922050998,5825
47,1843,3934128.922501699,5825
53,1968,3934128.922916590,5825
38,542,3934128.923359731,5825
36,1802,3934128.923804772,5825
41,438,3934128.924247323,5825
37,1751,3934128.924698524,5825
63,1725,3934128.925157676,5825
60,1541,3934128.925553586,5825
64,89,3934128.925977326,5825
67,1469,3934128.926386937,5825
73,1859,3934128.926829637,5825
93,1885,3934128.927253218,5825
69,1254,3934128.927704979,5825
86,879,3934128.928144020,5825
101,1212,3934128.928582101,5825
83,1956,3934128.929033423,5825
65,1535,3934128.929500834,5825
66,1045,3934128.929945695,5825
90,1216,3934128.930396897,5825
98,1823,3934128.930837338,5825
100,1566,3934128.931253298,5825
80,1483,3934128.931713610,5825
82,2035,3934128.932142430,5825
77,1133,3934128.932549460,5825
118,1447,3934128.933523305,5825
122,1449,3934128.933993967,5825
114,1090,3934128.934469539,5825
103,785,3934128.934907910,5825
108,1554,3934128.935364111,5825
120,1636,3934128.935824692,5825
124,1617,3934128.936270924,5825
110,1828,3934128.936700644,5825
113,1410,3934128.937156706,5825
119,1275,3934128.937561616,5825
124,1617,3934129.241847342,5849
11,1095,3934129.686721632,5889
35,812,3934129.687427309,5889
9,1029,3934129.687956382,5889
7,1996,3934129.688548157,5889
25,1152,3934129.689282366,5889
33,1842,3934129.689904241,5889
21,1596,3934129.690478105,5889
17,394,3934129.691056050,5889
34,1460,3934129.691612204,5889
22,104,3934129.692172968,5889
14,1761,3934129.692714981,5889
19,1056,3934129.693295856,5889
10,541,3934129.693803619,5889
6,1641,3934129.694395303,5889
5,1550,3934129.694962568,5889
1,2025,3934129.695528792,5889
49,1035,3934129.697811099,5889
54,1733,3934129.698398843,5889
44,1361,3934129.698956248,5889
48,1637,3934129.699526062,5889
50,1932,3934129.700081946,5889
59,1658,3934129.700579938,5889
45,1592,3934129.701182063,5889
58,1848,3934129.701761788,5889
47,1843,3934129.702336142,5889
53,1968,3934129.702852895,5889
38,542,3934129.703404279,5889
36,1802,3934129.703963253,5889
41,438,3934129.704533397,5889
37,1751,3934129.705114481,5889
63,1725,3934129.705716357,5889
60,1541,3934129.706235230,5889
64,89,3934129.706775543,5889
67,1469,3934129.707279045,5889
73,1859,3934129.707839139,5889
93,1885,3934129.708360772,5889
69,1254,3934129.708933487,5889
86,879,3934129.709487951,5889
101,1212,3934129.710050905,5889
83,1956,3934129.710609539,5889
65,1535,3934129.711191933,5889
66,1045,3934129.711763548,5889
90,1216,3934129.712320131,5889
98,1823,3934129.712865935,5889
100,1566,3934129.713385378,5889
80,1483,3934129.713940972,5889
82,2035,3934129.714467725,5889
77,1133,3934129.714975558,5889
118,1447,3934129.715533362,5889
122,1449,3934129.716121957,5889
114,1090,3934129.716683581,5889
103,785,3934129.717230804,5889
108,1554,3934129.717790038,5889
120,1636,3934129.718356122,5889
110,1828,3934129.718908716,5889
113,1410,3934129.719480090,5889
119,1275,3934129.720121606,5889
11,1095,3934130.387829127,5953
35,812,3934130.388502073,5953
9,1029,3934130.389040217,5953
7,1996,3934130.389987081,5953
25,1152,3934130.390540114,5953
33,1842,3934130.391136449,5953
21,1596,3934130.391697793,5953
17,394,3934130.392260527,5953
34,1460,3934130.392824852,5953
22,104,3934130.393387306,5953
14,1761,3934130.393927679,5953
19,1056,3934130.394515814,5953
10,541,3934130.395034327,5953
6,1641,3934130.395607251,5953
5,1550,3934130.396176705,5953
1,2025,3934130.396730889,5953
49,1035,3934130.398772430,5953
54,1733,3934130.399350375,5953
44,1361,3934130.399954790,5953
48,1637,3934130.400598226,5953
50,1932,3934130.401163830,5953
59,1658,3934130.401667342,5953
45,1592,3934130.402246867,5953
58,1848,3934130.402802531,5953
47,1843,3934130.403372715,5953
53,1968,3934130.403888748,5953
38,542,3934130.404482033,5953
36,1802,3934130.405060067,5953
41,438,3934130.405603811,5953
37,1751,3934130.406163875,5953
63,1725,3934130.406741879,5953
60,1541,3934130.407259002,5953
64,89,3934130.407812686,5953
67,1469,3934130.408325059,5953
73,1859,3934130.408885303,5953
93,1885,3934130.409412496,5953
69,1254,3934130.409980480,5953
86,879,3934130.410539494,5953
101,1212,3934130.411101858,5953
83,1956,3934130.411668943,5953
65,1535,3934130.412253257,5953
66,1045,3934130.412815721,5953
90,1216,3934130.413386835,5953
98,1823,3934130.413938099,5953
100,1566,3934130.414457282,5953
80,1483,3934130.415020906,5953
82,2035,3934130.415542699,5953
77,1133,3934130.416064522,5953
118,1447,3934130.416623996,5953
122,1449,3934130.417203511,5953
114,1090,3934130.417800696,5953
103,785,3934130.418347899,5953
108,1554,3934130.418910533,5953
120,1636,3934130.419492068,5953
110,1828,3934130.420043402,5953
113,1410,3934130.420613156,5953
119,1275,3934130.421175880,5953
38,542,3934130.853203769,5989
11,1095,3934131.167186138,6017
35,812,3934131.167830694,6017
9,1029,3934131.168383018,6017
7,1996,3934131.168960582,6017
25,1152,3934131.169835544,6017
33,1842,3934131.170499440,6017
21,1596,3934131.171089705,6017
17,394,3934131.171655989,6017
34,1460,3934131.172243594,6017
22,104,3934131.172818868,6017
14,1761,3934131.173373032,6017
19,1056,3934131.173950097,6017
10,541,3934131.174472340,6017
6,1641,3934131.175043514,6017
5,1550,3934131.175605708,6017
1,2025,3934131.176189563,6017
49,1035,3934131.176983993,6017
54,1733,3934131.177569937,6017
44,1361,3934131.178138251,6017
64,89,3934131.178684415,6017
48,1637,3934131.179248669,6017
50,1932,3934131.179871095,6017
59,1658,3934131.180407948,6017
45,1592,3934131.182145411,6017
58,1848,3934131.182727546,6017
47,1843,3934131.183308151,6017
53,1968,3934131.183829213,6017
36,1802,3934131.184403738,6017
41,438,3934131.184952052,6017
37,1751,3934131.185521836,6017
63,1725,3934131.186099930,6017
60,1541,3934131.186618753,6017
67,1469,3934131.187159927,6017
73,1859,3934131.187732151,6017
93,1885,3934131.188266984,6017
69,1254,3934131.188841099,6017
103,785,3934131.189388083,6017
86,879,3934131.189935386,6017
101,1212,3934131.190518171,6017
83,1956,3934131.191103806,6017
65,1535,3934131.191696240,6017
66,1045,3934131.192287925,6017
90,1216,3934131.192853179,6017
98,1823,3934131.193432894,6017
100,1566,3934131.193948786,6017
80,1483,3934131.194523191,6017
82,2035,3934131.195055524,6017
77,1133,3934131.195574107,6017
118,1447,3934131.196144671,6017
122,1449,3934131.196721296,6017
114,1090,3934131.197321481,6017
108,1554,3934131.197890835,6017
120,1636,3934131.198476110,6017
110,1828,3934131.199035944,6017
113,1410,3934131.199494605,6017
119,1275,3934131.200028958,6017
11,1095,3934131.869060752,6081
35,812,3934131.869705188,6081
9,1029,3934131.870246371,6081
7,1996,3934131.871267547,6081
25,1152,3934131.871809921,6081
33,1842,3934131.872417556,6081
21,1596,3934131.873016041,6081
17,394,3934131.873594315,6081
34,1460,3934131.874172030,6081
22,104,3934131.874737224,6081
14,1761,3934131.875301818,6081
19,1056,3934131.875891163,6081
10,541,3934131.876414496,6081
6,1641,3934131.876989550,6081
5,1550,3934131.877572525,6081
1,2025,3934131.878144559,6081
49,1035,3934131.880346014,6081
54,1733,3934131.880929029,6081
44,1361,3934131.881577725,6081
64,89,3934131.882159379,6081
48,1637,3934131.882733244,6081
50,1932,3934131.883304648,6081
59,1658,3934131.883816031,6081
45,1592,3934131.884410525,6081
58,1848,3934131.884982930,6081
47,1843,3934131.885568765,6081
53,1968,3934131.886095028,6081
36,1802,3934131.886665492,6081
41,438,3934131.887223426,6081
37,1751,3934131.887786700,6081
63,1725,3934131.888369104,6081
60,1541,3934131.888881127,6081
67,1469,3934131.889419741,6081
73,1859,3934131.890013596,6081
93,1885,3934131.890539679,6081
69,1254,3934131.891126473,6081
103,785,3934131.891670467,6081
86,879,3934131.892229441,6081
101,1212,3934131.892799925,6081
83,1956,3934131.893438311,6081
65,1535,3934131.894035016,6081
66,1045,3934131.894610260,6081
90,1216,3934131.895179145,6081
98,1823,3934131.895741479,6081
100,1566,3934131.896282242,6081
80,1483,3934131.896848916,6081
82,2035,3934131.897384930,6081
77,1133,3934131.897905093,6081
118,1447,3934131.898477147,6081
122,1449,3934131.899064832,6081
114,1090,3934131.899637096,6081
108,1554,3934131.900204240,6081
120,1636,3934131.900786105,6081
110,1828,3934131.901359259,6081
113,1410,3934131.901939754,6081
119,1275,3934131.902518278,6081
11,1095,3934132.576173587,6145
35,812,3934132.576914176,6145
9,1029,3934132.577484630,6145
7,1996,3934132.578094545,6145
25,1152,3934132.579044309,6145
33,1842,3934132.579647984,6145
21,1596,3934132.580403763,6145
17,394,3934132.580995848,6145
34,1460,3934132.581590113,6145
22,104,3934132.582173447,6145
14,1761,3934132.582727931,6145
19,1056,3934132.583340126,6145
10,541,3934132.583860149,6145
6,1641,3934132.584448834,6145
5,1550,3934132.585032139,6145
1,2025,3934132.585608603,6145
49,1035,3934132.587730606,6145
54,1733,3934132.588322931,6145
44,1361,3934132.588983877,6145
64,89,3934132.589574952,6145
48,1637,3934132.590159917,6145
50,1932,3934132.590726871,6145
59,1658,3934132.591251424,6145
45,1592,3934132.591844099,6145
58,1848,3934132.592429243,6145
47,1843,3934132.593015278,6145
53,1968,3934132.593547771,6145
36,1802,3934132.594130986,6145
41,438,3934132.594684560,6145
37,1751,3934132.595257114,6145
63,1725,3934132.595837639,6145
60,1541,3934132.596378022,6145
67,1469,3934132.596916516,6145
73,1859,3934132.597511430,6145
93,1885,3934132.598059574,6145
69,1254,3934132.598641379,6145
103,785,3934132.599197013,6145
86,879,3934132.599782067,6145
101,1212,3934132.600378662,6145
83,1956,3934132.600960697,6145
65,1535,3934132.601578332,6145
66,1045,3934132.602164677,6145
90,1216,3934132.602729071,6145
98,1823,3934132.603313306,6145
100,1566,3934132.603844479,6145
80,1483,3934132.604447554,6145
82,2035,3934132.604981347,6145
77,1133,3934132.605519451,6145
118,1447,3934132.606093975,6145
122,1449,3934132.606680810,6145
114,1090,3934132.607266334,6145
108,1554,3934132.607831299,6145
120,1636,3934132.608411263,6145
110,1828,3934132.608979327,6145
113,1410,3934132.609577302,6145
119,1275,3934132.610134556,6145
11,1095,3934133.280163965,6209
35,812,3934133.280806591,6209
9,1029,3934133.281349184,6209
7,1996,3934133.282414341,6209
25,1152,3934133.283033286,6209
33,1842,3934133.283636741,6209
21,1596,3934133.284251897,6209
17,394,3934133.284825861,6209
34,1460,3934133.285419886,6209
22,104,3934133.286019601,6209
14,1761,3934133.286577465,6209
19,1056,3934133.287177740,6209
10,541,3934133.287730034,6209
6,1641,3934133.288329809,6209
5,1550,3934133.288913053,6209
1,2025,3934133.289497538,6209
49,1035,3934133.291703383,6209
54,1733,3934133.292303668,6209
44,1361,3934133.292947684,6209
64,89,3934133.293538899,6209
48,1637,3934133.294117523,6209
50,1932,3934133.294691018,6209
59,1658,3934133.295222221,6209
45,1592,3934133.295817586,6209
58,1848,3934133.296407611,6209
47,1843,3934133.296989825,6209
53,1968,3934133.297532109,6209
36,1802,3934133.298138074,6209
41,438,3934133.298701218,6209
37,1751,3934133.299280652,6209
63,1725,3934133.299867037,6209
60,1541,3934133.300395570,6209
67,1469,3934133.300920264,6209
73,1859,3934133.301513058,6209
93,1885,3934133.302070692,6209
69,1254,3934133.302670747,6209
103,785,3934133.303230391,6209
86,879,3934133.303795185,6209
101,1212,3934133.304384330,6209
83,1956,3934133.304973125,6209
65,1535,3934133.305583070,6209
66,1045,3934133.306202365,6209
90,1216,3934133.306793200,6209
98,1823,3934133.307377615,6209
100,1566,3934133.307905608,6209
80,1483,3934133.308490703,6209
82,2035,3934133.309048027,6209
77,1133,3934133.309581910,6209
118,1447,3934133.310162115,6209
122,1449,3934133.310751819,6209
114,1090,3934133.311341694,6209
108,1554,3934133.311913828,6209
120,1636,3934133.312503183,6209
110,1828,3934133.313074837,6209
113,1410,3934133.313666542,6209
119,1275,3934133.314260817,6209
11,1095,3934134.146312976,6273
35,812,3934134.147240629,6273
9,1029,3934134.147963807,6273
7,1996,3934134.148765167,6273
25,1152,3934134.150069799,6273
33,1842,3934134.150875739,6273
21,1596,3934134.151682530,6273
17,394,3934134.152466719,6273
34,1460,3934134.153240759,6273
22,104,3934134.154018208,6273
14,1761,3934134.154769557,6273
19,1056,3934134.155564577,6273
10,541,3934134.156271694,6273
6,1641,3934134.157072325,6273
5,1550,3934134.157848324,6273
1,2025,3934134.158618473,6273
49,1035,3934134.161338631,6273
54,1733,3934134.162132121,6273
44,1361,3934134.162900090,6273
64,89,3934134.163652259,6273
48,1637,3934134.164406918,6273
50,1932,3934134.165163737,6273
59,1658,3934134.165843214,6273
45,1592,3934134.166664124,6273
58,1848,3934134.167453034,6273
47,1843,3934134.168235484,6273
53,1968,3934134.168961292,6273
36,1802,3934134.169739991,6273
41,438,3934134.170492280,6273
37,1751,3934134.171260579,6273
63,1725,3934134.172046249,6273
60,1541,3934134.172732056,6273
67,1469,3934134.173439914,6273
73,1859,3934134.174222093,6273
93,1885,3934134.174933531,6273
69,1254,3934134.175731281,6273
103,785,3934134.176510550,6273
86,879,3934134.177280070,6273
101,1212,3934134.178057889,6273
83,1956,3934134.178832798,6273
65,1535,3934134.179644259,6273
66,1045,3934134.180429308,6273
90,1216,3934134.181213178,6273
98,1823,3934134.181970217,6273
100,1566,3934134.182705215,6273
80,1483,3934134.183523556,6273
82,2035,3934134.184262204,6273
77,1133,3934134.184981382,6273
118,1447,3934134.185753491,6273
122,1449,3934134.186549951,6273
114,1090,3934134.187333461,6273
108,1554,3934134.188097220,6273
120,1636,3934134.188886530,6273
110,1828,3934134.189647379,6273
113,1410,3934134.190433339,6273
119,1275,3934134.191183557,6273
11,1095,3934135.118514748,6337
35,812,3934135.119234096,6337
9,1029,3934135.119800890,6337
7,1996,3934135.120429015,6337
25,1152,3934135.121409700,6337
33,1842,3934135.122039016,6337
21,1596,3934135.122642021,6337
17,394,3934135.123240976,6337
34,1460,3934135.123830880,6337
22,104,3934135.124424395,6337
14,1761,3934135.125011250,6337
19,1056,3934135.125624645,6337
10,541,3934135.126172389,6337
6,1641,3934135.126790465,6337
5,1550,3934135.127406920,6337
1,2025,3934135.127998305,6337
49,1035,3934135.130212940,6337
54,1733,3934135.130880097,6337
44,1361,3934135.131522353,6337
64,89,3934135.132113658,6337
48,1637,3934135.132700682,6337
50,1932,3934135.133287057,6337
59,1658,3934135.133814050,6337
45,1592,3934135.134427756,6337
58,1848,3934135.135022330,6337
47,1843,3934135.135614395,6337
53,1968,3934135.136165809,6337
36,1802,3934135.136757164,6337
41,438,3934135.137331748,6337
37,1751,3934135.137915433,6337
63,1725,3934135.138520598,6337
60,1541,3934135.139057441,6337
67,1469,3934135.139600085,6337
73,1859,3934135.140232491,6337
93,1885,3934135.140784234,6337
69,1254,3934135.141436851,6337
103,785,3934135.142038406,6337
86,879,3934135.142626981,6337
101,1212,3934135.143229045,6337
83,1956,3934135.143831651,6337
65,1535,3934135.144453976,6337
66,1045,3934135.145063961,6337
90,1216,3934135.145647316,6337
98,1823,3934135.146254061,6337
100,1566,3934135.146795405,6337
80,1483,3934135.147392589,6337
82,2035,3934135.147940963,6337
77,1133,3934135.148493467,6337
118,1447,3934135.149094872,6337
122,1449,3934135.149697257,6337
114,1090,3934135.150296102,6337
108,1554,3934135.150874876,6337
120,1636,3934135.151493082,6337
110,1828,3934135.152087417,6337
113,1410,3934135.152718443,6337
119,1275,3934135.153315168,6337
11,1095,3934135.861558452,6401
35,812,3934135.862246029,6401
9,1029,3934135.862806423,6401
7,1996,3934135.863933661,6401
25,1152,3934135.864587508,6401
33,1842,3934135.865228223,6401
21,1596,3934135.865832968,6401
17,394,3934135.866435374,6401
34,1460,3934135.867040089,6401
22,104,3934135.867630324,6401
14,1761,3934135.868207868,6401
19,1056,3934135.868840254,6401
10,541,3934135.869397098,6401
6,1641,3934135.870015763,6401
5,1550,3934135.870611308,6401
1,2025,3934135.871219863,6401
49,1035,3934135.873541061,6401
54,1733,3934135.874229368,6401
44,1361,3934135.874850904,6401
64,89,3934135.875448949,6401
48,1637,3934135.876057824,6401
50,1932,3934135.876642949,6401
59,1658,3934135.877182172,6401
45,1592,3934135.877813858,6401
58,1848,3934135.878423373,6401
47,1843,3934135.879037089,6401
53,1968,3934135.879610313,6401
36,1802,3934135.880215608,6401
41,438,3934135.880790262,6401
37,1751,3934135.881393068,6401
63,1725,3934135.881994912,6401
60,1541,3934135.882544526,6401
67,1469,3934135.883097100,6401
73,1859,3934135.883694485,6401
93,1885,3934135.884253339,6401
69,1254,3934135.884858204,6401
103,785,3934135.885440879,6401
86,879,3934135.886041584,6401
101,1212,3934135.886652959,6401
83,1956,3934135.887271784,6401
65,1535,3934135.887913780,6401
66,1045,3934135.888556707,6401
90,1216,3934135.889160572,6401
98,1823,3934135.889752206,6401
100,1566,3934135.890314540,6401
80,1483,3934135.890915766,6401
82,2035,3934135.891479350,6401
77,1133,3934135.892036363,6401
118,1447,3934135.892627048,6401
122,1449,3934135.893256064,6401
114,1090,3934135.893856429,6401
108,1554,3934135.894452174,6401
120,1636,3934135.895056539,6401
110,1828,3934135.895651594,6401
113,1410,3934135.896288430,6401
119,1275,3934135.896793773,6401
11,1095,3934136.785555529,6465
35,812,3934136.786245526,6465
9,1029,3934136.786708198,6465
7,1996,3934136.787225911,6465
25,1152,3934136.788066842,6465
33,1842,3934136.788590075,6465
21,1596,3934136.789096418,6465
17,394,3934136.789586890,6465
34,1460,3934136.790078602,6465
22,104,3934136.790558114,6465
14,1761,3934136.791034746,6465
19,1056,3934136.791533659,6465
10,541,3934136.791981070,6465
6,1641,3934136.792489743,6465
5,1550,3934136.792976925,6465
1,2025,3934136.793466367,6465
49,1035,3934136.795256462,6465
54,1733,3934136.795755894,6465
44,1361,3934136.796250126,6465
64,89,3934136.796721348,6465
48,1637,3934136.797209041,6465
50,1932,3934136.797685902,6465
59,1658,3934136.798127393,6465
45,1592,3934136.798694818,6465
58,1848,3934136.799208260,6465
47,1843,3934136.799703723,6465
53,1968,3934136.800159384,6465
36,1802,3934136.800647987,6465
41,438,3934136.801122668,6465
37,1751,3934136.801608310,6465
63,1725,3934136.802114493,6465
60,1541,3934136.802551694,6465
67,1469,3934136.802991225,6465
73,1859,3934136.803487017,6465
93,1885,3934136.803937399,6465
69,1254,3934136.804438751,6465
103,785,3934136.804899233,6465
86,879,3934136.805373854,6465
101,1212,3934136.805867617,6465
83,1956,3934136.806376180,6465
65,1535,3934136.806881232,6465
66,1045,3934136.807379315,6465
90,1216,3934136.807859747,6465
98,1823,3934136.808347749,6465
100,1566,3934136.808792870,6465
80,1483,3934136.809299803,6465
82,2035,3934136.809755434,6465
77,1133,3934136.810213635,6465
118,1447,3934136.810693218,6465
122,1449,3934136.811199500,6465
114,1090,3934136.811695923,6465
108,1554,3934136.812179055,6465
120,1636,3934136.812664617,6465
110,1828,3934136.813148089,6465
113,1410,3934136.813637301,6465
119,1275,3934136.814130104,6465
37,1751,3934136.878323908,6474
11,1095,3934137.496274705,6529
35,812,3934137.496967123,6529
9,1029,3934137.497556617,6529
7,1996,3934137.498197433,6529
25,1152,3934137.499259010,6529
33,1842,3934137.499910256,6529
21,1596,3934137.500542542,6529
17,394,3934137.501161447,6529
34,1460,3934137.501769753,6529
22,104,3934137.502381948,6529
14,1761,3934137.502970463,6529
19,1056,3934137.503604839,6529
10,541,3934137.504164802,6529
6,1641,3934137.504795388,6529
5,1550,3934137.505427264,6529
1,2025,3934137.506039480,6529
49,1035,3934137.508309976,6529
54,1733,3934137.509022194,6529
44,1361,3934137.509651260,6529
64,89,3934137.510256245,6529
48,1637,3934137.510863410,6529
50,1932,3934137.511488276,6529
59,1658,3934137.512046750,6529
45,1592,3934137.512671675,6529
58,1848,3934137.513284381,6529
47,1843,3934137.513893166,6529
53,1968,3934137.514456350,6529
36,1802,3934137.515071935,6529
41,438,3934137.515658070,6529
65,1535,3934137.516279505,6529
63,1725,3934137.516900811,6529
60,1541,3934137.517454645,6529
67,1469,3934137.518033489,6529
73,1859,3934137.518650955,6529
93,1885,3934137.519217989,6529
69,1254,3934137.519838285,6529
103,785,3934137.520426269,6529
108,1554,3934137.521040804,6529
86,879,3934137.521646819,6529
101,1212,3934137.522265325,6529
83,1956,3934137.522892511,6529
66,1045,3934137.523530567,6529
90,1216,3934137.524137832,6529
98,1823,3934137.524743327,6529
100,1566,3934137.525308361,6529
80,1483,3934137.525919606,6529
82,2035,3934137.526506891,6529
77,1133,3934137.527071375,6529
118,1447,3934137.527669290,6529
122,1449,3934137.528293856,6529
114,1090,3934137.528904441,6529
120,1636,3934137.529534207,6529
110,1828,3934137.530138972,6529
113,1410,3934137.530753407,6529
119,1275,3934137.531382573,6529
11,1095,3934138.210321715,6593
35,812,3934138.210941780,6593
9,1029,3934138.211440903,6593
7,1996,3934138.211973826,6593
25,1152,3934138.212904079,6593
33,1842,3934138.213450293,6593
21,1596,3934138.213963386,6593
17,394,3934138.214475919,6593
34,1460,3934138.214975491,6593
22,104,3934138.215481144,6593
14,1761,3934138.215955956,6593
19,1056,3934138.216480849,6593
10,541,3934138.216929550,6593
6,1641,3934138.217448813,6593
5,1550,3934138.217953605,6593
1,2025,3934138.218465109,6593
49,1035,3934138.220455388,6593
54,1733,3934138.220967491,6593
44,1361,3934138.221483924,6593
64,89,3934138.221965066,6593
48,1637,3934138.222471879,6593
50,1932,3934138.223057903,6593
59,1658,3934138.223522505,6593
45,1592,3934138.224048738,6593
58,1848,3934138.224552991,6593
47,1843,3934138.225063283,6593
53,1968,3934138.225524115,6593
36,1802,3934138.226029687,6593
41,438,3934138.226509150,6593
65,1535,3934138.227016312,6593
63,1725,3934138.227520485,6593
60,1541,3934138.227966736,6593
67,1469,3934138.228444178,6593
73,1859,3934138.228943290,6593
93,1885,3934138.229414772,6593
69,1254,3934138.229917945,6593
103,785,3934138.230402027,6593
108,1554,3934138.230894339,6593
86,879,3934138.231379701,6593
101,1212,3934138.231872864,6593
83,1956,3934138.232382046,6593
66,1045,3934138.232894019,6593
90,1216,3934138.233397022,6593
98,1823,3934138.233887594,6593
100,1566,3934138.234349226,6593
80,1483,3934138.234843838,6593
82,2035,3934138.235311339,6593
77,1133,3934138.235773871,6593
118,1447,3934138.236269143,6593
122,1449,3934138.236770136,6593
114,1090,3934138.237273739,6593
120,1636,3934138.237768821,6593
110,1828,3934138.238263933,6593
113,1410,3934138.238759606,6593
119,1275,3934138.239322960,6593
11,1095,3934138.926257092,6657
35,812,3934138.926905728,6657
9,1029,3934138.927378560,6657
7,1996,3934138.927905983,6657
25,1152,3934138.928800225,6657
33,1842,3934138.929357409,6657
21,1596,3934138.929879832,6657
17,394,3934138.930406746,6657
34,1460,3934138.930919088,6657
22,104,3934138.931427801,6657
14,1761,3934138.931913173,6657
19,1056,3934138.932444296,6657
10,541,3934138.932897858,6657
6,1641,3934138.933417581,6657
5,1550,3934138.933920643,6657
1,2025,3934138.934436246,6657
49,1035,3934138.936424636,6657
54,1733,3934138.936941669,6657
44,1361,3934138.937450051,6657
64,89,3934138.937940864,6657
48,1637,3934138.938444846,6657
50,1932,3934138.938932328,6657
59,1658,3934138.939391120,6657
45,1592,3934138.939907223,6657
58,1848,3934138.940413665,6657
47,1843,3934138.940914908,6657
53,1968,3934138.941405680,6657
36,1802,3934138.941911643,6657
41,438,3934138.942401435,6657
65,1535,3934138.942908928,6657
63,1725,3934138.943424051,6657
60,1541,3934138.943870972,6657
67,1469,3934138.944350774,6657
73,1859,3934138.944860437,6657
93,1885,3934138.945331688,6657
69,1254,3934138.945841751,6657
103,785,3934138.946327323,6657
108,1554,3934138.946823226,6657
86,879,3934138.947313038,6657
101,1212,3934138.947810401,6657
83,1956,3934138.948322333,6657
66,1045,3934138.948828756,6657
90,1216,3934138.949366579,6657
98,1823,3934138.949865102,6657
100,1566,3934138.950323403,6657
80,1483,3934138.950822306,6657
82,2035,3934138.951310728,6657
77,1133,3934138.951770320,6657
118,1447,3934138.952304933,6657
122,1449,3934138.952808115,6657
114,1090,3934138.953317428,6657
120,1636,3934138.953815591,6657
110,1828,3934138.954310663,6657
113,1410,3934138.954816636,6657
119,1275,3934138.955381020,6657
11,1095,3934139.646158808,6721
35,812,3934139.646736932,6721
9,1029,3934139.647210684,6721
7,1996,3934139.648165968,6721
25,1152,3934139.648828165,6721
33,1842,3934139.649399159,6721
21,1596,3934139.649919722,6721
17,394,3934139.650445765,6721
34,1460,3934139.650957268,6721
22,104,3934139.651475011,6721
14,1761,3934139.651964323,6721
19,1056,3934139.652490616,6721
10,541,3934139.652947237,6721
6,1641,3934139.653463240,6721
5,1550,3934139.653963153,6721
1,2025,3934139.654518237,6721
49,1035,3934139.656430164,6721
54,1733,3934139.656962718,6721
44,1361,3934139.657481041,6721
64,89,3934139.657971533,6721
48,1637,3934139.658491486,6721
50,1932,3934139.658990628,6721
59,1658,3934139.659456330,6721
45,1592,3934139.659980023,6721
58,1848,3934139.660497466,6721
47,1843,3934139.661013419,6721
53,1968,3934139.661480471,6721
36,1802,3934139.662018284,6721
41,438,3934139.662567728,6721
65,1535,3934139.663116432,6721
63,1725,3934139.663637245,6721
60,1541,3934139.664099466,6721
67,1469,3934139.664577398,6721
73,1859,3934139.665096971,6721
93,1885,3934139.665569803,6721
69,1254,3934139.666134227,6721
103,785,3934139.666625179,6721
108,1554,3934139.667142512,6721
86,879,3934139.667634275,6721
101,1212,3934139.668146027,6721
83,1956,3934139.668660920,6721
66,1045,3934139.669179133,6721
90,1216,3934139.669678976,6721
98,1823,3934139.670194128,6721
100,1566,3934139.670665820,6721
80,1483,3934139.671177773,6721
82,2035,3934139.671647005,6721
77,1133,3934139.672115896,6721
118,1447,3934139.672613259,6721
122,1449,3934139.673140272,6721
114,1090,3934139.673650945,6721
120,1636,3934139.674161968,6721
110,1828,3934139.674655010,6721
113,1410,3934139.675165343,6721
119,1275,3934139.675679836,6721
11,1095,3934140.369706375,6785
35,812,3934140.370395482,6785
9,1029,3934140.370864544,6785
7,1996,3934140.371402377,6785
25,1152,3934140.371923050,6785
33,1842,3934140.372832673,6785
21,1596,3934140.373497720,6785
17,394,3934140.374030953,6785
34,1460,3934140.374547806,6785
22,104,3934140.375067139,6785
14,1761,3934140.375570242,6785
19,1056,3934140.376104155,6785
10,541,3934140.376563297,6785
6,1641,3934140.377083999,6785
5,1550,3934140.377591592,6785
1,2025,3934140.378103625,6785
49,1035,3934140.379980982,6785
54,1733,3934140.380635098,6785
44,1361,3934140.381199552,6785
64,89,3934140.381698515,6785
48,1637,3934140.382295590,6785
50,1932,3934140.382825793,6785
59,1658,3934140.383297605,6785
45,1592,3934140.383826228,6785
58,1848,3934140.384348891,6785
47,1843,3934140.384866224,6785
53,1968,3934140.385348256,6785
36,1802,3934140.385859349,6785
41,438,3934140.386362761,6785
65,1535,3934140.386877964,6785
63,1725,3934140.387399967,6785
60,1541,3934140.387857829,6785
67,1469,3934140.388342661,6785
73,1859,3934140.388857114,6785
93,1885,3934140.389339016,6785
69,1254,3934140.389856559,6785
103,785,3934140.390346201,6785
108,1554,3934140.390849154,6785
86,879,3934140.391342376,6785
101,1212,3934140.391849468,6785
83,1956,3934140.392371542,6785
66,1045,3934140.392889645,6785
90,1216,3934140.393401187,6785
98,1823,3934140.393904180,6785
100,1566,3934140.394386502,6785
80,1483,3934140.394899955,6785
82,2035,3934140.395378007,6785
77,1133,3934140.395840758,6785
118,1447,3934140.396346551,6785
122,1449,3934140.396861274,6785
114,1090,3934140.397388787,6785
120,1636,3934140.397894620,6785
110,1828,3934140.398392442,6785
113,1410,3934140.398898465,6785
119,1275,3934140.399411648,6785
11,1095,3934141.093273583,6849
35,812,3934141.093857488,6849
9,1029,3934141.094329999,6849
7,1996,3934141.094856973,6849
25,1152,3934141.095756605,6849
33,1842,3934141.096314159,6849
21,1596,3934141.096841052,6849
17,394,3934141.097372725,6849
34,1460,3934141.097889308,6849
22,104,3934141.098419562,6849
14,1761,3934141.098922144,6849
19,1056,3934141.099465478,6849
10,541,3934141.099957990,6849
6,1641,3934141.100491553,6849
5,1550,3934141.101008936,6849
1,2025,3934141.101518349,6849
49,1035,3934141.103539570,6849
54,1733,3934141.104077483,6849
44,1361,3934141.104601746,6849
64,89,3934141.105112909,6849
48,1637,3934141.105620482,6849
50,1932,3934141.106182036,6849
59,1658,3934141.106668538,6849
45,1592,3934141.107208531,6849
58,1848,3934141.107723114,6849
47,1843,3934141.108249217,6849
53,1968,3934141.108717929,6849
36,1802,3934141.109233072,6849
41,438,3934141.109725624,6849
65,1535,3934141.110292558,6849
63,1725,3934141.110810361,6849
60,1541,3934141.111275303,6849
67,1469,3934141.111754155,6849
73,1859,3934141.112275088,6849
93,1885,3934141.112750050,6849
69,1254,3934141.113272853,6849
103,785,3934141.113760305,6849
108,1554,3934141.114275238,6849
86,879,3934141.114771080,6849
101,1212,3934141.115280983,6849
83,1956,3934141.115795016,6849
66,1045,3934141.116319399,6849
90,1216,3934141.116824342,6849
98,1823,3934141.117337975,6849
100,1566,3934141.117805096,6849
80,1483,3934141.118333749,6849
82,2035,3934141.118815292,6849
77,1133,3934141.119290633,6849
118,1447,3934141.119796166,6849
122,1449,3934141.120323039,6849
114,1090,3934141.120838972,6849
120,1636,3934141.121369445,6849
110,1828,3934141.121866058,6849
113,1410,3934141.122384571,6849
119,1275,3934141.122893414,6849
11,1095,3934141.893446956,6913
35,812,3934141.894169124,6913
9,1029,3934141.894770389,6913
7,1996,3934141.895885347,6913
25,1152,3934141.896572474,6913
33,1842,3934141.897254931,6913
21,1596,3934141.897903587,6913
17,394,3934141.898571384,6913
34,1460,3934141.899227230,6913
22,104,3934141.899876827,6913
14,1761,3934141.900515183,6913
19,1056,3934141.901188199,6913
10,541,3934141.901781724,6913
6,1641,3934141.902432781,6913
5,1550,3934141.903081037,6913
1,2025,3934141.903718693,6913
49,1035,3934141.906250276,6913
54,1733,3934141.907026685,6913
44,1361,3934141.907745063,6913
64,89,3934141.908401560,6913
48,1637,3934141.909061166,6913
50,1932,3934141.909693232,6913
59,1658,3934141.910279777,6913
45,1592,3934141.910953774,6913
58,1848,3934141.911612510,6913
47,1843,3934141.912270107,6913
53,1968,3934141.912859581,6913
36,1802,3934141.913511147,6913
41,438,3934141.914142693,6913
65,1535,3934141.914793830,6913
63,1725,3934141.915454286,6913
60,1541,3934141.916037341,6913
67,1469,3934141.916640256,6913
73,1859,3934141.917296272,6913
93,1885,3934141.917898117,6913
69,1254,3934141.918563494,6913
103,785,3934141.919194680,6913
108,1554,3934141.919831716,6913
86,879,3934141.920457521,6913
101,1212,3934141.921105037,6913
83,1956,3934141.921753584,6913
66,1045,3934141.922410320,6913
90,1216,3934141.923052816,6913
98,1823,3934141.923691572,6913
100,1566,3934141.924289067,6913
80,1483,3934141.924928683,6913
82,2035,3934141.925551659,6913
77,1133,3934141.926158834,6913
118,1447,3934141.926797500,6913
122,1449,3934141.927432415,6913
114,1090,3934141.927963249,6913
120,1636,3934141.928519143,6913
110,1828,3934141.929089517,6913
113,1410,3934141.929634671,6913
119,1275,3934141.930170864,6913
11,1095,3934142.620066880,6977
35,812,3934142.620686766,6977
9,1029,3934142.621186678,6977
7,1996,3934142.622113001,6977
25,1152,3934142.622664505,6977
33,1842,3934142.623227659,6977
21,1596,3934142.623760363,6977
17,394,3934142.624290076,6977
34,1460,3934142.624819069,6977
22,104,3934142.625358233,6977
14,1761,3934142.625868465,6977
19,1056,3934142.626422259,6977
10,541,3934142.626902151,6977
6,1641,3934142.627445105,6977
5,1550,3934142.627970408,6977
1,2025,3934142.628503341,6977
49,1035,3934142.630594273,6977
54,1733,3934142.631143347,6977
44,1361,3934142.631685291,6977
64,89,3934142.632200894,6977
48,1637,3934142.632728517,6977
50,1932,3934142.633332992,6977
59,1658,3934142.633817814,6977
45,1592,3934142.634377768,6977
58,1848,3934142.634912272,6977
47,1843,3934142.635476526,6977
53,1968,3934142.635967508,6977
36,1802,3934142.636501451,6977
41,438,3934142.637019484,6977
65,1535,3934142.637548027,6977
63,1725,3934142.638116212,6977
60,1541,3934142.638621544,6977
67,1469,3934142.639129727,6977
73,1859,3934142.639663700,6977
93,1885,3934142.640169193,6977
69,1254,3934142.640705056,6977
103,785,3934142.641213549,6977
108,1554,3934142.641734142,6977
86,879,3934142.642247435,6977
101,1212,3934142.642768188,6977
83,1956,3934142.643302481,6977
66,1045,3934142.643836795,6977
90,1216,3934142.644365398,6977
98,1823,3934142.644908351,6977
100,1566,3934142.645404534,6977
80,1483,3934142.645929427,6977
82,2035,3934142.646421719,6977
77,1133,3934142.646936642,6977
118,1447,3934142.647478935,6977
122,1449,3934142.648052690,6977
114,1090,3934142.648591003,6977
120,1636,3934142.649127157,6977
110,1828,3934142.649640030,6977
113,1410,3934142.650180463,6977
119,1275,3934142.650707746,6977
11,1095,3934143.348414468,7041
35,812,3934143.349119306,7041
9,1029,3934143.349615308,7041
7,1996,3934143.350182912,7041
25,1152,3934143.350767977,7041
33,1842,3934143.351734471,7041
21,1596,3934143.352287725,7041
17,394,3934143.352814528,7041
34,1460,3934143.353348561,7041
22,104,3934143.353881035,7041
14,1761,3934143.354402048,7041
19,1056,3934143.354951341,7041
10,541,3934143.355444114,7041
6,1641,3934143.355980767,7041
5,1550,3934143.356528841,7041
1,2025,3934143.357143876,7041
49,1035,3934143.359238439,7041
54,1733,3934143.359777312,7041
44,1361,3934143.360308495,7041
64,89,3934143.360818008,7041
48,1637,3934143.361350972,7041
50,1932,3934143.361912286,7041
59,1658,3934143.362403008,7041
45,1592,3934143.362949021,7041
58,1848,3934143.363487125,7041
47,1843,3934143.364038329,7041
53,1968,3934143.364519391,7041
36,1802,3934143.365052054,7041
41,438,3934143.365565987,7041
65,1535,3934143.366107720,7041
63,1725,3934143.366645294,7041
60,1541,3934143.367122846,7041
67,1469,3934143.367620078,7041
73,1859,3934143.368163782,7041
93,1885,3934143.368655714,7041
69,1254,3934143.369198378,7041
103,785,3934143.369702620,7041
108,1554,3934143.370233883,7041
86,879,3934143.370737616,7041
101,1212,3934143.371265029,7041
83,1956,3934143.371798133,7041
66,1045,3934143.372344576,7041
90,1216,3934143.372862609,7041
98,1823,3934143.373388762,7041
100,1566,3934143.373868885,7041
80,1483,3934143.374399508,7041
82,2035,3934143.374882930,7041
77,1133,3934143.375371262,7041
118,1447,3934143.375901815,7041
122,1449,3934143.376450989,7041
114,1090,3934143.376978332,7041
120,1636,3934143.377514336,7041
110,1828,3934143.378031518,7041
113,1410,3934143.378558462,7041
119,1275,3934143.379096495,7041
11,1095,3934144.074941880,7105
35,812,3934144.075658158,7105
9,1029,3934144.076145841,7105
7,1996,3934144.076691064,7105
25,1152,3934144.077678849,7105
33,1842,3934144.078266823,7105
21,1596,3934144.078807697,7105
17,394,3934144.079343481,7105
34,1460,3934144.079873384,7105
22,104,3934144.080404427,7105
14,1761,3934144.080924180,7105
19,1056,3934144.081481644,7105
10,541,3934144.081965306,7105
6,1641,3934144.082512860,7105
5,1550,3934144.083057033,7105
1,2025,3934144.083659378,7105
65,1535,3934144.085766171,7105
49,1035,3934144.086483119,7105
54,1733,3934144.087028893,7105
44,1361,3934144.087559016,7105
64,89,3934144.088144490,7105
48,1637,3934144.088690184,7105
50,1932,3934144.089238338,7105
59,1658,3934144.089738760,7105
45,1592,3934144.090305544,7105
58,1848,3934144.090853348,7105
47,1843,3934144.091404872,7105
53,1968,3934144.091901924,7105
36,1802,3934144.092439488,7105
41,438,3934144.092952321,7105
63,1725,3934144.093486274,7105
60,1541,3934144.093966626,7105
67,1469,3934144.094470059,7105
73,1859,3934144.095010762,7105
93,1885,3934144.095505874,7105
69,1254,3934144.096050618,7105
103,785,3934144.096556181,7105
108,1554,3934144.097082724,7105
86,879,3934144.097589957,7105
101,1212,3934144.098120240,7105
83,1956,3934144.098651133,7105
66,1045,3934144.099195047,7105
90,1216,3934144.099713900,7105
98,1823,3934144.100247933,7105
100,1566,3934144.100731265,7105
80,1483,3934144.101266318,7105
82,2035,3934144.101754011,7105
77,1133,3934144.102244003,7105
118,1447,3934144.102764766,7105
122,1449,3934144.103319470,7105
114,1090,3934144.103864463,7105
120,1636,3934144.104401437,7105
110,1828,3934144.104914300,7105
113,1410,3934144.105451383,7105
119,1275,3934144.105975466,7105
66,1045,3934144.123892804,7110
10,541,3934144.782399566,7161
35,812,3934144.880291463,7169
9,1029,3934144.880990141,7169
7,1996,3934144.881688358,7169
25,1152,3934144.882936710,7169
33,1842,3934144.883686798,7169
21,1596,3934144.884381846,7169
17,394,3934144.885054232,7169
34,1460,3934144.885720889,7169
22,104,3934144.886391676,7169
36,1802,3934144.887051462,7169
14,1761,3934144.887708739,7169
19,1056,3934144.888414536,7169
11,1095,3934144.889102714,7169
6,1641,3934144.889772540,7169
5,1550,3934144.890455907,7169
1,2025,3934144.891136644,7169
65,1535,3934144.893772370,7169
49,1035,3934144.894499128,7169
54,1733,3934144.895178796,7169
44,1361,3934144.895893823,7169
64,89,3934144.896623001,7169
67,1469,3934144.897264468,7169
48,1637,3934144.897998676,7169
50,1932,3934144.898676813,7169
59,1658,3934144.899279218,7169
45,1592,3934144.899976396,7169
58,1848,3934144.900657213,7169
47,1843,3934144.901330729,7169
53,1968,3934144.901934414,7169
41,438,3934144.902589771,7169
63,1725,3934144.903260787,7169
60,1541,3934144.903856913,7169
73,1859,3934144.904535490,7169
93,1885,3934144.905156945,7169
69,1254,3934144.905872423,7169
103,785,3934144.906513979,7169
108,1554,3934144.907179456,7169
86,879,3934144.907813511,7169
101,1212,3934144.908476728,7169
113,1410,3934144.909161685,7169
83,1956,3934144.909832452,7169
90,1216,3934144.910495518,7169
98,1823,3934144.911164215,7169
110,1828,3934144.911817552,7169
100,1566,3934144.912428677,7169
80,1483,3934144.913099533,7169
82,2035,3934144.913712859,7169
77,1133,3934144.914328894,7169
118,1447,3934144.914878718,7169
122,1449,3934144.915428302,7169
114,1090,3934144.915979925,7169
120,1636,3934144.916606061,7169
119,1275,3934144.917168285,7169
19,1056,3934145.604298493,7233
35,812,3934145.605398691,7233
9,1029,3934145.606081928,7233
7,1996,3934145.607023261,7233
25,1152,3934145.607727638,7233
33,1842,3934145.608438826,7233
21,1596,3934145.609135894,7233
17,394,3934145.609817711,7233
34,1460,3934145.610494038,7233
22,104,3934145.611169355,7233
36,1802,3934145.611827371,7233
14,1761,3934145.612490378,7233
11,1095,3934145.613179245,7233
6,1641,3934145.613865712,7233
5,1550,3934145.614547009,7233
1,2025,3934145.615231316,7233
65,1535,3934145.617109793,7233
49,1035,3934145.618028356,7233
54,1733,3934145.618782395,7233
44,1361,3934145.619480952,7233
64,89,3934145.620148939,7233
67,1469,3934145.620775685,7233
48,1637,3934145.621455962,7233
50,1932,3934145.622118598,7233
59,1658,3934145.622717583,7233
45,1592,3934145.623408501,7233
58,1848,3934145.624090658,7233
47,1843,3934145.624767575,7233
53,1968,3934145.625384870,7233
41,438,3934145.626032856,7233
63,1725,3934145.626701913,7233
60,1541,3934145.627302508,7233
73,1859,3934145.627973195,7233
93,1885,3934145.628598660,7233
69,1254,3934145.629276397,7233
103,785,3934145.629911133,7233
108,1554,3934145.630583700,7233
86,879,3934145.631225706,7233
101,1212,3934145.631880522,7233
113,1410,3934145.632562170,7233
83,1956,3934145.633239026,7233
90,1216,3934145.633915123,7233
98,1823,3934145.634590570,7233
110,1828,3934145.635250477,7233
100,1566,3934145.635853272,7233
80,1483,3934145.636525109,7233
82,2035,3934145.637146644,7233
77,1133,3934145.637754749,7233
118,1447,3934145.638419836,7233
122,1449,3934145.638973110,7233
114,1090,3934145.639524704,7233
120,1636,3934145.640085118,7233
119,1275,3934145.640635161,7233
19,1056,3934146.341235586,7297
35,812,3934146.342273912,7297
9,1029,3934146.342926728,7297
7,1996,3934146.343831971,7297
25,1152,3934146.344541929,7297
33,1842,3934146.345250356,7297
21,1596,3934146.345925313,7297
17,394,3934146.346617530,7297
34,1460,3934146.347307058,7297
22,104,3934146.347975854,7297
36,1802,3934146.348646041,7297
14,1761,3934146.349314718,7297
11,1095,3934146.349992285,7297
6,1641,3934146.350678032,7297
5,1550,3934146.351367129,7297
1,2025,3934146.352039656,7297
65,1535,3934146.353874472,7297
49,1035,3934146.354818595,7297
54,1733,3934146.355519553,7297
44,1361,3934146.356267031,7297
64,89,3934146.356930508,7297
67,1469,3934146.357568824,7297
48,1637,3934146.358247401,7297
50,1932,3934146.358905077,7297
59,1658,3934146.359516483,7297
45,1592,3934146.360220530,7297
58,1848,3934146.360897598,7297
47,1843,3934146.361597555,7297
53,1968,3934146.362246191,7297
41,438,3934146.362900167,7297
63,1725,3934146.363575154,7297
60,1541,3934146.364216450,7297
73,1859,3934146.364895227,7297
93,1885,3934146.365525513,7297
69,1254,3934146.366207960,7297
103,785,3934146.366848006,7297
108,1554,3934146.367522953,7297
86,879,3934146.368174239,7297
101,1212,3934146.368835696,7297
113,1410,3934146.369525333,7297
83,1956,3934146.370206820,7297
90,1216,3934146.370865967,7297
98,1823,3934146.371573174,7297
110,1828,3934146.372238291,7297
100,1566,3934146.372847136,7297
80,1483,3934146.373523023,7297
82,2035,3934146.374153099,7297
77,1133,3934146.374768564,7297
118,1447,3934146.375444751,7297
122,1449,3934146.376138828,7297
114,1090,3934146.376758104,7297
120,1636,3934146.377311858,7297
119,1275,3934146.377872422,7297
19,1056,3934147.068640640,7361
35,812,3934147.069710677,7361
9,1029,3934147.070335353,7361
7,1996,3934147.071228765,7361
25,1152,3934147.071956454,7361
33,1842,3934147.072676251,7361
21,1596,3934147.073371379,7361
17,394,3934147.074058426,7361
34,1460,3934147.074748553,7361
22,104,3934147.075443561,7361
36,1802,3934147.076118318,7361
14,1761,3934147.076784464,7361
11,1095,3934147.077475392,7361
6,1641,3934147.078163929,7361
5,1550,3934147.078842946,7361
1,2025,3934147.079531113,7361
65,1535,3934147.081388429,7361
49,1035,3934147.082328333,7361
54,1733,3934147.083103952,7361
44,1361,3934147.083820020,7361
64,89,3934147.084500537,7361
67,1469,3934147.085145843,7361
48,1637,3934147.085822120,7361
50,1932,3934147.086501357,7361
59,1658,3934147.087182894,7361
45,1592,3934147.087879681,7361
58,1848,3934147.088564659,7361
47,1843,3934147.089248566,7361
53,1968,3934147.089882471,7361
41,438,3934147.090556448,7361
63,1725,3934147.091231415,7361
60,1541,3934147.091840571,7361
73,1859,3934147.092543758,7361
93,1885,3934147.093174564,7361
69,1254,3934147.093858581,7361
103,785,3934147.094515697,7361
108,1554,3934147.095193144,7361
86,879,3934147.095838831,7361
101,1212,3934147.096531768,7361
113,1410,3934147.097232715,7361
83,1956,3934147.097915122,7361
90,1216,3934147.098590199,7361
98,1823,3934147.099266686,7361
110,1828,3934147.099924463,7361
100,1566,3934147.100549438,7361
80,1483,3934147.101228655,7361
82,2035,3934147.101854841,7361
77,1133,3934147.102487907,7361
118,1447,3934147.103060651,7361
122,1449,3934147.103617205,7361
114,1090,3934147.104173269,7361
120,1636,3934147.104717333,7361
119,1275,3934147.105270546,7361
19,1056,3934147.866179949,7425
35,812,3934147.867273556,7425
9,1029,3934147.867906132,7425
7,1996,3934147.868877726,7425
25,1152,3934147.869616595,7425
33,1842,3934147.870333442,7425
21,1596,3934147.871029450,7425
17,394,3934147.871712137,7425
34,1460,3934147.872420245,7425
22,104,3934147.873124062,7425
36,1802,3934147.873808809,7425
14,1761,3934147.874488026,7425
11,1095,3934147.875190444,7425
6,1641,3934147.875875891,7425
5,1550,3934147.876569698,7425
1,2025,3934147.877253246,7425
65,1535,3934147.879130102,7425
49,1035,3934147.880064126,7425
54,1733,3934147.880843525,7425
44,1361,3934147.881572923,7425
64,89,3934147.882262451,7425
67,1469,3934147.882910677,7425
48,1637,3934147.883606404,7425
50,1932,3934147.884289831,7425
59,1658,3934147.884964248,7425
45,1592,3934147.885682106,7425
58,1848,3934147.886372583,7425
47,1843,3934147.887067581,7425
53,1968,3934147.887703067,7425
41,438,3934147.888382174,7425
63,1725,3934147.889102302,7425
60,1541,3934147.889729927,7425
73,1859,3934147.890431695,7425
93,1885,3934147.891088531,7425
69,1254,3934147.891778018,7425
103,785,3934147.892442645,7425
108,1554,3934147.893126772,7425
86,879,3934147.893783269,7425
101,1212,3934147.894460866,7425
113,1410,3934147.895163023,7425
83,1956,3934147.895852511,7425
90,1216,3934147.896530597,7425
98,1823,3934147.897219275,7425
110,1828,3934147.897886811,7425
100,1566,3934147.898513437,7425
80,1483,3934147.899215024,7425
82,2035,3934147.899852351,7425
77,1133,3934147.900563778,7425
118,1447,3934147.901115742,7425
122,1449,3934147.901676616,7425
114,1090,3934147.902241120,7425
120,1636,3934147.902796914,7425
119,1275,3934147.903410289,7425
19,1056,3934148.905652825,7489
35,812,3934148.906761713,7489
9,1029,3934148.907363748,7489
7,1996,3934148.908509007,7489
25,1152,3934148.909467861,7489
33,1842,3934148.910439745,7489
21,1596,3934148.911370758,7489
17,394,3934148.912278841,7489
34,1460,3934148.916088456,7489
22,104,3934148.919571773,7489
36,1802,3934148.920733502,7489
14,1761,3934148.921841160,7489
11,1095,3934148.923075951,7489
6,1641,3934148.924152648,7489
5,1550,3934148.925187864,7489
1,2025,3934148.926196639,7489
53,1968,3934148.931102761,7489
65,1535,3934148.932404564,7489
49,1035,3934148.933615614,7489
54,1733,3934148.934571168,7489
44,1361,3934148.935569253,7489
64,89,3934148.936491306,7489
67,1469,3934148.937413139,7489
48,1637,3934148.938371663,7489
50,1932,3934148.939281086,7489
59,1658,3934148.940220440,7489
45,1592,3934148.941230135,7489
58,1848,3934148.942042195,7489
47,1843,3934148.942842885,7489
41,438,3934148.943759638,7489
63,1725,3934148.944701312,7489
60,1541,3934148.945585514,7489
77,1133,3934148.946850095,7489
73,1859,3934148.948532877,7489
93,1885,3934148.949451380,7489
69,1254,3934148.950421075,7489
103,785,3934148.951338627,7489
108,1554,3934148.952014164,7489
86,879,3934148.952580378,7489
101,1212,3934148.953163623,7489
113,1410,3934148.953750428,7489
83,1956,3934148.954328302,7489
90,1216,3934148.954873646,7489
98,1823,3934148.955433410,7489
110,1828,3934148.955987843,7489
100,1566,3934148.956513047,7489
80,1483,3934148.957085071,7489
82,2035,3934148.957607094,7489
122,1449,3934148.958197259,7489
118,1447,3934148.958773453,7489
120,1636,3934148.959350278,7489
119,1275,3934148.959913452,7489
114,1090,3934148.960488066,7489
19,1056,3934149.781217544,7553
35,812,3934149.782208139,7553
9,1029,3934149.782978058,7553
7,1996,3934149.783745557,7553
25,1152,3934149.784971598,7553
33,1842,3934149.785753838,7553
21,1596,3934149.786678741,7553
17,394,3934149.787397769,7553
34,1460,3934149.788119607,7553
22,104,3934149.788820595,7553
36,1802,3934149.789522472,7553
14,1761,3934149.790238640,7553
11,1095,3934149.790963628,7553
6,1641,3934149.791681386,7553
5,1550,3934149.792386444,7553
1,2025,3934149.793088781,7553
53,1968,3934149.793887931,7553
65,1535,3934149.796452535,7553
49,1035,3934149.797501212,7553
54,1733,3934149.798244010,7553
44,1361,3934149.798938037,7553
64,89,3934149.799631535,7553
67,1469,3934149.800297531,7553
48,1637,3934149.801016779,7553
50,1932,3934149.801704966,7553
59,1658,3934149.802397374,7553
45,1592,3934149.803118052,7553
58,1848,3934149.803809539,7553
47,1843,3934149.804514357,7553
41,438,3934149.805193564,7553
63,1725,3934149.805883201,7553
60,1541,3934149.806533937,7553
77,1133,3934149.807272696,7553
73,1859,3934149.807976523,7553
93,1885,3934149.808630360,7553
69,1254,3934149.809331997,7553
103,785,3934149.810014954,7553
108,1554,3934149.810700762,7553
86,879,3934149.811377738,7553
101,1212,3934149.812075666,7553
113,1410,3934149.812783934,7553
83,1956,3934149.813489941,7553
90,1216,3934149.814178749,7553
98,1823,3934149.814823025,7553
110,1828,3934149.815377298,7553
100,1566,3934149.815888391,7553
80,1483,3934149.816457405,7553
82,2035,3934149.816977988,7553
122,1449,3934149.817561293,7553
118,1447,3934149.818120917,7553
120,1636,3934149.818682991,7553
119,1275,3934149.819254495,7553
114,1090,3934149.819821439,7553
22,104,3934150.072518177,7576
19,1056,3934150.767266146,7617
35,812,3934150.768507987,7617
9,1029,3934150.769211484,7617
7,1996,3934150.770471736,7617
25,1152,3934150.771427870,7617
33,1842,3934150.772191429,7617
21,1596,3934150.772905337,7617
17,394,3934150.773629765,7617
34,1460,3934150.774341542,7617
36,1802,3934150.775055671,7617
41,438,3934150.775739148,7617
14,1761,3934150.776419774,7617
11,1095,3934150.777162693,7617
6,1641,3934150.777881371,7617
5,1550,3934150.778589139,7617
1,2025,3934150.779291646,7617
53,1968,3934150.780227050,7617
65,1535,3934150.782637550,7617
49,1035,3934150.783581364,7617
54,1733,3934150.784295591,7617
44,1361,3934150.785016859,7617
64,89,3934150.785689436,7617
67,1469,3934150.786360473,7617
48,1637,3934150.787078671,7617
50,1932,3934150.787776269,7617
59,1658,3934150.788479016,7617
45,1592,3934150.789208504,7617
58,1848,3934150.789905932,7617
69,1254,3934150.790618340,7617
47,1843,3934150.791329237,7617
63,1725,3934150.792044705,7617
60,1541,3934150.792671871,7617
77,1133,3934150.793409239,7617
73,1859,3934150.794141937,7617
93,1885,3934150.794791544,7617
114,1090,3934150.795509932,7617
103,785,3934150.796190649,7617
108,1554,3934150.796894606,7617
86,879,3934150.797575313,7617
101,1212,3934150.798272511,7617
113,1410,3934150.798984029,7617
83,1956,3934150.799698196,7617
90,1216,3934150.800388544,7617
98,1823,3934150.801089151,7617
110,1828,3934150.801774418,7617
100,1566,3934150.802417444,7617
80,1483,3934150.803032450,7617
82,2035,3934150.803554493,7617
122,1449,3934150.804143867,7617
118,1447,3934150.804736893,7617
120,1636,3934150.805310317,7617
119,1275,3934150.805879901,7617
19,1056,3934151.514695822,7681
35,812,3934151.516061846,7681
9,1029,3934151.516633990,7681
7,1996,3934151.517705527,7681
25,1152,3934151.518631190,7681
33,1842,3934151.519422530,7681
21,1596,3934151.520154188,7681
17,394,3934151.520863776,7681
34,1460,3934151.521592614,7681
36,1802,3934151.522309582,7681
41,438,3934151.522995889,7681
14,1761,3934151.523682456,7681
11,1095,3934151.524418235,7681
6,1641,3934151.525153253,7681
5,1550,3934151.525872991,7681
1,2025,3934151.526580689,7681
45,1592,3934151.527552243,7681
53,1968,3934151.529853681,7681
63,1725,3934151.530672181,7681
65,1535,3934151.531438890,7681
49,1035,3934151.532186589,7681
54,1733,3934151.532898787,7681
44,1361,3934151.533616095,7681
64,89,3934151.534322112,7681
67,1469,3934151.534982919,7681
48,1637,3934151.535718707,7681
50,1932,3934151.536431035,7681
59,1658,3934151.537148203,7681
69,1254,3934151.537852870,7681
58,1848,3934151.538572699,7681
47,1843,3934151.539290146,7681
60,1541,3934151.539925313,7681
77,1133,3934151.540664221,7681
73,1859,3934151.541398729,7681
93,1885,3934151.542079526,7681
114,1090,3934151.542822275,7681
103,785,3934151.543500952,7681
108,1554,3934151.544205509,7681
86,879,3934151.544889197,7681
101,1212,3934151.545594664,7681
113,1410,3934151.546319182,7681
83,1956,3934151.547038550,7681
90,1216,3934151.547731808,7681
98,1823,3934151.548448206,7681
110,1828,3934151.549057991,7681
100,1566,3934151.549580764,7681
80,1483,3934151.550155878,7681
82,2035,3934151.550684521,7681
122,1449,3934151.551274136,7681
118,1447,3934151.551833970,7681
120,1636,3934151.552411825,7681
119,1275,3934151.552981509,7681
19,1056,3934152.261414160,7745
33,1842,3934152.262143908,7745
35,812,3934152.262774294,7745
9,1029,3934152.263302587,7745
7,1996,3934152.263881101,7745
25,1152,3934152.264487547,7745
34,1460,3934152.265074251,7745
21,1596,3934152.265764059,7745
17,394,3934152.266348093,7745
36,1802,3934152.266926698,7745
41,438,3934152.267490622,7745
14,1761,3934152.268401115,7745
11,1095,3934152.269027550,7745
6,1641,3934152.269612425,7745
5,1550,3934152.270206750,7745
1,2025,3934152.270790025,7745
45,1592,3934152.271395629,7745
53,1968,3934152.271924253,7745
63,1725,3934152.272512417,7745
65,1535,3934152.273111303,7745
49,1035,3934152.274188969,7745
54,1733,3934152.274901197,7745
44,1361,3934152.275534173,7745
64,89,3934152.276096847,7745
67,1469,3934152.276640560,7745
48,1637,3934152.277264086,7745
50,1932,3934152.277839591,7745
59,1658,3934152.278417305,7745
69,1254,3934152.279009230,7745
58,1848,3934152.279587754,7745
47,1843,3934152.280172729,7745
60,1541,3934152.280683772,7745
77,1133,3934152.281277796,7745
93,1885,3934152.281848241,7745
114,1090,3934152.282953769,7745
73,1859,3934152.283702847,7745
103,785,3934152.284276862,7745
108,1554,3934152.284849396,7745
86,879,3934152.285406920,7745
101,1212,3934152.285981574,7745
113,1410,3934152.286577479,7745
83,1956,3934152.287166214,7745
90,1216,3934152.287733458,7745
98,1823,3934152.288306492,7745
110,1828,3934152.288869126,7745
100,1566,3934152.289394839,7745
80,1483,3934152.289964934,7745
82,2035,3934152.290505867,7745
122,1449,3934152.291103902,7745
118,1447,3934152.291672436,7745
120,1636,3934152.292332143,7745
119,1275,3934152.292915607,7745
19,1056,3934153.000700593,7809
33,1842,3934153.001392600,7809
35,812,3934153.001979954,7809
9,1029,3934153.002900508,7809
7,1996,3934153.003676677,7809
25,1152,3934153.004456907,7809
34,1460,3934153.005193885,7809
21,1596,3934153.005920463,7809
17,394,3934153.006657662,7809
36,1802,3934153.007385200,7809
41,438,3934153.008088717,7809
14,1761,3934153.008772654,7809
11,1095,3934153.009513683,7809
6,1641,3934153.010243181,7809
5,1550,3934153.010963789,7809
1,2025,3934153.011695448,7809
45,1592,3934153.012679442,7809
53,1968,3934153.014969639,7809
63,1725,3934153.015779259,7809
65,1535,3934153.016753354,7809
49,1035,3934153.017621126,7809
54,1733,3934153.018354714,7809
44,1361,3934153.019076942,7809
64,89,3934153.019762929,7809
67,1469,3934153.020426556,7809
48,1637,3934153.021156674,7809
50,1932,3934153.021849961,7809
59,1658,3934153.022573129,7809
69,1254,3934153.023306968,7809
58,1848,3934153.024046116,7809
47,1843,3934153.024758424,7809
60,1541,3934153.025398590,7809
77,1133,3934153.026134678,7809
83,1956,3934153.026879657,7809
93,1885,3934153.027556624,7809
114,1090,3934153.028298032,7809
73,1859,3934153.029044211,7809
103,785,3934153.029721238,7809
108,1554,3934153.030444646,7809
86,879,3934153.031133274,7809
101,1212,3934153.031834951,7809
113,1410,3934153.032582110,7809
90,1216,3934153.033283207,7809
98,1823,3934153.033987585,7809
110,1828,3934153.034696232,7809
100,1566,3934153.035351779,7809
80,1483,3934153.035995295,7809
82,2035,3934153.036538749,7809
122,1449,3934153.037133773,7809
118,1447,3934153.037705818,7809
120,1636,3934153.038291652,7809
119,1275,3934153.038886707,7809
7,1996,3934153.740495868,7873
19,1056,3934153.741336999,7873
33,1842,3934153.742073657,7873
35,812,3934153.742933489,7873
9,1029,3934153.743644007,7873
25,1152,3934153.744790505,7873
34,1460,3934153.745764320,7873
21,1596,3934153.746636591,7873
17,394,3934153.747366140,7873
36,1802,3934153.748106618,7873
41,438,3934153.748808356,7873
14,1761,3934153.749502893,7873
11,1095,3934153.750247452,7873
6,1641,3934153.750981850,7873
5,1550,3934153.751719218,7873
1,2025,3934153.752444137,7873
45,1592,3934153.753367870,7873
49,1035,3934153.754143899,7873
53,1968,3934153.756170950,7873
63,1725,3934153.757022091,7873
65,1535,3934153.757814031,7873
54,1733,3934153.758600991,7873
44,1361,3934153.759338069,7873
64,89,3934153.760041097,7873
67,1469,3934153.760706973,7873
48,1637,3934153.761433001,7873
50,1932,3934153.762157850,7873
59,1658,3934153.762868087,7873
69,1254,3934153.763618336,7873
58,1848,3934153.764368645,7873
47,1843,3934153.765113373,7873
60,1541,3934153.765770290,7873
77,1133,3934153.766523949,7873
83,1956,3934153.767265567,7873
93,1885,3934153.767933204,7873
114,1090,3934153.768702053,7873
73,1859,3934153.769452362,7873
103,785,3934153.770162750,7873
108,1554,3934153.770880618,7873
86,879,3934153.771583335,7873
101,1212,3934153.772303863,7873
113,1410,3934153.773047402,7873
90,1216,3934153.773768460,7873
98,1823,3934153.774495638,7873
110,1828,3934153.775123504,7873
100,1566,3934153.775655637,7873
80,1483,3934153.776240171,7873
82,2035,3934153.776781435,7873
122,1449,3934153.777385000,7873
118,1447,3934153.777956894,7873
120,1636,3934153.778544869,7873
119,1275,3934153.779133864,7873
7,1996,3934154.484992081,7937
19,1056,3934154.485861203,7937
33,1842,3934154.486532620,7937
35,812,3934154.487405491,7937
9,1029,3934154.488041247,7937
25,1152,3934154.489290018,7937
34,1460,3934154.490232562,7937
21,1596,3934154.490967820,7937
17,394,3934154.491695709,7937
36,1802,3934154.492432357,7937
41,438,3934154.493142355,7937
14,1761,3934154.493834182,7937
11,1095,3934154.494579631,7937
6,1641,3934154.495316899,7937
5,1550,3934154.496057118,7937
1,2025,3934154.496776746,7937
45,1592,3934154.497678058,7937
49,1035,3934154.500087779,7937
53,1968,3934154.500972421,7937
63,1725,3934154.501802291,7937
65,1535,3934154.502572241,7937
54,1733,3934154.503315049,7937
44,1361,3934154.504053228,7937
64,89,3934154.504752775,7937
67,1469,3934154.505433812,7937
48,1637,3934154.506170291,7937
50,1932,3934154.506876478,7937
59,1658,3934154.507611417,7937
69,1254,3934154.508350145,7937
58,1848,3934154.509135545,7937
47,1843,3934154.509878603,7937
60,1541,3934154.510555660,7937
73,1859,3934154.511296549,7937
77,1133,3934154.512098759,7937
82,2035,3934154.512791256,7937
83,1956,3934154.513541105,7937
93,1885,3934154.514223552,7937
113,1410,3934154.514966751,7937
114,1090,3934154.515713329,7937
103,785,3934154.516412627,7937
108,1554,3934154.517156275,7937
86,879,3934154.517850663,7937
101,1212,3934154.518591881,7937
90,1216,3934154.519217787,7937
98,1823,3934154.519811622,7937
110,1828,3934154.520395886,7937
100,1566,3934154.520931069,7937
80,1483,3934154.521531635,7937
122,1449,3934154.522142520,7937
118,1447,3934154.522725434,7937
120,1636,3934154.523387121,7937
119,1275,3934154.523992466,7937
7,1996,3934155.229996237,8001
19,1056,3934155.231034273,8001
33,1842,3934155.231921755,8001
35,812,3934155.232694115,8001
9,1029,3934155.233357851,8001
25,1152,3934155.234143131,8001
34,1460,3934155.234884459,8001
21,1596,3934155.235741051,8001
17,394,3934155.236487099,8001
36,1802,3934155.237232678,8001
41,438,3934155.237940595,8001
14,1761,3934155.239124145,8001
11,1095,3934155.239906605,8001
6,1641,3934155.240657083,8001
5,1550,3934155.241401832,8001
1,2025,3934155.242135551,8001
45,1592,3934155.242892290,8001
48,1637,3934155.243627148,8001
49,1035,3934155.244383867,8001
53,1968,3934155.245077764,8001
63,1725,3934155.245853453,8001
65,1535,3934155.247613848,8001
54,1733,3934155.248429998,8001
44,1361,3934155.249171176,8001
64,89,3934155.249872234,8001
67,1469,3934155.250559181,8001
59,1658,3934155.251282779,8001
50,1932,3934155.251999807,8001
69,1254,3934155.252738985,8001
58,1848,3934155.253474564,8001
47,1843,3934155.254222663,8001
60,1541,3934155.254884499,8001
73,1859,3934155.255643568,8001
77,1133,3934155.256412008,8001
82,2035,3934155.257097445,8001
83,1956,3934155.257862954,8001
93,1885,3934155.258548191,8001
113,1410,3934155.260116800,8001
114,1090,3934155.261066654,8001
103,785,3934155.261808362,8001
108,1554,3934155.262485059,8001
86,879,3934155.263066144,8001
101,1212,3934155.263652938,8001
90,1216,3934155.264253533,8001
98,1823,3934155.264840958,8001
110,1828,3934155.265445163,8001
100,1566,3934155.265985237,8001
80,1483,3934155.266582792,8001
122,1449,3934155.267194937,8001
118,1447,3934155.267776802,8001
120,1636,3934155.268373007,8001
119,1275,3934155.268990142,8001
7,1996,3934156.062762357,8065
9,1029,3934156.063472575,8065
19,1056,3934156.064153412,8065
33,1842,3934156.064858360,8065
35,812,3934156.065494456,8065
25,1152,3934156.066108251,8065
34,1460,3934156.066700676,8065
21,1596,3934156.067305111,8065
17,394,3934156.067898056,8065
36,1802,3934156.068586443,8065
41,438,3934156.069179937,8065
14,1761,3934156.069749492,8065
11,1095,3934156.070361927,8065
6,1641,3934156.074907641,8065
5,1550,3934156.075931597,8065
1,2025,3934156.076909491,8065
44,1361,3934156.077657889,8065
45,1592,3934156.078612553,8065
48,1637,3934156.079591718,8065
49,1035,3934156.080598203,8065
53,1968,3934156.081502206,8065
63,1725,3934156.082505321,8065
65,1535,3934156.083794053,8065
54,1733,3934156.086643274,8065
64,89,3934156.087442044,8065
67,1469,3934156.088239244,8065
59,1658,3934156.089198318,8065
50,1932,3934156.090084840,8065
69,1254,3934156.090858190,8065
58,1848,3934156.091842294,8065
47,1843,3934156.092607253,8065
60,1541,3934156.093433664,8065
73,1859,3934156.094445449,8065
77,1133,3934156.095469035,8065
82,2035,3934156.096380268,8065
83,1956,3934156.097286930,8065
93,1885,3934156.097978878,8065
113,1410,3934156.098749707,8065
114,1090,3934156.099504926,8065
103,785,3934156.100215253,8065
108,1554,3934156.100947982,8065
86,879,3934156.101660680,8065
101,1212,3934156.102409718,8065
90,1216,3934156.103147617,8065
98,1823,3934156.103888395,8065
110,1828,3934156.104625024,8065
100,1566,3934156.105236049,8065
80,1483,3934156.105835044,8065
122,1449,3934156.106457810,8065
118,1447,3934156.107052655,8065
120,1636,3934156.107650930,8065
119,1275,3934156.108255765,8065
110,1828,3934156.461079455,8100
7,1996,3934156.804202374,8129
9,1029,3934156.804986653,8129
11,1095,3934156.805764593,8129
19,1056,3934156.806668366,8129
33,1842,3934156.807447445,8129
35,812,3934156.808659335,8129
25,1152,3934156.809605429,8129
34,1460,3934156.810362088,8129
21,1596,3934156.811120647,8129
17,394,3934156.811859815,8129
36,1802,3934156.812621694,8129
41,438,3934156.813354603,8129
14,1761,3934156.814077201,8129
6,1641,3934156.814834850,8129
5,1550,3934156.815591558,8129
1,2025,3934156.816335237,8129
44,1361,3934156.817083816,8129
45,1592,3934156.817847485,8129
48,1637,3934156.818588464,8129
49,1035,3934156.819588729,8129
53,1968,3934156.821755723,8129
63,1725,3934156.822618314,8129
65,1535,3934156.823442975,8129
54,1733,3934156.824283186,8129
64,89,3934156.825009334,8129
67,1469,3934156.825699171,8129
59,1658,3934156.826432710,8129
50,1932,3934156.827153168,8129
69,1254,3934156.827906497,8129
58,1848,3934156.828678756,8129
47,1843,3934156.829438315,8129
60,1541,3934156.830113032,8129
73,1859,3934156.830879441,8129
77,1133,3934156.831673021,8129
82,2035,3934156.832419539,8129
83,1956,3934156.833197379,8129
93,1885,3934156.833886756,8129
113,1410,3934156.834655655,8129
114,1090,3934156.835416724,8129
118,1447,3934156.836161263,8129
103,785,3934156.836860510,8129
108,1554,3934156.837601109,8129
86,879,3934156.838312146,8129
101,1212,3934156.839052215,8129
90,1216,3934156.839795264,8129
98,1823,3934156.840405129,8129
100,1566,3934156.840961633,8129
80,1483,3934156.841582618,8129
122,1449,3934156.842202774,8129
120,1636,3934156.842803879,8129
119,1275,3934156.843413814,8129
11,1095,3934157.160707057,8160
120,1636,3934157.521721213,8191
6,1641,3934157.549756104,8193
7,1996,3934157.550635686,8193
9,1029,3934157.551336533,8193
19,1056,3934157.552332798,8193
33,1842,3934157.553117278,8193
34,1460,3934157.553858827,8193
44,1361,3934157.555297463,8193
35,812,3934157.555985430,8193
25,1152,3934157.556752349,8193
21,1596,3934157.557511878,8193
17,394,3934157.558268007,8193
36,1802,3934157.559024606,8193
41,438,3934157.559758334,8193
14,1761,3934157.560478172,8193
5,1550,3934157.561237701,8193
1,2025,3934157.561976279,8193
45,1592,3934157.562755979,8193
48,1637,3934157.563504078,8193
49,1035,3934157.564277287,8193
53,1968,3934157.564961374,8193
63,1725,3934157.567409025,8193
65,1535,3934157.568481232,8193
69,1254,3934157.569320543,8193
73,1859,3934157.570098322,8193
54,1733,3934157.570860592,8193
64,89,3934157.571601360,8193
67,1469,3934157.572301077,8193
59,1658,3934157.573040936,8193
50,1932,3934157.573762084,8193
58,1848,3934157.574515513,8193
47,1843,3934157.575289592,8193
60,1541,3934157.575955879,8193
77,1133,3934157.576734239,8193
82,2035,3934157.577446926,8193
83,1956,3934157.578247916,8193
93,1885,3934157.578944784,8193
101,1212,3934157.579704113,8193
113,1410,3934157.580473212,8193
114,1090,3934157.581237981,8193
118,1447,3934157.581971990,8193
103,785,3934157.582684777,8193
108,1554,3934157.583431376,8193
86,879,3934157.584097252,8193
90,1216,3934157.584675607,8193
98,1823,3934157.585291733,8193
100,1566,3934157.585840476,8193
80,1483,3934157.586464872,8193
119,1275,3934157.587096018,8193
122,1449,3934157.587720093,8193
6,1641,3934158.292499594,8257
7,1996,3934158.293321074,8257
9,1029,3934158.293883718,8257
19,1056,3934158.294714139,8257
33,1842,3934158.295356695,8257
34,1460,3934158.295962310,8257
44,1361,3934158.297110009,8257
35,812,3934158.297728754,8257
25,1152,3934158.298440142,8257
21,1596,3934158.299068598,8257
17,394,3934158.299671953,8257
36,1802,3934158.300290298,8257
41,438,3934158.300881913,8257
14,1761,3934158.301467848,8257
5,1550,3934158.302093814,8257
1,2025,3934158.302700069,8257
45,1592,3934158.303330625,8257
48,1637,3934158.303952850,8257
49,1035,3934158.304584956,8257
53,1968,3934158.305337385,8257
58,1848,3934158.307232222,8257
63,1725,3934158.307862608,8257
65,1535,3934158.308633677,8257
69,1254,3934158.309393636,8257
73,1859,3934158.310036412,8257
54,1733,3934158.310650908,8257
64,89,3934158.311252733,8257
67,1469,3934158.311826677,8257
59,1658,3934158.312427412,8257
50,1932,3934158.313018987,8257
47,1843,3934158.313627322,8257
60,1541,3934158.314187966,8257
77,1133,3934158.314807592,8257
82,2035,3934158.315384496,8257
83,1956,3934158.316020042,8257
93,1885,3934158.316587516,8257
101,1212,3934158.317204021,8257
113,1410,3934158.317821337,8257
114,1090,3934158.318440602,8257
118,1447,3934158.319044747,8257
103,785,3934158.319612702,8257
108,1554,3934158.320238837,8257
86,879,3934158.320823552,8257
90,1216,3934158.321416647,8257
98,1823,3934158.322027652,8257
100,1566,3934158.322589746,8257
80,1483,3934158.323207151,8257
119,1275,3934158.323832437,8257
122,1449,3934158.324468203,8257
6,1641,3934159.111051019,8321
7,1996,3934159.111836569,8321
9,1029,3934159.112409063,8321
19,1056,3934159.113258004,8321
21,1596,3934159.113880000,8321
33,1842,3934159.114513916,8321
34,1460,3934159.115125271,8321
36,1802,3934159.116251959,8321
44,1361,3934159.116884795,8321
35,812,3934159.117443029,8321
25,1152,3934159.118066475,8321
17,394,3934159.118673820,8321
41,438,3934159.119274725,8321
14,1761,3934159.119858429,8321
5,1550,3934159.120480855,8321
1,2025,3934159.121095310,8321
45,1592,3934159.121722696,8321
48,1637,3934159.122341191,8321
49,1035,3934159.122966937,8321
53,1968,3934159.123534471,8321
58,1848,3934159.124346612,8321
63,1725,3934159.126221348,8321
65,1535,3934159.127096690,8321
69,1254,3934159.127859929,8321
73,1859,3934159.128504205,8321
54,1733,3934159.129137531,8321
64,89,3934159.129742656,8321
67,1469,3934159.130335621,8321
59,1658,3934159.130941526,8321
50,1932,3934159.131546181,8321
47,1843,3934159.132168277,8321
60,1541,3934159.132719021,8321
77,1133,3934159.133365637,8321
82,2035,3934159.133940131,8321
83,1956,3934159.134572377,8321
93,1885,3934159.135154532,8321
101,1212,3934159.135778187,8321
108,1554,3934159.136395563,8321
113,1410,3934159.137026078,8321
114,1090,3934159.137646094,8321
118,1447,3934159.138259209,8321
103,785,3934159.138847354,8321
86,879,3934159.139446489,8321
90,1216,3934159.140044684,8321
98,1823,3934159.140652599,8321
100,1566,3934159.141239134,8321
80,1483,3934159.141865610,8321
119,1275,3934159.142493695,8321
122,1449,3934159.143170762,8321
6,1641,3934159.856790914,8385
7,1996,3934159.857585844,8385
9,1029,3934159.858160698,8385
19,1056,3934159.859161643,8385
21,1596,3934159.859858481,8385
25,1152,3934159.860498597,8385
33,1842,3934159.861150083,8385
34,1460,3934159.861790999,8385
36,1802,3934159.863121452,8385
44,1361,3934159.863920192,8385
35,812,3934159.864522447,8385
17,394,3934159.865182324,8385
41,438,3934159.865789159,8385
14,1761,3934159.866390344,8385
5,1550,3934159.867026220,8385
1,2025,3934159.867649616,8385
45,1592,3934159.868295402,8385
48,1637,3934159.868910927,8385
49,1035,3934159.869549973,8385
53,1968,3934159.870138818,8385
58,1848,3934159.870753753,8385
63,1725,3934159.871380819,8385
65,1535,3934159.872207110,8385
69,1254,3934159.874065526,8385
73,1859,3934159.874840995,8385
54,1733,3934159.875482171,8385
64,89,3934159.876098337,8385
67,1469,3934159.876671661,8385
59,1658,3934159.877287757,8385
50,1932,3934159.877890192,8385
47,1843,3934159.878519377,8385
60,1541,3934159.879083421,8385
77,1133,3934159.879718887,8385
82,2035,3934159.880306912,8385
83,1956,3934159.880927417,8385
93,1885,3934159.881507342,8385
101,1212,3934159.882139988,8385
108,1554,3934159.882761523,8385
113,1410,3934159.883396359,8385
114,1090,3934159.884029665,8385
118,1447,3934159.884659441,8385
103,785,3934159.885356178,8385
86,879,3934159.885937413,8385
90,1216,3934159.886536778,8385
98,1823,3934159.887154323,8385
100,1566,3934159.887713867,8385
80,1483,3934159.888335683,8385
119,1275,3934159.888968618,8385
122,1449,3934159.889607465,8385
6,1641,3934160.603607986,8449
7,1996,3934160.604452097,8449
9,1029,3934160.605033952,8449
19,1056,3934160.605983096,8449
21,1596,3934160.606694413,8449
25,1152,3934160.607342439,8449
33,1842,3934160.607989326,8449
34,1460,3934160.608641292,8449
36,1802,3934160.610035767,8449
44,1361,3934160.610839147,8449
35,812,3934160.611440462,8449
17,394,3934160.612103229,8449
41,438,3934160.612711924,8449
14,1761,3934160.613310389,8449
5,1550,3934160.613938054,8449
1,2025,3934160.614572880,8449
45,1592,3934160.615220266,8449
48,1637,3934160.615834622,8449
49,1035,3934160.616474388,8449
53,1968,3934160.617053362,8449
58,1848,3934160.617674188,8449
63,1725,3934160.618307104,8449
65,1535,3934160.619102733,8449
69,1254,3934160.620892778,8449
73,1859,3934160.621692448,8449
54,1733,3934160.622329694,8449
64,89,3934160.622925559,8449
67,1469,3934160.623518534,8449
59,1658,3934160.624133139,8449
50,1932,3934160.624745085,8449
47,1843,3934160.625386490,8449
60,1541,3934160.625943395,8449
77,1133,3934160.626585631,8449
82,2035,3934160.627169665,8449
83,1956,3934160.627806771,8449
93,1885,3934160.628389006,8449
101,1212,3934160.629018281,8449
108,1554,3934160.629644277,8449
113,1410,3934160.630292873,8449
114,1090,3934160.630920289,8449
118,1447,3934160.631560215,8449
103,785,3934160.632225652,8449
86,879,3934160.632811786,8449
90,1216,3934160.633415991,8449
98,1823,3934160.634035967,8449
100,1566,3934160.634621592,8449
80,1483,3934160.635251577,8449
119,1275,3934160.635880283,8449
122,1449,3934160.636532709,8449
5,1550,3934161.351746051,8513
6,1641,3934161.352567432,8513
7,1996,3934161.353237888,8513
9,1029,3934161.353816623,8513
19,1056,3934161.354643384,8513
21,1596,3934161.355285520,8513
25,1152,3934161.355928566,8513
33,1842,3934161.356598912,8513
34,1460,3934161.357240889,8513
36,1802,3934161.357862814,8513
44,1361,3934161.359501815,8513
35,812,3934161.360116500,8513
17,394,3934161.360727546,8513
41,438,3934161.361343761,8513
14,1761,3934161.361937806,8513
1,2025,3934161.362567282,8513
45,1592,3934161.363228408,8513
47,1843,3934161.363850914,8513
48,1637,3934161.364488210,8513
49,1035,3934161.365139506,8513
53,1968,3934161.365783372,8513
58,1848,3934161.366416408,8513
63,1725,3934161.367054994,8513
65,1535,3934161.367697130,8513
69,1254,3934161.368403218,8513
73,1859,3934161.369274949,8513
54,1733,3934161.370030278,8513
64,89,3934161.370633674,8513
67,1469,3934161.371215868,8513
59,1658,3934161.371834084,8513
50,1932,3934161.372444339,8513
60,1541,3934161.373027423,8513
77,1133,3934161.374359127,8513
82,2035,3934161.375027933,8513
83,1956,3934161.375702460,8513
93,1885,3934161.376301035,8513
101,1212,3934161.376922741,8513
108,1554,3934161.377548726,8513
113,1410,3934161.378202083,8513
114,1090,3934161.378844489,8513
118,1447,3934161.379470334,8513
103,785,3934161.380153701,8513
86,879,3934161.380752676,8513
90,1216,3934161.381363662,8513
98,1823,3934161.381987847,8513
100,1566,3934161.382568642,8513
80,1483,3934161.383204818,8513
119,1275,3934161.383832613,8513
122,1449,3934161.384480360,8513
47,1843,3934161.725347202,8545
5,1550,3934162.159203359,8577
6,1641,3934162.160159594,8577
7,1996,3934162.160950343,8577
9,1029,3934162.161667921,8577
19,1056,3934162.162932903,8577
21,1596,3934162.163870016,8577
25,1152,3934162.164711307,8577
33,1842,3934162.165528738,8577
34,1460,3934162.166308677,8577
36,1802,3934162.167085747,8577
44,1361,3934162.167858876,8577
35,812,3934162.168751158,8577
17,394,3934162.169521328,8577
41,438,3934162.170292347,8577
14,1761,3934162.171039706,8577
1,2025,3934162.171815085,8577
45,1592,3934162.173817975,8577
48,1637,3934162.174800709,8577
49,1035,3934162.175632150,8577
53,1968,3934162.176527823,8577
58,1848,3934162.177323043,8577
63,1725,3934162.178129883,8577
65,1535,3934162.178932873,8577
69,1254,3934162.179725073,8577
73,1859,3934162.180522172,8577
77,1133,3934162.181329733,8577
54,1733,3934162.182224815,8577
64,89,3934162.182974864,8577
67,1469,3934162.183699712,8577
59,1658,3934162.184464701,8577
50,1932,3934162.185228890,8577
60,1541,3934162.185934548,8577
82,2035,3934162.186670796,8577
83,1956,3934162.187482887,8577
93,1885,3934162.188275917,8577
101,1212,3934162.189870636,8577
108,1554,3934162.190857691,8577
113,1410,3934162.191857386,8577
114,1090,3934162.192834980,8577
122,1449,3934162.193664361,8577
118,1447,3934162.194368369,8577
103,785,3934162.195029815,8577
86,879,3934162.195619370,8577
90,1216,3934162.196234736,8577
98,1823,3934162.196889622,8577
100,1566,3934162.197471316,8577
80,1483,3934162.198110092,8577
119,1275,3934162.198740568,8577
5,1550,3934163.142854793,8641
6,1641,3934163.143849598,8641
7,1996,3934163.144651458,8641
9,1029,3934163.145372796,8641
19,1056,3934163.146542416,8641
21,1596,3934163.147492489,8641
25,1152,3934163.148338181,8641
33,1842,3934163.149159851,8641
34,1460,3934163.149932740,8641
36,1802,3934163.150717320,8641
44,1361,3934163.151501860,8641
35,812,3934163.152311860,8641
17,394,3934163.153092039,8641
41,438,3934163.155082929,8641
14,1761,3934163.155879489,8641
1,2025,3934163.156681619,8641
45,1592,3934163.157531990,8641
48,1637,3934163.158320520,8641
49,1035,3934163.159131170,8641
53,1968,3934163.159979261,8641
58,1848,3934163.160784592,8641
63,1725,3934163.161589702,8641
65,1535,3934163.162405642,8641
69,1254,3934163.163201652,8641
73,1859,3934163.163990732,8641
77,1133,3934163.164810312,8641
54,1733,3934163.165588382,8641
64,89,3934163.166347171,8641
67,1469,3934163.167080159,8641
59,1658,3934163.167841558,8641
50,1932,3934163.168599317,8641
60,1541,3934163.169330185,8641
82,2035,3934163.170059464,8641
83,1956,3934163.170856184,8641
93,1885,3934163.171601342,8641
101,1212,3934163.173295114,8641
108,1554,3934163.174294750,8641
113,1410,3934163.175299135,8641
114,1090,3934163.176269979,8641
122,1449,3934163.177097289,8641
118,1447,3934163.177732285,8641
103,785,3934163.178398832,8641
86,879,3934163.178990837,8641
90,1216,3934163.179603932,8641
98,1823,3934163.180235248,8641
100,1566,3934163.180812253,8641
80,1483,3934163.181452078,8641
119,1275,3934163.182093205,8641
5,1550,3934164.018777344,8705
6,1641,3934164.019618415,8705
7,1996,3934164.020269481,8705
9,1029,3934164.020850006,8705
19,1056,3934164.021774119,8705
21,1596,3934164.022493067,8705
25,1152,3934164.023182934,8705
33,1842,3934164.023921062,8705
34,1460,3934164.024564558,8705
36,1802,3934164.025205794,8705
44,1361,3934164.026531598,8705
35,812,3934164.027166314,8705
17,394,3934164.027786749,8705
41,438,3934164.028419965,8705
14,1761,3934164.029033040,8705
1,2025,3934164.029669876,8705
45,1592,3934164.030332813,8705
48,1637,3934164.030958958,8705
49,1035,3934164.031614245,8705
53,1968,3934164.032273331,8705
58,1848,3934164.032916167,8705
63,1725,3934164.033563643,8705
65,1535,3934164.034224800,8705
69,1254,3934164.034893067,8705
73,1859,3934164.035802199,8705
77,1133,3934164.036471686,8705
54,1733,3934164.038096047,8705
64,89,3934164.038719592,8705
67,1469,3934164.039332558,8705
59,1658,3934164.039953203,8705
50,1932,3934164.040594449,8705
60,1541,3934164.041175634,8705
82,2035,3934164.041776029,8705
83,1956,3934164.042426715,8705
93,1885,3934164.043035330,8705
100,1566,3934164.043617795,8705
101,1212,3934164.044260291,8705
108,1554,3934164.044892167,8705
113,1410,3934164.045560254,8705
114,1090,3934164.046231800,8705
118,1447,3934164.046872376,8705
122,1449,3934164.047557333,8705
103,785,3934164.048239761,8705
86,879,3934164.048838856,8705
90,1216,3934164.049454451,8705
98,1823,3934164.050093127,8705
80,1483,3934164.050725343,8705
119,1275,3934164.051373159,8705
60,1541,3934164.144777324,8715
1,2025,3934164.996726525,8769
5,1550,3934164.997710350,8769
6,1641,3934164.998547471,8769
7,1996,3934164.999358081,8769
9,1029,3934165.000160631,8769
19,1056,3934165.001386012,8769
21,1596,3934165.002281694,8769
25,1152,3934165.003107405,8769
33,1842,3934165.004020088,8769
34,1460,3934165.004810627,8769
36,1802,3934165.005604418,8769
44,1361,3934165.006754906,8769
35,812,3934165.007482594,8769
41,438,3934165.008249164,8769
17,394,3934165.009023863,8769
14,1761,3934165.009796942,8769
45,1592,3934165.010617133,8769
48,1637,3934165.012597272,8769
49,1035,3934165.013664729,8769
53,1968,3934165.014716365,8769
58,1848,3934165.015655609,8769
63,1725,3934165.016510520,8769
65,1535,3934165.017350371,8769
69,1254,3934165.018172482,8769
73,1859,3934165.018986092,8769
77,1133,3934165.019817873,8769
54,1733,3934165.020613773,8769
64,89,3934165.021385752,8769
67,1469,3934165.022152951,8769
59,1658,3934165.022924891,8769
50,1932,3934165.023701190,8769
80,1483,3934165.024504000,8769
82,2035,3934165.025249139,8769
83,1956,3934165.026075819,8769
90,1216,3934165.026853649,8769
93,1885,3934165.027602917,8769
100,1566,3934165.028349326,8769
101,1212,3934165.029884625,8769
108,1554,3934165.030881839,8769
113,1410,3934165.031745371,8769
114,1090,3934165.032564612,8769
118,1447,3934165.033212658,8769
122,1449,3934165.033861614,8769
103,785,3934165.034560771,8769
86,879,3934165.035177427,8769
98,1823,3934165.035793912,8769
119,1275,3934165.036444729,8769
1,2025,3934165.744389199,8833
5,1550,3934165.745170619,8833
6,1641,3934165.745834955,8833
7,1996,3934165.746491302,8833
9,1029,3934165.747328313,8833
19,1056,3934165.748072062,8833
21,1596,3934165.748772179,8833
25,1152,3934165.749436856,8833
33,1842,3934165.750108542,8833
34,1460,3934165.750746008,8833
36,1802,3934165.752146023,8833
44,1361,3934165.752936323,8833
35,812,3934165.753527588,8833
41,438,3934165.754150863,8833
17,394,3934165.754779769,8833
14,1761,3934165.755425235,8833
45,1592,3934165.756098462,8833
48,1637,3934165.756734808,8833
49,1035,3934165.757400205,8833
53,1968,3934165.758071292,8833
58,1848,3934165.758713628,8833
63,1725,3934165.759372834,8833
65,1535,3934165.760053351,8833
67,1469,3934165.760701547,8833
69,1254,3934165.761469746,8833
73,1859,3934165.762138093,8833
77,1133,3934165.763685162,8833
80,1483,3934165.764455611,8833
54,1733,3934165.765110677,8833
64,89,3934165.765733023,8833
59,1658,3934165.766362109,8833
50,1932,3934165.766994664,8833
82,2035,3934165.767605980,8833
83,1956,3934165.768265046,8833
90,1216,3934165.768903632,8833
93,1885,3934165.769505297,8833
100,1566,3934165.770107273,8833
101,1212,3934165.770764329,8833
108,1554,3934165.771410565,8833
113,1410,3934165.772070182,8833
114,1090,3934165.772721938,8833
118,1447,3934165.773382064,8833
119,1275,3934165.774034981,8833
122,1449,3934165.774688127,8833
103,785,3934165.775423355,8833
86,879,3934165.776049061,8833
98,1823,3934165.776686427,8833
1,2025,3934166.493871089,8897
5,1550,3934166.494728000,8897
6,1641,3934166.495406947,8897
7,1996,3934166.496066374,8897
9,1029,3934166.496717510,8897
19,1056,3934166.497634323,8897
21,1596,3934166.498425943,8897
25,1152,3934166.499112040,8897
33,1842,3934166.499779557,8897
34,1460,3934166.500431763,8897
36,1802,3934166.501198412,8897
44,1361,3934166.501856718,8897
35,812,3934166.502939976,8897
41,438,3934166.503642663,8897
17,394,3934166.504283199,8897
14,1761,3934166.504920745,8897
45,1592,3934166.505602452,8897
48,1637,3934166.506260789,8897
49,1035,3934166.506925875,8897
53,1968,3934166.507600022,8897
58,1848,3934166.508253878,8897
63,1725,3934166.508907735,8897
65,1535,3934166.509587522,8897
67,1469,3934166.510209438,8897
69,1254,3934166.510856484,8897
73,1859,3934166.511977182,8897
77,1133,3934166.512833503,8897
80,1483,3934166.513592422,8897
54,1733,3934166.514250168,8897
64,89,3934166.514876284,8897
59,1658,3934166.515513340,8897
50,1932,3934166.516148756,8897
82,2035,3934166.516751731,8897
83,1956,3934166.517413907,8897
90,1216,3934166.518488025,8897
93,1885,3934166.519230823,8897
100,1566,3934166.519831498,8897
101,1212,3934166.520488975,8897
108,1554,3934166.521150221,8897
113,1410,3934166.521810937,8897
114,1090,3934166.522476984,8897
118,1447,3934166.523126470,8897
119,1275,3934166.523790077,8897
122,1449,3934166.524457814,8897
103,785,3934166.525180202,8897
86,879,3934166.525792377,8897
98,1823,3934166.526441443,8897
1,2025,3934167.244624750,8961
5,1550,3934167.245639486,8961
6,1641,3934167.246479207,8961
7,1996,3934167.247301037,8961
9,1029,3934167.248111297,8961
19,1056,3934167.249232605,8961
21,1596,3934167.250202540,8961
25,1152,3934167.251049611,8961
33,1842,3934167.251897412,8961
34,1460,3934167.252704672,8961
36,1802,3934167.253509172,8961
44,1361,3934167.254629831,8961
35,812,3934167.255420790,8961
41,438,3934167.256202320,8961
17,394,3934167.256985319,8961
14,1761,3934167.257787119,8961
45,1592,3934167.258634571,8961
48,1637,3934167.259436801,8961
49,1035,3934167.261393640,8961
53,1968,3934167.262476277,8961
58,1848,3934167.263453631,8961
63,1725,3934167.264288342,8961
65,1535,3934167.265128703,8961
67,1469,3934167.265876862,8961
69,1254,3934167.266705092,8961
73,1859,3934167.267534523,8961
77,1133,3934167.268366104,8961
80,1483,3934167.269178124,8961
54,1733,3934167.269982814,8961
64,89,3934167.270762054,8961
59,1658,3934167.271547563,8961
50,1932,3934167.272329253,8961
82,2035,3934167.273081212,8961
83,1956,3934167.273913263,8961
90,1216,3934167.274757954,8961
93,1885,3934167.275512182,8961
100,1566,3934167.276839766,8961
101,1212,3934167.277739718,8961
108,1554,3934167.278606960,8961
113,1410,3934167.279296717,8961
114,1090,3934167.279956234,8961
118,1447,3934167.280608340,8961
119,1275,3934167.281263086,8961
122,1449,3934167.281937333,8961
103,785,3934167.282665221,8961
86,879,3934167.283284107,8961
98,1823,3934167.283913193,8961
1,2025,3934167.997421403,9025
5,1550,3934167.998216723,9025
6,1641,3934167.998894120,9025
7,1996,3934167.999559386,9025
9,1029,3934168.000553281,9025
14,1761,3934168.001216198,9025
19,1056,3934168.001918075,9025
21,1596,3934168.002581512,9025
25,1152,3934168.003266069,9025
33,1842,3934168.003941296,9025
34,1460,3934168.004594882,9025
36,1802,3934168.006300105,9025
44,1361,3934168.007119215,9025
35,812,3934168.007712350,9025
41,438,3934168.008348926,9025
17,394,3934168.008986302,9025
45,1592,3934168.009665259,9025
48,1637,3934168.010318615,9025
49,1035,3934168.010984892,9025
53,1968,3934168.011665339,9025
54,1733,3934168.012323525,9025
58,1848,3934168.012974332,9025
63,1725,3934168.013640098,9025
65,1535,3934168.014318115,9025
67,1469,3934168.014930801,9025
69,1254,3934168.015596567,9025
73,1859,3934168.016281075,9025
77,1133,3934168.016957591,9025
80,1483,3934168.017674599,9025
64,89,3934168.018588412,9025
59,1658,3934168.019257879,9025
50,1932,3934168.019895935,9025
82,2035,3934168.020517730,9025
83,1956,3934168.021184977,9025
90,1216,3934168.022370917,9025
93,1885,3934168.023086055,9025
100,1566,3934168.023697510,9025
101,1212,3934168.024394477,9025
108,1554,3934168.025058624,9025
113,1410,3934168.025737871,9025
114,1090,3934168.026423988,9025
118,1447,3934168.027089265,9025
119,1275,3934168.027787652,9025
122,1449,3934168.028468079,9025
103,785,3934168.029178057,9025
86,879,3934168.029791632,9025
98,1823,3934168.030436038,9025
1,2025,3934168.752681407,9089
5,1550,3934168.753531718,9089
6,1641,3934168.754227446,9089
7,1996,3934168.754897992,9089
9,1029,3934168.755855947,9089
14,1761,3934168.756528793,9089
19,1056,3934168.757282822,9089
21,1596,3934168.757992210,9089
25,1152,3934168.758688227,9089
33,1842,3934168.759376724,9089
34,1460,3934168.760039701,9089
36,1802,3934168.761771794,9089
44,1361,3934168.762459132,9089
35,812,3934168.763059017,9089
41,438,3934168.763696043,9089
17,394,3934168.764342689,9089
45,1592,3934168.765037666,9089
48,1637,3934168.765691453,9089
49,1035,3934168.766367649,9089
53,1968,3934168.767057817,9089
54,1733,3934168.767711013,9089
58,1848,3934168.768368529,9089
63,1725,3934168.769043336,9089
65,1535,3934168.769723513,9089
67,1469,3934168.770345519,9089
69,1254,3934168.771012986,9089
73,1859,3934168.771678892,9089
77,1133,3934168.772368279,9089
80,1483,3934168.773428446,9089
64,89,3934168.774110063,9089
59,1658,3934168.774750239,9089
50,1932,3934168.775391215,9089
82,2035,3934168.776010860,9089
83,1956,3934168.777343714,9089
90,1216,3934168.778131224,9089
93,1885,3934168.778762289,9089
100,1566,3934168.779374504,9089
101,1212,3934168.780036441,9089
108,1554,3934168.780722528,9089
113,1410,3934168.781398425,9089
114,1090,3934168.782077372,9089
118,1447,3934168.782743669,9089
119,1275,3934168.783410956,9089
122,1449,3934168.784084352,9089
103,785,3934168.784826861,9089
86,879,3934168.785463527,9089
98,1823,3934168.786108193,9089
1,2025,3934169.509789808,9153
5,1550,3934169.510925886,9153
6,1641,3934169.511843399,9153
7,1996,3934169.512701711,9153
9,1029,3934169.513476720,9153
14,1761,3934169.514956477,9153
19,1056,3934169.516119536,9153
21,1596,3934169.517127771,9153
25,1152,3934169.517998343,9153
33,1842,3934169.518870425,9153
34,1460,3934169.519702286,9153
36,1802,3934169.520542517,9153
44,1361,3934169.521369777,9153
35,812,3934169.522117436,9153
41,438,3934169.522911326,9153
17,394,3934169.523728186,9153
45,1592,3934169.524584208,9153
48,1637,3934169.525684255,9153
49,1035,3934169.528253119,9153
53,1968,3934169.529361807,9153
54,1733,3934169.530325001,9153
58,1848,3934169.531161962,9153
63,1725,3934169.532013674,9153
65,1535,3934169.532910706,9153
67,1469,3934169.533691905,9153
69,1254,3934169.534526656,9153
73,1859,3934169.535369947,9153
77,1133,3934169.536221019,9153
80,1483,3934169.537076020,9153
64,89,3934169.537875290,9153
59,1658,3934169.538681460,9153
50,1932,3934169.539502961,9153
82,2035,3934169.540288910,9153
83,1956,3934169.541129902,9153
90,1216,3934169.541936002,9153
93,1885,3934169.542635469,9153
100,1566,3934169.543253415,9153
101,1212,3934169.543921621,9153
108,1554,3934169.544591518,9153
113,1410,3934169.545285105,9153
114,1090,3934169.545961852,9153
118,1447,3934169.546636029,9153
119,1275,3934169.547324226,9153
122,1449,3934169.548015474,9153
103,785,3934169.548820914,9153
86,879,3934169.549575682,9153
98,1823,3934169.550267110,9153
1,2025,3934170.269763790,9217
5,1550,3934170.270702224,9217
6,1641,3934170.271491923,9217
7,1996,3934170.272256072,9217
9,1029,3934170.273279238,9217
14,1761,3934170.273956115,9217
19,1056,3934170.274738934,9217
21,1596,3934170.275434712,9217
25,1152,3934170.276142980,9217
33,1842,3934170.276844787,9217
34,1460,3934170.277520534,9217
36,1802,3934170.278391266,9217
44,1361,3934170.280035757,9217
35,812,3934170.280718474,9217
41,438,3934170.281380571,9217
17,394,3934170.282051917,9217
45,1592,3934170.282763005,9217
48,1637,3934170.283438312,9217
49,1035,3934170.284138349,9217
50,1932,3934170.284854798,9217
53,1968,3934170.285552475,9217
54,1733,3934170.286475718,9217
58,1848,3934170.287182976,9217
63,1725,3934170.287875803,9217
65,1535,3934170.288582901,9217
67,1469,3934170.289216356,9217
69,1254,3934170.289888763,9217
73,1859,3934170.290575761,9217
77,1133,3934170.291272098,9217
80,1483,3934170.292480198,9217
64,89,3934170.293235487,9217
59,1658,3934170.293892284,9217
82,2035,3934170.294516679,9217
83,1956,3934170.295201096,9217
90,1216,3934170.295859483,9217
93,1885,3934170.297164955,9217
100,1566,3934170.297811782,9217
101,1212,3934170.298542600,9217
103,785,3934170.299285748,9217
108,1554,3934170.299958345,9217
113,1410,3934170.300659133,9217
114,1090,3934170.301364630,9217
118,1447,3934170.302045097,9217
119,1275,3934170.302720204,9217
122,1449,3934170.303422202,9217
86,879,3934170.304057298,9217
98,1823,3934170.304705574,9217
5,1550,3934170.312571151,9221
1,2025,3934171.027026845,9281
6,1641,3934171.027990899,9281
7,1996,3934171.028712567,9281
9,1029,3934171.029350473,9281
14,1761,3934171.030111522,9281
17,394,3934171.031137238,9281
19,1056,3934171.031903727,9281
21,1596,3934171.032788459,9281
25,1152,3934171.033510477,9281
33,1842,3934171.034222925,9281
34,1460,3934171.034902962,9281
36,1802,3934171.035591199,9281
44,1361,3934171.036406419,9281
45,1592,3934171.037115327,9281
35,812,3934171.038723997,9281
41,438,3934171.039449155,9281
48,1637,3934171.040181284,9281
49,1035,3934171.040886362,9281
50,1932,3934171.041566328,9281
53,1968,3934171.042279576,9281
54,1733,3934171.042960293,9281
58,1848,3934171.043650820,9281
63,1725,3934171.044358118,9281
65,1535,3934171.045072526,9281
67,1469,3934171.045705252,9281
69,1254,3934171.046396619,9281
73,1859,3934171.047096137,9281
77,1133,3934171.047794494,9281
80,1483,3934171.048476301,9281
82,2035,3934171.049113657,9281
64,89,3934171.049768373,9281
59,1658,3934171.050438660,9281
83,1956,3934171.051119277,9281
90,1216,3934171.052444890,9281
93,1885,3934171.053183449,9281
100,1566,3934171.053812494,9281
101,1212,3934171.054489822,9281
103,785,3934171.055210389,9281
108,1554,3934171.055876986,9281
113,1410,3934171.056572454,9281
114,1090,3934171.057535648,9281
118,1447,3934171.058409480,9281
119,1275,3934171.059110877,9281
122,1449,3934171.059812915,9281
86,879,3934171.060473891,9281
98,1823,3934171.061135658,9281
25,1152,3934171.081664821,9286
1,2025,3934171.780733141,9345
6,1641,3934171.781618013,9345
7,1996,3934171.782336401,9345
9,1029,3934171.782971157,9345
14,1761,3934171.783970852,9345
17,394,3934171.784680100,9345
19,1056,3934171.785405967,9345
21,1596,3934171.786106055,9345
33,1842,3934171.786820183,9345
34,1460,3934171.787509580,9345
36,1802,3934171.788205988,9345
44,1361,3934171.789875939,9345
45,1592,3934171.790872974,9345
48,1637,3934171.791732376,9345
35,812,3934171.792369512,9345
41,438,3934171.793034408,9345
49,1035,3934171.793728666,9345
50,1932,3934171.794412373,9345
53,1968,3934171.795132691,9345
54,1733,3934171.795818298,9345
58,1848,3934171.796509845,9345
63,1725,3934171.797211133,9345
65,1535,3934171.797914700,9345
67,1469,3934171.798561096,9345
69,1254,3934171.799246054,9345
73,1859,3934171.799935551,9345
77,1133,3934171.800642348,9345
80,1483,3934171.801384517,9345
82,2035,3934171.802301440,9345
83,1956,3934171.803033888,9345
64,89,3934171.803694145,9345
59,1658,3934171.804358181,9345
90,1216,3934171.805820688,9345
93,1885,3934171.806576847,9345
100,1566,3934171.807213943,9345
101,1212,3934171.807922690,9345
103,785,3934171.808649399,9345
108,1554,3934171.809347846,9345
113,1410,3934171.810046174,9345
114,1090,3934171.810735981,9345
118,1447,3934171.811420328,9345
119,1275,3934171.812124826,9345
122,1449,3934171.812817753,9345
86,879,3934171.813463089,9345
98,1823,3934171.814137916,9345
50,1932,3934172.230661931,9377
1,2025,3934172.336234271,9386
6,1641,3934172.609301869,9409
7,1996,3934172.610302044,9409
9,1029,3934172.611089163,9409
14,1761,3934172.611926184,9409
17,394,3934172.612866078,9409
19,1056,3934172.614155810,9409
21,1596,3934172.615259768,9409
33,1842,3934172.616170580,9409
34,1460,3934172.617014992,9409
36,1802,3934172.618208431,9409
44,1361,3934172.619152635,9409
45,1592,3934172.620466768,9409
48,1637,3934172.621523734,9409
49,1035,3934172.622416816,9409
35,812,3934172.623625057,9409
41,438,3934172.624448997,9409
53,1968,3934172.625306459,9409
54,1733,3934172.627720369,9409
58,1848,3934172.628598361,9409
63,1725,3934172.629618297,9409
65,1535,3934172.630784556,9409
67,1469,3934172.631640787,9409
69,1254,3934172.632516839,9409
73,1859,3934172.633389381,9409
77,1133,3934172.634281463,9409
80,1483,3934172.635130874,9409
82,2035,3934172.635937474,9409
83,1956,3934172.636815216,9409
90,1216,3934172.637653357,9409
64,89,3934172.638521799,9409
86,879,3934172.639331650,9409
59,1658,3934172.640161970,9409
93,1885,3934172.640941040,9409
98,1823,3934172.641912124,9409
100,1566,3934172.642845967,9409
101,1212,3934172.643696399,9409
103,785,3934172.644598011,9409
108,1554,3934172.645436282,9409
113,1410,3934172.646133349,9409
114,1090,3934172.646826947,9409
118,1447,3934172.647580326,9409
119,1275,3934172.648271743,9409
122,1449,3934172.649254718,9409
6,1641,3934173.358642236,9473
7,1996,3934173.359619400,9473
9,1029,3934173.360273456,9473
14,1761,3934173.360953894,9473
17,394,3934173.361713552,9473
19,1056,3934173.362773649,9473
21,1596,3934173.363605520,9473
33,1842,3934173.364361408,9473
34,1460,3934173.365059466,9473
36,1802,3934173.365753103,9473
44,1361,3934173.366442081,9473
45,1592,3934173.367351803,9473
48,1637,3934173.368053941,9473
49,1035,3934173.368763769,9473
35,812,3934173.369389154,9473
41,438,3934173.370062371,9473
53,1968,3934173.371703382,9473
54,1733,3934173.372564844,9473
58,1848,3934173.373267461,9473
63,1725,3934173.373974019,9473
65,1535,3934173.374775779,9473
67,1469,3934173.375465096,9473
69,1254,3934173.376190304,9473
73,1859,3934173.376898892,9473
77,1133,3934173.377618760,9473
80,1483,3934173.378312657,9473
82,2035,3934173.378953733,9473
83,1956,3934173.379661941,9473
90,1216,3934173.380343008,9473
64,89,3934173.381012465,9473
86,879,3934173.381666811,9473
59,1658,3934173.382330988,9473
93,1885,3934173.382956344,9473
98,1823,3934173.384262156,9473
100,1566,3934173.384904602,9473
101,1212,3934173.385608550,9473
103,785,3934173.386342268,9473
108,1554,3934173.387026485,9473
113,1410,3934173.387743353,9473
114,1090,3934173.388470802,9473
118,1447,3934173.389160649,9473
119,1275,3934173.389850806,9473
122,1449,3934173.390562734,9473
67,1469,3934173.692507444,9495
6,1641,3934174.187456170,9537
7,1996,3934174.188584558,9537
9,1029,3934174.189391198,9537
14,1761,3934174.190244720,9537
17,394,3934174.191112821,9537
19,1056,3934174.192836694,9537
21,1596,3934174.193914021,9537
33,1842,3934174.194842285,9537
34,1460,3934174.195738777,9537
36,1802,3934174.196655500,9537
44,1361,3934174.197521532,9537
45,1592,3934174.198499366,9537
48,1637,3934174.199379408,9537
49,1035,3934174.200264800,9537
35,812,3934174.201042769,9537
41,438,3934174.201869340,9537
53,1968,3934174.202741582,9537
54,1733,3934174.203822359,9537
58,1848,3934174.206186668,9537
63,1725,3934174.207155572,9537
65,1535,3934174.208138467,9537
69,1254,3934174.209198884,9537
73,1859,3934174.210093126,9537
77,1133,3934174.210982898,9537
80,1483,3934174.211882471,9537
82,2035,3934174.212702081,9537
83,1956,3934174.213598623,9537
90,1216,3934174.214444435,9537
93,1885,3934174.215248175,9537
64,89,3934174.216116626,9537
86,879,3934174.216929517,9537
59,1658,3934174.217775388,9537
98,1823,3934174.218624249,9537
100,1566,3934174.219414879,9537
101,1212,3934174.220274630,9537
103,785,3934174.221096841,9537
108,1554,3934174.221779448,9537
113,1410,3934174.222484356,9537
114,1090,3934174.223184923,9537
118,1447,3934174.223867540,9537
119,1275,3934174.224568818,9537
122,1449,3934174.225281156,9537
98,1823,3934174.651463272,9577
6,1641,3934174.935688039,9601
7,1996,3934174.936753426,9601
9,1029,3934174.937554506,9601
14,1761,3934174.938413187,9601
17,394,3934174.939754591,9601
19,1056,3934174.940768126,9601
21,1596,3934174.941832203,9601
33,1842,3934174.942743396,9601
34,1460,3934174.943608537,9601
36,1802,3934174.944531430,9601
44,1361,3934174.945391342,9601
45,1592,3934174.946278024,9601
48,1637,3934174.947335890,9601
49,1035,3934174.950108230,9601
35,812,3934174.950896419,9601
41,438,3934174.951730851,9601
53,1968,3934174.952639273,9601
54,1733,3934174.953684319,9601
58,1848,3934174.954566781,9601
63,1725,3934174.955461384,9601
65,1535,3934174.956365796,9601
69,1254,3934174.957241108,9601
73,1859,3934174.958131971,9601
77,1133,3934174.959037883,9601
80,1483,3934174.959914035,9601
82,2035,3934174.960728585,9601
83,1956,3934174.961613998,9601
90,1216,3934174.962464189,9601
93,1885,3934174.963272809,9601
64,89,3934174.964109180,9601
86,879,3934174.964935341,9601
59,1658,3934174.965780502,9601
100,1566,3934174.966586412,9601
101,1212,3934174.967446043,9601
103,785,3934174.968364516,9601
108,1554,3934174.969234268,9601
113,1410,3934174.969989857,9601
114,1090,3934174.970702695,9601
118,1447,3934174.971490845,9601
119,1275,3934174.972264034,9601
122,1449,3934174.973294250,9601
6,1641,3934175.689917919,9665
7,1996,3934175.690993686,9665
9,1029,3934175.691807706,9665
14,1761,3934175.692674728,9665
17,394,3934175.693624942,9665
19,1056,3934175.695096428,9665
21,1596,3934175.696216226,9665
33,1842,3934175.697155270,9665
34,1460,3934175.698025312,9665
36,1802,3934175.698888563,9665
44,1361,3934175.699766975,9665
45,1592,3934175.700656487,9665
48,1637,3934175.701760015,9665
49,1035,3934175.702667428,9665
35,812,3934175.703453477,9665
41,438,3934175.704288768,9665
53,1968,3934175.705166730,9665
54,1733,3934175.707528739,9665
58,1848,3934175.708442182,9665
63,1725,3934175.709407496,9665
65,1535,3934175.710397901,9665
69,1254,3934175.711387776,9665
73,1859,3934175.712287928,9665
77,1133,3934175.713202491,9665
80,1483,3934175.714088323,9665
82,2035,3934175.714904034,9665
83,1956,3934175.715803476,9665
90,1216,3934175.716669768,9665
93,1885,3934175.717483908,9665
64,89,3934175.718329029,9665
86,879,3934175.719166710,9665
59,1658,3934175.720017522,9665
100,1566,3934175.720798261,9665
101,1212,3934175.721682383,9665
103,785,3934175.722608116,9665
108,1554,3934175.723478328,9665
113,1410,3934175.724220387,9665
114,1090,3934175.724924624,9665
118,1447,3934175.725627552,9665
119,1275,3934175.726343730,9665
122,1449,3934175.727072818,9665
6,1641,3934176.500182740,9729
7,1996,3934176.501610675,9729
9,1029,3934176.502686932,9729
14,1761,3934176.503841901,9729
17,394,3934176.505145794,9729
19,1056,3934176.506883617,9729
21,1596,3934176.508346894,9729
33,1842,3934176.509557424,9729
34,1460,3934176.510687782,9729
36,1802,3934176.511844871,9729
44,1361,3934176.512981850,9729
45,1592,3934176.514390955,9729
48,1637,3934176.515548494,9729
49,1035,3934176.516725153,9729
35,812,3934176.519217446,9729
41,438,3934176.520350614,9729
53,1968,3934176.521685637,9729
54,1733,3934176.523046341,9729
58,1848,3934176.524214551,9729
59,1658,3934176.527273927,9729
63,1725,3934176.530674362,9729
65,1535,3934176.532068867,9729
69,1254,3934176.533355579,9729
73,1859,3934176.534634871,9729
77,1133,3934176.535953334,9729
80,1483,3934176.537208145,9729
82,2035,3934176.538363784,9729
83,1956,3934176.539648037,9729
90,1216,3934176.540918348,9729
93,1885,3934176.542129339,9729
64,89,3934176.543284107,9729
86,879,3934176.544373155,9729
100,1566,3934176.545147354,9729
101,1212,3934176.547053531,9729
103,785,3934176.547972915,9729
108,1554,3934176.548728544,9729
113,1410,3934176.549500953,9729
114,1090,3934176.550261422,9729
118,1447,3934176.551007970,9729
119,1275,3934176.551747599,9729
122,1449,3934176.552498868,9729
6,1641,3934177.527412616,9793
7,1996,3934177.530288568,9793
9,1029,3934177.531817756,9793
14,1761,3934177.533439967,9793
17,394,3934177.535041107,9793
19,1056,3934177.536881102,9793
21,1596,3934177.539748204,9793
33,1842,3934177.541814846,9793
34,1460,3934177.543744824,9793
36,1802,3934177.545351334,9793
44,1361,3934177.546921424,9793
45,1592,3934177.548552394,9793
48,1637,3934177.549991521,9793
49,1035,3934177.551478007,9793
35,812,3934177.552847072,9793
41,438,3934177.554513054,9793
53,1968,3934177.556155335,9793
54,1733,3934177.557723064,9793
58,1848,3934177.559297213,9793
59,1658,3934177.560908133,9793
63,1725,3934177.563463457,9793
65,1535,3934177.565468097,9793
69,1254,3934177.567155439,9793
73,1859,3934177.568453952,9793
77,1133,3934177.569649152,9793
80,1483,3934177.572188756,9793
82,2035,3934177.573281733,9793
83,1956,3934177.574450962,9793
90,1216,3934177.575581900,9793
93,1885,3934177.576656187,9793
64,89,3934177.577775825,9793
86,879,3934177.578857172,9793
100,1566,3934177.579895358,9793
101,1212,3934177.580879623,9793
103,785,3934177.581636432,9793
108,1554,3934177.582349470,9793
113,1410,3934177.583070328,9793
114,1090,3934177.583784315,9793
118,1447,3934177.584499263,9793
119,1275,3934177.585211791,9793
122,1449,3934177.585935759,9793
6,1641,3934178.402244552,9857
7,1996,3934178.403408850,9857
9,1029,3934178.404114258,9857
14,1761,3934178.404833696,9857
17,394,3934178.405562755,9857
19,1056,3934178.406844416,9857
21,1596,3934178.407761550,9857
33,1842,3934178.408544249,9857
34,1460,3934178.409275217,9857
36,1802,3934178.409991145,9857
44,1361,3934178.410763554,9857
45,1592,3934178.411503643,9857
48,1637,3934178.412222551,9857
49,1035,3934178.413031731,9857
35,812,3934178.413861452,9857
41,438,3934178.414559189,9857
53,1968,3934178.416720293,9857
54,1733,3934178.417575505,9857
58,1848,3934178.418323163,9857
59,1658,3934178.419041372,9857
63,1725,3934178.419809461,9857
65,1535,3934178.420580620,9857
69,1254,3934178.421362239,9857
73,1859,3934178.422098128,9857
77,1133,3934178.422845937,9857
80,1483,3934178.423577555,9857
82,2035,3934178.424253262,9857
83,1956,3934178.424980790,9857
90,1216,3934178.425695388,9857
93,1885,3934178.426371695,9857
64,89,3934178.427066162,9857
86,879,3934178.427729359,9857
100,1566,3934178.428373185,9857
101,1212,3934178.429087773,9857
103,785,3934178.429839731,9857
108,1554,3934178.430572900,9857
113,1410,3934178.431331239,9857
114,1090,3934178.432070377,9857
118,1447,3934178.432828336,9857
119,1275,3934178.433565875,9857
122,1449,3934178.434515488,9857
6,1641,3934179.400288918,9921
7,1996,3934179.401659763,9921
9,1029,3934179.402575566,9921
14,1761,3934179.403516929,9921
17,394,3934179.404463963,9921
19,1056,3934179.406291488,9921
21,1596,3934179.407439787,9921
33,1842,3934179.408426322,9921
34,1460,3934179.409343215,9921
36,1802,3934179.410297688,9921
44,1361,3934179.411205161,9921
45,1592,3934179.412191196,9921
48,1637,3934179.413099858,9921
49,1035,3934179.414077003,9921
35,812,3934179.414891963,9921
41,438,3934179.415808976,9921
53,1968,3934179.416731479,9921
54,1733,3934179.417948910,9921
58,1848,3934179.418871243,9921
59,1658,3934179.421174371,9921
63,1725,3934179.422242557,9921
65,1535,3934179.423518609,9921
69,1254,3934179.424624017,9921
73,1859,3934179.425593291,9921
77,1133,3934179.426624687,9921
80,1483,3934179.427561740,9921
82,2035,3934179.428439512,9921
83,1956,3934179.429380146,9921
90,1216,3934179.430315719,9921
93,1885,3934179.431190881,9921
64,89,3934179.432106684,9921
86,879,3934179.432941175,9921
100,1566,3934179.433758455,9921
101,1212,3934179.434488104,9921
103,785,3934179.435266133,9921
108,1554,3934179.436011491,9921
113,1410,3934179.436747010,9921
114,1090,3934179.437523379,9921
118,1447,3934179.438269418,9921
119,1275,3934179.438992176,9921
122,1449,3934179.439785376,9921
6,1641,3934180.166785895,9985
7,1996,3934180.168185310,9985
9,1029,3934180.169069432,9985
14,1761,3934180.169971895,9985
17,394,3934180.170893378,9985
19,1056,3934180.172701103,9985
21,1596,3934180.173818771,9985
33,1842,3934180.174796145,9985
34,1460,3934180.175711968,9985
36,1802,3934180.176630371,9985
44,1361,3934180.177536014,9985
45,1592,3934180.178477217,9985
48,1637,3934180.179391060,9985
49,1035,3934180.180332244,9985
35,812,3934180.181152515,9985
41,438,3934180.182034697,9985
53,1968,3934180.182938739,9985
54,1733,3934180.184100038,9985
58,1848,3934180.185030012,9985
59,1658,3934180.187311958,9985
63,1725,3934180.188324254,9985
65,1535,3934180.189576965,9985
69,1254,3934180.190649552,9985
73,1859,3934180.191574905,9985
77,1133,3934180.192511208,9985
80,1483,3934180.193423241,9985
82,2035,3934180.194265922,9985
83,1956,3934180.195185145,9985
90,1216,3934180.196097648,9985
93,1885,3934180.196939939,9985
64,89,3934180.197817051,9985
86,879,3934180.198667012,9985
100,1566,3934180.199477753,9985
101,1212,3934180.200237272,9985
103,785,3934180.201010171,9985
108,1554,3934180.201726299,9985
113,1410,3934180.202467677,9985
114,1090,3934180.203208256,9985
118,1447,3934180.203937884,9985
119,1275,3934180.204670712,9985
122,1449,3934180.205415551,9985
35,812,3934180.558822968,10018
6,1641,3934180.934013101,10049
7,1996,3934180.935184180,10049
9,1029,3934180.936053381,10049
14,1761,3934180.936967804,10049
17,394,3934180.937976100,10049
19,1056,3934180.939545589,10049
21,1596,3934180.940725638,10049
33,1842,3934180.941721113,10049
34,1460,3934180.942637866,10049
36,1802,3934180.943558759,10049
44,1361,3934180.944464392,10049
45,1592,3934180.945395915,10049
48,1637,3934180.946372359,10049
49,1035,3934180.947606720,10049
53,1968,3934180.948708348,10049
41,438,3934180.949595920,10049
54,1733,3934180.950481462,10049
58,1848,3934180.952895213,10049
59,1658,3934180.953808325,10049
63,1725,3934180.954746259,10049
65,1535,3934180.955813346,10049
69,1254,3934180.956813851,10049
73,1859,3934180.957746194,10049
77,1133,3934180.958721258,10049
80,1483,3934180.959640751,10049
82,2035,3934180.960479832,10049
83,1956,3934180.961401745,10049
90,1216,3934180.962296878,10049
93,1885,3934180.963146219,10049
100,1566,3934180.963994150,10049
64,89,3934180.964874362,10049
86,879,3934180.965725073,10049
101,1212,3934180.966597385,10049
103,785,3934180.967550349,10049
108,1554,3934180.968296358,10049
113,1410,3934180.969040366,10049
114,1090,3934180.969782515,10049
118,1447,3934180.970502943,10049
119,1275,3934180.971244952,10049
122,1449,3934180.971987790,10049
6,1641,3934181.701093612,10113
7,1996,3934181.702423825,10113
9,1029,3934181.703329588,10113
14,1761,3934181.704350484,10113
17,394,3934181.705318398,10113
19,1056,3934181.707167584,10113
21,1596,3934181.708432296,10113
33,1842,3934181.709899112,10113
34,1460,3934181.711310638,10113
36,1802,3934181.712692222,10113
44,1361,3934181.714094407,10113
45,1592,3934181.715092572,10113
48,1637,3934181.716014245,10113
49,1035,3934181.716947579,10113
53,1968,3934181.717887402,10113
41,438,3934181.718872967,10113
54,1733,3934181.719775519,10113
58,1848,3934181.720701073,10113
59,1658,3934181.721888132,10113
63,1725,3934181.722830406,10113
65,1535,3934181.725232726,10113
69,1254,3934181.726321813,10113
73,1859,3934181.727352489,10113
77,1133,3934181.728322123,10113
80,1483,3934181.729347319,10113
82,2035,3934181.730226101,10113
83,1956,3934181.731181495,10113
90,1216,3934181.732121518,10113
93,1885,3934181.732968799,10113
100,1566,3934181.733803780,10113
64,89,3934181.734690232,10113
86,879,3934181.735404600,10113
101,1212,3934181.736112148,10113
103,785,3934181.736874197,10113
108,1554,3934181.737597285,10113
113,1410,3934181.738347204,10113
114,1090,3934181.739097382,10113
118,1447,3934181.739814440,10113
119,1275,3934181.740547079,10113
122,1449,3934181.741326738,10113
6,1641,3934182.463554529,10177
7,1996,3934182.464541223,10177
9,1029,3934182.465252281,10177
14,1761,3934182.465990579,10177
17,394,3934182.466814930,10177
19,1056,3934182.468076602,10177
21,1596,3934182.468973994,10177
33,1842,3934182.469798345,10177
34,1460,3934182.470548973,10177
36,1802,3934182.471304192,10177
44,1361,3934182.472050031,10177
45,1592,3934182.472804240,10177
48,1637,3934182.473799475,10177
49,1035,3934182.474577174,10177
53,1968,3934182.475376134,10177
41,438,3934182.477141858,10177
54,1733,3934182.477879997,10177
58,1848,3934182.478636386,10177
59,1658,3934182.479372664,10177
63,1725,3934182.480141293,10177
65,1535,3934182.480984754,10177
69,1254,3934182.481820015,10177
73,1859,3934182.482591645,10177
77,1133,3934182.483364094,10177
80,1483,3934182.484114183,10177
82,2035,3934182.484801270,10177
83,1956,3934182.485565479,10177
86,879,3934182.486260906,10177
90,1216,3934182.486966294,10177
93,1885,3934182.487657801,10177
100,1566,3934182.488341268,10177
64,89,3934182.489117818,10177
101,1212,3934182.489847866,10177
103,785,3934182.490632896,10177
108,1554,3934182.491360744,10177
113,1410,3934182.492115303,10177
114,1090,3934182.493281612,10177
118,1447,3934182.494034201,10177
119,1275,3934182.494773459,10177
122,1449,3934182.495528468,10177
6,1641,3934183.221443441,10241
7,1996,3934183.222416055,10241
9,1029,3934183.223128653,10241
14,1761,3934183.223864321,10241
17,394,3934183.224688432,10241
19,1056,3934183.225783399,10241
21,1596,3934183.226719102,10241
33,1842,3934183.227544873,10241
34,1460,3934183.228308692,10241
36,1802,3934183.229068521,10241
44,1361,3934183.229806530,10241
45,1592,3934183.230717942,10241
48,1637,3934183.231468021,10241
49,1035,3934183.232237451,10241
53,1968,3934183.233979894,10241
41,438,3934183.234814965,10241
54,1733,3934183.235582514,10241
58,1848,3934183.236388304,10241
59,1658,3934183.237228025,10241
63,1725,3934183.237986244,10241
65,1535,3934183.238767644,10241
69,1254,3934183.239550293,10241
73,1859,3934183.240315253,10241
77,1133,3934183.241087912,10241
80,1483,3934183.241825810,10241
82,2035,3934183.242518177,10241
83,1956,3934183.243273456,10241
86,879,3934183.243968594,10241
90,1216,3934183.244687722,10241
93,1885,3934183.245378409,10241
100,1566,3934183.246058096,10241
64,89,3934183.247365949,10241
101,1212,3934183.248155538,10241
103,785,3934183.248935988,10241
108,1554,3934183.249675627,10241
113,1410,3934183.250449876,10241
114,1090,3934183.251236275,10241
118,1447,3934183.251997794,10241
119,1275,3934183.252754773,10241
122,1449,3934183.253515403,10241
6,1641,3934183.982009460,10305
7,1996,3934183.983155989,10305
9,1029,3934183.983951218,10305
14,1761,3934183.984748198,10305
17,394,3934183.985519968,10305
19,1056,3934183.986941203,10305
21,1596,3934183.987882636,10305
33,1842,3934183.988757138,10305
34,1460,3934183.989516757,10305
36,1802,3934183.990277807,10305
44,1361,3934183.991026005,10305
45,1592,3934183.991803365,10305
48,1637,3934183.992561864,10305
49,1035,3934183.993333253,10305
53,1968,3934183.994362038,10305
41,438,3934183.995102127,10305
54,1733,3934183.997164569,10305
58,1848,3934183.997938378,10305
59,1658,3934183.998685037,10305
63,1725,3934183.999496567,10305
65,1535,3934184.000391549,10305
69,1254,3934184.001222050,10305
73,1859,3934184.001979959,10305
77,1133,3934184.002753019,10305
80,1483,3934184.003504777,10305
82,2035,3934184.004204395,10305
83,1956,3934184.004952674,10305
86,879,3934184.005661371,10305
90,1216,3934184.006388739,10305
93,1885,3934184.007089907,10305
100,1566,3934184.007772444,10305
64,89,3934184.008492572,10305
101,1212,3934184.009226590,10305
103,785,3934184.010009310,10305
108,1554,3934184.010742098,10305
113,1410,3934184.011526198,10305
114,1090,3934184.012300887,10305
118,1447,3934184.013046486,10305
119,1275,3934184.013798675,10305
122,1449,3934184.014565154,10305
6,1641,3934184.748376434,10369
7,1996,3934184.749583314,10369
9,1029,3934184.750367664,10369
14,1761,3934184.751144213,10369
17,394,3934184.751902602,10369
19,1056,3934184.753427650,10369
21,1596,3934184.754342053,10369
33,1842,3934184.755160644,10369
34,1460,3934184.755908772,10369
36,1802,3934184.756674301,10369
44,1361,3934184.757431760,10369
45,1592,3934184.758209990,10369
48,1637,3934184.758950478,10369
49,1035,3934184.759718968,10369
53,1968,3934184.760493947,10369
41,438,3934184.761369839,10369
54,1733,3934184.763427541,10369
58,1848,3934184.764212110,10369
59,1658,3934184.764955159,10369
63,1725,3934184.765732308,10369
65,1535,3934184.766626461,10369
69,1254,3934184.767461981,10369
73,1859,3934184.768233390,10369
77,1133,3934184.769007350,10369
80,1483,3934184.769754949,10369
82,2035,3934184.770458376,10369
83,1956,3934184.771224765,10369
86,879,3934184.771928733,10369
90,1216,3934184.772653111,10369
93,1885,3934184.773357529,10369
100,1566,3934184.774048646,10369
64,89,3934184.774765774,10369
101,1212,3934184.775499432,10369
103,785,3934184.776288972,10369
108,1554,3934184.777034651,10369
113,1410,3934184.777792120,10369
114,1090,3934184.778557799,10369
118,1447,3934184.779301457,10369
119,1275,3934184.780056116,10369
122,1449,3934184.780818825,10369
6,1641,3934185.593028796,10433
7,1996,3934185.594551934,10433
9,1029,3934185.595724254,10433
14,1761,3934185.596962294,10433
17,394,3934185.598938554,10433
19,1056,3934185.600506103,10433
21,1596,3934185.601945109,10433
33,1842,3934185.603209271,10433
34,1460,3934185.604425291,10433
36,1802,3934185.605672582,10433
44,1361,3934185.606905983,10433
45,1592,3934185.608183965,10433
48,1637,3934185.611848057,10433
49,1035,3934185.613421536,10433
53,1968,3934185.615041177,10433
41,438,3934185.616394120,10433
54,1733,3934185.617613861,10433
58,1848,3934185.618843312,10433
59,1658,3934185.620071423,10433
63,1725,3934185.621398946,10433
65,1535,3934185.622677157,10433
69,1254,3934185.623917919,10433
73,1859,3934185.625175340,10433
77,1133,3934185.626464952,10433
80,1483,3934185.627698173,10433
82,2035,3934185.628860342,10433
83,1956,3934185.630135394,10433
86,879,3934185.631308344,10433
90,1216,3934185.632494003,10433
93,1885,3934185.633647752,10433
100,1566,3934185.634786860,10433
64,89,3934185.635988130,10433
101,1212,3934185.637137349,10433
103,785,3934185.637935389,10433
108,1554,3934185.638696978,10433
113,1410,3934185.639471248,10433
114,1090,3934185.640659037,10433
118,1447,3934185.641442657,10433
119,1275,3934185.642208786,10433
122,1449,3934185.642985296,10433
6,1641,3934186.358758945,10497
7,1996,3934186.359951834,10497
9,1029,3934186.360686653,10497
14,1761,3934186.361461972,10497
17,394,3934186.362322894,10497
19,1056,3934186.363557715,10497
21,1596,3934186.364480998,10497
33,1842,3934186.365295118,10497
34,1460,3934186.366069108,10497
36,1802,3934186.366831277,10497
44,1361,3934186.367595046,10497
45,1592,3934186.368377495,10497
48,1637,3934186.369412021,10497
49,1035,3934186.370279333,10497
53,1968,3934186.371125424,10497
41,438,3934186.371849722,10497
54,1733,3934186.373686498,10497
58,1848,3934186.374625121,10497
59,1658,3934186.375486293,10497
63,1725,3934186.376346625,10497
65,1535,3934186.377365590,10497
69,1254,3934186.378215381,10497
73,1859,3934186.379014791,10497
77,1133,3934186.379808401,10497
80,1483,3934186.380588961,10497
82,2035,3934186.381309129,10497
83,1956,3934186.382097639,10497
86,879,3934186.382816706,10497
90,1216,3934186.383555845,10497
93,1885,3934186.384267263,10497
100,1566,3934186.384956400,10497
64,89,3934186.385693338,10497
101,1212,3934186.386446547,10497
103,785,3934186.387250967,10497
108,1554,3934186.388012126,10497
113,1410,3934186.389235527,10497
114,1090,3934186.390204041,10497
118,1447,3934186.391024542,10497
119,1275,3934186.391788471,10497
122,1449,3934186.392588811,10497
6,1641,3934187.129158110,10561
7,1996,3934187.130410422,10561
9,1029,3934187.131241272,10561
14,1761,3934187.132045733,10561
17,394,3934187.132825712,10561
19,1056,3934187.134396821,10561
21,1596,3934187.135283874,10561
33,1842,3934187.136233207,10561
34,1460,3934187.137077148,10561
36,1802,3934187.137851258,10561
44,1361,3934187.138622057,10561
45,1592,3934187.139427847,10561
48,1637,3934187.140199466,10561
49,1035,3934187.141015597,10561
53,1968,3934187.141810007,10561
41,438,3934187.142762061,10561
54,1733,3934187.144968856,10561
58,1848,3934187.145757035,10561
59,1658,3934187.146521335,10561
63,1725,3934187.147300954,10561
65,1535,3934187.148219937,10561
69,1254,3934187.149078219,10561
73,1859,3934187.149862828,10561
77,1133,3934187.150656208,10561
80,1483,3934187.151426197,10561
82,2035,3934187.152142805,10561
83,1956,3934187.152913884,10561
86,879,3934187.153640062,10561
90,1216,3934187.154380871,10561
93,1885,3934187.155106349,10561
100,1566,3934187.155808877,10561
64,89,3934187.156546525,10561
101,1212,3934187.157302764,10561
103,785,3934187.158108854,10561
108,1554,3934187.158859543,10561
113,1410,3934187.159635312,10561
114,1090,3934187.160417682,10561
118,1447,3934187.161176311,10561
119,1275,3934187.161933270,10561
122,1449,3934187.162718509,10561
6,1641,3934187.972253184,10625
7,1996,3934187.973246799,10625
9,1029,3934187.973970557,10625
14,1761,3934187.974748996,10625
17,394,3934187.975594507,10625
19,1056,3934187.976805108,10625
21,1596,3934187.977781792,10625
33,1842,3934187.978799068,10625
34,1460,3934187.979649339,10625
36,1802,3934187.980431748,10625
44,1361,3934187.981216768,10625
45,1592,3934187.982196713,10625
48,1637,3934187.982970632,10625
49,1035,3934187.984053969,10625
53,1968,3934187.986063359,10625
41,438,3934187.986920591,10625
54,1733,3934187.987715631,10625
58,1848,3934187.988524101,10625
59,1658,3934187.989293490,10625
63,1725,3934187.990077179,10625
65,1535,3934187.990875579,10625
69,1254,3934187.991664989,10625
73,1859,3934187.992449619,10625
77,1133,3934187.993246419,10625
80,1483,3934187.994017618,10625
82,2035,3934187.994728596,10625
83,1956,3934187.995515766,10625
86,879,3934187.996249794,10625
90,1216,3934187.997010013,10625
93,1885,3934187.997725101,10625
100,1566,3934187.998431579,10625
64,89,3934187.999239499,10625
101,1212,3934188.000672995,10625
103,785,3934188.001608908,10625
108,1554,3934188.002406488,10625
113,1410,3934188.003205408,10625
114,1090,3934188.003995307,10625
118,1447,3934188.004770827,10625
119,1275,3934188.005545316,10625
122,1449,3934188.006342876,10625
86,879,3934188.007202018,10627
108,1554,3934188.697920321,10686
6,1641,3934188.736748772,10689
7,1996,3934188.737655245,10689
9,1029,3934188.738645409,10689
14,1761,3934188.740063185,10689
17,394,3934188.741700616,10689
19,1056,3934188.743088950,10689
21,1596,3934188.744489605,10689
33,1842,3934188.745906131,10689
34,1460,3934188.747182023,10689
36,1802,3934188.748617329,10689
44,1361,3934188.749884251,10689
45,1592,3934188.752720411,10689
48,1637,3934188.754384713,10689
49,1035,3934188.755891931,10689
53,1968,3934188.757359887,10689
41,438,3934188.758647450,10689
54,1733,3934188.759909201,10689
58,1848,3934188.761188013,10689
59,1658,3934188.762434944,10689
63,1725,3934188.763706096,10689
65,1535,3934188.765049290,10689
69,1254,3934188.766317031,10689
73,1859,3934188.767602843,10689
77,1133,3934188.768899126,10689
80,1483,3934188.770168158,10689
82,2035,3934188.771324987,10689
83,1956,3934188.773611794,10689
90,1216,3934188.775127582,10689
93,1885,3934188.776304651,10689
100,1566,3934188.777701396,10689
101,1212,3934188.778994698,10689
64,89,3934188.779753167,10689
103,785,3934188.780559678,10689
113,1410,3934188.781347137,10689
114,1090,3934188.782390823,10689
118,1447,3934188.783173173,10689
119,1275,3934188.783949902,10689
122,1449,3934188.784755683,10689
6,1641,3934189.504471641,10753
7,1996,3934189.505573998,10753
9,1029,3934189.506319467,10753
14,1761,3934189.507101047,10753
17,394,3934189.507881356,10753
19,1056,3934189.509224750,10753
21,1596,3934189.510182144,10753
33,1842,3934189.511098087,10753
34,1460,3934189.511937108,10753
36,1802,3934189.512718487,10753
44,1361,3934189.513488986,10753
45,1592,3934189.514300957,10753
48,1637,3934189.515087296,10753
49,1035,3934189.515874836,10753
53,1968,3934189.516865181,10753
41,438,3934189.518881371,10753
54,1733,3934189.519730212,10753
58,1848,3934189.520536463,10753
59,1658,3934189.521311872,10753
63,1725,3934189.522125282,10753
65,1535,3934189.522955703,10753
69,1254,3934189.523744883,10753
73,1859,3934189.524541093,10753
77,1133,3934189.525349933,10753
80,1483,3934189.526136003,10753
82,2035,3934189.526857611,10753
83,1956,3934189.527650521,10753
90,1216,3934189.528419720,10753
93,1885,3934189.529150528,10753
100,1566,3934189.529858786,10753
101,1212,3934189.530641135,10753
64,89,3934189.531392054,10753
103,785,3934189.532195764,10753
113,1410,3934189.532971103,10753
114,1090,3934189.533771583,10753
118,1447,3934189.534543993,10753
119,1275,3934189.535326922,10753
122,1449,3934189.536129802,10753
6,1641,3934190.321486613,10817
7,1996,3934190.322493608,10817
9,1029,3934190.323260387,10817
14,1761,3934190.324049127,10817
17,394,3934190.324902178,10817
19,1056,3934190.326157339,10817
21,1596,3934190.327124103,10817
33,1842,3934190.328150539,10817
34,1460,3934190.328985200,10817
36,1802,3934190.329774140,10817
44,1361,3934190.330552919,10817
45,1592,3934190.331526133,10817
48,1637,3934190.332317664,10817
49,1035,3934190.333119784,10817
53,1968,3934190.335043752,10817
41,438,3934190.335902203,10817
54,1733,3934190.336726354,10817
58,1848,3934190.337510383,10817
59,1658,3934190.338281562,10817
63,1725,3934190.339094343,10817
65,1535,3934190.339901163,10817
69,1254,3934190.340691053,10817
73,1859,3934190.341484073,10817
77,1133,3934190.342288213,10817
80,1483,3934190.343069772,10817
82,2035,3934190.343790630,10817
83,1956,3934190.344585250,10817
90,1216,3934190.345351519,10817
93,1885,3934190.346086598,10817
100,1566,3934190.346811226,10817
101,1212,3934190.347590315,10817
64,89,3934190.348393175,10817
103,785,3934190.349455742,10817
113,1410,3934190.350248932,10817
114,1090,3934190.351049992,10817
118,1447,3934190.351821791,10817
119,1275,3934190.352604161,10817
122,1449,3934190.353412121,10817
6,1641,3934191.289495700,10881
7,1996,3934191.290539596,10881
9,1029,3934191.291282334,10881
14,1761,3934191.292064304,10881
17,394,3934191.292919566,10881
19,1056,3934191.294036243,10881
21,1596,3934191.295029698,10881
33,1842,3934191.296076844,10881
34,1460,3934191.296929266,10881
36,1802,3934191.297731666,10881
44,1361,3934191.298517825,10881
45,1592,3934191.299577572,10881
48,1637,3934191.300380862,10881
49,1035,3934191.301199442,10881
53,1968,3934191.303126810,10881
41,438,3934191.304018063,10881
54,1733,3934191.304833393,10881
58,1848,3934191.305625843,10881
59,1658,3934191.306410433,10881
63,1725,3934191.307240644,10881
64,89,3934191.307997352,10881
65,1535,3934191.308827453,10881
69,1254,3934191.309636024,10881
73,1859,3934191.310440893,10881
77,1133,3934191.311250804,10881
80,1483,3934191.312043794,10881
82,2035,3934191.312775082,10881
83,1956,3934191.313580652,10881
90,1216,3934191.314358171,10881
93,1885,3934191.315098510,10881
100,1566,3934191.315821288,10881
101,1212,3934191.316611778,10881
103,785,3934191.317873310,10881
113,1410,3934191.318719991,10881
114,1090,3934191.319709655,10881
118,1447,3934191.320615598,10881
119,1275,3934191.321411848,10881
122,1449,3934191.322247969,10881
6,1641,3934192.218497652,10945
7,1996,3934192.219511818,10945
9,1029,3934192.220275757,10945
14,1761,3934192.221108167,10945
17,394,3934192.222032701,10945
19,1056,3934192.223211650,10945
21,1596,3934192.224213975,10945
33,1842,3934192.225293152,10945
34,1460,3934192.226157174,10945
36,1802,3934192.227025606,10945
44,1361,3934192.227820815,10945
45,1592,3934192.228886272,10945
48,1637,3934192.229727633,10945
49,1035,3934192.230545424,10945
53,1968,3934192.232474122,10945
41,438,3934192.233362334,10945
54,1733,3934192.234194905,10945
58,1848,3934192.234982215,10945
59,1658,3934192.235766504,10945
63,1725,3934192.236596405,10945
64,89,3934192.237363264,10945
65,1535,3934192.238182034,10945
69,1254,3934192.238981305,10945
73,1859,3934192.239798585,10945
77,1133,3934192.240617275,10945
80,1483,3934192.241412735,10945
82,2035,3934192.242149384,10945
83,1956,3934192.242999505,10945
90,1216,3934192.243778734,10945
93,1885,3934192.244518883,10945
100,1566,3934192.245247091,10945
101,1212,3934192.246034871,10945
103,785,3934192.247302983,10945
113,1410,3934192.248143544,10945
114,1090,3934192.249125628,10945
118,1447,3934192.250033741,10945
119,1275,3934192.250826281,10945
122,1449,3934192.251653822,10945
6,1641,3934193.252074561,11009
7,1996,3934193.253635080,11009
9,1029,3934193.254846400,11009
14,1761,3934193.256178193,11009
17,394,3934193.258101631,11009
19,1056,3934193.259812904,11009
21,1596,3934193.261359742,11009
33,1842,3934193.262796939,11009
34,1460,3934193.264092121,11009
36,1802,3934193.265389034,11009
44,1361,3934193.266671926,11009
45,1592,3934193.268036040,11009
48,1637,3934193.271820394,11009
49,1035,3934193.273477716,11009
53,1968,3934193.275179468,11009
41,438,3934193.276502881,11009
54,1733,3934193.277816854,11009
58,1848,3934193.279124787,11009
59,1658,3934193.280400499,11009
63,1725,3934193.281726702,11009
64,89,3934193.282968333,11009
65,1535,3934193.284321377,11009
69,1254,3934193.285614519,11009
73,1859,3934193.286922302,11009
77,1133,3934193.288265786,11009
80,1483,3934193.289565558,11009
82,2035,3934193.290767388,11009
83,1956,3934193.292092711,11009
90,1216,3934193.293350003,11009
93,1885,3934193.294547443,11009
100,1566,3934193.295728192,11009
101,1212,3934193.296689896,11009
103,785,3934193.297526297,11009
113,1410,3934193.298341498,11009
114,1090,3934193.299163268,11009
118,1447,3934193.300015959,11009
119,1275,3934193.301079376,11009
122,1449,3934193.301928127,11009
6,1641,3934194.025107322,11073
7,1996,3934194.026771514,11073
9,1029,3934194.028025466,11073
14,1761,3934194.029344439,11073
17,394,3934194.030757194,11073
19,1056,3934194.032875827,11073
21,1596,3934194.034454736,11073
33,1842,3934194.035911193,11073
34,1460,3934194.037336178,11073
36,1802,3934194.038654421,11073
44,1361,3934194.039961044,11073
45,1592,3934194.041315278,11073
48,1637,3934194.042915088,11073
49,1035,3934194.044288202,11073
53,1968,3934194.045627586,11073
41,438,3934194.046870267,11073
54,1733,3934194.050014936,11073
58,1848,3934194.051660577,11073
59,1658,3934194.053221916,11073
63,1725,3934194.054824826,11073
64,89,3934194.056210160,11073
65,1535,3934194.057741259,11073
69,1254,3934194.059138244,11073
73,1859,3934194.060522258,11073
77,1133,3934194.061861012,11073
80,1483,3934194.063225056,11073
82,2035,3934194.064447797,11073
83,1956,3934194.065759619,11073
90,1216,3934194.067042181,11073
93,1885,3934194.068256122,11073
100,1566,3934194.069354959,11073
101,1212,3934194.070154869,11073
103,785,3934194.070992230,11073
113,1410,3934194.071806890,11073
114,1090,3934194.072623831,11073
118,1447,3934194.073426221,11073
119,1275,3934194.074473127,11073
122,1449,3934194.075319368,11073
6,1641,3934194.801561381,11137
7,1996,3934194.802927225,11137
9,1029,3934194.803710634,11137
14,1761,3934194.804523335,11137
17,394,3934194.805409217,11137
19,1056,3934194.806758390,11137
21,1596,3934194.807750875,11137
33,1842,3934194.808670628,11137
34,1460,3934194.809546640,11137
36,1802,3934194.810370891,11137
44,1361,3934194.811182001,11137
45,1592,3934194.812038053,11137
48,1637,3934194.813011697,11137
49,1035,3934194.813842098,11137
53,1968,3934194.814681149,11137
41,438,3934194.816425352,11137
54,1733,3934194.817259463,11137
58,1848,3934194.818091044,11137
59,1658,3934194.818886614,11137
63,1725,3934194.819766816,11137
64,89,3934194.820599097,11137
65,1535,3934194.821579321,11137
69,1254,3934194.822525825,11137
73,1859,3934194.823356056,11137
77,1133,3934194.824184366,11137
80,1483,3934194.824984846,11137
82,2035,3934194.825740525,11137
83,1956,3934194.826556026,11137
90,1216,3934194.827349665,11137
93,1885,3934194.828113564,11137
100,1566,3934194.828850153,11137
101,1212,3934194.829653863,11137
103,785,3934194.830498844,11137
113,1410,3934194.831317015,11137
114,1090,3934194.832544055,11137
118,1447,3934194.833351046,11137
119,1275,3934194.834158276,11137
122,1449,3934194.834979966,11137
6,1641,3934195.574908961,11201
7,1996,3934195.575928797,11201
9,1029,3934195.576696156,11201
14,1761,3934195.577548797,11201
17,394,3934195.578740807,11201
19,1056,3934195.579877175,11201
21,1596,3934195.580889550,11201
33,1842,3934195.581978038,11201
34,1460,3934195.582873010,11201
36,1802,3934195.583702731,11201
44,1361,3934195.584513701,11201
45,1592,3934195.585464495,11201
48,1637,3934195.587619899,11201
49,1035,3934195.588721066,11201
53,1968,3934195.589789643,11201
41,438,3934195.590619064,11201
54,1733,3934195.591436634,11201
58,1848,3934195.592258595,11201
59,1658,3934195.593077285,11201
63,1725,3934195.593900856,11201
64,89,3934195.594679735,11201
65,1535,3934195.595508996,11201
69,1254,3934195.596377368,11201
73,1859,3934195.597208299,11201
77,1133,3934195.598034119,11201
80,1483,3934195.598842799,11201
82,2035,3934195.599598649,11201
83,1956,3934195.600409259,11201
90,1216,3934195.601203258,11201
93,1885,3934195.601950057,11201
100,1566,3934195.602699556,11201
101,1212,3934195.603506646,11201
103,785,3934195.604351577,11201
113,1410,3934195.605612049,11201
114,1090,3934195.606571823,11201
118,1447,3934195.607383343,11201
119,1275,3934195.608204414,11201
122,1449,3934195.609047135,11201
6,1641,3934196.350731263,11265
7,1996,3934196.351732399,11265
9,1029,3934196.352518378,11265
14,1761,3934196.353334979,11265
17,394,3934196.354464997,11265
19,1056,3934196.355587765,11265
21,1596,3934196.356584360,11265
33,1842,3934196.357678437,11265
34,1460,3934196.358569370,11265
36,1802,3934196.359400440,11265
44,1361,3934196.360214011,11265
45,1592,3934196.361170124,11265
48,1637,3934196.363288897,11265
49,1035,3934196.364354134,11265
53,1968,3934196.365408681,11265
41,438,3934196.366237081,11265
54,1733,3934196.367065612,11265
58,1848,3934196.367916653,11265
59,1658,3934196.368731364,11265
63,1725,3934196.369562204,11265
64,89,3934196.370343234,11265
65,1535,3934196.371184735,11265
69,1254,3934196.371994315,11265
73,1859,3934196.372824636,11265
77,1133,3934196.373658617,11265
80,1483,3934196.374478007,11265
82,2035,3934196.375238186,11265
83,1956,3934196.376062897,11265
90,1216,3934196.376853117,11265
93,1885,3934196.377624936,11265
100,1566,3934196.378405686,11265
101,1212,3934196.379219126,11265
103,785,3934196.380071137,11265
113,1410,3934196.381323739,11265
114,1090,3934196.382295323,11265
118,1447,3934196.383109753,11265
119,1275,3934196.383918164,11265
122,1449,3934196.384760134,11265
6,1641,3934197.127524930,11329
7,1996,3934197.129119110,11329
9,1029,3934197.130354371,11329
14,1761,3934197.131652524,11329
17,394,3934197.133121540,11329
19,1056,3934197.134992277,11329
21,1596,3934197.136687039,11329
33,1842,3934197.138416923,11329
34,1460,3934197.139944891,11329
36,1802,3934197.141293455,11329
44,1361,3934197.142623288,11329
45,1592,3934197.143996382,11329
48,1637,3934197.145625073,11329
49,1035,3934197.146998387,11329
53,1968,3934197.148368751,11329
41,438,3934197.149627573,11329
54,1733,3934197.152936576,11329
58,1848,3934197.154554936,11329
59,1658,3934197.156049614,11329
63,1725,3934197.157522060,11329
64,89,3934197.158873484,11329
65,1535,3934197.160464344,11329
69,1254,3934197.161848269,11329
73,1859,3934197.163234023,11329
77,1133,3934197.164597487,11329
80,1483,3934197.165917690,11329
82,2035,3934197.167158332,11329
83,1956,3934197.168486455,11329
90,1216,3934197.169782377,11329
93,1885,3934197.171012698,11329
100,1566,3934197.171869459,11329
101,1212,3934197.172681860,11329
103,785,3934197.173563322,11329
113,1410,3934197.174395313,11329
114,1090,3934197.175234083,11329
118,1447,3934197.176047154,11329
119,1275,3934197.176860594,11329
122,1449,3934197.177758866,11329
6,1641,3934197.904942893,11393
7,1996,3934197.905994289,11393
9,1029,3934197.906776109,11393
14,1761,3934197.907607379,11393
17,394,3934197.908522502,11393
19,1056,3934197.909747893,11393
21,1596,3934197.910773749,11393
33,1842,3934197.911819635,11393
34,1460,3934197.912774589,11393
36,1802,3934197.913609840,11393
44,1361,3934197.914428710,11393
45,1592,3934197.915509317,11393
48,1637,3934197.916415560,11393
49,1035,3934197.917267621,11393
53,1968,3934197.919354833,11393
41,438,3934197.920264466,11393
54,1733,3934197.921114287,11393
58,1848,3934197.921934908,11393
59,1658,3934197.922748158,11393
63,1725,3934197.923615370,11393
64,89,3934197.924408080,11393
65,1535,3934197.925254231,11393
69,1254,3934197.926092262,11393
73,1859,3934197.926922922,11393
77,1133,3934197.927781034,11393
80,1483,3934197.928611525,11393
82,2035,3934197.929379404,11393
83,1956,3934197.930313097,11393
90,1216,3934197.931147718,11393
93,1885,3934197.931916117,11393
100,1566,3934197.932677066,11393
101,1212,3934197.933501527,11393
103,785,3934197.934830330,11393
113,1410,3934197.935872666,11393
114,1090,3934197.936894602,11393
118,1447,3934197.937839226,11393
119,1275,3934197.938676007,11393
122,1449,3934197.939525688,11393
6,1641,3934198.683785051,11457
7,1996,3934198.684831347,11457
9,1029,3934198.685614787,11457
14,1761,3934198.686442297,11457
17,394,3934198.687347650,11457
19,1056,3934198.688501979,11457
21,1596,3934198.689526525,11457
33,1842,3934198.690571941,11457
34,1460,3934198.691519704,11457
36,1802,3934198.692367976,11457
44,1361,3934198.693208877,11457
45,1592,3934198.694299474,11457
48,1637,3934198.695209497,11457
49,1035,3934198.696059928,11457
53,1968,3934198.698103199,11457
41,438,3934198.699011192,11457
54,1733,3934198.699848753,11457
58,1848,3934198.700677253,11457
59,1658,3934198.701492574,11457
63,1725,3934198.702351706,11457
64,89,3934198.703159435,11457
65,1535,3934198.704008217,11457
69,1254,3934198.704842498,11457
73,1859,3934198.705680529,11457
77,1133,3934198.706527710,11457
80,1483,3934198.707354320,11457
82,2035,3934198.708122870,11457
83,1956,3934198.708954711,11457
90,1216,3934198.709765321,11457
93,1885,3934198.710581881,11457
100,1566,3934198.711354940,11457
101,1212,3934198.712181651,11457
103,785,3934198.713546565,11457
113,1410,3934198.714593372,11457
114,1090,3934198.715616467,11457
118,1447,3934198.716553810,11457
119,1275,3934198.717390211,11457
122,1449,3934198.718240913,11457
36,1802,3934198.968718587,11481
6,1641,3934199.461180463,11521
7,1996,3934199.462755323,11521
9,1029,3934199.464019484,11521
14,1761,3934199.465349778,11521
17,394,3934199.467320257,11521
19,1056,3934199.469194594,11521
21,1596,3934199.470800954,11521
33,1842,3934199.472437375,11521
34,1460,3934199.473784628,11521
44,1361,3934199.475170903,11521
45,1592,3934199.476575818,11521
48,1637,3934199.477959823,11521
49,1035,3934199.481752028,11521
53,1968,3934199.483497902,11521
54,1733,3934199.485073461,11521
41,438,3934199.486380874,11521
58,1848,3934199.487724117,11521
59,1658,3934199.489077071,11521
63,1725,3934199.490452135,11521
64,89,3934199.491748728,11521
65,1535,3934199.493859461,11521
69,1254,3934199.495612054,11521
73,1859,3934199.497041040,11521
77,1133,3934199.498466036,11521
80,1483,3934199.499835300,11521
82,2035,3934199.501113792,11521
83,1956,3934199.502485216,11521
90,1216,3934199.503803279,11521
93,1885,3934199.505075521,11521
100,1566,3934199.505951523,11521
101,1212,3934199.506791384,11521
103,785,3934199.507727937,11521
113,1410,3934199.508584579,11521
114,1090,3934199.509437280,11521
118,1447,3934199.510265071,11521
119,1275,3934199.511104492,11521
122,1449,3934199.511955213,11521
6,1641,3934200.239192411,11585
7,1996,3934200.240238627,11585
9,1029,3934200.241030637,11585
14,1761,3934200.241855417,11585
17,394,3934200.243146430,11585
19,1056,3934200.244310349,11585
21,1596,3934200.245355045,11585
33,1842,3934200.246506694,11585
34,1460,3934200.247370695,11585
44,1361,3934200.248210287,11585
45,1592,3934200.249079598,11585
48,1637,3934200.250020902,11585
49,1035,3934200.252255958,11585
53,1968,3934200.253382456,11585
54,1733,3934200.254364441,11585
41,438,3934200.255179391,11585
58,1848,3934200.255998721,11585
59,1658,3934200.256833432,11585
63,1725,3934200.257692254,11585
64,89,3934200.258498244,11585
65,1535,3934200.259356145,11585
69,1254,3934200.260402892,11585
73,1859,3934200.261276113,11585
77,1133,3934200.262141735,11585
80,1483,3934200.262971436,11585
82,2035,3934200.263750235,11585
83,1956,3934200.264601906,11585
90,1216,3934200.265422447,11585
93,1885,3934200.266205886,11585
100,1566,3934200.266967236,11585
101,1212,3934200.267805557,11585
103,785,3934200.268686709,11585
113,1410,3934200.269532300,11585
114,1090,3934200.270795592,11585
118,1447,3934200.271635012,11585
119,1275,3934200.272477354,11585
122,1449,3934200.273345355,11585
6,1641,3934201.018119622,11649
7,1996,3934201.019229779,11649
9,1029,3934201.020027219,11649
14,1761,3934201.020859650,11649
17,394,3934201.021785474,11649
19,1056,3934201.023017454,11649
21,1596,3934201.024124892,11649
33,1842,3934201.025282141,11649
34,1460,3934201.026146303,11649
44,1361,3934201.026976253,11649
45,1592,3934201.027875146,11649
48,1637,3934201.028901821,11649
49,1035,3934201.029775293,11649
53,1968,3934201.030647985,11649
54,1733,3934201.032654705,11649
41,438,3934201.033584798,11649
58,1848,3934201.034505492,11649
59,1658,3934201.035452535,11649
63,1725,3934201.036348778,11649
64,89,3934201.037164878,11649
65,1535,3934201.038065071,11649
69,1254,3934201.038918542,11649
73,1859,3934201.039777844,11649
77,1133,3934201.040644935,11649
80,1483,3934201.041501607,11649
82,2035,3934201.042325117,11649
83,1956,3934201.043193419,11649
90,1216,3934201.044027120,11649
93,1885,3934201.044807369,11649
100,1566,3934201.045581089,11649
101,1212,3934201.046417310,11649
103,785,3934201.047298032,11649
113,1410,3934201.048168713,11649
114,1090,3934201.049437015,11649
118,1447,3934201.050276806,11649
119,1275,3934201.051119037,11649
122,1449,3934201.051975629,11649
6,1641,3934201.800974031,11713
7,1996,3934201.802049158,11713
9,1029,3934201.802853808,11713
14,1761,3934201.803709079,11713
17,394,3934201.804676743,11713
19,1056,3934201.805886564,11713
21,1596,3934201.806995701,11713
33,1842,3934201.808156430,11713
34,1460,3934201.809034443,11713
44,1361,3934201.809867893,11713
45,1592,3934201.810773996,11713
48,1637,3934201.811861293,11713
49,1035,3934201.812765236,11713
53,1968,3934201.813645078,11713
54,1733,3934201.815647428,11713
41,438,3934201.816608872,11713
58,1848,3934201.817541085,11713
59,1658,3934201.818491689,11713
63,1725,3934201.819383451,11713
64,89,3934201.820199422,11713
65,1535,3934201.821082544,11713
69,1254,3934201.821926155,11713
73,1859,3934201.822795867,11713
77,1133,3934201.823665098,11713
80,1483,3934201.824505859,11713
82,2035,3934201.825294499,11713
83,1956,3934201.826150971,11713
90,1216,3934201.826970121,11713
93,1885,3934201.827759741,11713
100,1566,3934201.828532690,11713
101,1212,3934201.829372021,11713
103,785,3934201.830255943,11713
113,1410,3934201.831106344,11713
114,1090,3934201.832361656,11713
118,1447,3934201.833223987,11713
119,1275,3934201.834073009,11713
122,1449,3934201.834947340,11713
6,1641,3934202.585667296,11777
7,1996,3934202.586781034,11777
9,1029,3934202.587578904,11777
14,1761,3934202.588424865,11777
17,394,3934202.589277526,11777
19,1056,3934202.590811435,11777
21,1596,3934202.591718427,11777
33,1842,3934202.592731083,11777
34,1460,3934202.593596764,11777
44,1361,3934202.594445026,11777
45,1592,3934202.595341118,11777
48,1637,3934202.596195539,11777
49,1035,3934202.597067841,11777
53,1968,3934202.598058156,11777
54,1733,3934202.599112542,11777
41,438,3934202.599923392,11777
58,1848,3934202.602085906,11777
59,1658,3934202.603068521,11777
63,1725,3934202.604022345,11777
64,89,3934202.604935048,11777
65,1535,3934202.605944253,11777
69,1254,3934202.606817715,11777
73,1859,3934202.607687837,11777
77,1133,3934202.608561459,11777
80,1483,3934202.609413400,11777
82,2035,3934202.610208150,11777
83,1956,3934202.611076422,11777
90,1216,3934202.611900282,11777
93,1885,3934202.612701972,11777
100,1566,3934202.613485242,11777
101,1212,3934202.614334343,11777
103,785,3934202.615226135,11777
113,1410,3934202.616083417,11777
114,1090,3934202.616942878,11777
118,1447,3934202.617792430,11777
119,1275,3934202.618651131,11777
122,1449,3934202.619521373,11777
6,1641,3934203.371951111,11841
7,1996,3934203.373062839,11841
9,1029,3934203.373869279,11841
14,1761,3934203.374717790,11841
17,394,3934203.375650253,11841
19,1056,3934203.376949506,11841
21,1596,3934203.377982882,11841
33,1842,3934203.378974107,11841
34,1460,3934203.379849409,11841
44,1361,3934203.380693700,11841
45,1592,3934203.381578482,11841
48,1637,3934203.382637428,11841
49,1035,3934203.383527241,11841
53,1968,3934203.384439423,11841
54,1733,3934203.386355841,11841
41,438,3934203.387329826,11841
58,1848,3934203.388306940,11841
59,1658,3934203.389303935,11841
63,1725,3934203.390209118,11841
64,89,3934203.391033598,11841
65,1535,3934203.391916130,11841
69,1254,3934203.392779702,11841
73,1859,3934203.393647464,11841
77,1133,3934203.394521265,11841
80,1483,3934203.395377217,11841
82,2035,3934203.396173367,11841
83,1956,3934203.397040139,11841
90,1216,3934203.397867299,11841
93,1885,3934203.398657129,11841
100,1566,3934203.399438479,11841
101,1212,3934203.400279289,11841
103,785,3934203.401173592,11841
113,1410,3934203.402458524,11841
114,1090,3934203.403468479,11841
118,1447,3934203.404371152,11841
119,1275,3934203.405232853,11841
122,1449,3934203.406125486,11841
65,1535,3934203.649062942,11864
33,1842,3934203.673558424,11866
119,1275,3934203.771190756,11874
6,1641,3934204.152192745,11905
7,1996,3934204.154370200,11905
9,1029,3934204.156099803,11905
14,1761,3934204.157921448,11905
17,394,3934204.159915068,11905
19,1056,3934204.163348364,11905
21,1596,3934204.165302653,11905
34,1460,3934204.167154089,11905
41,438,3934204.168943964,11905
44,1361,3934204.170728419,11905
45,1592,3934204.172848682,11905
48,1637,3934204.174724469,11905
49,1035,3934204.176647707,11905
53,1968,3934204.178567605,11905
54,1733,3934204.180558064,11905
58,1848,3934204.182988295,11905
59,1658,3934204.185096778,11905
63,1725,3934204.187046657,11905
64,89,3934204.188825941,11905
69,1254,3934204.190397710,11905
73,1859,3934204.193064037,11905
77,1133,3934204.194889763,11905
80,1483,3934204.196326079,11905
82,2035,3934204.197614831,11905
83,1956,3934204.199033486,11905
90,1216,3934204.200390791,11905
93,1885,3934204.201670303,11905
100,1566,3934204.202792500,11905
101,1212,3934204.203643682,11905
103,785,3934204.204550215,11905
113,1410,3934204.205415736,11905
114,1090,3934204.206290858,11905
118,1447,3934204.207140169,11905
122,1449,3934204.208014901,11905
9,1029,3934204.218858793,11911
6,1641,3934204.926369248,11969
7,1996,3934204.928091551,11969
14,1761,3934204.929484726,11969
17,394,3934204.930875070,11969
19,1056,3934204.932429669,11969
21,1596,3934204.934696146,11969
34,1460,3934204.936193793,11969
41,438,3934204.937548837,11969
44,1361,3934204.938984353,11969
45,1592,3934204.940451190,11969
48,1637,3934204.941842884,11969
49,1035,3934204.943280131,11969
53,1968,3934204.944713196,11969
54,1733,3934204.946564693,11969
58,1848,3934204.947984718,11969
59,1658,3934204.949365813,11969
63,1725,3934204.950764498,11969
64,89,3934204.953549997,11969
69,1254,3934204.954965353,11969
73,1859,3934204.956531482,11969
77,1133,3934204.958326297,11969
80,1483,3934204.959730022,11969
82,2035,3934204.961033004,11969
83,1956,3934204.962444170,11969
90,1216,3934204.963798574,11969
93,1885,3934204.965113297,11969
100,1566,3934204.966401869,11969
101,1212,3934204.967778233,11969
103,785,3934204.969247330,11969
113,1410,3934204.970272966,11969
114,1090,3934204.971158508,11969
118,1447,3934204.971997809,11969
122,1449,3934204.972897771,11969
6,1641,3934205.701168475,12033
7,1996,3934205.702346565,12033
14,1761,3934205.703292519,12033
17,394,3934205.704171621,12033
19,1056,3934205.705802862,12033
21,1596,3934205.706788656,12033
34,1460,3934205.707655078,12033
41,438,3934205.708499609,12033
44,1361,3934205.709341940,12033
45,1592,3934205.710263743,12033
48,1637,3934205.711135485,12033
49,1035,3934205.712032587,12033
53,1968,3934205.712915469,12033
54,1733,3934205.713937025,12033
58,1848,3934205.715997257,12033
59,1658,3934205.716994282,12033
63,1725,3934205.717954835,12033
64,89,3934205.718898979,12033
69,1254,3934205.719801582,12033
73,1859,3934205.720685904,12033
77,1133,3934205.721569926,12033
80,1483,3934205.722445008,12033
82,2035,3934205.723261618,12033
83,1956,3934205.724146600,12033
90,1216,3934205.724991151,12033
93,1885,3934205.725805162,12033
100,1566,3934205.726602532,12033
101,1212,3934205.727460873,12033
103,785,3934205.728426647,12033
113,1410,3934205.729317970,12033
114,1090,3934205.730208872,12033
118,1447,3934205.731078564,12033
122,1449,3934205.731958916,12033
80,1483,3934206.327955712,12085
6,1641,3934206.559254077,12097
7,1996,3934206.561119514,12097
14,1761,3934206.562656812,12097
17,394,3934206.564161070,12097
19,1056,3934206.566861277,12097
21,1596,3934206.568469198,12097
34,1460,3934206.569877643,12097
41,438,3934206.571287188,12097
44,1361,3934206.572665072,12097
45,1592,3934206.574186861,12097
48,1637,3934206.575620326,12097
49,1035,3934206.577084883,12097
53,1968,3934206.578535349,12097
54,1733,3934206.580227012,12097
58,1848,3934206.583714729,12097
59,1658,3934206.585371580,12097
63,1725,3934206.586973610,12097
64,89,3934206.588565720,12097
69,1254,3934206.590057067,12097
73,1859,3934206.591503403,12097
77,1133,3934206.592966380,12097
82,2035,3934206.594288553,12097
83,1956,3934206.595754270,12097
90,1216,3934206.597162805,12097
93,1885,3934206.598487338,12097
100,1566,3934206.599800651,12097
101,1212,3934206.601213626,12097
103,785,3934206.602726494,12097
113,1410,3934206.603610546,12097
114,1090,3934206.604506859,12097
118,1447,3934206.605388051,12097
122,1449,3934206.606281763,12097
6,1641,3934207.322183249,12161
7,1996,3934207.323438980,12161
14,1761,3934207.324438135,12161
17,394,3934207.325336077,12161
19,1056,3934207.327169423,12161
21,1596,3934207.328201579,12161
34,1460,3934207.329089381,12161
41,438,3934207.329944443,12161
44,1361,3934207.330799614,12161
45,1592,3934207.331736467,12161
48,1637,3934207.332626700,12161
49,1035,3934207.333532782,12161
53,1968,3934207.334436305,12161
54,1733,3934207.335498922,12161
58,1848,3934207.337806639,12161
59,1658,3934207.338944848,12161
63,1725,3934207.339983644,12161
64,89,3934207.340989229,12161
69,1254,3934207.342016965,12161
73,1859,3934207.342944768,12161
77,1133,3934207.343855900,12161
82,2035,3934207.344678821,12161
83,1956,3934207.345580464,12161
90,1216,3934207.346449756,12161
93,1885,3934207.347275696,12161
100,1566,3934207.348244590,12161
101,1212,3934207.349814189,12161
103,785,3934207.351155913,12161
113,1410,3934207.352086146,12161
114,1090,3934207.353009860,12161
118,1447,3934207.353888502,12161
122,1449,3934207.354791674,12161
6,1641,3934208.096946446,12225
7,1996,3934208.098396142,12225
14,1761,3934208.099445018,12225
17,394,3934208.100443283,12225
19,1056,3934208.101497550,12225
21,1596,3934208.103341246,12225
34,1460,3934208.104444503,12225
41,438,3934208.105431368,12225
44,1361,3934208.106312600,12225
45,1592,3934208.107351716,12225
48,1637,3934208.108328881,12225
49,1035,3934208.109343436,12225
53,1968,3934208.110323001,12225
54,1733,3934208.111212463,12225
58,1848,3934208.112098505,12225
59,1658,3934208.112960187,12225
63,1725,3934208.113853729,12225
64,89,3934208.114881624,12225
69,1254,3934208.115763867,12225
73,1859,3934208.117491110,12225
77,1133,3934208.118647059,12225
82,2035,3934208.119519891,12225
83,1956,3934208.120450534,12225
90,1216,3934208.121321346,12225
93,1885,3934208.122151986,12225
100,1566,3934208.122955217,12225
101,1212,3934208.123832868,12225
103,785,3934208.124761352,12225
113,1410,3934208.125651174,12225
114,1090,3934208.126608218,12225
118,1447,3934208.127481510,12225
122,1449,3934208.128382922,12225
6,1641,3934208.873173340,12289
7,1996,3934208.874776490,12289
14,1761,3934208.876019972,12289
17,394,3934208.877133459,12289
19,1056,3934208.878409551,12289
21,1596,3934208.880819621,12289
34,1460,3934208.882330879,12289
41,438,3934208.883580171,12289
44,1361,3934208.884742750,12289
45,1592,3934208.886211827,12289
48,1637,3934208.887545210,12289
49,1035,3934208.888689138,12289
53,1968,3934208.889909529,12289
54,1733,3934208.891012987,12289
58,1848,3934208.892174356,12289
59,1658,3934208.893263003,12289
63,1725,3934208.894389011,12289
64,89,3934208.895438647,12289
69,1254,3934208.896525654,12289
73,1859,3934208.898178316,12289
77,1133,3934208.899555660,12289
82,2035,3934208.900619297,12289
83,1956,3934208.902525255,12289
90,1216,3934208.903828147,12289
93,1885,3934208.904995996,12289
100,1566,3934208.906232627,12289
101,1212,3934208.907265223,12289
103,785,3934208.908196616,12289
113,1410,3934208.909094559,12289
114,1090,3934208.909989151,12289
118,1447,3934208.910873333,12289
122,1449,3934208.911787136,12289
6,1641,3934209.730632616,12353
7,1996,3934209.732154794,12353
14,1761,3934209.733390936,12353
17,394,3934209.734507303,12353
19,1056,3934209.735765435,12353
21,1596,3934209.737738654,12353
34,1460,3934209.738949435,12353
41,438,3934209.740034902,12353
44,1361,3934209.741112638,12353
45,1592,3934209.742388561,12353
48,1637,3934209.743536509,12353
49,1035,3934209.744694198,12353
53,1968,3934209.745868028,12353
54,1733,3934209.747091188,12353
58,1848,3934209.748211556,12353
59,1658,3934209.749575370,12353
63,1725,3934209.750861802,12353
64,89,3934209.752000061,12353
69,1254,3934209.753128329,12353
73,1859,3934209.755277023,12353
77,1133,3934209.756714829,12353
82,2035,3934209.757800526,12353
83,1956,3934209.758963115,12353
90,1216,3934209.760049302,12353
93,1885,3934209.761072048,12353
100,1566,3934209.762200266,12353
101,1212,3934209.763290763,12353
103,785,3934209.764298618,12353
113,1410,3934209.765190321,12353
114,1090,3934209.766097463,12353
118,1447,3934209.766968815,12353
122,1449,3934209.767872188,12353
6,1641,3934210.507512457,12417
7,1996,3934210.508808190,12417
14,1761,3934210.509832025,12417
17,394,3934210.510754679,12417
19,1056,3934210.512521683,12417
21,1596,3934210.513534068,12417
34,1460,3934210.514432050,12417
41,438,3934210.515311072,12417
44,1361,3934210.516193944,12417
45,1592,3934210.517151839,12417
48,1637,3934210.518057451,12417
49,1035,3934210.518987364,12417
53,1968,3934210.519930978,12417
54,1733,3934210.521041346,12417
58,1848,3934210.521942598,12417
59,1658,3934210.523941758,12417
63,1725,3934210.525136968,12417
64,89,3934210.526012690,12417
69,1254,3934210.526895952,12417
73,1859,3934210.527810885,12417
77,1133,3934210.528737128,12417
82,2035,3934210.529569179,12417
83,1956,3934210.530477472,12417
90,1216,3934210.531357374,12417
93,1885,3934210.532193275,12417
100,1566,3934210.533114808,12417
101,1212,3934210.533998790,12417
103,785,3934210.534937053,12417
113,1410,3934210.535840286,12417
114,1090,3934210.536754299,12417
118,1447,3934210.537639351,12417
122,1449,3934210.538570814,12417
6,1641,3934211.293954548,12481
7,1996,3934211.295294661,12481
14,1761,3934211.296384288,12481
17,394,3934211.297305571,12481
19,1056,3934211.298280076,12481
21,1596,3934211.299848955,12481
34,1460,3934211.301054425,12481
41,438,3934211.301970758,12481
44,1361,3934211.302900181,12481
45,1592,3934211.303965958,12481
48,1637,3934211.304977733,12481
49,1035,3934211.305916837,12481
53,1968,3934211.306871880,12481
54,1733,3934211.307833684,12481
58,1848,3934211.308738207,12481
59,1658,3934211.309624869,12481
63,1725,3934211.310646915,12481
64,89,3934211.312343247,12481
69,1254,3934211.313347142,12481
73,1859,3934211.314468441,12481
77,1133,3934211.315655240,12481
82,2035,3934211.316538592,12481
83,1956,3934211.317458865,12481
90,1216,3934211.318342358,12481
93,1885,3934211.319170268,12481
100,1566,3934211.320088211,12481
101,1212,3934211.320972713,12481
103,785,3934211.321916987,12481
113,1410,3934211.322815579,12481
114,1090,3934211.323742122,12481
118,1447,3934211.324655355,12481
122,1449,3934211.325727102,12481
77,1133,3934211.400136143,12490
122,1449,3934211.630832883,12509
6,1641,3934212.070136951,12545
7,1996,3934212.071575487,12545
14,1761,3934212.072779877,12545
17,394,3934212.073897325,12545
19,1056,3934212.075153336,12545
21,1596,3934212.077019593,12545
34,1460,3934212.078160542,12545
41,438,3934212.079238579,12545
44,1361,3934212.080208723,12545
45,1592,3934212.081217168,12545
48,1637,3934212.082123201,12545
49,1035,3934212.083044014,12545
53,1968,3934212.083954257,12545
54,1733,3934212.084929931,12545
58,1848,3934212.086136881,12545
59,1658,3934212.087103775,12545
63,1725,3934212.088144792,12545
64,89,3934212.089049604,12545
69,1254,3934212.090807848,12545
73,1859,3934212.091988248,12545
82,2035,3934212.092879060,12545
83,1956,3934212.093837564,12545
90,1216,3934212.094717106,12545
93,1885,3934212.095554117,12545
100,1566,3934212.096469440,12545
101,1212,3934212.097372212,12545
103,785,3934212.098328846,12545
113,1410,3934212.099241059,12545
114,1090,3934212.100155162,12545
118,1447,3934212.101096765,12545
6,1641,3934212.903645998,12609
7,1996,3934212.904910300,12609
14,1761,3934212.905925535,12609
17,394,3934212.906847979,12609
19,1056,3934212.908522620,12609
21,1596,3934212.909643679,12609
34,1460,3934212.910560031,12609
41,438,3934212.911444144,12609
44,1361,3934212.912354656,12609
45,1592,3934212.913321701,12609
48,1637,3934212.914236383,12609
49,1035,3934212.915173967,12609
53,1968,3934212.916252564,12609
54,1733,3934212.918239724,12609
58,1848,3934212.919355111,12609
59,1658,3934212.920429798,12609
63,1725,3934212.921481595,12609
64,89,3934212.922422918,12609
69,1254,3934212.923360022,12609
73,1859,3934212.924317446,12609
82,2035,3934212.925161977,12609
83,1956,3934212.926092250,12609
90,1216,3934212.926974072,12609
93,1885,3934212.927820953,12609
100,1566,3934212.928759157,12609
101,1212,3934212.929673969,12609
103,785,3934212.930622143,12609
113,1410,3934212.931540426,12609
114,1090,3934212.932484920,12609
118,1447,3934212.933391022,12609
6,1641,3934214.066299929,12673
7,1996,3934214.067913769,12673
14,1761,3934214.069069818,12673
17,394,3934214.070210977,12673
19,1056,3934214.071758546,12673
21,1596,3934214.072919624,12673
34,1460,3934214.074061923,12673
41,438,3934214.075157491,12673
44,1361,3934214.076255768,12673
45,1592,3934214.077435688,12673
48,1637,3934214.078674439,12673
49,1035,3934214.079844188,12673
53,1968,3934214.081012297,12673
54,1733,3934214.082218457,12673
58,1848,3934214.083460088,12673
59,1658,3934214.085780926,12673
63,1725,3934214.087325325,12673
64,89,3934214.088568566,12673
69,1254,3934214.089752525,12673
73,1859,3934214.090899764,12673
82,2035,3934214.091949331,12673
83,1956,3934214.093105140,12673
90,1216,3934214.094211917,12673
93,1885,3934214.095391837,12673
100,1566,3934214.096547555,12673
101,1212,3934214.097668723,12673
103,785,3934214.098848993,12673
113,1410,3934214.099989921,12673
114,1090,3934214.101098809,12673
118,1447,3934214.102060384,12673
6,1641,3934214.863529129,12737
7,1996,3934214.864713769,12737
14,1761,3934214.865707194,12737
17,394,3934214.866649447,12737
19,1056,3934214.868401681,12737
21,1596,3934214.869430747,12737
34,1460,3934214.870356870,12737
41,438,3934214.871240352,12737
44,1361,3934214.872139985,12737
45,1592,3934214.873109679,12737
48,1637,3934214.874027132,12737
49,1035,3934214.874959145,12737
53,1968,3934214.875894268,12737
54,1733,3934214.876969915,12737
58,1848,3934214.879031397,12737
59,1658,3934214.880087953,12737
63,1725,3934214.881153840,12737
64,89,3934214.882168316,12737
69,1254,3934214.883080668,12737
73,1859,3934214.884016582,12737
82,2035,3934214.884857303,12737
83,1956,3934214.885792636,12737
90,1216,3934214.886689269,12737
93,1885,3934214.887642533,12737
100,1566,3934214.888583766,12737
101,1212,3934214.889500989,12737
103,785,3934214.890449033,12737
113,1410,3934214.891365426,12737
114,1090,3934214.892299419,12737
118,1447,3934214.893248243,12737
45,1592,3934215.820778392,12797
6,1641,3934215.872115606,12801
7,1996,3934215.873618484,12801
14,1761,3934215.874853145,12801
17,394,3934215.875993063,12801
19,1056,3934215.878166588,12801
21,1596,3934215.879580413,12801
34,1460,3934215.880903576,12801
41,438,3934215.882021544,12801
44,1361,3934215.883128572,12801
48,1637,3934215.884258430,12801
49,1035,3934215.885433510,12801
53,1968,3934215.886600199,12801
54,1733,3934215.887794549,12801
58,1848,3934215.888929747,12801
59,1658,3934215.890060295,12801
63,1725,3934215.891441860,12801
64,89,3934215.893411169,12801
69,1254,3934215.894696701,12801
73,1859,3934215.896105946,12801
82,2035,3934215.897216304,12801
83,1956,3934215.898421194,12801
90,1216,3934215.899538822,12801
93,1885,3934215.900735632,12801
100,1566,3934215.901904951,12801
101,1212,3934215.903044530,12801
103,785,3934215.904233480,12801
113,1410,3934215.905289716,12801
114,1090,3934215.906220239,12801
118,1447,3934215.907173603,12801
6,1641,3934216.648791743,12865
7,1996,3934216.650323991,12865
14,1761,3934216.651593883,12865
17,394,3934216.652744392,12865
19,1056,3934216.654076145,12865
21,1596,3934216.655952322,12865
34,1460,3934216.657353457,12865
41,438,3934216.658625459,12865
44,1361,3934216.659818839,12865
48,1637,3934216.661162642,12865
49,1035,3934216.662424094,12865
53,1968,3934216.663760587,12865
54,1733,3934216.664920976,12865
58,1848,3934216.666083316,12865
59,1658,3934216.667290386,12865
63,1725,3934216.668882746,12865
64,89,3934216.670062115,12865
69,1254,3934216.671323936,12865
73,1859,3934216.672568118,12865
82,2035,3934216.674389553,12865
83,1956,3934216.675795428,12865
90,1216,3934216.677108551,12865
93,1885,3934216.678431524,12865
100,1566,3934216.679610934,12865
101,1212,3934216.680761383,12865
103,785,3934216.681966113,12865
113,1410,3934216.683105621,12865
114,1090,3934216.684062005,12865
118,1447,3934216.685029289,12865
6,1641,3934217.426332501,12929
7,1996,3934217.427574012,12929
14,1761,3934217.428639329,12929
17,394,3934217.429576833,12929
19,1056,3934217.431232884,12929
21,1596,3934217.432376103,12929
34,1460,3934217.433467400,12929
41,438,3934217.434378033,12929
44,1361,3934217.435303096,12929
48,1637,3934217.436238789,12929
49,1035,3934217.437194843,12929
53,1968,3934217.438153807,12929
54,1733,3934217.439127301,12929
58,1848,3934217.440231649,12929
59,1658,3934217.442131156,12929
63,1725,3934217.443425889,12929
64,89,3934217.444330962,12929
69,1254,3934217.445254685,12929
73,1859,3934217.446204358,12929
82,2035,3934217.447074470,12929
83,1956,3934217.448017014,12929
90,1216,3934217.448925766,12929
93,1885,3934217.449908381,12929
100,1566,3934217.450870615,12929
101,1212,3934217.451798418,12929
103,785,3934217.452804663,12929
113,1410,3934217.453743147,12929
114,1090,3934217.454697561,12929
118,1447,3934217.455679935,12929
58,1848,3934217.605887163,12944
6,1641,3934218.202383332,12993
7,1996,3934218.204074715,12993
14,1761,3934218.205401608,12993
17,394,3934218.206597558,12993
19,1056,3934218.207915071,12993
21,1596,3934218.209915551,12993
34,1460,3934218.211550432,12993
41,438,3934218.212797023,12993
44,1361,3934218.214083565,12993
48,1637,3934218.215474450,12993
49,1035,3934218.216866525,12993
53,1968,3934218.218290240,12993
54,1733,3934218.219460490,12993
59,1658,3934218.220605108,12993
63,1725,3934218.221779777,12993
64,89,3934218.222943897,12993
69,1254,3934218.224576438,12993
73,1859,3934218.226072165,12993
82,2035,3934218.227259125,12993
83,1956,3934218.228552907,12993
90,1216,3934218.230426604,12993
93,1885,3934218.232035214,12993
100,1566,3934218.233242784,12993
101,1212,3934218.234324471,12993
103,785,3934218.235302156,12993
113,1410,3934218.236242009,12993
114,1090,3934218.237200323,12993
118,1447,3934218.238172238,12993
6,1641,3934218.979801038,13057
7,1996,3934218.981387277,13057
14,1761,3934218.982531296,13057
17,394,3934218.983517311,13057
19,1056,3934218.984649219,13057
21,1596,3934218.986308831,13057
34,1460,3934218.987498461,13057
41,438,3934218.988507456,13057
44,1361,3934218.989610183,13057
48,1637,3934218.990744812,13057
49,1035,3934218.991815429,13057
53,1968,3934218.992818394,13057
54,1733,3934218.993870210,13057
59,1658,3934218.994810604,13057
63,1725,3934218.996032374,13057
64,89,3934218.996970738,13057
69,1254,3934218.997960892,13057
73,1859,3934218.999906311,13057
82,2035,3934219.000909006,13057
83,1956,3934219.002088115,13057
90,1216,3934219.003040429,13057
93,1885,3934219.004153937,13057
100,1566,3934219.005132142,13057
101,1212,3934219.006071965,13057
103,785,3934219.007068700,13057
113,1410,3934219.008028614,13057
114,1090,3934219.008991868,13057
118,1447,3934219.009998573,13057
83,1956,3934219.086133288,13066
6,1641,3934219.755264545,13121
7,1996,3934219.757044279,13121
14,1761,3934219.758574237,13121
17,394,3934219.759944242,13121
19,1056,3934219.761230134,13121
21,1596,3934219.763584313,13121
34,1460,3934219.765076360,13121
41,438,3934219.766343742,13121
44,1361,3934219.767660155,13121
48,1637,3934219.769117691,13121
49,1035,3934219.770428334,13121
53,1968,3934219.771849620,13121
54,1733,3934219.773042079,13121
59,1658,3934219.774191188,13121
63,1725,3934219.775441079,13121
64,89,3934219.776559707,13121
69,1254,3934219.777771568,13121
73,1859,3934219.778968647,13121
82,2035,3934219.780078785,13121
90,1216,3934219.781495641,13121
93,1885,3934219.783174343,13121
100,1566,3934219.784456095,13121
101,1212,3934219.786077895,13121
103,785,3934219.787551022,13121
113,1410,3934219.789038739,13121
114,1090,3934219.790234729,13121
118,1447,3934219.791248375,13121
6,1641,3934220.322598496,13168
7,1996,3934220.530022644,13185
14,1761,3934220.531518201,13185
17,394,3934220.532930466,13185
19,1056,3934220.534195968,13185
21,1596,3934220.535472200,13185
34,1460,3934220.537438159,13185
41,438,3934220.538774473,13185
44,1361,3934220.540061545,13185
48,1637,3934220.541611274,13185
49,1035,3934220.542929467,13185
53,1968,3934220.544348812,13185
54,1733,3934220.545615864,13185
59,1658,3934220.546768912,13185
63,1725,3934220.547956022,13185
64,89,3934220.549126611,13185
69,1254,3934220.550357913,13185
73,1859,3934220.551973493,13185
82,2035,3934220.553248155,13185
90,1216,3934220.554443744,13185
93,1885,3934220.555707836,13185
100,1566,3934220.557287116,13185
101,1212,3934220.558690571,13185
103,785,3934220.560181158,13185
113,1410,3934220.561567373,13185
114,1090,3934220.562870715,13185
118,1447,3934220.564113006,13185
7,1996,3934221.384122077,13249
14,1761,3934221.385721677,13249
17,394,3934221.387137143,13249
19,1056,3934221.388436565,13249
21,1596,3934221.389746468,13249
34,1460,3934221.391790460,13249
41,438,3934221.393144753,13249
44,1361,3934221.394448226,13249
48,1637,3934221.396068907,13249
49,1035,3934221.397581734,13249
53,1968,3934221.399022170,13249
54,1733,3934221.400258811,13249
59,1658,3934221.401426270,13249
63,1725,3934221.402631791,13249
64,89,3934221.403754059,13249
69,1254,3934221.404933888,13249
73,1859,3934221.406761614,13249
82,2035,3934221.408108228,13249
90,1216,3934221.409447241,13249
93,1885,3934221.410719963,13249
100,1566,3934221.412292542,13249
101,1212,3934221.413725848,13249
103,785,3934221.415248576,13249
113,1410,3934221.416611710,13249
114,1090,3934221.417911613,13249
118,1447,3934221.419163014,13249
7,1996,3934222.158454996,13313
14,1761,3934222.159765699,13313
17,394,3934222.160924368,13313
19,1056,3934222.161960364,13313
21,1596,3934222.163043171,13313
34,1460,3934222.164566699,13313
41,438,3934222.165659486,13313
44,1361,3934222.166672462,13313
48,1637,3934222.167854701,13313
49,1035,3934222.169025081,13313
53,1968,3934222.170185300,13313
54,1733,3934222.171221526,13313
59,1658,3934222.172169409,13313
63,1725,3934222.173156714,13313
64,89,3934222.174247701,13313
69,1254,3934222.175275287,13313
73,1859,3934222.176425016,13313
82,2035,3934222.178057147,13313
90,1216,3934222.179229616,13313
93,1885,3934222.180541399,13313
100,1566,3934222.181530934,13313
101,1212,3934222.182488967,13313
103,785,3934222.183487632,13313
113,1410,3934222.184477897,13313
114,1090,3934222.185462362,13313
118,1447,3934222.186500088,13313
7,1996,3934222.934425996,13377
14,1761,3934222.936054627,13377
17,394,3934222.937547564,13377
19,1056,3934222.939082443,13377
21,1596,3934222.940491758,13377
34,1460,3934222.943268347,13377
41,438,3934222.944895008,13377
44,1361,3934222.946253152,13377
48,1637,3934222.947776790,13377
49,1035,3934222.949281788,13377
53,1968,3934222.950736464,13377
54,1733,3934222.952019296,13377
59,1658,3934222.953188365,13377
63,1725,3934222.954393366,13377
64,89,3934222.955525664,13377
69,1254,3934222.956691343,13377
73,1859,3934222.957885323,13377
82,2035,3934222.958987170,13377
90,1216,3934222.960162790,13377
93,1885,3934222.961394621,13377
100,1566,3934222.962602771,13377
101,1212,3934222.964238402,13377
103,785,3934222.965747519,13377
113,1410,3934222.967156645,13377
114,1090,3934222.968546969,13377
118,1447,3934222.969572625,13377
7,1996,3934223.794806137,13441
14,1761,3934223.796062299,13441
17,394,3934223.797194317,13441
19,1056,3934223.798222903,13441
21,1596,3934223.799798982,13441
34,1460,3934223.801028293,13441
41,438,3934223.802110610,13441
44,1361,3934223.803129116,13441
48,1637,3934223.804290365,13441
49,1035,3934223.805330091,13441
53,1968,3934223.806319915,13441
54,1733,3934223.807363691,13441
59,1658,3934223.808313605,13441
63,1725,3934223.809374682,13441
64,89,3934223.811014693,13441
69,1254,3934223.812068399,13441
73,1859,3934223.813296790,13441
82,2035,3934223.814203053,13441
90,1216,3934223.815151246,13441
93,1885,3934223.816298075,13441
100,1566,3934223.817295570,13441
101,1212,3934223.818254634,13441
103,785,3934223.819251779,13441
113,1410,3934223.820221903,13441
114,1090,3934223.821207458,13441
118,1447,3934223.822213453,13441
114,1090,3934224.458490559,13496
7,1996,3934224.571282430,13505
14,1761,3934224.572679145,13505
17,394,3934224.574087370,13505
19,1056,3934224.575353242,13505
21,1596,3934224.577518016,13505
34,1460,3934224.579023484,13505
41,438,3934224.580236624,13505
44,1361,3934224.581673030,13505
48,1637,3934224.583150927,13505
49,1035,3934224.584594773,13505
53,1968,3934224.585925946,13505
54,1733,3934224.587141757,13505
59,1658,3934224.588331057,13505
63,1725,3934224.589552427,13505
64,89,3934224.590690945,13505
69,1254,3934224.591868085,13505
73,1859,3934224.593363942,13505
82,2035,3934224.595131487,13505
90,1216,3934224.596602344,13505
93,1885,3934224.598193793,13505
100,1566,3934224.599682761,13505
101,1212,3934224.600971663,13505
103,785,3934224.602233784,13505
113,1410,3934224.603446605,13505
118,1447,3934224.604547142,13505
54,1733,3934224.652410149,13512
7,1996,3934225.352569433,13569
14,1761,3934225.354083471,13569
17,394,3934225.355487056,13569
19,1056,3934225.356761908,13569
21,1596,3934225.358069031,13569
34,1460,3934225.360732777,13569
41,438,3934225.363045755,13569
44,1361,3934225.364451350,13569
48,1637,3934225.366329157,13569
49,1035,3934225.368079911,13569
53,1968,3934225.369454205,13569
59,1658,3934225.370676906,13569
63,1725,3934225.372364868,13569
64,89,3934225.374340758,13569
69,1254,3934225.375522047,13569
73,1859,3934225.376729058,13569
82,2035,3934225.379115777,13569
90,1216,3934225.380672026,13569
93,1885,3934225.382278516,13569
100,1566,3934225.383805204,13569
101,1212,3934225.385027485,13569
103,785,3934225.386484831,13569
113,1410,3934225.387795544,13569
118,1447,3934225.389199649,13569
7,1996,3934226.134142573,13633
14,1761,3934226.135441186,13633
17,394,3934226.136570794,13633
19,1056,3934226.137621471,13633
21,1596,3934226.138675987,13633
34,1460,3934226.140176564,13633
41,438,3934226.141242521,13633
44,1361,3934226.142307588,13633
48,1637,3934226.143445366,13633
49,1035,3934226.144520833,13633
53,1968,3934226.145533969,13633
59,1658,3934226.146486412,13633
63,1725,3934226.147479047,13633
64,89,3934226.148486422,13633
69,1254,3934226.149802975,13633
73,1859,3934226.151025856,13633
82,2035,3934226.151966059,13633
90,1216,3934226.152962434,13633
93,1885,3934226.154511613,13633
100,1566,3934226.155745124,13633
101,1212,3934226.156929823,13633
103,785,3934226.158016121,13633
113,1410,3934226.159013955,13633
118,1447,3934226.159963590,13633
73,1859,3934226.844885632,13688
7,1996,3934226.957198412,13697
14,1761,3934226.958705479,13697
17,394,3934226.960145245,13697
19,1056,3934226.961426518,13697
21,1596,3934226.962721800,13697
34,1460,3934226.964754601,13697
41,438,3934226.966083934,13697
44,1361,3934226.967380336,13697
48,1637,3934226.968815742,13697
49,1035,3934226.970299579,13697
53,1968,3934226.971719605,13697
59,1658,3934226.972954036,13697
63,1725,3934226.974243478,13697
64,89,3934226.975399727,13697
69,1254,3934226.976598467,13697
82,2035,3934226.977720635,13697
90,1216,3934226.979312795,13697
93,1885,3934226.980995787,13697
100,1566,3934226.982524625,13697
101,1212,3934226.983937190,13697
103,785,3934226.985290154,13697
113,1410,3934226.986741191,13697
118,1447,3934226.988053684,13697
7,1996,3934228.001126125,13761
14,1761,3934228.002678904,13761
17,394,3934228.004125200,13761
19,1056,3934228.005448843,13761
21,1596,3934228.006764696,13761
34,1460,3934228.008856368,13761
41,438,3934228.010203442,13761
44,1361,3934228.011516735,13761
48,1637,3934228.012956071,13761
49,1035,3934228.014342365,13761
53,1968,3934228.015784832,13761
59,1658,3934228.017129395,13761
63,1725,3934228.018396107,13761
64,89,3934228.019569706,13761
69,1254,3934228.020772256,13761
82,2035,3934228.021918035,13761
90,1216,3934228.023707900,13761
93,1885,3934228.025396232,13761
100,1566,3934228.026923760,13761
101,1212,3934228.028355536,13761
103,785,3934228.029706000,13761
113,1410,3934228.031264659,13761
118,1447,3934228.032576201,13761
82,2035,3934228.206539333,13772
7,1996,3934228.909542258,13825
14,1761,3934228.911113868,13825
17,394,3934228.912535373,13825
19,1056,3934228.913831126,13825
21,1596,3934228.915178230,13825
34,1460,3934228.917279832,13825
41,438,3934228.918635336,13825
44,1361,3934228.920008330,13825
48,1637,3934228.921511818,13825
49,1035,3934228.922984575,13825
53,1968,3934228.924532053,13825
59,1658,3934228.925791585,13825
63,1725,3934228.927098998,13825
64,89,3934228.928271217,13825
69,1254,3934228.929475397,13825
90,1216,3934228.930671617,13825
93,1885,3934228.932751079,13825
100,1566,3934228.934304518,13825
101,1212,3934228.935786045,13825
103,785,3934228.937338344,13825
113,1410,3934228.938631446,13825
118,1447,3934228.939927909,13825
7,1996,3934229.941805670,13889
14,1761,3934229.943343609,13889
17,394,3934229.944768364,13889
19,1056,3934229.946078217,13889
21,1596,3934229.947394800,13889
34,1460,3934229.949484602,13889
41,438,3934229.950838256,13889
44,1361,3934229.952205671,13889
48,1637,3934229.953701108,13889
49,1035,3934229.955178335,13889
53,1968,3934229.956697743,13889
59,1658,3934229.957952124,13889
63,1725,3934229.959258937,13889
64,89,3934229.960428316,13889
69,1254,3934229.961635976,13889
90,1216,3934229.962834626,13889
93,1885,3934229.964749184,13889
100,1566,3934229.966284023,13889
101,1212,3934229.967760180,13889
103,785,3934229.969291678,13889
113,1410,3934229.970584540,13889
118,1447,3934229.971871263,13889
7,1996,3934230.718663913,13953
14,1761,3934230.720279534,13953
17,394,3934230.721777741,13953
19,1056,3934230.723335460,13953
21,1596,3934230.724785986,13953
34,1460,3934230.727511065,13953
41,438,3934230.728913690,13953
44,1361,3934230.730151321,13953
48,1637,3934230.731400862,13953
49,1035,3934230.732682784,13953
53,1968,3934230.734039288,13953
59,1658,3934230.735346751,13953
63,1725,3934230.736633093,13953
64,89,3934230.737816543,13953
69,1254,3934230.739040913,13953
90,1216,3934230.740243573,13953
93,1885,3934230.741533345,13953
100,1566,3934230.742809137,13953
101,1212,3934230.744050078,13953
103,785,3934230.745326240,13953
113,1410,3934230.746557691,13953
118,1447,3934230.748073309,13953
7,1996,3934231.496178233,14017
14,1761,3934231.497707311,14017
17,394,3934231.499159108,14017
19,1056,3934231.500457440,14017
21,1596,3934231.501780433,14017
34,1460,3934231.503851805,14017
41,438,3934231.505217899,14017
44,1361,3934231.506617844,14017
48,1637,3934231.508149982,14017
49,1035,3934231.509639190,14017
53,1968,3934231.511184218,14017
59,1658,3934231.512451390,14017
63,1725,3934231.513763933,14017
64,89,3934231.514940742,14017
69,1254,3934231.516170943,14017
90,1216,3934231.517394094,14017
93,1885,3934231.519351562,14017
100,1566,3934231.520896651,14017
101,1212,3934231.522382058,14017
103,785,3934231.523926377,14017
113,1410,3934231.525244600,14017
118,1447,3934231.526546522,14017
7,1996,3934232.275640091,14081
14,1761,3934232.277183120,14081
17,394,3934232.278612576,14081
19,1056,3934232.279920328,14081
21,1596,3934232.281256602,14081
34,1460,3934232.283445087,14081
41,438,3934232.284810941,14081
44,1361,3934232.286188575,14081
48,1637,3934232.287760175,14081
49,1035,3934232.289327164,14081
53,1968,3934232.290895703,14081
59,1658,3934232.292190335,14081
63,1725,3934232.293517628,14081
64,89,3934232.294707398,14081
69,1254,3934232.295933639,14081
90,1216,3934232.297151409,14081
93,1885,3934232.299084328,14081
100,1566,3934232.300626736,14081
101,1212,3934232.302145894,14081
103,785,3934232.304337369,14081
113,1410,3934232.305906068,14081
118,1447,3934232.307267283,14081
7,1996,3934233.056315310,14145
14,1761,3934233.057945670,14145
17,394,3934233.059436358,14145
19,1056,3934233.060770031,14145
21,1596,3934233.062141846,14145
34,1460,3934233.064338770,14145
41,438,3934233.065715125,14145
44,1361,3934233.067135270,14145
48,1637,3934233.068680379,14145
49,1035,3934233.070218977,14145
53,1968,3934233.071779816,14145
59,1658,3934233.073083479,14145
63,1725,3934233.074419793,14145
64,89,3934233.075614612,14145
69,1254,3934233.076859023,14145
90,1216,3934233.078094905,14145
93,1885,3934233.079976501,14145
100,1566,3934233.081475719,14145
101,1212,3934233.082917925,14145
103,785,3934233.084306730,14145
113,1410,3934233.085790387,14145
118,1447,3934233.087158821,14145
7,1996,3934233.837450630,14209
14,1761,3934233.839025169,14209
17,394,3934233.840508717,14209
19,1056,3934233.841986094,14209
21,1596,3934233.843444080,14209
34,1460,3934233.845747598,14209
41,438,3934233.846969628,14209
44,1361,3934233.848291341,14209
48,1637,3934233.849815190,14209
49,1035,3934233.851339237,14209
53,1968,3934233.852956448,14209
59,1658,3934233.854217900,14209
63,1725,3934233.855489751,14209
64,89,3934233.856683991,14209
69,1254,3934233.857917822,14209
90,1216,3934233.859150473,14209
93,1885,3934233.861129153,14209
100,1566,3934233.862696432,14209
101,1212,3934233.864213710,14209
103,785,3934233.865779959,14209
113,1410,3934233.867108512,14209
118,1447,3934233.868436255,14209
7,1996,3934234.620855698,14273
14,1761,3934234.622459887,14273
17,394,3934234.623952025,14273
19,1056,3934234.625435612,14273
21,1596,3934234.626892328,14273
34,1460,3934234.629272518,14273
41,438,3934234.630527619,14273
44,1361,3934234.631832062,14273
48,1637,3934234.633326029,14273
49,1035,3934234.634723054,14273
53,1968,3934234.636273033,14273
59,1658,3934234.637550885,14273
63,1725,3934234.638887378,14273
64,89,3934234.640105559,14273
69,1254,3934234.641372881,14273
90,1216,3934234.642604822,14273
93,1885,3934234.643917184,14273
100,1566,3934234.645637787,14273
101,1212,3934234.647244947,14273
103,785,3934234.648742565,14273
113,1410,3934234.650268783,14273
118,1447,3934234.651617797,14273
7,1996,3934235.486840210,14337
14,1761,3934235.488613065,14337
17,394,3934235.490160544,14337
19,1056,3934235.491751144,14337
21,1596,3934235.493263071,14337
34,1460,3934235.496212245,14337
41,438,3934235.497590199,14337
44,1361,3934235.498941773,14337
48,1637,3934235.500438951,14337
49,1035,3934235.502013300,14337
53,1968,3934235.503619821,14337
59,1658,3934235.504916893,14337
63,1725,3934235.506278307,14337
64,89,3934235.507496917,14337
69,1254,3934235.508761569,14337
90,1216,3934235.510009690,14337
93,1885,3934235.511343383,14337
100,1566,3934235.512665967,14337
101,1212,3934235.513934248,14337
103,785,3934235.515265832,14337
113,1410,3934235.516542004,14337
118,1447,3934235.517850416,14337
7,1996,3934236.272020143,14401
14,1761,3934236.273752006,14401
17,394,3934236.275291574,14401
19,1056,3934236.276891064,14401
21,1596,3934236.278404322,14401
34,1460,3934236.281317955,14401
41,438,3934236.282707080,14401
44,1361,3934236.284066294,14401
48,1637,3934236.285562341,14401
49,1035,3934236.287145541,14401
53,1968,3934236.288754081,14401
59,1658,3934236.290070504,14401
63,1725,3934236.291402197,14401
64,89,3934236.292618598,14401
69,1254,3934236.293876599,14401
90,1216,3934236.295128670,14401
93,1885,3934236.296475104,14401
100,1566,3934236.297789077,14401
101,1212,3934236.299068369,14401
103,785,3934236.300392642,14401
113,1410,3934236.301672674,14401
118,1447,3934236.302982067,14401
7,1996,3934237.059950053,14465
14,1761,3934237.061765129,14465
17,394,3934237.063315447,14465
19,1056,3934237.064897827,14465
21,1596,3934237.066411415,14465
34,1460,3934237.069404980,14465
41,438,3934237.070795665,14465
44,1361,3934237.072176119,14465
48,1637,3934237.073667026,14465
49,1035,3934237.075233366,14465
53,1968,3934237.076838946,14465
59,1658,3934237.078155549,14465
63,1725,3934237.079480112,14465
64,89,3934237.080690892,14465
69,1254,3934237.082010385,14465
90,1216,3934237.083314678,14465
93,1885,3934237.084654451,14465
100,1566,3934237.085968374,14465
101,1212,3934237.087254686,14465
103,785,3934237.088583330,14465
113,1410,3934237.089869782,14465
118,1447,3934237.091221516,14465
48,1637,3934237.253397303,14481
7,1996,3934237.846908590,14529
14,1761,3934237.848696285,14529
17,394,3934237.850248153,14529
19,1056,3934237.851832023,14529
21,1596,3934237.853380362,14529
34,1460,3934237.856286235,14529
41,438,3934237.857723611,14529
44,1361,3934237.859105695,14529
49,1035,3934237.860704175,14529
53,1968,3934237.862339446,14529
59,1658,3934237.863610828,14529
63,1725,3934237.864905750,14529
64,89,3934237.866146681,14529
69,1254,3934237.867424403,14529
90,1216,3934237.868676545,14529
93,1885,3934237.870020608,14529
100,1566,3934237.871329891,14529
101,1212,3934237.872600993,14529
103,785,3934237.873928406,14529
113,1410,3934237.875250189,14529
118,1447,3934237.876527921,14529
7,1996,3934238.719448048,14593
14,1761,3934238.721304644,14593
17,394,3934238.722863123,14593
19,1056,3934238.724471143,14593
21,1596,3934238.725985741,14593
34,1460,3934238.727465298,14593
41,438,3934238.729894229,14593
44,1361,3934238.731317234,14593
49,1035,3934238.733034688,14593
53,1968,3934238.734495234,14593
59,1658,3934238.735866228,14593
63,1725,3934238.737334055,14593
64,89,3934238.738612667,14593
69,1254,3934238.739887719,14593
90,1216,3934238.741170131,14593
93,1885,3934238.742576266,14593
100,1566,3934238.743899919,14593
101,1212,3934238.745193702,14593
103,785,3934238.746532435,14593
113,1410,3934238.747817747,14593
118,1447,3934238.749143820,14593
69,1254,3934238.802543726,14600
17,394,3934239.196740308,14632
7,1996,3934239.506856216,14657
14,1761,3934239.508677481,14657
19,1056,3934239.510385914,14657
21,1596,3934239.511963994,14657
34,1460,3934239.513360318,14657
41,438,3934239.515706987,14657
44,1361,3934239.517378939,14657
49,1035,3934239.519123793,14657
53,1968,3934239.520760104,14657
59,1658,3934239.522313573,14657
63,1725,3934239.523847921,14657
64,89,3934239.525135303,14657
90,1216,3934239.526442706,14657
93,1885,3934239.527821870,14657
100,1566,3934239.529154724,14657
101,1212,3934239.530440166,14657
103,785,3934239.531792090,14657
113,1410,3934239.533082472,14657
118,1447,3934239.534358164,14657
7,1996,3934240.304205293,14721
14,1761,3934240.306042809,14721
19,1056,3934240.307748191,14721
21,1596,3934240.309352302,14721
34,1460,3934240.310752577,14721
41,438,3934240.312084390,14721
44,1361,3934240.314607573,14721
49,1035,3934240.316312816,14721
53,1968,3934240.317932086,14721
59,1658,3934240.319304331,14721
63,1725,3934240.320628853,14721
64,89,3934240.321868085,14721
90,1216,3934240.323131916,14721
93,1885,3934240.324479660,14721
100,1566,3934240.325796713,14721
101,1212,3934240.327095105,14721
103,785,3934240.328438529,14721
113,1410,3934240.329736761,14721
118,1447,3934240.331030344,14721
7,1996,3934241.146717539,14785
14,1761,3934241.149223732,14785
19,1056,3934241.151484149,14785
21,1596,3934241.153594771,14785
34,1460,3934241.155598372,14785
41,438,3934241.158765591,14785
44,1361,3934241.160930025,14785
49,1035,3934241.163165081,14785
53,1968,3934241.165309264,14785
59,1658,3934241.167262544,14785
63,1725,3934241.169322085,14785
64,89,3934241.170982906,14785
90,1216,3934241.172649288,14785
93,1885,3934241.174450133,14785
100,1566,3934241.176216557,14785
101,1212,3934241.177921320,14785
103,785,3934241.179700995,14785
113,1410,3934241.181443378,14785
118,1447,3934241.183133001,14785
101,1212,3934241.753177131,14828
7,1996,3934242.157287791,14849
14,1761,3934242.160575603,14849
19,1056,3934242.163570618,14849
21,1596,3934242.166432269,14849
34,1460,3934242.169143947,14849
41,438,3934242.171566728,14849
44,1361,3934242.175905246,14849
49,1035,3934242.178918462,14849
53,1968,3934242.181797734,14849
59,1658,3934242.184248885,14849
63,1725,3934242.186895221,14849
64,89,3934242.189089316,14849
90,1216,3934242.191364793,14849
93,1885,3934242.193792864,14849
100,1566,3934242.196174133,14849
103,785,3934242.198155003,14849
113,1410,3934242.199650411,14849
118,1447,3934242.201355763,14849
118,1447,3934242.418179658,14868
7,1996,3934243.103983614,14913
14,1761,3934243.105881592,14913
19,1056,3934243.107603595,14913
21,1596,3934243.109234846,14913
34,1460,3934243.110780684,14913
41,438,3934243.113087102,14913
44,1361,3934243.114580149,14913
49,1035,3934243.116331013,14913
53,1968,3934243.117882042,14913
59,1658,3934243.119194005,14913
63,1725,3934243.120517668,14913
64,89,3934243.121756699,14913
90,1216,3934243.123030081,14913
93,1885,3934243.124439386,14913
100,1566,3934243.125790370,14913
103,785,3934243.127175404,14913
113,1410,3934243.128501368,14913
7,1996,3934244.155989973,14977
14,1761,3934244.158076495,14977
19,1056,3934244.159878330,14977
21,1596,3934244.161565262,14977
34,1460,3934244.163169732,14977
41,438,3934244.164632798,14977
44,1361,3934244.167202553,14977
49,1035,3934244.169058619,14977
53,1968,3934244.170655969,14977
59,1658,3934244.171991693,14977
63,1725,3934244.173390228,14977
64,89,3934244.174680340,14977
90,1216,3934244.175976922,14977
93,1885,3934244.177420689,14977
100,1566,3934244.178812983,14977
103,785,3934244.180229459,14977
113,1410,3934244.181592653,14977
7,1996,3934244.945355730,15041
14,1761,3934244.947186566,15041
19,1056,3934244.948827177,15041
21,1596,3934244.950397786,15041
34,1460,3934244.951985196,15041
41,438,3934244.954180671,15041
44,1361,3934244.955668168,15041
49,1035,3934244.957444663,15041
53,1968,3934244.959008032,15041
59,1658,3934244.960315875,15041
63,1725,3934244.961652308,15041
64,89,3934244.962900129,15041
90,1216,3934244.964187151,15041
93,1885,3934244.965567096,15041
100,1566,3934244.966937870,15041
103,785,3934244.968319665,15041
113,1410,3934244.969640458,15041
7,1996,3934245.736613385,15105
14,1761,3934245.738487082,15105
19,1056,3934245.740205565,15105
21,1596,3934245.741791405,15105
34,1460,3934245.743321233,15105
41,438,3934245.745597300,15105
44,1361,3934245.747090078,15105
49,1035,3934245.748855032,15105
53,1968,3934245.750419571,15105
59,1658,3934245.751755724,15105
63,1725,3934245.753108798,15105
64,89,3934245.754362729,15105
90,1216,3934245.755637771,15105
93,1885,3934245.757029146,15105
100,1566,3934245.758397620,15105
103,785,3934245.759773885,15105
113,1410,3934245.761119909,15105
7,1996,3934246.530164068,15169
14,1761,3934246.532036305,15169
19,1056,3934246.533734807,15169
21,1596,3934246.535337087,15169
34,1460,3934246.536860576,15169
41,438,3934246.539155433,15169
44,1361,3934246.540764993,15169
49,1035,3934246.542614000,15169
53,1968,3934246.544356653,15169
59,1658,3934246.545711647,15169
63,1725,3934246.547104502,15169
64,89,3934246.548371544,15169
90,1216,3934246.549658776,15169
93,1885,3934246.551069441,15169
100,1566,3934246.552448915,15169
103,785,3934246.553838820,15169
113,1410,3934246.555183454,15169
100,1566,3934246.801452075,15191
7,1996,3934247.325031124,15233
14,1761,3934247.326901241,15233
19,1056,3934247.328631164,15233
21,1596,3934247.330298355,15233
34,1460,3934247.331830674,15233
41,438,3934247.334068510,15233
44,1361,3934247.335749602,15233
49,1035,3934247.337489686,15233
53,1968,3934247.339159877,15233
59,1658,3934247.340600233,15233
63,1725,3934247.342010479,15233
64,89,3934247.343302421,15233
90,1216,3934247.344587893,15233
93,1885,3934247.346009009,15233
103,785,3934247.347401454,15233
113,1410,3934247.348746757,15233
49,1035,3934248.031218761,15290
7,1996,3934248.119817928,15297
14,1761,3934248.121709015,15297
19,1056,3934248.123453558,15297
21,1596,3934248.125087979,15297
34,1460,3934248.126734261,15297
41,438,3934248.128880574,15297
44,1361,3934248.130604597,15297
53,1968,3934248.132363561,15297
59,1658,3934248.133950381,15297
63,1725,3934248.135571902,15297
64,89,3934248.136905565,15297
90,1216,3934248.138269999,15297
93,1885,3934248.139688525,15297
103,785,3934248.141104820,15297
113,1410,3934248.142452584,15297
7,1996,3934248.913514714,15361
14,1761,3934248.915472673,15361
19,1056,3934248.917246648,15361
21,1596,3934248.918884758,15361
34,1460,3934248.920461538,15361
41,438,3934248.921866693,15361
44,1361,3934248.924065748,15361
53,1968,3934248.925814442,15361
59,1658,3934248.927404822,15361
63,1725,3934248.928990931,15361
64,89,3934248.930358766,15361
90,1216,3934248.931728020,15361
93,1885,3934248.933165396,15361
103,785,3934248.934567021,15361
113,1410,3934248.935917355,15361
7,1996,3934249.790251918,15425
14,1761,3934249.792415223,15425
19,1056,3934249.794382632,15425
21,1596,3934249.796201537,15425
34,1460,3934249.797869719,15425
41,438,3934249.799334336,15425
44,1361,3934249.801767806,15425
53,1968,3934249.803663554,15425
59,1658,3934249.805381807,15425
63,1725,3934249.807086360,15425
64,89,3934249.808460514,15425
90,1216,3934249.809856639,15425
93,1885,3934249.811325996,15425
103,785,3934249.812751261,15425
113,1410,3934249.814132396,15425
7,1996,3934250.588245653,15489
14,1761,3934250.590606062,15489
19,1056,3934250.592604322,15489
21,1596,3934250.594464738,15489
34,1460,3934250.596177811,15489
41,438,3934250.597550176,15489
44,1361,3934250.600100650,15489
53,1968,3934250.602147821,15489
59,1658,3934250.603608127,15489
63,1725,3934250.605323130,15489
64,89,3934250.606712025,15489
90,1216,3934250.608155081,15489
93,1885,3934250.609663059,15489
103,785,3934250.611091645,15489
113,1410,3934250.612470149,15489
63,1725,3934250.674887861,15496
7,1996,3934251.384151045,15553
14,1761,3934251.386249278,15553
19,1056,3934251.388116825,15553
21,1596,3934251.389816257,15553
34,1460,3934251.391453638,15553
41,438,3934251.392931495,15553
44,1361,3934251.395173781,15553
53,1968,3934251.396998147,15553
59,1658,3934251.398594607,15553
64,89,3934251.399973341,15553
90,1216,3934251.401347555,15553
93,1885,3934251.402810322,15553
103,785,3934251.404258598,15553
113,1410,3934251.405639523,15553
93,1885,3934251.955462039,15599
7,1996,3934252.179155595,15617
14,1761,3934252.181273488,15617
19,1056,3934252.183136015,15617
21,1596,3934252.184834467,15617
34,1460,3934252.186461888,15617
41,438,3934252.188605161,15617
44,1361,3934252.190209281,15617
53,1968,3934252.192043158,15617
59,1658,3934252.193661558,15617
64,89,3934252.195010002,15617
90,1216,3934252.196370366,15617
103,785,3934252.197805611,15617
113,1410,3934252.199212487,15617
7,1996,3934253.056808603,15681
14,1761,3934253.058661119,15681
19,1056,3934253.060496465,15681
21,1596,3934253.062140846,15681
34,1460,3934253.063837169,15681
41,438,3934253.065878960,15681
44,1361,3934253.067462589,15681
53,1968,3934253.069308665,15681
59,1658,3934253.070923526,15681
64,89,3934253.072302530,15681
90,1216,3934253.073687495,15681
103,785,3934253.075122671,15681
113,1410,3934253.076528506,15681
7,1996,3934253.854121930,15745
14,1761,3934253.856352786,15745
19,1056,3934253.858288565,15745
21,1596,3934253.860056909,15745
34,1460,3934253.861684990,15745
41,438,3934253.863161347,15745
44,1361,3934253.865372662,15745
53,1968,3934253.867522366,15745
59,1658,3934253.868987402,15745
64,89,3934253.870412958,15745
90,1216,3934253.871832564,15745
103,785,3934253.873362422,15745
113,1410,3934253.874785858,15745
7,1996,3934254.662067884,15809
14,1761,3934254.665037909,15809
19,1056,3934254.667549081,15809
21,1596,3934254.669882290,15809
34,1460,3934254.672154807,15809
41,438,3934254.674094525,15809
44,1361,3934254.676048274,15809
53,1968,3934254.679113391,15809
59,1658,3934254.681497201,15809
64,89,3934254.683796158,15809
90,1216,3934254.685954152,15809
103,785,3934254.688144307,15809
113,1410,3934254.690193458,15809
7,1996,3934255.459521576,15873
14,1761,3934255.462404618,15873
19,1056,3934255.464902140,15873
21,1596,3934255.467195968,15873
34,1460,3934255.469460495,15873
41,438,3934255.471456334,15873
44,1361,3934255.473414474,15873
53,1968,3934255.476433059,15873
59,1658,3934255.478748407,15873
64,89,3934255.480303796,15873
90,1216,3934255.481551077,15873
103,785,3934255.482808318,15873
113,1410,3934255.483972538,15873
7,1996,3934256.489272679,15937
14,1761,3934256.493835504,15937
19,1056,3934256.496319466,15937
21,1596,3934256.498494630,15937
34,1460,3934256.500440719,15937
41,438,3934256.502215143,15937
44,1361,3934256.503999898,15937
53,1968,3934256.506722246,15937
59,1658,3934256.509933046,15937
64,89,3934256.512072860,15937
90,1216,3934256.514128801,15937
103,785,3934256.516368797,15937
113,1410,3934256.518321976,15937
7,1996,3934257.484157610,16001
14,1761,3934257.486742815,16001
19,1056,3934257.489284639,16001
21,1596,3934257.491641118,16001
34,1460,3934257.493957896,16001
41,438,3934257.495966966,16001
44,1361,3934257.498287934,16001
53,1968,3934257.501331120,16001
59,1658,3934257.503672619,16001
64,89,3934257.505967776,16001
90,1216,3934257.508144591,16001
103,785,3934257.510399707,16001
113,1410,3934257.512472469,16001
113,1410,3934258.465471063,16063
7,1996,3934258.559424533,16065
14,1761,3934258.564019208,16065
19,1056,3934258.568236774,16065
21,1596,3934258.572081900,16065
34,1460,3934258.575596368,16065
41,438,3934258.578744147,16065
44,1361,3934258.582161252,16065
53,1968,3934258.586299446,16065
59,1658,3934258.590539832,16065
64,89,3934258.594168233,16065
90,1216,3934258.597708171,16065
103,785,3934258.601189758,16065
7,1996,3934259.347303426,16129
14,1761,3934259.350183148,16129
19,1056,3934259.352698581,16129
21,1596,3934259.355014909,16129
34,1460,3934259.357284445,16129
41,438,3934259.359257765,16129
44,1361,3934259.361244765,16129
53,1968,3934259.364437385,16129
59,1658,3934259.366542157,16129
64,89,3934259.368618679,16129
90,1216,3934259.370642000,16129
103,785,3934259.372779493,16129
7,1996,3934260.147913227,16193
14,1761,3934260.150759688,16193
19,1056,3934260.153312292,16193
21,1596,3934260.155693771,16193
34,1460,3934260.158141923,16193
41,438,3934260.160180214,16193
44,1361,3934260.162459161,16193
53,1968,3934260.165403594,16193
59,1658,3934260.167756743,16193
64,89,3934260.170141223,16193
90,1216,3934260.172399669,16193
103,785,3934260.174572744,16193
7,1996,3934260.951256846,16257
14,1761,3934260.954036286,16257
19,1056,3934260.956640111,16257
21,1596,3934260.959046421,16257
34,1460,3934260.961468932,16257
41,438,3934260.963523283,16257
44,1361,3934260.965820071,16257
53,1968,3934260.968771214,16257
59,1658,3934260.971151384,16257
64,89,3934260.973477302,16257
90,1216,3934260.975749469,16257
103,785,3934260.977980505,16257
90,1216,3934261.389310827,16292
7,1996,3934261.753400376,16321
14,1761,3934261.756099093,16321
19,1056,3934261.758669278,16321
21,1596,3934261.761272873,16321
34,1460,3934261.763725604,16321
41,438,3934261.765780226,16321
44,1361,3934261.768090814,16321
53,1968,3934261.770914714,16321
59,1658,3934261.773378306,16321
64,89,3934261.775641042,16321
103,785,3934261.777917699,16321
19,1056,3934261.815089649,16326
103,785,3934262.513315559,16382
7,1996,3934262.550959381,16385
14,1761,3934262.553878184,16385
21,1596,3934262.556361366,16385
34,1460,3934262.558796997,16385
41,438,3934262.560986272,16385
44,1361,3934262.563221938,16385
53,1968,3934262.565765031,16385
59,1658,3934262.568098200,16385
64,89,3934262.570074609,16385
7,1996,3934263.345255985,16449
14,1761,3934263.348066585,16449
21,1596,3934263.350613239,16449
34,1460,3934263.353067330,16449
41,438,3934263.355221234,16449
44,1361,3934263.357357027,16449
53,1968,3934263.360122706,16449
59,1658,3934263.362428334,16449
64,89,3934263.364535247,16449
7,1996,3934264.218292108,16513
14,1761,3934264.222088293,16513
21,1596,3934264.225149860,16513
34,1460,3934264.228201096,16513
41,438,3934264.230674558,16513
44,1361,3934264.233284864,16513
53,1968,3934264.236828282,16513
59,1658,3934264.239960760,16513
64,89,3934264.242519695,16513
7,1996,3934265.012860869,16577
14,1761,3934265.016522710,16577
21,1596,3934265.019672059,16577
34,1460,3934265.022805848,16577
41,438,3934265.025391622,16577
44,1361,3934265.028387837,16577
59,1658,3934265.031731621,16577
64,89,3934265.034350256,16577
7,1996,3934265.808917927,16641
14,1761,3934265.812649950,16641
21,1596,3934265.815873891,16641
34,1460,3934265.818965788,16641
41,438,3934265.821568433,16641
44,1361,3934265.824569768,16641
59,1658,3934265.827792989,16641
64,89,3934265.830425025,16641
7,1996,3934266.602285327,16705
14,1761,3934266.604409151,16705
21,1596,3934266.606355159,16705
34,1460,3934266.608225996,16705
41,438,3934266.609719513,16705
44,1361,3934266.611472877,16705
59,1658,3934266.613356624,16705
64,89,3934266.614861272,16705
7,1996,3934267.460219054,16769
14,1761,3934267.462313756,16769
21,1596,3934267.464140562,16769
34,1460,3934267.465970497,16769
41,438,3934267.467413694,16769
44,1361,3934267.469056365,16769
59,1658,3934267.470898771,16769
64,89,3934267.472411599,16769
7,1996,3934268.259256646,16833
14,1761,3934268.261456512,16833
21,1596,3934268.263483462,16833
34,1460,3934268.265355559,16833
41,438,3934268.266921768,16833
44,1361,3934268.268660392,16833
59,1658,3934268.270520848,16833
64,89,3934268.272047146,16833
7,1996,3934269.067464309,16897
14,1761,3934269.069967061,16897
21,1596,3934269.071926371,16897
34,1460,3934269.073735236,16897
41,438,3934269.075221033,16897
44,1361,3934269.076749661,16897
59,1658,3934269.078697670,16897
64,89,3934269.080221478,16897
7,1996,3934269.875648770,16961
14,1761,3934269.878681546,16961
21,1596,3934269.880637335,16961
34,1460,3934269.882488942,16961
41,438,3934269.884028850,16961
44,1361,3934269.885928428,16961
59,1658,3934269.888313618,16961
64,89,3934269.890918643,16961
7,1996,3934270.876827992,17025
14,1761,3934270.880493543,17025
21,1596,3934270.883935850,17025
34,1460,3934270.887188821,17025
41,438,3934270.889867408,17025
44,1361,3934270.892901554,17025
59,1658,3934270.896150975,17025
64,89,3934270.898810891,17025
7,1996,3934271.852894334,17089
14,1761,3934271.855127090,17089
21,1596,3934271.857108710,17089
34,1460,3934271.858964196,17089
41,438,3934271.860519035,17089
44,1361,3934271.862265279,17089
59,1658,3934271.864161236,17089
64,89,3934271.865672774,17089
7,1996,3934272.921490802,17153
14,1761,3934272.923741269,17153
21,1596,3934272.925699888,17153
34,1460,3934272.927575465,17153
41,438,3934272.929140154,17153
44,1361,3934272.930886917,17153
59,1658,3934272.932800836,17153
64,89,3934272.934361424,17153
7,1996,3934273.727229583,17217
14,1761,3934273.729404638,17217
21,1596,3934273.731361627,17217
34,1460,3934273.733188393,17217
41,438,3934273.734746082,17217
44,1361,3934273.736495326,17217
59,1658,3934273.738384363,17217
64,89,3934273.739981163,17217
7,1996,3934274.534487332,17281
14,1761,3934274.536658376,17281
21,1596,3934274.538632256,17281
34,1460,3934274.540502323,17281
41,438,3934274.542041171,17281
44,1361,3934274.543786305,17281
59,1658,3934274.545688522,17281
64,89,3934274.547247801,17281
7,1996,3934275.343308571,17345
14,1761,3934275.345421644,17345
21,1596,3934275.347389703,17345
34,1460,3934275.349265680,17345
41,438,3934275.350827669,17345
44,1361,3934275.352556752,17345
59,1658,3934275.354473400,17345
64,89,3934275.356034599,17345
7,1996,3934276.152338684,17409
14,1761,3934276.154596201,17409
21,1596,3934276.156569260,17409
34,1460,3934276.158420897,17409
41,438,3934276.159992136,17409
44,1361,3934276.161779471,17409
59,1658,3934276.163663428,17409
64,89,3934276.165229807,17409
7,1996,3934276.962889766,17473
14,1761,3934276.965116292,17473
21,1596,3934276.967100882,17473
34,1460,3934276.968975369,17473
41,438,3934276.970538628,17473
44,1361,3934276.972378644,17473
59,1658,3934276.974299602,17473
64,89,3934276.975840990,17473
7,1996,3934277.773726435,17537
14,1761,3934277.775940971,17537
21,1596,3934277.777925411,17537
34,1460,3934277.779818738,17537
41,438,3934277.781407648,17537
44,1361,3934277.783229543,17537
59,1658,3934277.785161502,17537
64,89,3934277.786724821,17537
7,1996,3934278.665930201,17601
14,1761,3934278.668399863,17601
21,1596,3934278.670363532,17601
34,1460,3934278.672213418,17601
41,438,3934278.673843059,17601
44,1361,3934278.675447549,17601
59,1658,3934278.677450479,17601
64,89,3934278.679081430,17601
7,1996,3934279.480414741,17665
14,1761,3934279.482680348,17665
21,1596,3934279.484708019,17665
34,1460,3934279.486744330,17665
41,438,3934279.488342879,17665
44,1361,3934279.490274078,17665
59,1658,3934279.492247307,17665
64,89,3934279.493807176,17665
7,1996,3934280.295822625,17729
14,1761,3934280.298253096,17729
21,1596,3934280.300303217,17729
34,1460,3934280.302252226,17729
41,438,3934280.303867176,17729
44,1361,3934280.305789904,17729
59,1658,3934280.307809405,17729
64,89,3934280.309409295,17729
7,1996,3934281.113346462,17793
14,1761,3934281.115665510,17793
21,1596,3934281.117713741,17793
34,1460,3934281.119756872,17793
41,438,3934281.121295221,17793
44,1361,3934281.123206479,17793
59,1658,3934281.125134647,17793
64,89,3934281.126723976,17793
7,1996,3934281.987038524,17857
14,1761,3934281.989335712,17857
21,1596,3934281.991523577,17857
34,1460,3934281.993310141,17857
41,438,3934281.994818869,17857
44,1361,3934281.996778008,17857
59,1658,3934281.998692456,17857
64,89,3934282.000288816,17857
7,1996,3934282.808534091,17921
14,1761,3934282.810749626,17921
21,1596,3934282.812922111,17921
34,1460,3934282.814717426,17921
41,438,3934282.816251524,17921
44,1361,3934282.818152501,17921
59,1658,3934282.820077220,17921
64,89,3934282.821684690,17921
7,1996,3934283.639712740,17985
14,1761,3934283.642241993,17985
21,1596,3934283.644465549,17985
34,1460,3934283.646251954,17985
41,438,3934283.647797462,17985
44,1361,3934283.649624998,17985
59,1658,3934283.651620988,17985
64,89,3934283.653242569,17985
21,1596,3934283.819198661,17999
7,1996,3934284.506163341,18049
14,1761,3934284.508753736,18049
34,1460,3934284.511012923,18049
41,438,3934284.512543271,18049
44,1361,3934284.514270235,18049
59,1658,3934284.516310386,18049
64,89,3934284.517981307,18049
7,1996,3934285.540592497,18113
14,1761,3934285.544783242,18113
34,1460,3934285.548678429,18113
41,438,3934285.551405037,18113
44,1361,3934285.554389202,18113
59,1658,3934285.557791767,18113
64,89,3934285.560733721,18113
7,1996,3934286.483130923,18177
14,1761,3934286.485349318,18177
34,1460,3934286.487564244,18177
41,438,3934286.489126673,18177
44,1361,3934286.490854636,18177
59,1658,3934286.492930548,18177
64,89,3934286.494564289,18177
59,1658,3934286.803915650,18200
7,1996,3934287.561096998,18241
14,1761,3934287.563488708,18241
34,1460,3934287.565683162,18241
41,438,3934287.567251442,18241
44,1361,3934287.568988115,18241
64,89,3934287.570731329,18241
7,1996,3934288.378554254,18305
14,1761,3934288.381228041,18305
34,1460,3934288.383511868,18305
41,438,3934288.385095588,18305
44,1361,3934288.386835211,18305
64,89,3934288.388465672,18305
7,1996,3934289.195897157,18369
14,1761,3934289.198638816,18369
34,1460,3934289.200900653,18369
41,438,3934289.202485092,18369
44,1361,3934289.204243236,18369
64,89,3934289.205875387,18369
7,1996,3934290.012391580,18433
14,1761,3934290.014593875,18433
34,1460,3934290.016787900,18433
41,438,3934290.018561794,18433
44,1361,3934290.020410660,18433
64,89,3934290.022034331,18433
7,1996,3934290.829677152,18497
14,1761,3934290.832138714,18497
34,1460,3934290.834328638,18497
41,438,3934290.836130523,18497
44,1361,3934290.837950359,18497
64,89,3934290.839586000,18497
7,1996,3934291.649914728,18561
14,1761,3934291.652398090,18561
34,1460,3934291.654611826,18561
41,438,3934291.656427291,18561
44,1361,3934291.658305318,18561
64,89,3934291.659923669,18561
7,1996,3934292.471140279,18625
14,1761,3934292.473536399,18625
34,1460,3934292.475735784,18625
41,438,3934292.477546719,18625
44,1361,3934292.479433227,18625
64,89,3934292.481088588,18625
7,1996,3934293.367969242,18689
14,1761,3934293.370579047,18689
34,1460,3934293.372951637,18689
41,438,3934293.374869615,18689
44,1361,3934293.376883945,18689
64,89,3934293.378549617,18689
7,1996,3934294.190901126,18753
14,1761,3934294.193472580,18753
34,1460,3934294.195630974,18753
41,438,3934294.197371178,18753
44,1361,3934294.199268185,18753
64,89,3934294.201031260,18753
7,1996,3934295.015054631,18817
14,1761,3934295.017791569,18817
34,1460,3934295.019874751,18817
41,438,3934295.021602915,18817
44,1361,3934295.023442361,18817
64,89,3934295.025169164,18817
7,1996,3934295.894337575,18881
14,1761,3934295.897824722,18881
34,1460,3934295.899902854,18881
41,438,3934295.901597697,18881
44,1361,3934295.903439963,18881
64,89,3934295.905157706,18881
7,1996,3934296.718613763,18945
14,1761,3934296.720997122,18945
34,1460,3934296.723075084,18945
41,438,3934296.724792227,18945
44,1361,3934296.726613863,18945
64,89,3934296.728334006,18945
7,1996,3934297.562082081,19009
14,1761,3934297.564568523,19009
34,1460,3934297.566654875,19009
41,438,3934297.568389349,19009
44,1361,3934297.570069201,19009
64,89,3934297.571814435,19009
7,1996,3934298.391873197,19073
14,1761,3934298.394526484,19073
34,1460,3934298.396621036,19073
41,438,3934298.398349849,19073
44,1361,3934298.400204026,19073
64,89,3934298.401925209,19073
7,1996,3934299.256048504,19137
14,1761,3934299.258846474,19137
34,1460,3934299.260989468,19137
41,438,3934299.262758832,19137
44,1361,3934299.264624868,19137
64,89,3934299.266367132,19137
7,1996,3934300.448066665,19201
14,1761,3934300.452327082,19201
34,1460,3934300.456112367,19201
41,438,3934300.459180503,19201
44,1361,3934300.462442035,19201
64,89,3934300.465460831,19201
7,1996,3934301.295867092,19265
14,1761,3934301.298645622,19265
34,1460,3934301.300741884,19265
41,438,3934301.302499168,19265
44,1361,3934301.304379485,19265
64,89,3934301.306131499,19265
7,1996,3934302.377259766,19329
14,1761,3934302.380009025,19329
34,1460,3934302.382161188,19329
41,438,3934302.383893302,19329
44,1361,3934302.385766009,19329
64,89,3934302.387531413,19329
7,1996,3934303.199105983,19392
14,1761,3934303.211578496,19393
34,1460,3934303.214102609,19393
41,438,3934303.216079748,19393
44,1361,3934303.218156310,19393
64,89,3934303.219907124,19393
14,1761,3934304.037968977,19457
34,1460,3934304.040278965,19457
41,438,3934304.042239194,19457
44,1361,3934304.044363657,19457
64,89,3934304.046098761,19457
14,1761,3934304.865667782,19521
34,1460,3934304.868068692,19521
41,438,3934304.870016041,19521
44,1361,3934304.872143544,19521
64,89,3934304.873929859,19521
14,1761,3934305.695239973,19585
34,1460,3934305.697619923,19585
41,438,3934305.699597272,19585
44,1361,3934305.701722165,19585
64,89,3934305.703501680,19585
14,1761,3934306.525992574,19649
34,1460,3934306.528437315,19649
41,438,3934306.530468786,19649
44,1361,3934306.532628631,19649
64,89,3934306.534404455,19649
14,1761,3934307.427136497,19713
34,1460,3934307.429687681,19713
41,438,3934307.431544838,19713
44,1361,3934307.433507137,19713
64,89,3934307.435373473,19713
14,1761,3934307.959528942,19754
34,1460,3934308.252380281,19777
41,438,3934308.254597316,19777
44,1361,3934308.256788831,19777
64,89,3934308.258820322,19777
34,1460,3934309.068876395,19841
41,438,3934309.071086801,19841
44,1361,3934309.073307146,19841
64,89,3934309.075312147,19841
34,1460,3934309.885853252,19905
41,438,3934309.888201861,19905
44,1361,3934309.890408686,19905
64,89,3934309.892448107,19905
34,1460,3934310.758075712,19969
41,438,3934310.760282057,19969
44,1361,3934310.762664247,19969
64,89,3934310.764387690,19969
34,1460,3934311.578321900,20033
41,438,3934311.580495235,20033
44,1361,3934311.582717811,20033
64,89,3934311.584759312,20033
34,1460,3934312.417567465,20097
41,438,3934312.419786651,20097
44,1361,3934312.422019047,20097
64,89,3934312.424062258,20097
34,1460,3934313.280434201,20161
41,438,3934313.284033621,20161
44,1361,3934313.287956969,20161
64,89,3934313.290775950,20161
44,1361,3934313.691799556,20192
34,1460,3934314.333394804,20225
41,438,3934314.337238230,20225
64,89,3934314.340667706,20225
34,1460,3934315.267937614,20289
41,438,3934315.270070758,20289
64,89,3934315.272050247,20289
34,1460,3934316.351264018,20353
41,438,3934316.353435623,20353
64,89,3934316.355399512,20353
34,1460,3934317.163237151,20417
41,438,3934317.165585529,20417
64,89,3934317.167577479,20417
34,1460,3934317.973372057,20481
41,438,3934317.975599123,20481
64,89,3934317.977584002,20481
34,1460,3934318.786222502,20545
41,438,3934318.788400956,20545
64,89,3934318.790392516,20545
34,1460,3934319.602313178,20609
41,438,3934319.604388029,20609
64,89,3934319.606201025,20609
34,1460,3934320.417812769,20673
41,438,3934320.420134347,20673
64,89,3934320.421942332,20673
34,1460,3934321.233020342,20737
41,438,3934321.235534105,20737
64,89,3934321.237418692,20737
34,1460,3934322.123258684,20801
41,438,3934322.125455839,20801
64,89,3934322.127313046,20801
34,1460,3934322.942749185,20865
41,438,3934322.944959651,20865
64,89,3934322.946796027,20865
34,1460,3934323.763875118,20929
41,438,3934323.766104254,20929
64,89,3934323.767939799,20929
34,1460,3934324.198432775,20963
41,438,3934324.636108399,20993
64,89,3934324.639647398,20993
41,438,3934325.445548769,21057
64,89,3934325.449211251,21057
41,438,3934326.255244296,21121
64,89,3934326.258823875,21121
41,438,3934327.073404434,21185
64,89,3934327.075809594,21185
41,438,3934327.927338348,21249
64,89,3934327.929436541,21249
41,438,3934329.009808822,21313
64,89,3934329.013357931,21313
41,438,3934329.935316488,21377
64,89,3934329.937454411,21377
41,438,3934330.996500750,21441
64,89,3934330.998640833,21441
41,438,3934331.811549571,21505
64,89,3934331.813647304,21505
41,438,3934332.629056064,21569
64,89,3934332.631191467,21569
41,438,3934333.449048188,21633
64,89,3934333.451195002,21633
41,438,3934334.269471984,21697
64,89,3934334.271605958,21697
41,438,3934335.090911636,21761
64,89,3934335.093056910,21761
41,438,3934335.913502456,21825
64,89,3934335.915610779,21825
41,438,3934336.816931750,21889
64,89,3934336.819204237,21889
41,438,3934337.643290345,21953
64,89,3934337.645464780,21953
41,438,3934338.469538707,22017
64,89,3934338.471663730,22017
41,438,3934339.355765941,22081
64,89,3934339.357905254,22081
41,438,3934340.184307291,22145
64,89,3934340.186509466,22145
41,438,3934341.022211165,22209
64,89,3934341.024362499,22209
41,438,3934341.851659948,22273
64,89,3934341.853783501,22273
41,438,3934342.801792931,22337
64,89,3934342.805906784,22337
41,438,3934343.888926825,22401
64,89,3934343.891116359,22401
41,438,3934344.746171523,22465
64,89,3934344.748368558,22465
41,438,3934345.824963478,22529
64,89,3934345.827183804,22529
41,438,3934346.659447667,22593
64,89,3934346.661648022,22593
41,438,3934347.495479386,22657
64,89,3934347.497787593,22657
41,438,3934348.331452662,22721
64,89,3934348.333703749,22721
41,438,3934349.166535177,22785
64,89,3934349.168790883,22785
41,438,3934350.002900674,22849
64,89,3934350.005127669,22849
41,438,3934350.922363451,22913
64,89,3934350.924657998,22913
41,438,3934351.761960498,22977
64,89,3934351.764220835,22977
41,438,3934352.600157391,23041
64,89,3934352.602399307,23041
41,438,3934353.507431693,23105
64,89,3934353.511461694,23105
41,438,3934354.347650807,23169
64,89,3934354.349918934,23169
41,438,3934355.191373059,23233
64,89,3934355.193722738,23233
41,438,3934356.035844469,23297
64,89,3934356.038130156,23297
41,438,3934356.900625377,23361
64,89,3934356.902882304,23361
41,438,3934358.096825793,23425
64,89,3934358.099101550,23425
41,438,3934358.969801517,23489
64,89,3934358.972156226,23489
41,438,3934360.028389318,23553
64,89,3934360.030658325,23553
41,438,3934360.878850639,23617
64,89,3934360.881181237,23617
41,438,3934361.734681524,23681
64,89,3934361.738855789,23681
41,438,3934362.588397366,23745
64,89,3934362.592365466,23745
41,438,3934363.442864978,23809
64,89,3934363.446858418,23809
41,438,3934364.296247262,23873
64,89,3934364.299396531,23873
41,438,3934365.228170543,23937
64,89,3934365.232147132,23937
41,438,3934366.086090751,24001
64,89,3934366.090090341,24001
41,438,3934366.943299651,24065
64,89,3934366.947390244,24065
41,438,3934367.802539823,24129
64,89,3934367.806608525,24129
41,438,3934368.722434143,24193
64,89,3934368.726560076,24193
41,438,3934369.590595598,24257
64,89,3934369.594759252,24257
41,438,3934370.453024589,24321
64,89,3934370.457224255,24321
41,438,3934371.346259632,24385
64,89,3934371.350679913,24385
41,438,3934372.537075515,24449
64,89,3934372.541369903,24449
41,438,3934373.436098423,24513
64,89,3934373.440363090,24513
41,438,3934374.494236845,24577
64,89,3934374.498674376,24577
41,438,3934375.359989661,24641
64,89,3934375.364248517,24641
41,438,3934376.227833428,24705
64,89,3934376.232114675,24705
41,438,3934377.095026220,24769
64,89,3934377.099676306,24769
41,438,3934377.962274913,24833
64,89,3934377.966626132,24833
41,438,3934378.830702685,24897
64,89,3934378.834974882,24897
41,438,3934379.774606028,24961
64,89,3934379.777207313,24961
41,438,3934380.646038806,25025
64,89,3934380.648662232,25025
41,438,3934381.517458384,25089
64,89,3934381.520024038,25089
41,438,3934382.392202725,25153
64,89,3934382.394774149,25153
41,438,3934383.322109047,25217
64,89,3934383.324733163,25217
41,438,3934384.198886069,25281
64,89,3934384.201515805,25281
41,438,3934385.075665372,25345
64,89,3934385.078225256,25345
41,438,3934385.975298617,25409
64,89,3934385.977916962,25409
41,438,3934387.133586318,25473
64,89,3934387.137987518,25473
41,438,3934388.089755018,25537
64,89,3934388.092347023,25537
41,438,3934389.171889233,25601
64,89,3934389.174513198,25601
41,438,3934390.054606394,25665
64,89,3934390.057089646,25665
41,438,3934390.940770162,25729
64,89,3934390.943267265,25729
41,438,3934391.825829133,25793
64,89,3934391.828353456,25793
41,438,3934392.711093338,25857
64,89,3934392.713612701,25857
41,438,3934393.598901068,25921
64,89,3934393.601556924,25921
41,438,3934394.487141888,25985
64,89,3934394.489771854,25985
41,438,3934395.376376644,26049
64,89,3934395.378976789,26049
41,438,3934396.337171951,26113
64,89,3934396.339789596,26113
41,438,3934397.307047756,26177
64,89,3934397.309665452,26177
41,438,3934398.199811469,26241
64,89,3934398.202433425,26241
41,438,3934399.092757728,26305
64,89,3934399.095452626,26305
41,438,3934400.038705304,26369
64,89,3934400.042628052,26369
41,438,3934401.076680615,26433
64,89,3934401.080642704,26433
41,438,3934402.125898417,26497
64,89,3934402.128608335,26497
41,438,3934403.277407850,26561
64,89,3934403.280197990,26561
41,438,3934404.173702073,26625
64,89,3934404.176487173,26625
41,438,3934405.071540835,26689
64,89,3934405.074267834,26689
41,438,3934405.971689285,26753
64,89,3934405.974574967,26753
41,438,3934406.871258451,26817
64,89,3934406.874051571,26817
41,438,3934407.770704553,26881
64,89,3934407.773513513,26881
41,438,3934408.671389457,26945
64,89,3934408.674261468,26945
41,438,3934409.575096576,27009
64,89,3934409.577942857,27009
41,438,3934410.556425279,27073
64,89,3934410.559304371,27073
41,438,3934411.459652887,27137
64,89,3934411.462515928,27137
41,438,3934412.416857106,27201
64,89,3934412.419684917,27201
41,438,3934413.324113645,27265
64,89,3934413.326957106,27265
41,438,3934414.240624385,27329
64,89,3934414.243831955,27329
41,438,3934415.179993148,27393
64,89,3934415.182916901,27393
41,438,3934416.427626560,27457
64,89,3934416.430504892,27457
41,438,3934417.613814595,27521
64,89,3934417.616745308,27521
41,438,3934418.528628993,27585
64,89,3934418.531476994,27585
41,438,3934419.442072247,27649
64,89,3934419.444899008,27649
41,438,3934420.357309466,27713
64,89,3934420.360223669,27713
41,438,3934421.275944231,27777
64,89,3934421.278937076,27777
41,438,3934422.193337304,27841
64,89,3934422.196294368,27841
41,438,3934423.111671871,27905
64,89,3934423.114545273,27905
41,438,3934424.030288165,27969
64,89,3934424.033259240,27969
41,438,3934425.024531574,28033
64,89,3934425.027449377,28033
41,438,3934425.985968020,28097
64,89,3934425.991280013,28097
41,438,3934426.905290233,28161
64,89,3934426.908234147,28161
41,438,3934427.830438541,28225
64,89,3934427.833596170,28225
41,438,3934428.755124648,28289
64,89,3934428.758654276,28289
41,438,3934429.908944463,28353
64,89,3934429.914625165,28353
41,438,3934430.931680055,28417
64,89,3934430.934879575,28417
41,438,3934432.073310465,28481
64,89,3934432.076401233,28481
41,438,3934433.003118851,28545
64,89,3934433.006286970,28545
41,438,3934433.933168753,28609
64,89,3934433.936357892,28609
41,438,3934434.862122117,28673
64,89,3934434.865357528,28673
41,438,3934435.792659651,28737
64,89,3934435.795639915,28737
41,438,3934436.724090627,28801
64,89,3934436.727281907,28801
41,438,3934437.723962538,28865
64,89,3934437.727260891,28865
41,438,3934438.656951444,28929
64,89,3934438.660184375,28929
41,438,3934439.591124299,28993
64,89,3934439.594347010,28993
41,438,3934440.573848360,29057
64,89,3934440.577146783,29057
41,438,3934441.514372705,29121
64,89,3934441.517642377,29121
41,438,3934442.452234523,29185
64,89,3934442.455503625,29185
41,438,3934443.418539724,29249
64,89,3934443.421908028,29249
41,438,3934444.685504735,29313
64,89,3934444.691142336,29313
41,438,3934445.662038692,29377
64,89,3934445.665285363,29377
41,438,3934446.792538685,29441
64,89,3934446.795891709,29441
41,438,3934447.736387273,29505
64,89,3934447.739621245,29505
41,438,3934448.683527805,29569
64,89,3934448.686831817,29569
64,89,3934449.649424536,29616
41,438,3934449.874238116,29633
41,438,3934450.775090889,29697
41,438,3934451.677440788,29761
41,438,3934452.580578868,29825
41,438,3934453.549187147,29889
41,438,3934454.458750708,29953
41,438,3934455.186785092,30000
