request_id,dataset_index,timestamp_s,decoded_tokens
0,424,3899419.733625818,1
6,424,3899419.844693969,1
2,424,3899419.845385186,1
16,424,3899419.845484189,1
4,424,3899419.845554750,1
11,424,3899419.845622742,1
3,424,3899419.845686994,1
5,424,3899419.845749205,1
7,424,3899419.845817847,1
10,424,3899419.846475814,1
1,424,3899419.846582286,1
13,424,3899419.846654318,1
9,424,3899419.846729360,1
12,424,3899419.846800592,1
14,424,3899419.846864243,1
15,424,3899419.846922705,1
8,424,3899419.846978546,1
17,424,3899419.848160416,1
24,424,3899419.848246868,1
29,424,3899419.848311810,1
31,424,3899419.848370802,1
19,424,3899419.848434873,1
22,424,3899419.848499295,1
32,424,3899419.848566736,1
23,424,3899419.848626168,1
18,424,3899419.848682869,1
21,424,3899419.848740801,1
30,424,3899419.848795722,1
28,424,3899419.848858914,1
26,424,3899419.848919465,1
25,424,3899419.848985297,1
27,424,3899419.849053569,1
20,424,3899419.849109510,1
35,424,3899419.849176342,1
33,424,3899419.849236303,1
34,424,3899419.849290935,1
41,424,3899419.875443107,1
51,424,3899419.875904278,1
38,424,3899419.875987910,1
46,424,3899419.876073482,1
39,424,3899419.876131524,1
45,424,3899419.876189515,1
42,424,3899419.876863132,1
48,424,3899419.876948754,1
40,424,3899419.877031607,1
49,424,3899419.877096578,1
43,424,3899419.877156270,1
37,424,3899419.877212661,1
44,424,3899419.877269423,1
50,424,3899419.877323174,1
47,424,3899419.877383596,1
36,424,3899419.877441207,1
56,424,3899419.878276528,1
60,424,3899419.878359250,1
63,424,3899419.878421472,1
53,424,3899419.878478363,1
59,424,3899419.878542545,1
61,424,3899419.878602267,1
67,424,3899419.878659338,1
66,424,3899419.878713499,1
62,424,3899419.878771401,1
54,424,3899419.878844373,1
52,424,3899419.878911104,1
65,424,3899419.880344300,1
58,424,3899419.880430973,1
64,424,3899419.880498134,1
57,424,3899419.880557576,1
55,424,3899419.880615047,1
68,424,3899419.880669879,1
80,424,3899419.880734700,1
82,424,3899419.880798502,1
70,424,3899419.880854603,1
81,424,3899419.880914275,1
69,424,3899419.880970206,1
75,424,3899419.881042858,1
74,424,3899419.881110960,1
78,424,3899419.881169891,1
72,424,3899419.881225593,1
79,424,3899419.881279294,1
76,424,3899419.881334665,1
83,424,3899419.881394867,1
71,424,3899419.881448759,1
73,424,3899419.881503140,1
77,424,3899419.881569891,1
90,424,3899419.882738181,1
88,424,3899419.882826533,1
94,424,3899419.882889995,1
91,424,3899419.882953017,1
99,424,3899419.883027728,1
98,424,3899419.883086140,1
85,424,3899419.883141321,1
86,424,3899419.883192663,1
84,424,3899419.883244214,1
96,424,3899419.883306495,1
95,424,3899419.883361837,1
97,424,3899419.883415838,1
87,424,3899419.883473400,1
92,424,3899419.883538731,1
89,424,3899419.883603443,1
93,424,3899419.883672015,1
110,424,3899419.885265585,1
106,424,3899419.885344117,1
105,424,3899419.885412289,1
102,424,3899419.885481281,1
109,424,3899419.885549112,1
108,424,3899419.885624654,1
111,424,3899419.885687846,1
113,424,3899419.885743017,1
100,424,3899419.887275406,1
112,424,3899419.887341157,1
107,424,3899419.887395039,1
115,424,3899419.887448700,1
104,424,3899419.887514762,1
114,424,3899419.887567653,1
103,424,3899419.887620424,1
101,424,3899419.887670536,1
120,424,3899419.887720807,1
118,424,3899419.887779789,1
124,424,3899419.887836150,1
122,424,3899419.887897051,1
117,424,3899419.887951973,1
125,424,3899419.888016325,1
123,424,3899419.888082296,1
119,424,3899419.888140658,1
121,424,3899419.888196869,1
126,424,3899419.888247960,1
116,424,3899419.888309802,1
6,424,3899420.541509650,65
2,424,3899420.541647124,65
4,424,3899420.542402723,65
11,424,3899420.542504735,65
3,424,3899420.542581197,65
0,424,3899420.542677990,65
5,424,3899420.542770842,65
7,424,3899420.542847784,65
10,424,3899420.542916656,65
1,424,3899420.543016378,65
13,424,3899420.543096910,65
9,424,3899420.543171032,65
12,424,3899420.543575182,65
14,424,3899420.543666735,65
15,424,3899420.543739247,65
8,424,3899420.543821379,65
17,424,3899420.544782323,65
24,424,3899420.544888836,65
29,424,3899420.544968238,65
16,424,3899420.545072100,65
19,424,3899420.545147782,65
22,424,3899420.545218694,65
31,424,3899420.545284036,65
23,424,3899420.545351007,65
18,424,3899420.545414229,65
21,424,3899420.545478281,65
30,424,3899420.545551332,65
28,424,3899420.545618564,65
26,424,3899420.545692076,65
25,424,3899420.545758928,65
27,424,3899420.545823279,65
20,424,3899420.545893581,65
41,424,3899420.546895486,65
35,424,3899420.547024690,65
32,424,3899420.547107242,65
38,424,3899420.547180264,65
33,424,3899420.547247195,65
39,424,3899420.547324337,65
45,424,3899420.547393289,65
42,424,3899420.547464011,65
46,424,3899420.547529873,65
40,424,3899420.547593904,65
43,424,3899420.547655866,65
37,424,3899420.547725347,65
44,424,3899420.547802399,65
34,424,3899420.547877141,65
47,424,3899420.547944923,65
36,424,3899420.548031965,65
56,424,3899420.549782459,65
51,424,3899420.549898633,65
60,424,3899420.549976134,65
63,424,3899420.550064797,65
53,424,3899420.550132418,65
59,424,3899420.550204160,65
61,424,3899420.550273592,65
49,424,3899420.550338833,65
48,424,3899420.550401575,65
62,424,3899420.550473247,65
54,424,3899420.550539299,65
52,424,3899420.550608260,65
58,424,3899420.550673072,65
50,424,3899420.550742274,65
57,424,3899420.550804155,65
55,424,3899420.550864887,65
68,424,3899420.550925228,65
70,424,3899420.550997100,65
69,424,3899420.551081903,65
67,424,3899420.551155484,65
73,424,3899420.551221946,65
66,424,3899420.551299668,65
75,424,3899420.551371200,65
74,424,3899420.551446242,65
78,424,3899420.551513253,65
65,424,3899420.551580435,65
72,424,3899420.551643367,65
76,424,3899420.551710348,65
79,424,3899420.551774740,65
71,424,3899420.551835211,65
64,424,3899420.551897813,65
77,424,3899420.551961455,65
90,424,3899420.553891634,65
88,424,3899420.553986166,65
94,424,3899420.554083479,65
80,424,3899420.554167470,65
82,424,3899420.554239852,65
81,424,3899420.554310424,65
91,424,3899420.554384076,65
92,424,3899420.554454798,65
84,424,3899420.554520090,65
85,424,3899420.554583371,65
86,424,3899420.554645302,65
95,424,3899420.554706574,65
87,424,3899420.554768486,65
83,424,3899420.554838207,65
89,424,3899420.554903119,65
93,424,3899420.554966171,65
110,424,3899420.555044133,65
106,424,3899420.555111974,65
105,424,3899420.555177196,65
102,424,3899420.555240858,65
109,424,3899420.555302999,65
99,424,3899420.555364971,65
108,424,3899420.555428653,65
111,424,3899420.555491964,65
98,424,3899420.555556336,65
96,424,3899420.555620227,65
100,424,3899420.555682099,65
107,424,3899420.555744590,65
97,424,3899420.555804272,65
104,424,3899420.555865913,65
103,424,3899420.555926315,65
101,424,3899420.555987167,65
120,424,3899420.556964721,65
118,424,3899420.557078314,65
124,424,3899420.557152456,65
122,424,3899420.557219688,65
113,424,3899420.557281189,65
117,424,3899420.557342321,65
112,424,3899420.557401852,65
125,424,3899420.557461864,65
123,424,3899420.557532136,65
126,424,3899420.557597827,65
115,424,3899420.557665359,65
119,424,3899420.557726840,65
121,424,3899420.557788512,65
114,424,3899420.557847754,65
116,424,3899420.557906785,65
6,424,3899421.017125985,129
2,424,3899421.017589367,129
4,424,3899421.017696889,129
11,424,3899421.017780681,129
3,424,3899421.017873364,129
0,424,3899421.017968566,129
5,424,3899421.018668644,129
7,424,3899421.018771697,129
10,424,3899421.018857109,129
1,424,3899421.018947121,129
13,424,3899421.019051933,129
9,424,3899421.019141696,129
12,424,3899421.019227798,129
14,424,3899421.019306090,129
15,424,3899421.019385262,129
8,424,3899421.019467804,129
17,424,3899421.020487480,129
24,424,3899421.020598073,129
29,424,3899421.020683915,129
16,424,3899421.020767557,129
19,424,3899421.020844989,129
22,424,3899421.020919521,129
31,424,3899421.020996523,129
23,424,3899421.021091165,129
18,424,3899421.021167787,129
21,424,3899421.021241419,129
30,424,3899421.021313331,129
28,424,3899421.021384703,129
26,424,3899421.021465415,129
25,424,3899421.021554117,129
27,424,3899421.021641169,129
20,424,3899421.021725991,129
41,424,3899421.022764458,129
35,424,3899421.022880690,129
32,424,3899421.022970073,129
38,424,3899421.023068555,129
33,424,3899421.023150817,129
39,424,3899421.023236690,129
45,424,3899421.023318041,129
42,424,3899421.023401044,129
46,424,3899421.023478676,129
40,424,3899421.023554187,129
43,424,3899421.023631789,129
37,424,3899421.023712342,129
44,424,3899421.023788653,129
34,424,3899421.023862225,129
47,424,3899421.023935877,129
36,424,3899421.024027890,129
56,424,3899421.025635190,129
51,424,3899421.025760933,129
60,424,3899421.025850106,129
63,424,3899421.025933198,129
53,424,3899421.026025800,129
59,424,3899421.026116752,129
61,424,3899421.026201705,129
49,424,3899421.026279747,129
48,424,3899421.026356638,129
62,424,3899421.026437400,129
54,424,3899421.026522963,129
52,424,3899421.026620115,129
58,424,3899421.026699787,129
50,424,3899421.026775339,129
57,424,3899421.026847961,129
55,424,3899421.026921453,129
68,424,3899421.026994665,129
70,424,3899421.027085557,129
69,424,3899421.027157019,129
67,424,3899421.027235261,129
73,424,3899421.027311242,129
66,424,3899421.027383074,129
75,424,3899421.027463137,129
74,424,3899421.027542239,129
78,424,3899421.027617760,129
65,424,3899421.027691102,129
72,424,3899421.027764724,129
76,424,3899421.027841786,129
79,424,3899421.029876387,129
71,424,3899421.029985270,129
64,424,3899421.030089523,129
77,424,3899421.030169085,129
90,424,3899421.030247707,129
88,424,3899421.030328919,129
94,424,3899421.030410321,129
80,424,3899421.030505493,129
82,424,3899421.030602556,129
81,424,3899421.030695388,129
91,424,3899421.030779920,129
92,424,3899421.030862232,129
84,424,3899421.030938154,129
85,424,3899421.031028327,129
86,424,3899421.031108879,129
95,424,3899421.031184340,129
87,424,3899421.031256922,129
83,424,3899421.031339264,129
89,424,3899421.031418806,129
93,424,3899421.031500628,129
110,424,3899421.031591291,129
106,424,3899421.031685113,129
105,424,3899421.031764995,129
102,424,3899421.031841247,129
109,424,3899421.031912829,129
99,424,3899421.031984651,129
108,424,3899421.032076953,129
111,424,3899421.032153095,129
98,424,3899421.032225867,129
96,424,3899421.032298549,129
100,424,3899421.032373431,129
107,424,3899421.032445472,129
97,424,3899421.032515624,129
104,424,3899421.032586646,129
103,424,3899421.032665318,129
101,424,3899421.032740330,129
120,424,3899421.033914810,129
118,424,3899421.034039353,129
124,424,3899421.034129575,129
122,424,3899421.034211957,129
113,424,3899421.034290759,129
117,424,3899421.034366611,129
112,424,3899421.034441503,129
125,424,3899421.034516845,129
123,424,3899421.034600717,129
126,424,3899421.034678359,129
115,424,3899421.034759231,129
119,424,3899421.034836913,129
121,424,3899421.034912315,129
114,424,3899421.034988597,129
116,424,3899421.035079609,129
6,424,3899421.752315578,193
2,424,3899421.752810540,193
4,424,3899421.752946693,193
11,424,3899421.753108347,193
3,424,3899421.753232201,193
0,424,3899421.753342653,193
5,424,3899421.753446316,193
7,424,3899421.753547249,193
10,424,3899421.754177574,193
1,424,3899421.754312428,193
13,424,3899421.754423111,193
9,424,3899421.754526923,193
12,424,3899421.754626516,193
14,424,3899421.754720668,193
15,424,3899421.754811851,193
8,424,3899421.754910183,193
17,424,3899421.755829456,193
24,424,3899421.755900858,193
29,424,3899421.755959190,193
16,424,3899421.756032732,193
19,424,3899421.756091823,193
22,424,3899421.756144414,193
31,424,3899421.756194876,193
23,424,3899421.756246517,193
18,424,3899421.756296778,193
21,424,3899421.756346160,193
30,424,3899421.756396421,193
28,424,3899421.756444722,193
26,424,3899421.756498533,193
25,424,3899421.756558085,193
27,424,3899421.756655847,193
20,424,3899421.756762650,193
41,424,3899421.757790066,193
35,424,3899421.757917899,193
32,424,3899421.758031412,193
38,424,3899421.758128434,193
33,424,3899421.758219307,193
39,424,3899421.758316489,193
45,424,3899421.758405781,193
42,424,3899421.758502494,193
46,424,3899421.758590456,193
40,424,3899421.758675008,193
43,424,3899421.758755950,193
37,424,3899421.758844353,193
44,424,3899421.758925735,193
34,424,3899421.759021017,193
47,424,3899421.759109039,193
36,424,3899421.759200762,193
56,424,3899421.760473634,193
51,424,3899421.760555086,193
60,424,3899421.760673769,193
63,424,3899421.760766991,193
53,424,3899421.760854494,193
59,424,3899421.760949766,193
61,424,3899421.761061049,193
49,424,3899421.761156621,193
48,424,3899421.761243343,193
62,424,3899421.761333656,193
54,424,3899421.761421228,193
52,424,3899421.761513050,193
58,424,3899421.761600072,193
50,424,3899421.761684175,193
57,424,3899421.761769707,193
55,424,3899421.761851629,193
68,424,3899421.761945741,193
70,424,3899421.762046804,193
69,424,3899421.762136316,193
67,424,3899421.762229098,193
73,424,3899421.762311250,193
66,424,3899421.762394293,193
75,424,3899421.762481465,193
74,424,3899421.762573857,193
78,424,3899421.762659039,193
65,424,3899421.762740771,193
72,424,3899421.762822083,193
76,424,3899421.762911095,193
79,424,3899421.762995708,193
71,424,3899421.763098280,193
64,424,3899421.763181602,193
77,424,3899421.763263784,193
90,424,3899421.764506436,193
88,424,3899421.764607869,193
94,424,3899421.764711921,193
80,424,3899421.764806534,193
82,424,3899421.764901096,193
81,424,3899421.764990308,193
91,424,3899421.765105611,193
92,424,3899421.765194733,193
84,424,3899421.765280126,193
85,424,3899421.765364838,193
86,424,3899421.765445260,193
95,424,3899421.765526232,193
87,424,3899421.765605594,193
83,424,3899421.765693896,193
89,424,3899421.765777308,193
93,424,3899421.765858460,193
110,424,3899421.765941012,193
106,424,3899421.766035845,193
105,424,3899421.766121507,193
102,424,3899421.766204219,193
109,424,3899421.766284241,193
99,424,3899421.766364503,193
108,424,3899421.766444315,193
111,424,3899421.766525647,193
98,424,3899421.766607009,193
96,424,3899421.766685901,193
100,424,3899421.766765553,193
107,424,3899421.766846525,193
97,424,3899421.766924577,193
104,424,3899421.767015639,193
103,424,3899421.767098152,193
101,424,3899421.767178674,193
120,424,3899421.768138018,193
118,424,3899421.768253791,193
124,424,3899421.768347003,193
122,424,3899421.768435565,193
113,424,3899421.768522177,193
117,424,3899421.768606280,193
112,424,3899421.768690532,193
125,424,3899421.768773534,193
123,424,3899421.768865006,193
126,424,3899421.768950718,193
115,424,3899421.769056711,193
119,424,3899421.769146893,193
121,424,3899421.769229726,193
114,424,3899421.769311608,193
116,424,3899421.769393339,193
6,424,3899422.232825556,257
2,424,3899422.233653707,257
4,424,3899422.233810261,257
11,424,3899422.233937444,257
3,424,3899422.234101778,257
0,424,3899422.234233401,257
5,424,3899422.234352034,257
7,424,3899422.234468147,257
10,424,3899422.234580140,257
1,424,3899422.234703353,257
13,424,3899422.235327129,257
9,424,3899422.235468313,257
12,424,3899422.235590156,257
14,424,3899422.235701329,257
15,424,3899422.235809371,257
8,424,3899422.235927214,257
17,424,3899422.236965601,257
24,424,3899422.237129255,257
29,424,3899422.237248048,257
16,424,3899422.237369161,257
19,424,3899422.237481474,257
22,424,3899422.237589836,257
31,424,3899422.237694279,257
23,424,3899422.237801472,257
18,424,3899422.237903564,257
21,424,3899422.238024267,257
30,424,3899422.238137220,257
28,424,3899422.238248443,257
26,424,3899422.238367876,257
25,424,3899422.238475459,257
27,424,3899422.238577881,257
20,424,3899422.238693384,257
41,424,3899422.239785642,257
35,424,3899422.239937026,257
32,424,3899422.240070029,257
38,424,3899422.240182492,257
33,424,3899422.240292245,257
39,424,3899422.240406808,257
45,424,3899422.240511720,257
42,424,3899422.240622593,257
46,424,3899422.240727276,257
40,424,3899422.240825998,257
43,424,3899422.240956302,257
37,424,3899422.241091235,257
44,424,3899422.241200898,257
34,424,3899422.241304110,257
47,424,3899422.241400953,257
36,424,3899422.241506356,257
56,424,3899422.243442685,257
51,424,3899422.243593418,257
60,424,3899422.243720841,257
63,424,3899422.243836114,257
53,424,3899422.243943057,257
59,424,3899422.244094621,257
61,424,3899422.244233905,257
49,424,3899422.244347517,257
48,424,3899422.244454090,257
62,424,3899422.244565163,257
54,424,3899422.244673776,257
52,424,3899422.244785278,257
58,424,3899422.244890681,257
50,424,3899422.244994874,257
57,424,3899422.245122327,257
55,424,3899422.245229399,257
68,424,3899422.245345242,257
70,424,3899422.245452675,257
69,424,3899422.245556248,257
67,424,3899422.245665701,257
73,424,3899422.245767503,257
66,424,3899422.245868696,257
75,424,3899422.245977509,257
74,424,3899422.246103412,257
78,424,3899422.246210064,257
65,424,3899422.246317197,257
72,424,3899422.246417040,257
76,424,3899422.246523222,257
79,424,3899422.246625905,257
71,424,3899422.246730957,257
64,424,3899422.246829410,257
77,424,3899422.246928542,257
90,424,3899422.248740659,257
88,424,3899422.248874322,257
94,424,3899422.248987015,257
80,424,3899422.249224391,257
82,424,3899422.249346174,257
81,424,3899422.249450177,257
91,424,3899422.249562889,257
92,424,3899422.249666942,257
84,424,3899422.249770874,257
85,424,3899422.249870897,257
86,424,3899422.249970010,257
95,424,3899422.250091693,257
87,424,3899422.250193885,257
83,424,3899422.250303538,257
89,424,3899422.250403510,257
93,424,3899422.250501833,257
110,424,3899422.250603616,257
106,424,3899422.250701588,257
105,424,3899422.250797960,257
102,424,3899422.250898153,257
109,424,3899422.250998326,257
99,424,3899422.251139149,257
108,424,3899422.251242472,257
111,424,3899422.251343844,257
98,424,3899422.251445987,257
96,424,3899422.251544459,257
100,424,3899422.251643502,257
107,424,3899422.251743484,257
97,424,3899422.251840147,257
104,424,3899422.251936879,257
103,424,3899422.252049582,257
101,424,3899422.252165115,257
120,424,3899422.253174881,257
118,424,3899422.253306734,257
124,424,3899422.253416497,257
122,424,3899422.253518959,257
113,424,3899422.253617712,257
117,424,3899422.253716594,257
112,424,3899422.253813597,257
125,424,3899422.253912179,257
123,424,3899422.254146095,257
126,424,3899422.254265758,257
115,424,3899422.254378381,257
119,424,3899422.254482744,257
121,424,3899422.254582116,257
114,424,3899422.254678089,257
116,424,3899422.254773301,257
6,424,3899422.715694784,321
2,424,3899422.716417842,321
4,424,3899422.716570846,321
11,424,3899422.716696079,321
3,424,3899422.716839463,321
0,424,3899422.716969836,321
5,424,3899422.717125320,321
7,424,3899422.717249943,321
10,424,3899422.718149196,321
1,424,3899422.718312540,321
13,424,3899422.718445763,321
9,424,3899422.718569016,321
12,424,3899422.718690950,321
14,424,3899422.718806842,321
15,424,3899422.718923845,321
8,424,3899422.719058449,321
17,424,3899422.720111886,321
24,424,3899422.720265210,321
29,424,3899422.720389643,321
16,424,3899422.720516766,321
19,424,3899422.720637029,321
22,424,3899422.720754282,321
31,424,3899422.720866065,321
23,424,3899422.720978617,321
18,424,3899422.721110591,321
21,424,3899422.721227334,321
30,424,3899422.721339477,321
28,424,3899422.721451089,321
26,424,3899422.721574843,321
25,424,3899422.721684265,321
27,424,3899422.721795708,321
20,424,3899422.721916421,321
41,424,3899422.722975798,321
35,424,3899422.723149803,321
32,424,3899422.723279486,321
38,424,3899422.723397789,321
33,424,3899422.723515612,321
39,424,3899422.723641815,321
45,424,3899422.723759998,321
42,424,3899422.723882341,321
46,424,3899422.723999814,321
40,424,3899422.724131807,321
43,424,3899422.724245740,321
37,424,3899422.724367443,321
44,424,3899422.724481286,321
34,424,3899422.724592059,321
47,424,3899422.724704202,321
36,424,3899422.724825445,321
56,424,3899422.726676012,321
51,424,3899422.726826705,321
60,424,3899422.726961279,321
63,424,3899422.727118863,321
53,424,3899422.727243496,321
59,424,3899422.727365129,321
61,424,3899422.727487052,321
49,424,3899422.727603115,321
48,424,3899422.727714518,321
62,424,3899422.727834661,321
54,424,3899422.727947614,321
52,424,3899422.728082717,321
58,424,3899422.728200750,321
50,424,3899422.728314753,321
57,424,3899422.728426026,321
55,424,3899422.728535069,321
68,424,3899422.728655992,321
70,424,3899422.728764294,321
69,424,3899422.728871447,321
67,424,3899422.728985990,321
73,424,3899422.729118514,321
66,424,3899422.729231726,321
75,424,3899422.729348659,321
74,424,3899422.729464992,321
78,424,3899422.729576245,321
65,424,3899422.729683878,321
72,424,3899422.729792500,321
76,424,3899422.729907873,321
79,424,3899422.730030497,321
71,424,3899422.730146889,321
64,424,3899422.730253872,321
77,424,3899422.730360165,321
90,424,3899422.732206322,321
88,424,3899422.732351015,321
94,424,3899422.732469278,321
80,424,3899422.732595422,321
82,424,3899422.732723835,321
81,424,3899422.732837368,321
91,424,3899422.732954100,321
92,424,3899422.733085874,321
84,424,3899422.733200167,321
85,424,3899422.733309580,321
86,424,3899422.733415642,321
95,424,3899422.733525045,321
87,424,3899422.733630518,321
83,424,3899422.733747171,321
89,424,3899422.733859883,321
93,424,3899422.733965336,321
110,424,3899422.734093479,321
106,424,3899422.734202772,321
105,424,3899422.734310115,321
102,424,3899422.734414148,321
109,424,3899422.734517250,321
99,424,3899422.734619003,321
108,424,3899422.734731565,321
111,424,3899422.734839238,321
98,424,3899422.734945591,321
96,424,3899422.735067854,321
100,424,3899422.735182017,321
107,424,3899422.735288750,321
97,424,3899422.735392622,321
104,424,3899422.735498225,321
103,424,3899422.735600907,321
101,424,3899422.735721521,321
120,424,3899422.736722946,321
118,424,3899422.736859649,321
124,424,3899422.736977322,321
122,424,3899422.737141937,321
113,424,3899422.737257589,321
117,424,3899422.737365902,321
112,424,3899422.737471995,321
125,424,3899422.737576697,321
123,424,3899422.737695251,321
126,424,3899422.737803173,321
115,424,3899422.737920766,321
119,424,3899422.738046469,321
121,424,3899422.738158522,321
114,424,3899422.738267035,321
116,424,3899422.738373068,321
6,424,3899423.201433634,385
2,424,3899423.202056000,385
4,424,3899423.202220854,385
11,424,3899423.202358988,385
3,424,3899423.202514122,385
0,424,3899423.202657095,385
5,424,3899423.202791869,385
7,424,3899423.203527487,385
10,424,3899423.203682161,385
1,424,3899423.203826415,385
13,424,3899423.203969089,385
9,424,3899423.204124582,385
12,424,3899423.204260246,385
14,424,3899423.204385309,385
15,424,3899423.204505582,385
8,424,3899423.204635355,385
17,424,3899423.205892087,385
24,424,3899423.206070752,385
29,424,3899423.206211535,385
16,424,3899423.206347409,385
19,424,3899423.206472112,385
22,424,3899423.206596165,385
31,424,3899423.206713768,385
23,424,3899423.206833861,385
18,424,3899423.206951744,385
21,424,3899423.207086848,385
30,424,3899423.207209591,385
28,424,3899423.207325534,385
26,424,3899423.207456567,385
25,424,3899423.207575060,385
27,424,3899423.207694023,385
20,424,3899423.207818226,385
41,424,3899423.208901183,385
35,424,3899423.209078978,385
32,424,3899423.209215611,385
38,424,3899423.209341665,385
33,424,3899423.209462948,385
39,424,3899423.209594351,385
45,424,3899423.209716284,385
42,424,3899423.209844257,385
46,424,3899423.209967230,385
40,424,3899423.210107324,385
43,424,3899423.210230667,385
37,424,3899423.210361300,385
44,424,3899423.210479453,385
34,424,3899423.210599436,385
47,424,3899423.210717909,385
36,424,3899423.210844583,385
56,424,3899423.212711940,385
51,424,3899423.212872044,385
60,424,3899423.213034048,385
63,424,3899423.213172551,385
53,424,3899423.213301605,385
59,424,3899423.213436078,385
61,424,3899423.213566881,385
49,424,3899423.213690064,385
48,424,3899423.213810058,385
62,424,3899423.213934610,385
54,424,3899423.214072424,385
52,424,3899423.214207117,385
58,424,3899423.214332101,385
50,424,3899423.214451174,385
57,424,3899423.214571907,385
55,424,3899423.214691150,385
68,424,3899423.214824583,385
70,424,3899423.214945966,385
69,424,3899423.215075350,385
67,424,3899423.215210053,385
73,424,3899423.215340886,385
66,424,3899423.215460839,385
75,424,3899423.215590303,385
74,424,3899423.215718196,385
78,424,3899423.215839409,385
65,424,3899423.215955952,385
72,424,3899423.216090175,385
76,424,3899423.216222128,385
79,424,3899423.216342222,385
71,424,3899423.216461374,385
64,424,3899423.216579348,385
77,424,3899423.216696611,385
90,424,3899423.218521057,385
88,424,3899423.218675321,385
94,424,3899423.218807194,385
80,424,3899423.218945577,385
82,424,3899423.219102652,385
81,424,3899423.219233885,385
91,424,3899423.219364998,385
92,424,3899423.219493011,385
84,424,3899423.219614094,385
85,424,3899423.219733917,385
86,424,3899423.219848400,385
95,424,3899423.219960783,385
87,424,3899423.220156988,385
83,424,3899423.220295002,385
89,424,3899423.220422765,385
93,424,3899423.220541398,385
110,424,3899423.220656101,385
106,424,3899423.220769254,385
105,424,3899423.220882357,385
102,424,3899423.220997499,385
109,424,3899423.221136723,385
99,424,3899423.221258576,385
108,424,3899423.221376279,385
111,424,3899423.221495182,385
98,424,3899423.221614185,385
96,424,3899423.221728168,385
100,424,3899423.221843921,385
107,424,3899423.221962234,385
97,424,3899423.222093757,385
104,424,3899423.222212760,385
103,424,3899423.222328183,385
101,424,3899423.222459186,385
120,424,3899423.223463742,385
118,424,3899423.223611306,385
124,424,3899423.223738789,385
122,424,3899423.223860472,385
113,424,3899423.223979125,385
117,424,3899423.224121879,385
112,424,3899423.224240791,385
125,424,3899423.224356774,385
123,424,3899423.224481588,385
126,424,3899423.224601380,385
115,424,3899423.224730904,385
119,424,3899423.224850817,385
121,424,3899423.224966130,385
114,424,3899423.225097043,385
116,424,3899423.225213506,385
6,424,3899423.693285710,449
2,424,3899423.694101850,449
4,424,3899423.694278895,449
11,424,3899423.694422848,449
3,424,3899423.694583463,449
0,424,3899423.694733316,449
5,424,3899423.694877340,449
7,424,3899423.695030044,449
10,424,3899423.695169097,449
1,424,3899423.695314601,449
13,424,3899423.695904436,449
9,424,3899423.696084520,449
12,424,3899423.696233554,449
14,424,3899423.696367637,449
15,424,3899423.696497861,449
8,424,3899423.696640095,449
17,424,3899423.697709722,449
24,424,3899423.697877676,449
29,424,3899423.698033020,449
16,424,3899423.698184314,449
19,424,3899423.698321037,449
22,424,3899423.698455030,449
31,424,3899423.698593644,449
23,424,3899423.698742828,449
18,424,3899423.698897392,449
21,424,3899423.699045785,449
30,424,3899423.699177069,449
28,424,3899423.699304812,449
26,424,3899423.699445906,449
25,424,3899423.699575609,449
27,424,3899423.699701042,449
20,424,3899423.699865676,449
41,424,3899423.701261831,449
35,424,3899423.701444056,449
32,424,3899423.701591710,449
38,424,3899423.701729043,449
33,424,3899423.701864407,449
39,424,3899423.702025451,449
45,424,3899423.702217525,449
42,424,3899423.702395460,449
46,424,3899423.702540744,449
40,424,3899423.702676657,449
43,424,3899423.702808900,449
37,424,3899423.702956104,449
44,424,3899423.703106568,449
34,424,3899423.703243131,449
47,424,3899423.703372445,449
36,424,3899423.703512288,449
56,424,3899423.705511379,449
51,424,3899423.705696014,449
60,424,3899423.705860988,449
63,424,3899423.706020362,449
53,424,3899423.706168585,449
59,424,3899423.706315729,449
61,424,3899423.706456323,449
49,424,3899423.706589026,449
48,424,3899423.706717790,449
62,424,3899423.706856623,449
54,424,3899423.706986216,449
52,424,3899423.707141790,449
58,424,3899423.707273633,449
50,424,3899423.707404657,449
57,424,3899423.707533770,449
55,424,3899423.707665063,449
68,424,3899423.707807377,449
70,424,3899423.707934150,449
69,424,3899423.708084524,449
67,424,3899423.708227568,449
73,424,3899423.708364061,449
66,424,3899423.708493254,449
75,424,3899423.708632538,449
74,424,3899423.708769401,449
78,424,3899423.708899955,449
65,424,3899423.709045548,449
72,424,3899423.709177972,449
76,424,3899423.709315115,449
79,424,3899423.709443779,449
71,424,3899423.709569782,449
64,424,3899423.709693685,449
77,424,3899423.709817698,449
90,424,3899423.712386423,449
88,424,3899423.712551757,449
94,424,3899423.712693470,449
80,424,3899423.712839574,449
82,424,3899423.712984738,449
81,424,3899423.713140962,449
91,424,3899423.713287226,449
92,424,3899423.713423529,449
84,424,3899423.713552892,449
85,424,3899423.713684006,449
86,424,3899423.713813339,449
95,424,3899423.713938942,449
87,424,3899423.714106586,449
83,424,3899423.714256130,449
89,424,3899423.714386933,449
93,424,3899423.714513397,449
110,424,3899423.714638170,449
106,424,3899423.714763763,449
105,424,3899423.714891566,449
102,424,3899423.715033260,449
109,424,3899423.715164333,449
99,424,3899423.715288196,449
108,424,3899423.715413730,449
111,424,3899423.715581404,449
98,424,3899423.715748288,449
96,424,3899423.715885141,449
100,424,3899423.716038345,449
107,424,3899423.716181649,449
97,424,3899423.716311922,449
104,424,3899423.716440336,449
103,424,3899423.716567199,449
101,424,3899423.716747163,449
120,424,3899423.716904347,449
118,424,3899423.717059971,449
124,424,3899423.717204665,449
122,424,3899423.717333788,449
113,424,3899423.717461331,449
117,424,3899423.717588365,449
112,424,3899423.717714128,449
125,424,3899423.717873022,449
123,424,3899423.718041036,449
126,424,3899423.718178949,449
115,424,3899423.718319723,449
119,424,3899423.718448756,449
121,424,3899423.718572650,449
114,424,3899423.718695002,449
116,424,3899423.718818636,449
6,424,3899424.190625614,513
2,424,3899424.191443914,513
4,424,3899424.191631749,513
11,424,3899424.191792313,513
3,424,3899424.191963077,513
0,424,3899424.192157132,513
5,424,3899424.192315936,513
7,424,3899424.192467450,513
10,424,3899424.193175038,513
1,424,3899424.193362723,513
13,424,3899424.193526217,513
9,424,3899424.193683011,513
12,424,3899424.193831815,513
14,424,3899424.193987328,513
15,424,3899424.194152283,513
8,424,3899424.194302256,513
17,424,3899424.195420495,513
24,424,3899424.195599840,513
29,424,3899424.195752253,513
16,424,3899424.195904127,513
19,424,3899424.196067131,513
22,424,3899424.196216105,513
31,424,3899424.196350799,513
23,424,3899424.196490042,513
18,424,3899424.196622715,513
21,424,3899424.196754759,513
30,424,3899424.196894142,513
28,424,3899424.197039926,513
26,424,3899424.197194590,513
25,424,3899424.197346284,513
27,424,3899424.197485197,513
20,424,3899424.197628611,513
41,424,3899424.198783860,513
35,424,3899424.198961925,513
32,424,3899424.199145709,513
38,424,3899424.199298373,513
33,424,3899424.199443547,513
39,424,3899424.199598270,513
45,424,3899424.199739034,513
42,424,3899424.199890498,513
46,424,3899424.200045382,513
40,424,3899424.200189356,513
43,424,3899424.200325609,513
37,424,3899424.200471333,513
44,424,3899424.200608606,513
34,424,3899424.200742499,513
47,424,3899424.200879343,513
36,424,3899424.201036157,513
56,424,3899424.203253853,513
51,424,3899424.203433258,513
60,424,3899424.203598472,513
63,424,3899424.203743015,513
53,424,3899424.203882409,513
59,424,3899424.204044773,513
61,424,3899424.204201967,513
49,424,3899424.204345851,513
48,424,3899424.204484804,513
62,424,3899424.204633448,513
54,424,3899424.204772492,513
52,424,3899424.204918805,513
58,424,3899424.205078629,513
50,424,3899424.205221343,513
57,424,3899424.205359386,513
55,424,3899424.205495320,513
68,424,3899424.205646844,513
70,424,3899424.205779367,513
69,424,3899424.205909060,513
67,424,3899424.206064334,513
73,424,3899424.206214998,513
66,424,3899424.206349541,513
75,424,3899424.206497955,513
74,424,3899424.206639719,513
78,424,3899424.206776602,513
65,424,3899424.206907966,513
72,424,3899424.207055369,513
76,424,3899424.207204193,513
79,424,3899424.207340566,513
71,424,3899424.207475820,513
64,424,3899424.207605383,513
77,424,3899424.207738927,513
90,424,3899424.210349773,513
88,424,3899424.210525377,513
94,424,3899424.210671271,513
80,424,3899424.210826045,513
82,424,3899424.210981998,513
81,424,3899424.211148023,513
91,424,3899424.211300077,513
92,424,3899424.211449281,513
84,424,3899424.211592294,513
85,424,3899424.211731728,513
86,424,3899424.211868151,513
95,424,3899424.212037615,513
87,424,3899424.212194029,513
83,424,3899424.212347413,513
89,424,3899424.212490407,513
93,424,3899424.212628260,513
110,424,3899424.212764744,513
106,424,3899424.212901117,513
105,424,3899424.213056231,513
102,424,3899424.213199835,513
109,424,3899424.213335438,513
99,424,3899424.213474282,513
108,424,3899424.213609135,513
111,424,3899424.213745779,513
98,424,3899424.213881342,513
96,424,3899424.214029726,513
100,424,3899424.214174650,513
107,424,3899424.214314003,513
97,424,3899424.214446856,513
104,424,3899424.214578960,513
103,424,3899424.214720063,513
101,424,3899424.214872387,513
120,424,3899424.215032501,513
118,424,3899424.215181025,513
124,424,3899424.215324128,513
122,424,3899424.215461162,513
113,424,3899424.215596475,513
117,424,3899424.215730369,513
112,424,3899424.215862532,513
125,424,3899424.215997845,513
123,424,3899424.216154389,513
126,424,3899424.216293763,513
115,424,3899424.216436016,513
119,424,3899424.216570100,513
121,424,3899424.216701083,513
114,424,3899424.216832977,513
116,424,3899424.216962140,513
6,424,3899424.694954324,577
2,424,3899424.695739554,577
4,424,3899424.695927189,577
11,424,3899424.696109193,577
3,424,3899424.696294418,577
0,424,3899424.696470943,577
5,424,3899424.696631727,577
7,424,3899424.696804021,577
10,424,3899424.697579651,577
1,424,3899424.697777026,577
13,424,3899424.697953620,577
9,424,3899424.698152785,577
12,424,3899424.698317900,577
14,424,3899424.698485064,577
15,424,3899424.698639138,577
8,424,3899424.698799482,577
17,424,3899424.699662263,577
24,424,3899424.699886159,577
29,424,3899424.700074024,577
16,424,3899424.700245118,577
19,424,3899424.700400592,577
22,424,3899424.700552896,577
31,424,3899424.700700000,577
23,424,3899424.700846804,577
18,424,3899424.700993627,577
21,424,3899424.701163952,577
30,424,3899424.701788947,577
28,424,3899424.701962122,577
26,424,3899424.702179007,577
25,424,3899424.702360072,577
27,424,3899424.702514936,577
20,424,3899424.702672400,577
41,424,3899424.703890361,577
35,424,3899424.704104496,577
32,424,3899424.704282520,577
38,424,3899424.704440514,577
33,424,3899424.704597588,577
39,424,3899424.704759212,577
45,424,3899424.704914006,577
42,424,3899424.705086681,577
46,424,3899424.705251645,577
40,424,3899424.705442570,577
43,424,3899424.705610024,577
37,424,3899424.705776908,577
44,424,3899424.705925612,577
34,424,3899424.706092266,577
47,424,3899424.706243880,577
36,424,3899424.706402684,577
56,424,3899424.707620375,577
51,424,3899424.707808409,577
60,424,3899424.707979944,577
63,424,3899424.708159189,577
53,424,3899424.708321773,577
59,424,3899424.708482057,577
61,424,3899424.708644031,577
49,424,3899424.708798785,577
48,424,3899424.708951889,577
62,424,3899424.709129843,577
54,424,3899424.709284917,577
52,424,3899424.709440571,577
58,424,3899424.709585885,577
50,424,3899424.709733278,577
57,424,3899424.709874612,577
55,424,3899424.710033626,577
68,424,3899424.712356695,577
70,424,3899424.712546140,577
69,424,3899424.712707353,577
67,424,3899424.712870178,577
73,424,3899424.713040572,577
66,424,3899424.713199886,577
75,424,3899424.713362660,577
74,424,3899424.713525184,577
78,424,3899424.713675268,577
65,424,3899424.713825832,577
72,424,3899424.713972666,577
76,424,3899424.714153160,577
79,424,3899424.714303754,577
71,424,3899424.714448198,577
64,424,3899424.714590691,577
77,424,3899424.714734345,577
90,424,3899424.714895259,577
88,424,3899424.715086184,577
94,424,3899424.715268098,577
80,424,3899424.715434422,577
82,424,3899424.715597517,577
81,424,3899424.715748321,577
91,424,3899424.715903554,577
92,424,3899424.716065418,577
84,424,3899424.716219713,577
85,424,3899424.716366306,577
86,424,3899424.716511340,577
95,424,3899424.716653813,577
87,424,3899424.716795407,577
83,424,3899424.716950991,577
89,424,3899424.717112505,577
93,424,3899424.717262139,577
110,424,3899424.719261209,577
106,424,3899424.719441224,577
105,424,3899424.719601428,577
102,424,3899424.719757632,577
109,424,3899424.719907186,577
99,424,3899424.720067440,577
108,424,3899424.720223014,577
111,424,3899424.720373018,577
98,424,3899424.720518821,577
96,424,3899424.720666185,577
100,424,3899424.720810018,577
107,424,3899424.720953802,577
97,424,3899424.721114226,577
104,424,3899424.721265570,577
103,424,3899424.721416054,577
101,424,3899424.721619339,577
120,424,3899424.721796654,577
118,424,3899424.721957998,577
124,424,3899424.722130182,577
122,424,3899424.722288516,577
113,424,3899424.722436860,577
117,424,3899424.722581033,577
112,424,3899424.722726557,577
125,424,3899424.722871621,577
123,424,3899424.723044975,577
126,424,3899424.723202549,577
115,424,3899424.723362163,577
119,424,3899424.723510677,577
121,424,3899424.723653321,577
114,424,3899424.723795464,577
116,424,3899424.723937948,577
6,424,3899425.198207158,641
2,424,3899425.198866185,641
4,424,3899425.199094310,641
11,424,3899425.199272985,641
3,424,3899425.199466550,641
0,424,3899425.199647674,641
5,424,3899425.199815498,641
7,424,3899425.200664100,641
10,424,3899425.200856125,641
1,424,3899425.201058930,641
13,424,3899425.201245115,641
9,424,3899425.201420649,641
12,424,3899425.201588363,641
14,424,3899425.201762908,641
15,424,3899425.201930282,641
8,424,3899425.202111436,641
17,424,3899425.203309137,641
24,424,3899425.203506302,641
29,424,3899425.203679256,641
16,424,3899425.203847131,641
19,424,3899425.204025695,641
22,424,3899425.204192509,641
31,424,3899425.204350803,641
23,424,3899425.204508967,641
18,424,3899425.204665411,641
21,424,3899425.204819145,641
30,424,3899425.204970219,641
28,424,3899425.205143483,641
26,424,3899425.205316878,641
25,424,3899425.205491172,641
27,424,3899425.205647696,641
20,424,3899425.205815690,641
41,424,3899425.207031121,641
35,424,3899425.207234106,641
32,424,3899425.207419861,641
38,424,3899425.207585675,641
33,424,3899425.207749109,641
39,424,3899425.207925544,641
45,424,3899425.208103088,641
42,424,3899425.208276793,641
46,424,3899425.208435457,641
40,424,3899425.208591731,641
43,424,3899425.208742784,641
37,424,3899425.208909599,641
44,424,3899425.209091703,641
34,424,3899425.209263377,641
47,424,3899425.209420141,641
36,424,3899425.209585396,641
56,424,3899425.211646768,641
51,424,3899425.211848203,641
60,424,3899425.212051558,641
63,424,3899425.212228553,641
53,424,3899425.212393647,641
59,424,3899425.212563981,641
61,424,3899425.212735045,641
49,424,3899425.212897300,641
48,424,3899425.213069874,641
62,424,3899425.213247798,641
54,424,3899425.213407473,641
52,424,3899425.213575997,641
58,424,3899425.213733671,641
50,424,3899425.213888935,641
57,424,3899425.214057399,641
55,424,3899425.214212233,641
68,424,3899425.214382017,641
70,424,3899425.214539481,641
69,424,3899425.214693555,641
67,424,3899425.214854819,641
73,424,3899425.215031074,641
66,424,3899425.215196078,641
75,424,3899425.215362292,641
74,424,3899425.215526406,641
78,424,3899425.215681530,641
65,424,3899425.215835664,641
72,424,3899425.215996028,641
76,424,3899425.216178883,641
79,424,3899425.216336456,641
71,424,3899425.216488390,641
64,424,3899425.216639324,641
77,424,3899425.216788878,641
90,424,3899425.219090206,641
88,424,3899425.219286941,641
94,424,3899425.219453926,641
80,424,3899425.219630620,641
82,424,3899425.219803104,641
81,424,3899425.219964608,641
91,424,3899425.220152683,641
92,424,3899425.220320007,641
84,424,3899425.220476851,641
85,424,3899425.220633435,641
86,424,3899425.220788509,641
95,424,3899425.220940553,641
87,424,3899425.221104867,641
83,424,3899425.221272552,641
89,424,3899425.221426515,641
93,424,3899425.221579449,641
110,424,3899425.221729773,641
106,424,3899425.221882467,641
105,424,3899425.222049551,641
102,424,3899425.222206715,641
109,424,3899425.222358349,641
99,424,3899425.222510433,641
108,424,3899425.222661147,641
111,424,3899425.222812051,641
98,424,3899425.222961394,641
96,424,3899425.223129299,641
100,424,3899425.223285972,641
107,424,3899425.223438816,641
97,424,3899425.223591360,641
104,424,3899425.223743544,641
103,424,3899425.223900838,641
101,424,3899425.224086583,641
120,424,3899425.225276013,641
118,424,3899425.225471098,641
124,424,3899425.225640332,641
122,424,3899425.225801796,641
113,424,3899425.225962830,641
117,424,3899425.226137355,641
112,424,3899425.226295548,641
125,424,3899425.226450463,641
123,424,3899425.226617837,641
126,424,3899425.226774011,641
115,424,3899425.226937215,641
119,424,3899425.227103769,641
121,424,3899425.227261313,641
114,424,3899425.227412707,641
116,424,3899425.227567131,641
6,424,3899425.707706569,705
2,424,3899425.708538050,705
4,424,3899425.708752136,705
11,424,3899425.708961411,705
3,424,3899425.709197827,705
0,424,3899425.709392152,705
5,424,3899425.709573007,705
7,424,3899425.709771152,705
10,424,3899425.710567092,705
1,424,3899425.710783997,705
13,424,3899425.710984752,705
9,424,3899425.711193828,705
12,424,3899425.711376692,705
14,424,3899425.711562667,705
15,424,3899425.711743571,705
8,424,3899425.711927696,705
17,424,3899425.713120556,705
24,424,3899425.713333732,705
29,424,3899425.713515886,705
16,424,3899425.713703981,705
19,424,3899425.713881346,705
22,424,3899425.714065030,705
31,424,3899425.714243655,705
23,424,3899425.714415239,705
18,424,3899425.714582763,705
21,424,3899425.714758618,705
30,424,3899425.714933342,705
28,424,3899425.715117577,705
26,424,3899425.715311882,705
25,424,3899425.715497206,705
27,424,3899425.715664341,705
20,424,3899425.715842555,705
41,424,3899425.717114787,705
35,424,3899425.717328293,705
32,424,3899425.717526368,705
38,424,3899425.717700922,705
33,424,3899425.717871046,705
39,424,3899425.718065231,705
45,424,3899425.718244906,705
42,424,3899425.718428821,705
46,424,3899425.718602615,705
40,424,3899425.718768069,705
43,424,3899425.718930424,705
37,424,3899425.719143099,705
44,424,3899425.719318153,705
34,424,3899425.719482817,705
47,424,3899425.719641241,705
36,424,3899425.719816396,705
56,424,3899425.721973180,705
51,424,3899425.722205096,705
60,424,3899425.722397321,705
63,424,3899425.722571156,705
53,424,3899425.722744430,705
59,424,3899425.722921304,705
61,424,3899425.723117899,705
49,424,3899425.723294764,705
48,424,3899425.723466938,705
62,424,3899425.723642003,705
54,424,3899425.723809387,705
52,424,3899425.723978961,705
58,424,3899425.724173716,705
50,424,3899425.724343120,705
57,424,3899425.724504925,705
55,424,3899425.724662769,705
68,424,3899425.724839633,705
70,424,3899425.725021827,705
69,424,3899425.725198362,705
67,424,3899425.725374967,705
73,424,3899425.725551041,705
66,424,3899425.725716305,705
75,424,3899425.725889400,705
74,424,3899425.726076304,705
78,424,3899425.726243728,705
65,424,3899425.726407402,705
72,424,3899425.726571957,705
76,424,3899425.726742291,705
79,424,3899425.726905355,705
71,424,3899425.727077959,705
64,424,3899425.727245084,705
77,424,3899425.727404608,705
90,424,3899425.730285111,705
88,424,3899425.730487376,705
94,424,3899425.730666910,705
80,424,3899425.730856655,705
82,424,3899425.731055980,705
81,424,3899425.731234075,705
91,424,3899425.731414359,705
92,424,3899425.731586034,705
84,424,3899425.731748168,705
85,424,3899425.731915642,705
86,424,3899425.732101397,705
95,424,3899425.732272831,705
87,424,3899425.732437205,705
83,424,3899425.732615770,705
89,424,3899425.732782234,705
93,424,3899425.732947418,705
110,424,3899425.733128233,705
106,424,3899425.733293157,705
105,424,3899425.733459671,705
102,424,3899425.733624665,705
109,424,3899425.733787469,705
99,424,3899425.733947753,705
108,424,3899425.734128658,705
111,424,3899425.734297292,705
98,424,3899425.734463097,705
96,424,3899425.734627481,705
100,424,3899425.734787825,705
107,424,3899425.734947699,705
97,424,3899425.735120583,705
104,424,3899425.735284267,705
103,424,3899425.735450861,705
101,424,3899425.735635756,705
120,424,3899425.735812531,705
118,424,3899425.735994565,705
124,424,3899425.736186980,705
122,424,3899425.736355034,705
113,424,3899425.736513718,705
117,424,3899425.736675562,705
112,424,3899425.736835276,705
125,424,3899425.736999101,705
123,424,3899425.737192006,705
126,424,3899425.737355999,705
115,424,3899425.737533934,705
119,424,3899425.737697918,705
121,424,3899425.737861492,705
114,424,3899425.738051467,705
116,424,3899425.738223312,705
22,424,3899425.927319496,735
127,424,3899425.968046847,1
6,424,3899426.245891987,769
2,424,3899426.246380919,769
4,424,3899426.246592484,769
11,424,3899426.246807070,769
3,424,3899426.247269252,769
0,424,3899426.247488667,769
5,424,3899426.247683132,769
7,424,3899426.247893987,769
10,424,3899426.248109263,769
1,424,3899426.248318438,769
13,424,3899426.248523763,769
9,424,3899426.248717068,769
12,424,3899426.248900463,769
14,424,3899426.249107408,769
15,424,3899426.249294513,769
8,424,3899426.249482248,769
17,424,3899426.250034771,769
24,424,3899426.250249297,769
29,424,3899426.250433092,769
16,424,3899426.250621126,769
19,424,3899426.250801141,769
31,424,3899426.250971665,769
32,424,3899426.251186051,769
23,424,3899426.251366135,769
18,424,3899426.251541960,769
21,424,3899426.251717294,769
30,424,3899426.251889198,769
28,424,3899426.252141595,769
26,424,3899426.252361170,769
25,424,3899426.252560055,769
27,424,3899426.252737550,769
20,424,3899426.252922804,769
41,424,3899426.253384956,769
35,424,3899426.253590361,769
38,424,3899426.253776526,769
46,424,3899426.253957511,769
33,424,3899426.254159096,769
39,424,3899426.254351711,769
45,424,3899426.254544916,769
42,424,3899426.254737901,769
48,424,3899426.254917345,769
40,424,3899426.255856989,769
43,424,3899426.256085955,769
37,424,3899426.256297300,769
44,424,3899426.256480515,769
34,424,3899426.256666329,769
47,424,3899426.256839914,769
36,424,3899426.257043409,769
56,424,3899426.257248304,769
51,424,3899426.257440159,769
60,424,3899426.257642454,769
63,424,3899426.257822248,769
53,424,3899426.257995483,769
59,424,3899426.258206578,769
61,424,3899426.258395443,769
49,424,3899426.258574427,769
62,424,3899426.258762582,769
54,424,3899426.258946147,769
52,424,3899426.259156062,769
58,424,3899426.259370308,769
50,424,3899426.259550412,769
64,424,3899426.259726697,769
57,424,3899426.259899321,769
55,424,3899426.260082776,769
68,424,3899426.261166423,769
80,424,3899426.261390679,769
70,424,3899426.261579423,769
69,424,3899426.261762088,769
67,424,3899426.261951453,769
66,424,3899426.262172258,769
75,424,3899426.262363454,769
74,424,3899426.262553918,769
78,424,3899426.262731243,769
65,424,3899426.262902237,769
72,424,3899426.263091952,769
76,424,3899426.263281027,769
79,424,3899426.263454541,769
71,424,3899426.263623715,769
73,424,3899426.263805300,769
77,424,3899426.263980714,769
90,424,3899426.264182700,769
88,424,3899426.264355064,769
94,424,3899426.264527738,769
82,424,3899426.264718873,769
81,424,3899426.264892507,769
91,424,3899426.265088502,769
92,424,3899426.265267797,769
85,424,3899426.266942639,769
84,424,3899426.267162665,769
86,424,3899426.267347660,769
96,424,3899426.267531674,769
95,424,3899426.267709149,769
87,424,3899426.267881203,769
83,424,3899426.268083758,769
89,424,3899426.268264643,769
93,424,3899426.268437107,769
110,424,3899426.268607721,769
106,424,3899426.268776606,769
105,424,3899426.268948490,769
102,424,3899426.269146585,769
109,424,3899426.269322310,769
99,424,3899426.269490514,769
108,424,3899426.269660358,769
111,424,3899426.269830512,769
98,424,3899426.269998797,769
100,424,3899426.270185271,769
112,424,3899426.270360086,769
107,424,3899426.270537320,769
97,424,3899426.270706665,769
104,424,3899426.270875579,769
103,424,3899426.271062943,769
101,424,3899426.271268659,769
120,424,3899426.271455253,769
118,424,3899426.271638108,769
124,424,3899426.271820093,769
122,424,3899426.271991707,769
113,424,3899426.272175922,769
117,424,3899426.272366727,769
125,424,3899426.272542851,769
126,424,3899426.272716165,769
123,424,3899426.272899850,769
115,424,3899426.273126886,769
119,424,3899426.273310031,769
121,424,3899426.273483305,769
114,424,3899426.273651559,769
116,424,3899426.273820303,769
127,424,3899426.483763495,65
6,424,3899426.754810634,833
2,424,3899426.755099801,833
4,424,3899426.755236804,833
11,424,3899426.755367397,833
3,424,3899426.755498581,833
0,424,3899426.755777388,833
5,424,3899426.755904071,833
7,424,3899426.756076966,833
10,424,3899426.756201629,833
1,424,3899426.756323392,833
13,424,3899426.756446835,833
9,424,3899426.756563948,833
12,424,3899426.756680961,833
14,424,3899426.756801704,833
15,424,3899426.756914707,833
8,424,3899426.757043510,833
17,424,3899426.757400169,833
24,424,3899426.757531462,833
29,424,3899426.757645125,833
16,424,3899426.757763698,833
19,424,3899426.757877051,833
31,424,3899426.757984064,833
32,424,3899426.758120777,833
23,424,3899426.758232870,833
18,424,3899426.758341713,833
21,424,3899426.758451475,833
30,424,3899426.758560328,833
28,424,3899426.758668351,833
26,424,3899426.758784684,833
25,424,3899426.758905967,833
27,424,3899426.759026580,833
20,424,3899426.759145253,833
41,424,3899426.759437491,833
35,424,3899426.759562284,833
38,424,3899426.759675877,833
46,424,3899426.759786569,833
33,424,3899426.759895902,833
39,424,3899426.760026826,833
45,424,3899426.760148018,833
42,424,3899426.760266841,833
48,424,3899426.760378944,833
40,424,3899426.760487507,833
43,424,3899426.760593690,833
37,424,3899426.761169664,833
44,424,3899426.761295858,833
34,424,3899426.761407900,833
47,424,3899426.761518033,833
36,424,3899426.761633636,833
56,424,3899426.761765570,833
51,424,3899426.761886442,833
60,424,3899426.762017476,833
63,424,3899426.762170250,833
53,424,3899426.762294633,833
59,424,3899426.762416126,833
61,424,3899426.762533869,833
49,424,3899426.762643372,833
62,424,3899426.762760235,833
54,424,3899426.762870627,833
52,424,3899426.762984080,833
58,424,3899426.763103643,833
50,424,3899426.763211246,833
64,424,3899426.763319779,833
57,424,3899426.763426741,833
55,424,3899426.763531104,833
68,424,3899426.764469258,833
80,424,3899426.764600501,833
70,424,3899426.764717434,833
69,424,3899426.764827387,833
67,424,3899426.764942510,833
66,424,3899426.765064013,833
75,424,3899426.765184596,833
74,424,3899426.765300559,833
78,424,3899426.765410582,833
65,424,3899426.765521205,833
72,424,3899426.765628777,833
76,424,3899426.765740860,833
79,424,3899426.765847193,833
71,424,3899426.765955176,833
73,424,3899426.766080359,833
77,424,3899426.766192331,833
90,424,3899426.766312274,833
88,424,3899426.766431177,833
94,424,3899426.766540800,833
82,424,3899426.766659083,833
81,424,3899426.766766906,833
91,424,3899426.766880529,833
92,424,3899426.766987462,833
85,424,3899426.767107554,833
84,424,3899426.767213017,833
86,424,3899426.767317370,833
96,424,3899426.767422802,833
95,424,3899426.767531215,833
87,424,3899426.767636338,833
83,424,3899426.767747691,833
89,424,3899426.767852393,833
93,424,3899426.767953356,833
110,424,3899426.768795777,833
106,424,3899426.768915160,833
105,424,3899426.769035173,833
102,424,3899426.769146956,833
109,424,3899426.769256009,833
99,424,3899426.769363911,833
108,424,3899426.769467934,833
111,424,3899426.769572737,833
98,424,3899426.769676390,833
100,424,3899426.769781172,833
112,424,3899426.769895025,833
107,424,3899426.770011218,833
97,424,3899426.770121241,833
104,424,3899426.770243684,833
103,424,3899426.770351117,833
101,424,3899426.770469010,833
120,424,3899426.770581742,833
118,424,3899426.770693255,833
124,424,3899426.770802458,833
122,424,3899426.770911071,833
113,424,3899426.771023834,833
117,424,3899426.771143567,833
125,424,3899426.771250079,833
126,424,3899426.771353502,833
123,424,3899426.771466985,833
115,424,3899426.771581038,833
119,424,3899426.771685721,833
121,424,3899426.771787703,833
114,424,3899426.771888026,833
116,424,3899426.771990868,833
127,424,3899427.002697286,129
6,424,3899427.277920979,897
2,424,3899427.278240987,897
4,424,3899427.278378611,897
11,424,3899427.278517844,897
3,424,3899427.278656788,897
0,424,3899427.278794051,897
5,424,3899427.279067488,897
7,424,3899427.279217372,897
10,424,3899427.279339815,897
1,424,3899427.279467038,897
13,424,3899427.279592352,897
9,424,3899427.279713124,897
12,424,3899427.279832338,897
14,424,3899427.279958391,897
15,424,3899427.280088564,897
8,424,3899427.280215137,897
17,424,3899427.280729160,897
24,424,3899427.280869934,897
29,424,3899427.280992147,897
16,424,3899427.281138891,897
19,424,3899427.281259834,897
31,424,3899427.281375807,897
32,424,3899427.281503190,897
23,424,3899427.281618973,897
18,424,3899427.281728266,897
21,424,3899427.281843498,897
30,424,3899427.281958671,897
28,424,3899427.282086295,897
26,424,3899427.282211998,897
25,424,3899427.282342971,897
27,424,3899427.282460794,897
20,424,3899427.282581597,897
41,424,3899427.282883725,897
35,424,3899427.283024588,897
38,424,3899427.283149271,897
46,424,3899427.283266245,897
33,424,3899427.283383077,897
39,424,3899427.283505691,897
45,424,3899427.283628243,897
42,424,3899427.283752397,897
48,424,3899427.283866930,897
40,424,3899427.283981292,897
43,424,3899427.284106306,897
37,424,3899427.284233319,897
44,424,3899427.284765982,897
34,424,3899427.284899876,897
47,424,3899427.285029779,897
36,424,3899427.285155452,897
56,424,3899427.285286785,897
51,424,3899427.285412429,897
60,424,3899427.285541152,897
63,424,3899427.285657435,897
53,424,3899427.285774868,897
59,424,3899427.285896441,897
61,424,3899427.286023784,897
49,424,3899427.286140327,897
62,424,3899427.286261620,897
54,424,3899427.286378163,897
52,424,3899427.286495416,897
58,424,3899427.286614259,897
50,424,3899427.286728382,897
64,424,3899427.286840045,897
57,424,3899427.286948328,897
55,424,3899427.287067151,897
68,424,3899427.287973933,897
80,424,3899427.288132488,897
70,424,3899427.288252020,897
69,424,3899427.288368354,897
67,424,3899427.288489326,897
66,424,3899427.288602340,897
75,424,3899427.288720763,897
74,424,3899427.288836665,897
78,424,3899427.288948218,897
65,424,3899427.289070671,897
72,424,3899427.289184904,897
76,424,3899427.289304867,897
79,424,3899427.289416320,897
71,424,3899427.289529303,897
73,424,3899427.289649946,897
77,424,3899427.289761799,897
90,424,3899427.289883972,897
88,424,3899427.290019125,897
94,424,3899427.290137278,897
82,424,3899427.290260331,897
81,424,3899427.290372374,897
91,424,3899427.290488907,897
92,424,3899427.290600220,897
85,424,3899427.290711553,897
84,424,3899427.290820845,897
86,424,3899427.290928438,897
96,424,3899427.291048731,897
95,424,3899427.291163494,897
87,424,3899427.291275357,897
83,424,3899427.291392390,897
89,424,3899427.292311663,897
93,424,3899427.292441237,897
110,424,3899427.292557549,897
106,424,3899427.292670072,897
105,424,3899427.292780125,897
102,424,3899427.292889998,897
109,424,3899427.292999051,897
99,424,3899427.293124934,897
108,424,3899427.293235797,897
111,424,3899427.293344120,897
98,424,3899427.293452232,897
100,424,3899427.293562275,897
112,424,3899427.293681998,897
107,424,3899427.293795151,897
97,424,3899427.293909564,897
104,424,3899427.294050517,897
103,424,3899427.294167370,897
101,424,3899427.294295433,897
120,424,3899427.294414256,897
118,424,3899427.294530539,897
124,424,3899427.294644272,897
122,424,3899427.294754295,897
113,424,3899427.294865438,897
117,424,3899427.294986251,897
125,424,3899427.295106704,897
126,424,3899427.295215937,897
123,424,3899427.295335350,897
115,424,3899427.295456583,897
119,424,3899427.295568666,897
121,424,3899427.295677979,897
114,424,3899427.295786741,897
116,424,3899427.295896474,897
127,424,3899427.527714750,193
6,424,3899427.804179525,961
2,424,3899427.804635366,961
4,424,3899427.804780800,961
11,424,3899427.804920953,961
3,424,3899427.805072627,961
0,424,3899427.805214211,961
5,424,3899427.805501948,961
7,424,3899427.805654362,961
10,424,3899427.805787495,961
1,424,3899427.805921079,961
13,424,3899427.806063732,961
9,424,3899427.806193356,961
12,424,3899427.806316869,961
14,424,3899427.806445182,961
15,424,3899427.806570655,961
8,424,3899427.806698218,961
17,424,3899427.807033317,961
24,424,3899427.807174030,961
29,424,3899427.807301893,961
16,424,3899427.807427167,961
19,424,3899427.807551310,961
31,424,3899427.807667453,961
32,424,3899427.807797286,961
23,424,3899427.807914749,961
18,424,3899427.808059163,961
21,424,3899427.808839423,961
30,424,3899427.808976866,961
28,424,3899427.809115390,961
26,424,3899427.809250863,961
25,424,3899427.809384416,961
27,424,3899427.809507049,961
20,424,3899427.809635343,961
41,424,3899427.809765076,961
35,424,3899427.809892379,961
38,424,3899427.810022682,961
46,424,3899427.810146725,961
33,424,3899427.810270179,961
39,424,3899427.810399412,961
45,424,3899427.810525685,961
42,424,3899427.810650918,961
48,424,3899427.810772641,961
40,424,3899427.810896204,961
43,424,3899427.811021458,961
37,424,3899427.811150821,961
44,424,3899427.811271454,961
34,424,3899427.811390027,961
47,424,3899427.811511050,961
36,424,3899427.811635863,961
56,424,3899427.812147356,961
51,424,3899427.812292190,961
60,424,3899427.812429533,961
63,424,3899427.812553426,961
53,424,3899427.812676200,961
59,424,3899427.812802933,961
61,424,3899427.812926986,961
49,424,3899427.813059059,961
62,424,3899427.813191143,961
54,424,3899427.813312956,961
52,424,3899427.813441079,961
58,424,3899427.813557612,961
50,424,3899427.813675315,961
64,424,3899427.813792258,961
57,424,3899427.813916361,961
55,424,3899427.814044234,961
68,424,3899427.815718597,961
80,424,3899427.815862580,961
70,424,3899427.815989153,961
69,424,3899427.816125747,961
67,424,3899427.816254760,961
66,424,3899427.816377013,961
75,424,3899427.816505397,961
74,424,3899427.816630340,961
78,424,3899427.816750063,961
65,424,3899427.816867116,961
72,424,3899427.816983479,961
76,424,3899427.817121612,961
79,424,3899427.817238205,961
71,424,3899427.817358028,961
73,424,3899427.817483541,961
77,424,3899427.817602314,961
90,424,3899427.817729948,961
88,424,3899427.817860071,961
94,424,3899427.817978254,961
82,424,3899427.818121767,961
81,424,3899427.818242390,961
91,424,3899427.818367033,961
92,424,3899427.818481976,961
85,424,3899427.818603979,961
84,424,3899427.818718482,961
86,424,3899427.818832025,961
96,424,3899427.818945028,961
95,424,3899427.819070591,961
87,424,3899427.819186084,961
83,424,3899427.819311288,961
89,424,3899427.819427440,961
93,424,3899427.819543283,961
110,424,3899427.819657026,961
106,424,3899427.819771829,961
105,424,3899427.819886552,961
102,424,3899427.820012805,961
109,424,3899427.820133018,961
99,424,3899427.820248591,961
108,424,3899427.820366274,961
111,424,3899427.820479887,961
98,424,3899427.820592510,961
100,424,3899427.820705983,961
112,424,3899427.820829916,961
107,424,3899427.820943539,961
97,424,3899427.821066792,961
104,424,3899427.821201525,961
103,424,3899427.821323608,961
101,424,3899427.821455382,961
120,424,3899427.822262662,961
118,424,3899427.822405616,961
124,424,3899427.822534239,961
122,424,3899427.822654022,961
113,424,3899427.822769285,961
117,424,3899427.822902508,961
125,424,3899427.823033972,961
126,424,3899427.823150905,961
123,424,3899427.823272518,961
115,424,3899427.823397591,961
119,424,3899427.823515014,961
121,424,3899427.823630757,961
114,424,3899427.823750130,961
116,424,3899427.823866563,961
127,424,3899428.056530070,257
6,424,3899428.335673902,1025
2,424,3899428.336307698,1025
4,424,3899428.336470762,1025
11,424,3899428.336628917,1025
3,424,3899428.336779980,1025
0,424,3899428.336931374,1025
5,424,3899428.337077248,1025
7,424,3899428.337233872,1025
10,424,3899428.337368385,1025
1,424,3899428.337509299,1025
13,424,3899428.338150095,1025
9,424,3899428.338302959,1025
12,424,3899428.338440882,1025
14,424,3899428.338579346,1025
15,424,3899428.338712309,1025
8,424,3899428.338851983,1025
17,424,3899428.339650533,1025
24,424,3899428.339800607,1025
29,424,3899428.339935530,1025
16,424,3899428.340082974,1025
19,424,3899428.340217267,1025
31,424,3899428.340341580,1025
32,424,3899428.340479724,1025
23,424,3899428.340606397,1025
18,424,3899428.340741631,1025
21,424,3899428.340868634,1025
30,424,3899428.340991337,1025
28,424,3899428.341136971,1025
26,424,3899428.341276074,1025
25,424,3899428.341419678,1025
27,424,3899428.341546921,1025
20,424,3899428.341679734,1025
41,424,3899428.342399732,1025
35,424,3899428.342588267,1025
38,424,3899428.342728871,1025
46,424,3899428.342860014,1025
33,424,3899428.342988738,1025
39,424,3899428.343137631,1025
45,424,3899428.343274395,1025
42,424,3899428.343406898,1025
48,424,3899428.343533311,1025
40,424,3899428.343713036,1025
43,424,3899428.343851039,1025
37,424,3899428.343992093,1025
44,424,3899428.344138927,1025
34,424,3899428.344269680,1025
47,424,3899428.344396713,1025
36,424,3899428.344530026,1025
56,424,3899428.345834330,1025
51,424,3899428.345990923,1025
60,424,3899428.346151587,1025
63,424,3899428.346283191,1025
53,424,3899428.346411274,1025
59,424,3899428.346542137,1025
61,424,3899428.346673591,1025
49,424,3899428.346799064,1025
62,424,3899428.346934897,1025
54,424,3899428.347071461,1025
52,424,3899428.347206364,1025
58,424,3899428.347331757,1025
50,424,3899428.347456931,1025
64,424,3899428.347582354,1025
57,424,3899428.347718037,1025
55,424,3899428.347841300,1025
68,424,3899428.347979014,1025
80,424,3899428.348132528,1025
70,424,3899428.348262481,1025
69,424,3899428.348387954,1025
67,424,3899428.348520607,1025
66,424,3899428.348646730,1025
75,424,3899428.348780054,1025
74,424,3899428.348910307,1025
78,424,3899428.349045221,1025
65,424,3899428.349176084,1025
72,424,3899428.349298717,1025
76,424,3899428.349431381,1025
79,424,3899428.349553513,1025
71,424,3899428.349672947,1025
73,424,3899428.349802160,1025
77,424,3899428.349924193,1025
90,424,3899428.351850171,1025
88,424,3899428.352021716,1025
94,424,3899428.352159619,1025
82,424,3899428.352306813,1025
81,424,3899428.352435166,1025
91,424,3899428.352569840,1025
92,424,3899428.352696443,1025
85,424,3899428.352820086,1025
84,424,3899428.352942419,1025
86,424,3899428.353074283,1025
96,424,3899428.353201516,1025
95,424,3899428.353324829,1025
87,424,3899428.353444402,1025
83,424,3899428.353576765,1025
89,424,3899428.353704158,1025
93,424,3899428.353826612,1025
110,424,3899428.353948625,1025
106,424,3899428.354081498,1025
105,424,3899428.354213261,1025
102,424,3899428.354339945,1025
109,424,3899428.354460938,1025
99,424,3899428.354584281,1025
108,424,3899428.354704244,1025
111,424,3899428.354829097,1025
98,424,3899428.354952300,1025
100,424,3899428.355084273,1025
112,424,3899428.355222937,1025
107,424,3899428.355349240,1025
97,424,3899428.355471113,1025
104,424,3899428.355609867,1025
103,424,3899428.355731370,1025
101,424,3899428.355870744,1025
120,424,3899428.355999007,1025
118,424,3899428.356142050,1025
124,424,3899428.356270534,1025
122,424,3899428.356393417,1025
113,424,3899428.356512310,1025
117,424,3899428.356647553,1025
125,424,3899428.356771286,1025
126,424,3899428.356888599,1025
123,424,3899428.357024642,1025
115,424,3899428.357156386,1025
119,424,3899428.357279619,1025
121,424,3899428.357401852,1025
114,424,3899428.357522345,1025
116,424,3899428.357643058,1025
127,424,3899428.589034173,321
6,424,3899428.869812307,1089
2,424,3899428.870119185,1089
4,424,3899428.870274819,1089
11,424,3899428.870429263,1089
3,424,3899428.870580796,1089
0,424,3899428.870858843,1089
5,424,3899428.871012958,1089
7,424,3899428.871168031,1089
10,424,3899428.871309465,1089
1,424,3899428.871477619,1089
13,424,3899428.871631273,1089
9,424,3899428.871769437,1089
12,424,3899428.871902780,1089
14,424,3899428.872052584,1089
15,424,3899428.872189297,1089
8,424,3899428.872326291,1089
17,424,3899428.873364387,1089
24,424,3899428.873520791,1089
29,424,3899428.873658554,1089
16,424,3899428.873799248,1089
19,424,3899428.873933741,1089
31,424,3899428.874071005,1089
32,424,3899428.874223779,1089
23,424,3899428.874358202,1089
18,424,3899428.874498015,1089
21,424,3899428.874629599,1089
30,424,3899428.874758242,1089
28,424,3899428.874886736,1089
26,424,3899428.875037349,1089
25,424,3899428.875182383,1089
27,424,3899428.875310846,1089
20,424,3899428.875446850,1089
41,424,3899428.875584663,1089
35,424,3899428.875720677,1089
38,424,3899428.875850890,1089
46,424,3899428.875981423,1089
33,424,3899428.876124207,1089
39,424,3899428.876260370,1089
45,424,3899428.876397114,1089
42,424,3899428.876530987,1089
48,424,3899428.876661620,1089
40,424,3899428.876790644,1089
43,424,3899428.876915497,1089
37,424,3899428.877063200,1089
44,424,3899428.877194224,1089
34,424,3899428.877322807,1089
47,424,3899428.877453270,1089
36,424,3899428.877589174,1089
56,424,3899428.879757508,1089
51,424,3899428.879920363,1089
60,424,3899428.880082557,1089
63,424,3899428.880221390,1089
53,424,3899428.880353414,1089
59,424,3899428.880494007,1089
61,424,3899428.880632401,1089
49,424,3899428.880763124,1089
62,424,3899428.880898788,1089
54,424,3899428.881038571,1089
52,424,3899428.881180185,1089
58,424,3899428.881309318,1089
50,424,3899428.881436391,1089
64,424,3899428.881565924,1089
57,424,3899428.881705528,1089
55,424,3899428.881832271,1089
68,424,3899428.881975875,1089
80,424,3899428.882128068,1089
70,424,3899428.882262362,1089
69,424,3899428.882391395,1089
67,424,3899428.882529019,1089
66,424,3899428.882658612,1089
75,424,3899428.882794356,1089
74,424,3899428.882926509,1089
78,424,3899428.883065932,1089
65,424,3899428.883195786,1089
72,424,3899428.883321669,1089
76,424,3899428.883455702,1089
79,424,3899428.883580845,1089
71,424,3899428.883706188,1089
73,424,3899428.883837082,1089
77,424,3899428.883963235,1089
90,424,3899428.884112089,1089
88,424,3899428.884257722,1089
94,424,3899428.884384956,1089
82,424,3899428.884524649,1089
81,424,3899428.884651792,1089
91,424,3899428.884785666,1089
92,424,3899428.884915269,1089
85,424,3899428.885051562,1089
84,424,3899428.885179746,1089
86,424,3899428.885306399,1089
96,424,3899428.885430972,1089
95,424,3899428.885555325,1089
87,424,3899428.885678578,1089
83,424,3899428.885811012,1089
89,424,3899428.885935305,1089
93,424,3899428.886069578,1089
110,424,3899428.886197842,1089
106,424,3899428.886324195,1089
105,424,3899428.886450368,1089
102,424,3899428.886576321,1089
109,424,3899428.886702404,1089
99,424,3899428.886828907,1089
108,424,3899428.886951141,1089
111,424,3899428.887083254,1089
98,424,3899428.887214767,1089
100,424,3899428.887340271,1089
112,424,3899428.887475864,1089
107,424,3899428.887601967,1089
97,424,3899428.887725030,1089
104,424,3899428.887869334,1089
103,424,3899428.887996277,1089
101,424,3899428.888149481,1089
120,424,3899428.888988922,1089
118,424,3899428.889154866,1089
124,424,3899428.889293020,1089
122,424,3899428.889423823,1089
113,424,3899428.889549616,1089
117,424,3899428.889691210,1089
125,424,3899428.889819413,1089
126,424,3899428.889946546,1089
123,424,3899428.890092720,1089
115,424,3899428.890229844,1089
119,424,3899428.890356077,1089
121,424,3899428.890495290,1089
114,424,3899428.890624934,1089
116,424,3899428.890751347,1089
127,424,3899429.246987790,385
6,424,3899429.530953885,1153
2,424,3899429.531415956,1153
4,424,3899429.531578961,1153
11,424,3899429.531739675,1153
3,424,3899429.531902189,1153
0,424,3899429.532066693,1153
5,424,3899429.532219217,1153
7,424,3899429.532686559,1153
10,424,3899429.532846273,1153
1,424,3899429.533035677,1153
13,424,3899429.533200842,1153
9,424,3899429.533348025,1153
12,424,3899429.533490409,1153
14,424,3899429.533636533,1153
15,424,3899429.533775686,1153
8,424,3899429.533921090,1153
17,424,3899429.534651678,1153
24,424,3899429.534816653,1153
29,424,3899429.534960386,1153
16,424,3899429.535117600,1153
19,424,3899429.535265134,1153
31,424,3899429.535400188,1153
32,424,3899429.535549731,1153
23,424,3899429.535686915,1153
18,424,3899429.535829928,1153
21,424,3899429.535966502,1153
30,424,3899429.536126606,1153
28,424,3899429.536319091,1153
26,424,3899429.536484555,1153
25,424,3899429.536637969,1153
27,424,3899429.536782622,1153
20,424,3899429.536927336,1153
41,424,3899429.537835889,1153
35,424,3899429.537996493,1153
38,424,3899429.538156587,1153
46,424,3899429.538295751,1153
33,424,3899429.538431454,1153
39,424,3899429.538578258,1153
45,424,3899429.538724581,1153
42,424,3899429.538869065,1153
48,424,3899429.539018629,1153
40,424,3899429.539161003,1153
43,424,3899429.539312876,1153
37,424,3899429.539468960,1153
44,424,3899429.539606264,1153
34,424,3899429.539745297,1153
47,424,3899429.539881821,1153
36,424,3899429.540035055,1153
56,424,3899429.542050866,1153
51,424,3899429.542222040,1153
60,424,3899429.542376524,1153
63,424,3899429.542517648,1153
53,424,3899429.542654851,1153
59,424,3899429.542798875,1153
61,424,3899429.542944888,1153
49,424,3899429.543091402,1153
62,424,3899429.543238476,1153
54,424,3899429.543375259,1153
52,424,3899429.543514213,1153
58,424,3899429.543646186,1153
50,424,3899429.543776609,1153
64,424,3899429.543976125,1153
57,424,3899429.544164899,1153
55,424,3899429.544314723,1153
68,424,3899429.544466627,1153
80,424,3899429.544611081,1153
70,424,3899429.544748704,1153
69,424,3899429.544883917,1153
67,424,3899429.545037241,1153
66,424,3899429.545175145,1153
75,424,3899429.545319488,1153
74,424,3899429.545460382,1153
78,424,3899429.545594375,1153
65,424,3899429.545726739,1153
72,424,3899429.545859172,1153
76,424,3899429.545999716,1153
79,424,3899429.546145639,1153
71,424,3899429.546276552,1153
73,424,3899429.546414736,1153
77,424,3899429.546546899,1153
90,424,3899429.546693393,1153
88,424,3899429.546840877,1153
94,424,3899429.546975100,1153
82,424,3899429.547140934,1153
81,424,3899429.547277788,1153
91,424,3899429.547418492,1153
92,424,3899429.547554175,1153
85,424,3899429.547688698,1153
84,424,3899429.547819102,1153
86,424,3899429.547949345,1153
96,424,3899429.548107149,1153
95,424,3899429.548258633,1153
87,424,3899429.548394136,1153
83,424,3899429.548537050,1153
89,424,3899429.548669093,1153
93,424,3899429.548800266,1153
110,424,3899429.550277424,1153
106,424,3899429.550433988,1153
105,424,3899429.550576781,1153
102,424,3899429.550714605,1153
109,424,3899429.550851999,1153
99,424,3899429.550988192,1153
108,424,3899429.551132706,1153
111,424,3899429.551267199,1153
98,424,3899429.551400302,1153
100,424,3899429.551535746,1153
112,424,3899429.551678219,1153
107,424,3899429.551816103,1153
97,424,3899429.551948346,1153
104,424,3899429.552110950,1153
103,424,3899429.552259024,1153
101,424,3899429.552405638,1153
120,424,3899429.552548481,1153
118,424,3899429.552694255,1153
124,424,3899429.552832109,1153
122,424,3899429.552972492,1153
113,424,3899429.553120886,1153
117,424,3899429.553268369,1153
125,424,3899429.553401543,1153
126,424,3899429.553530926,1153
123,424,3899429.553672410,1153
115,424,3899429.553811673,1153
119,424,3899429.553943966,1153
121,424,3899429.554099481,1153
114,424,3899429.554238034,1153
116,424,3899429.554374237,1153
127,424,3899430.688397230,449
24,424,3899431.047633829,1210
6,424,3899431.119346584,1217
2,424,3899431.119638071,1217
4,424,3899431.119827385,1217
11,424,3899431.119987189,1217
3,424,3899431.120202245,1217
0,424,3899431.120669637,1217
5,424,3899431.120833981,1217
7,424,3899431.121012435,1217
10,424,3899431.121173200,1217
1,424,3899431.121331804,1217
13,424,3899431.121492788,1217
9,424,3899431.121646351,1217
12,424,3899431.121793665,1217
14,424,3899431.121944529,1217
15,424,3899431.122103483,1217
8,424,3899431.122259807,1217
17,424,3899431.123562630,1217
29,424,3899431.123731854,1217
16,424,3899431.123888738,1217
19,424,3899431.124049862,1217
31,424,3899431.124195376,1217
32,424,3899431.124351240,1217
23,424,3899431.124494234,1217
33,424,3899431.124634107,1217
18,424,3899431.124785181,1217
21,424,3899431.124931625,1217
30,424,3899431.125082749,1217
28,424,3899431.125226032,1217
26,424,3899431.125379866,1217
25,424,3899431.125537110,1217
27,424,3899431.125680904,1217
20,424,3899431.125832128,1217
41,424,3899431.126012132,1217
35,424,3899431.126177906,1217
38,424,3899431.126327160,1217
46,424,3899431.126469384,1217
39,424,3899431.126621657,1217
45,424,3899431.126774791,1217
42,424,3899431.126926025,1217
48,424,3899431.127085319,1217
40,424,3899431.127232693,1217
49,424,3899431.127376416,1217
43,424,3899431.127517920,1217
37,424,3899431.127671664,1217
44,424,3899431.127815358,1217
34,424,3899431.127956701,1217
47,424,3899431.128113115,1217
36,424,3899431.128266319,1217
56,424,3899431.128882195,1217
51,424,3899431.131770298,1217
60,424,3899431.131952523,1217
63,424,3899431.132117547,1217
53,424,3899431.132267540,1217
59,424,3899431.132419804,1217
61,424,3899431.132570648,1217
62,424,3899431.132720732,1217
54,424,3899431.132863655,1217
52,424,3899431.133024079,1217
65,424,3899431.133170353,1217
58,424,3899431.133309217,1217
50,424,3899431.133450100,1217
64,424,3899431.133590014,1217
57,424,3899431.133749348,1217
55,424,3899431.133891692,1217
68,424,3899431.134055516,1217
80,424,3899431.134208620,1217
70,424,3899431.134350623,1217
81,424,3899431.134491457,1217
69,424,3899431.134629930,1217
67,424,3899431.134776154,1217
66,424,3899431.134914627,1217
75,424,3899431.135098672,1217
74,424,3899431.135263696,1217
78,424,3899431.135417450,1217
72,424,3899431.135559314,1217
79,424,3899431.135697257,1217
76,424,3899431.135847051,1217
71,424,3899431.135986394,1217
73,424,3899431.136165629,1217
77,424,3899431.136312643,1217
90,424,3899431.136469237,1217
88,424,3899431.136622981,1217
94,424,3899431.136763694,1217
82,424,3899431.136913918,1217
91,424,3899431.137071652,1217
92,424,3899431.137213556,1217
86,424,3899431.137352129,1217
85,424,3899431.137491943,1217
84,424,3899431.137631706,1217
96,424,3899431.137772500,1217
95,424,3899431.137909993,1217
97,424,3899431.138055397,1217
87,424,3899431.138192390,1217
83,424,3899431.138339314,1217
89,424,3899431.138475227,1217
93,424,3899431.138609551,1217
110,424,3899431.138744054,1217
106,424,3899431.138884388,1217
105,424,3899431.139032471,1217
102,424,3899431.139177525,1217
109,424,3899431.139315589,1217
99,424,3899431.139452862,1217
108,424,3899431.139588305,1217
111,424,3899431.139724279,1217
98,424,3899431.139859963,1217
113,424,3899431.139994446,1217
100,424,3899431.140143680,1217
112,424,3899431.140294194,1217
107,424,3899431.140433717,1217
104,424,3899431.140587301,1217
103,424,3899431.140735305,1217
101,424,3899431.140885308,1217
120,424,3899431.141091174,1217
118,424,3899431.141246507,1217
124,424,3899431.141396691,1217
122,424,3899431.141535025,1217
117,424,3899431.142244763,1217
125,424,3899431.142401067,1217
126,424,3899431.142540130,1217
123,424,3899431.142687404,1217
115,424,3899431.142834138,1217
119,424,3899431.142970961,1217
121,424,3899431.143137755,1217
114,424,3899431.143279189,1217
116,424,3899431.143418522,1217
127,424,3899431.378850279,513
6,424,3899431.664833945,1281
2,424,3899431.665454391,1281
4,424,3899431.665649095,1281
11,424,3899431.665816020,1281
3,424,3899431.665984874,1281
0,424,3899431.666180459,1281
5,424,3899431.666343493,1281
7,424,3899431.666511187,1281
10,424,3899431.666675361,1281
1,424,3899431.667221365,1281
13,424,3899431.667396690,1281
9,424,3899431.667554164,1281
12,424,3899431.667708048,1281
14,424,3899431.667866442,1281
15,424,3899431.668025786,1281
8,424,3899431.668184290,1281
17,424,3899431.669071292,1281
29,424,3899431.669241226,1281
16,424,3899431.669410571,1281
19,424,3899431.669563805,1281
31,424,3899431.669706368,1281
32,424,3899431.669867192,1281
23,424,3899431.670028116,1281
33,424,3899431.670177110,1281
18,424,3899431.670335714,1281
21,424,3899431.670484088,1281
30,424,3899431.670627432,1281
28,424,3899431.670771655,1281
26,424,3899431.670927459,1281
25,424,3899431.671100773,1281
27,424,3899431.671250917,1281
20,424,3899431.671404951,1281
41,424,3899431.672918690,1281
35,424,3899431.673111364,1281
38,424,3899431.673272568,1281
46,424,3899431.673424332,1281
39,424,3899431.673582436,1281
45,424,3899431.673736260,1281
42,424,3899431.673890164,1281
48,424,3899431.674050978,1281
40,424,3899431.674199492,1281
49,424,3899431.674347355,1281
43,424,3899431.674489109,1281
37,424,3899431.674646123,1281
44,424,3899431.674792657,1281
34,424,3899431.674935210,1281
47,424,3899431.675086244,1281
36,424,3899431.675241828,1281
56,424,3899431.675402222,1281
51,424,3899431.675558976,1281
60,424,3899431.675722440,1281
63,424,3899431.675869564,1281
53,424,3899431.676023728,1281
59,424,3899431.676180492,1281
61,424,3899431.676333326,1281
62,424,3899431.676486030,1281
54,424,3899431.676635824,1281
52,424,3899431.676789217,1281
65,424,3899431.676955112,1281
58,424,3899431.677110905,1281
50,424,3899431.677257179,1281
64,424,3899431.677404173,1281
57,424,3899431.677565977,1281
55,424,3899431.677708861,1281
68,424,3899431.679433234,1281
80,424,3899431.679610939,1281
70,424,3899431.679762892,1281
81,424,3899431.679912696,1281
69,424,3899431.680069360,1281
67,424,3899431.680228074,1281
66,424,3899431.680374608,1281
75,424,3899431.680532422,1281
74,424,3899431.680691726,1281
78,424,3899431.680837470,1281
72,424,3899431.680981874,1281
79,424,3899431.681136087,1281
76,424,3899431.681293691,1281
71,424,3899431.681439825,1281
73,424,3899431.681588839,1281
77,424,3899431.681733153,1281
90,424,3899431.681894006,1281
88,424,3899431.682062351,1281
94,424,3899431.682209894,1281
82,424,3899431.682367609,1281
91,424,3899431.682519262,1281
92,424,3899431.682664046,1281
86,424,3899431.682805270,1281
85,424,3899431.682947493,1281
84,424,3899431.683098097,1281
96,424,3899431.683243891,1281
95,424,3899431.683384074,1281
97,424,3899431.683527308,1281
87,424,3899431.683666421,1281
83,424,3899431.683816555,1281
89,424,3899431.683960399,1281
93,424,3899431.684111823,1281
110,424,3899431.684255876,1281
106,424,3899431.684398500,1281
105,424,3899431.684544374,1281
102,424,3899431.684688747,1281
109,424,3899431.684831941,1281
99,424,3899431.684972835,1281
108,424,3899431.685126078,1281
111,424,3899431.685267112,1281
98,424,3899431.685406526,1281
113,424,3899431.685546729,1281
100,424,3899431.685687202,1281
112,424,3899431.685837946,1281
107,424,3899431.685982800,1281
104,424,3899431.686157144,1281
103,424,3899431.686312448,1281
101,424,3899431.686470582,1281
120,424,3899431.687281453,1281
118,424,3899431.687451917,1281
124,424,3899431.687605221,1281
122,424,3899431.687759825,1281
117,424,3899431.687921199,1281
125,424,3899431.688084773,1281
126,424,3899431.688234257,1281
123,424,3899431.688388911,1281
115,424,3899431.688540535,1281
119,424,3899431.688685568,1281
121,424,3899431.688838272,1281
114,424,3899431.688983456,1281
116,424,3899431.689136950,1281
100,424,3899431.928218979,1313
127,424,3899431.928460055,577
6,424,3899432.223621093,1345
2,424,3899432.223921290,1345
4,424,3899432.224153246,1345
11,424,3899432.224327461,1345
3,424,3899432.224504745,1345
0,424,3899432.225088910,1345
5,424,3899432.225268825,1345
7,424,3899432.225451539,1345
10,424,3899432.225624494,1345
1,424,3899432.225790748,1345
13,424,3899432.225961852,1345
9,424,3899432.226141216,1345
12,424,3899432.226300431,1345
14,424,3899432.226467095,1345
15,424,3899432.226624079,1345
8,424,3899432.226786273,1345
17,424,3899432.227299546,1345
29,424,3899432.227471140,1345
16,424,3899432.227634024,1345
19,424,3899432.227789108,1345
31,424,3899432.227938552,1345
32,424,3899432.228117706,1345
23,424,3899432.228273450,1345
33,424,3899432.228424824,1345
18,424,3899432.228587148,1345
21,424,3899432.229659076,1345
30,424,3899432.229824660,1345
28,424,3899432.229977293,1345
26,424,3899432.230153808,1345
25,424,3899432.230323352,1345
27,424,3899432.230476756,1345
20,424,3899432.230636150,1345
41,424,3899432.230798184,1345
35,424,3899432.230955528,1345
38,424,3899432.231117352,1345
46,424,3899432.231267256,1345
39,424,3899432.231427260,1345
45,424,3899432.231588304,1345
42,424,3899432.231747198,1345
48,424,3899432.231899402,1345
40,424,3899432.232058986,1345
49,424,3899432.232214430,1345
43,424,3899432.232362634,1345
37,424,3899432.232521568,1345
44,424,3899432.232668802,1345
34,424,3899432.232834856,1345
47,424,3899432.232986840,1345
36,424,3899432.233158094,1345
56,424,3899432.234576830,1345
51,424,3899432.234761685,1345
60,424,3899432.234937089,1345
63,424,3899432.235109743,1345
53,424,3899432.235265847,1345
59,424,3899432.235427151,1345
61,424,3899432.235587995,1345
62,424,3899432.235748139,1345
54,424,3899432.235897213,1345
52,424,3899432.236064618,1345
65,424,3899432.236237982,1345
58,424,3899432.236401846,1345
50,424,3899432.236548950,1345
64,424,3899432.236700804,1345
57,424,3899432.236872618,1345
55,424,3899432.237033272,1345
68,424,3899432.237203076,1345
80,424,3899432.237362720,1345
70,424,3899432.237514214,1345
81,424,3899432.237663448,1345
69,424,3899432.237812622,1345
67,424,3899432.237967406,1345
66,424,3899432.238128900,1345
75,424,3899432.238288234,1345
74,424,3899432.238447658,1345
78,424,3899432.238598722,1345
72,424,3899432.238748226,1345
79,424,3899432.238895439,1345
76,424,3899432.239063463,1345
71,424,3899432.239214117,1345
73,424,3899432.239370361,1345
77,424,3899432.239517915,1345
90,424,3899432.241053774,1345
88,424,3899432.241237218,1345
94,424,3899432.241391902,1345
82,424,3899432.241560657,1345
91,424,3899432.241721401,1345
92,424,3899432.241874265,1345
86,424,3899432.242035379,1345
85,424,3899432.242186662,1345
84,424,3899432.242336176,1345
96,424,3899432.242484260,1345
95,424,3899432.242634284,1345
97,424,3899432.242796238,1345
87,424,3899432.242952052,1345
83,424,3899432.243117876,1345
89,424,3899432.243267240,1345
93,424,3899432.243414784,1345
110,424,3899432.243560917,1345
106,424,3899432.243708311,1345
105,424,3899432.243856065,1345
102,424,3899432.244022419,1345
109,424,3899432.244175703,1345
99,424,3899432.244325816,1345
108,424,3899432.244473860,1345
111,424,3899432.244620834,1345
98,424,3899432.244763868,1345
113,424,3899432.244908561,1345
112,424,3899432.245074186,1345
107,424,3899432.245224159,1345
104,424,3899432.245393984,1345
114,424,3899432.245544167,1345
103,424,3899432.245704291,1345
101,424,3899432.245867715,1345
120,424,3899432.246037870,1345
118,424,3899432.246202454,1345
124,424,3899432.246355708,1345
122,424,3899432.246504032,1345
117,424,3899432.246669746,1345
125,424,3899432.246817680,1345
123,424,3899432.246976664,1345
115,424,3899432.247145758,1345
119,424,3899432.247293162,1345
121,424,3899432.247451926,1345
126,424,3899432.247597729,1345
116,424,3899432.247742193,1345
127,424,3899432.488686559,641
90,424,3899432.706945961,1402
6,424,3899432.780280047,1409
2,424,3899432.780778509,1409
4,424,3899432.780988975,1409
11,424,3899432.781236141,1409
3,424,3899432.781434096,1409
0,424,3899432.781615521,1409
5,424,3899432.781783205,1409
7,424,3899432.782409081,1409
10,424,3899432.782605536,1409
1,424,3899432.782782450,1409
13,424,3899432.782958404,1409
9,424,3899432.783141379,1409
12,424,3899432.783307863,1409
14,424,3899432.783483678,1409
15,424,3899432.783647832,1409
8,424,3899432.783813206,1409
17,424,3899432.784719309,1409
29,424,3899432.784898714,1409
16,424,3899432.785082718,1409
19,424,3899432.785251362,1409
31,424,3899432.785404277,1409
32,424,3899432.785577431,1409
23,424,3899432.785736615,1409
33,424,3899432.785893369,1409
18,424,3899432.786065733,1409
21,424,3899432.786243078,1409
30,424,3899432.786404332,1409
28,424,3899432.786557886,1409
26,424,3899432.786728470,1409
25,424,3899432.786901014,1409
27,424,3899432.787065748,1409
20,424,3899432.787230452,1409
41,424,3899432.788142056,1409
35,424,3899432.788324250,1409
38,424,3899432.788487284,1409
46,424,3899432.788644318,1409
39,424,3899432.788809743,1409
45,424,3899432.788971467,1409
42,424,3899432.789144701,1409
48,424,3899432.789305625,1409
40,424,3899432.789459249,1409
49,424,3899432.789615043,1409
43,424,3899432.789766167,1409
37,424,3899432.789932761,1409
44,424,3899432.790099575,1409
34,424,3899432.790255909,1409
47,424,3899432.790409053,1409
36,424,3899432.790571047,1409
56,424,3899432.790741632,1409
51,424,3899432.790907786,1409
60,424,3899432.791087280,1409
63,424,3899432.792965078,1409
53,424,3899432.793154953,1409
59,424,3899432.793326207,1409
61,424,3899432.793492701,1409
62,424,3899432.793658675,1409
54,424,3899432.793815839,1409
52,424,3899432.793978243,1409
65,424,3899432.794167528,1409
58,424,3899432.794336623,1409
50,424,3899432.794489906,1409
64,424,3899432.794644920,1409
57,424,3899432.794815895,1409
55,424,3899432.794970268,1409
68,424,3899432.795147343,1409
80,424,3899432.795311107,1409
70,424,3899432.795466421,1409
81,424,3899432.795620785,1409
69,424,3899432.795774409,1409
67,424,3899432.795931813,1409
66,424,3899432.796094587,1409
75,424,3899432.796276501,1409
74,424,3899432.796447566,1409
78,424,3899432.796606840,1409
72,424,3899432.796762464,1409
79,424,3899432.796911948,1409
76,424,3899432.797082592,1409
71,424,3899432.797239316,1409
73,424,3899432.797398850,1409
77,424,3899432.797553924,1409
88,424,3899432.797721738,1409
94,424,3899432.797875742,1409
82,424,3899432.798054237,1409
91,424,3899432.798220851,1409
92,424,3899432.798376605,1409
98,424,3899432.798527229,1409
86,424,3899432.798676182,1409
85,424,3899432.798825356,1409
84,424,3899432.798975900,1409
96,424,3899432.799141024,1409
95,424,3899432.799290868,1409
97,424,3899432.799443372,1409
87,424,3899432.799591635,1409
83,424,3899432.799752960,1409
89,424,3899432.799903963,1409
93,424,3899432.800065687,1409
110,424,3899432.801587766,1409
106,424,3899432.801761290,1409
105,424,3899432.801920864,1409
102,424,3899432.802087639,1409
109,424,3899432.802251983,1409
99,424,3899432.802409907,1409
108,424,3899432.802564631,1409
111,424,3899432.802716935,1409
113,424,3899432.802866978,1409
112,424,3899432.803039663,1409
107,424,3899432.803198107,1409
115,424,3899432.803362551,1409
104,424,3899432.803534755,1409
114,424,3899432.803691829,1409
103,424,3899432.803853173,1409
101,424,3899432.804034188,1409
120,424,3899432.804201692,1409
118,424,3899432.804364316,1409
124,424,3899432.804520870,1409
122,424,3899432.804674394,1409
117,424,3899432.804839148,1409
125,424,3899432.804997442,1409
123,424,3899432.805165977,1409
119,424,3899432.805324110,1409
121,424,3899432.805484594,1409
126,424,3899432.805637158,1409
116,424,3899432.805787442,1409
127,424,3899433.046124423,705
6,424,3899433.396836706,1473
2,424,3899433.397377510,1473
4,424,3899433.397713718,1473
11,424,3899433.398032646,1473
3,424,3899433.398335804,1473
0,424,3899433.398883018,1473
5,424,3899433.399191366,1473
7,424,3899433.399502454,1473
10,424,3899433.399801341,1473
1,424,3899433.400124810,1473
13,424,3899433.400425497,1473
9,424,3899433.400703624,1473
12,424,3899433.400977881,1473
14,424,3899433.401280448,1473
15,424,3899433.401561776,1473
8,424,3899433.401852363,1473
17,424,3899433.402336085,1473
29,424,3899433.402622362,1473
16,424,3899433.402899749,1473
19,424,3899433.404307345,1473
31,424,3899433.404635793,1473
32,424,3899433.404964342,1473
23,424,3899433.405255349,1473
33,424,3899433.405520476,1473
18,424,3899433.405797743,1473
21,424,3899433.406078780,1473
30,424,3899433.406344217,1473
28,424,3899433.406601103,1473
26,424,3899433.406878540,1473
25,424,3899433.407184058,1473
27,424,3899433.407449005,1473
20,424,3899433.407723152,1473
41,424,3899433.407999929,1473
35,424,3899433.408296766,1473
38,424,3899433.408557743,1473
46,424,3899433.408817379,1473
39,424,3899433.409105866,1473
45,424,3899433.409388624,1473
42,424,3899433.409665521,1473
48,424,3899433.409926297,1473
40,424,3899433.410224465,1473
49,424,3899433.410497442,1473
43,424,3899433.410756988,1473
37,424,3899433.411054666,1473
44,424,3899433.411316873,1473
34,424,3899433.411574639,1473
47,424,3899433.411830375,1473
36,424,3899433.412122073,1473
56,424,3899433.412835991,1473
51,424,3899433.413150569,1473
60,424,3899433.413451196,1473
63,424,3899433.413725003,1473
53,424,3899433.413992750,1473
59,424,3899433.414291878,1473
61,424,3899433.414566695,1473
62,424,3899433.414847682,1473
54,424,3899433.415123829,1473
52,424,3899433.415396136,1473
65,424,3899433.415685933,1473
58,424,3899433.415969050,1473
50,424,3899433.416240767,1473
64,424,3899433.416499134,1473
57,424,3899433.416785591,1473
55,424,3899433.417055558,1473
68,424,3899433.419907180,1473
80,424,3899433.420108925,1473
70,424,3899433.420294080,1473
81,424,3899433.420462574,1473
69,424,3899433.420624388,1473
67,424,3899433.420794452,1473
66,424,3899433.420955357,1473
75,424,3899433.421135631,1473
74,424,3899433.421306955,1473
78,424,3899433.421468189,1473
72,424,3899433.421629134,1473
79,424,3899433.421785887,1473
76,424,3899433.421955912,1473
71,424,3899433.422127966,1473
73,424,3899433.422299600,1473
77,424,3899433.422463755,1473
88,424,3899433.422640609,1473
94,424,3899433.422802123,1473
82,424,3899433.422981578,1473
91,424,3899433.423163872,1473
92,424,3899433.423346937,1473
98,424,3899433.423506681,1473
86,424,3899433.423666035,1473
85,424,3899433.423825929,1473
84,424,3899433.423984403,1473
96,424,3899433.424155737,1473
95,424,3899433.424315891,1473
97,424,3899433.424474775,1473
87,424,3899433.424634450,1473
83,424,3899433.424800624,1473
89,424,3899433.424960798,1473
93,424,3899433.425133312,1473
110,424,3899433.425293696,1473
106,424,3899433.425452320,1473
105,424,3899433.425612724,1473
102,424,3899433.425769448,1473
109,424,3899433.425929432,1473
99,424,3899433.426102287,1473
108,424,3899433.426263111,1473
111,424,3899433.426422375,1473
113,424,3899433.426578699,1473
112,424,3899433.426746513,1473
107,424,3899433.426906197,1473
115,424,3899433.427085901,1473
104,424,3899433.427269756,1473
114,424,3899433.427430950,1473
103,424,3899433.427602945,1473
101,424,3899433.427778719,1473
120,424,3899433.427950293,1473
118,424,3899433.428130308,1473
124,424,3899433.428293312,1473
122,424,3899433.428490117,1473
117,424,3899433.428741963,1473
125,424,3899433.428927768,1473
123,424,3899433.429125163,1473
119,424,3899433.429291837,1473
121,424,3899433.429472102,1473
126,424,3899433.429632786,1473
116,424,3899433.429795700,1473
127,424,3899433.655946762,769
6,424,3899434.095517103,1537
2,424,3899434.096616851,1537
4,424,3899434.097034162,1537
11,424,3899434.097382160,1537
3,424,3899434.097710419,1537
0,424,3899434.098051037,1537
5,424,3899434.098356465,1537
7,424,3899434.098701714,1537
10,424,3899434.099088164,1537
1,424,3899434.099426132,1537
13,424,3899434.100164921,1537
9,424,3899434.100501799,1537
12,424,3899434.100817278,1537
14,424,3899434.101166126,1537
15,424,3899434.101471884,1537
8,424,3899434.101787212,1537
17,424,3899434.104321146,1537
29,424,3899434.104660475,1537
16,424,3899434.104986033,1537
19,424,3899434.105308741,1537
31,424,3899434.105597768,1537
32,424,3899434.105922207,1537
23,424,3899434.106232324,1537
33,424,3899434.106520662,1537
18,424,3899434.106829799,1537
21,424,3899434.107143787,1537
30,424,3899434.107442035,1537
28,424,3899434.107727732,1537
26,424,3899434.108050130,1537
25,424,3899434.108377269,1537
27,424,3899434.108702257,1537
20,424,3899434.109049696,1537
41,424,3899434.109378344,1537
35,424,3899434.109681862,1537
38,424,3899434.109976629,1537
46,424,3899434.110287897,1537
39,424,3899434.110599695,1537
45,424,3899434.110903142,1537
42,424,3899434.111223601,1537
48,424,3899434.111521878,1537
40,424,3899434.111810525,1537
49,424,3899434.112109253,1537
43,424,3899434.112398510,1537
37,424,3899434.112703498,1537
44,424,3899434.112986845,1537
34,424,3899434.113291583,1537
47,424,3899434.113576760,1537
36,424,3899434.114472203,1537
56,424,3899434.114825622,1537
51,424,3899434.115163520,1537
60,424,3899434.115490858,1537
63,424,3899434.115788096,1537
53,424,3899434.116097054,1537
59,424,3899434.116482354,1537
61,424,3899434.116867684,1537
62,424,3899434.117219542,1537
54,424,3899434.117520160,1537
52,424,3899434.117826328,1537
65,424,3899434.118167856,1537
58,424,3899434.118484174,1537
50,424,3899434.118800522,1537
64,424,3899434.119138621,1537
57,424,3899434.119478770,1537
55,424,3899434.119768147,1537
68,424,3899434.120159007,1537
80,424,3899434.123734267,1537
70,424,3899434.124082956,1537
81,424,3899434.124389124,1537
69,424,3899434.124685181,1537
67,424,3899434.124990839,1537
66,424,3899434.125302257,1537
75,424,3899434.125613775,1537
74,424,3899434.125916182,1537
78,424,3899434.126234890,1537
72,424,3899434.126533428,1537
79,424,3899434.126816585,1537
76,424,3899434.127141573,1537
71,424,3899434.127442921,1537
73,424,3899434.127747439,1537
77,424,3899434.128054296,1537
88,424,3899434.128381715,1537
94,424,3899434.128677242,1537
82,424,3899434.129014701,1537
91,424,3899434.129346829,1537
92,424,3899434.129675877,1537
98,424,3899434.129960475,1537
86,424,3899434.130293493,1537
85,424,3899434.130591671,1537
84,424,3899434.130874598,1537
96,424,3899434.131198906,1537
95,424,3899434.131501824,1537
97,424,3899434.131792281,1537
87,424,3899434.132098999,1537
83,424,3899434.132458958,1537
89,424,3899434.132755645,1537
93,424,3899434.133063493,1537
110,424,3899434.133351150,1537
106,424,3899434.133634788,1537
105,424,3899434.133928095,1537
102,424,3899434.134232243,1537
109,424,3899434.134553561,1537
99,424,3899434.134848348,1537
108,424,3899434.135159386,1537
111,424,3899434.135512165,1537
113,424,3899434.135831223,1537
112,424,3899434.136160041,1537
107,424,3899434.136460289,1537
115,424,3899434.136762867,1537
104,424,3899434.137083715,1537
114,424,3899434.137303521,1537
103,424,3899434.137530946,1537
101,424,3899434.137771352,1537
120,424,3899434.137996958,1537
118,424,3899434.138237344,1537
124,424,3899434.138448879,1537
122,424,3899434.138667695,1537
117,424,3899434.138907251,1537
125,424,3899434.139146597,1537
123,424,3899434.139377553,1537
119,424,3899434.139598139,1537
121,424,3899434.139837905,1537
126,424,3899434.140166013,1537
116,424,3899434.140441410,1537
127,424,3899434.457770409,833
6,424,3899434.906560833,1601
2,424,3899434.907521548,1601
4,424,3899434.907913027,1601
11,424,3899434.908270086,1601
3,424,3899434.908625675,1601
0,424,3899434.908977434,1601
5,424,3899434.909306182,1601
7,424,3899434.909674342,1601
10,424,3899434.910647796,1601
1,424,3899434.911030476,1601
13,424,3899434.911398806,1601
9,424,3899434.911747704,1601
12,424,3899434.912074643,1601
14,424,3899434.912424441,1601
15,424,3899434.912744689,1601
8,424,3899434.913106959,1601
17,424,3899434.914605827,1601
29,424,3899434.914933135,1601
16,424,3899434.915292834,1601
19,424,3899434.915612482,1601
31,424,3899434.915912640,1601
32,424,3899434.916279929,1601
23,424,3899434.916596137,1601
33,424,3899434.916896525,1601
18,424,3899434.917229213,1601
21,424,3899434.917547731,1601
30,424,3899434.917851339,1601
28,424,3899434.918163927,1601
26,424,3899434.918508766,1601
25,424,3899434.918863514,1601
27,424,3899434.919244374,1601
20,424,3899434.919591633,1601
41,424,3899434.921593204,1601
35,424,3899434.921804529,1601
38,424,3899434.922017614,1601
46,424,3899434.922207599,1601
39,424,3899434.922401384,1601
45,424,3899434.922586178,1601
42,424,3899434.922770833,1601
48,424,3899434.922950888,1601
40,424,3899434.923135612,1601
49,424,3899434.923312077,1601
43,424,3899434.923486211,1601
37,424,3899434.923669076,1601
44,424,3899434.923842850,1601
34,424,3899434.924023465,1601
47,424,3899434.924197119,1601
36,424,3899434.924380064,1601
56,424,3899434.924570869,1601
51,424,3899434.924756164,1601
60,424,3899434.924945438,1601
63,424,3899434.925131053,1601
53,424,3899434.925314918,1601
59,424,3899434.925497702,1601
61,424,3899434.925679907,1601
62,424,3899434.925859792,1601
54,424,3899434.926046576,1601
52,424,3899434.926226161,1601
65,424,3899434.926420655,1601
58,424,3899434.926604810,1601
50,424,3899434.926773724,1601
64,424,3899434.926966849,1601
57,424,3899434.927169314,1601
55,424,3899434.927340419,1601
68,424,3899434.930293473,1601
80,424,3899434.930501259,1601
70,424,3899434.930688003,1601
81,424,3899434.930863758,1601
69,424,3899434.931048413,1601
67,424,3899434.931232657,1601
66,424,3899434.931404772,1601
75,424,3899434.931589856,1601
74,424,3899434.931771121,1601
78,424,3899434.931945135,1601
72,424,3899434.932128970,1601
79,424,3899434.932301404,1601
76,424,3899434.932485029,1601
71,424,3899434.932657443,1601
73,424,3899434.932837498,1601
77,424,3899434.933016642,1601
88,424,3899434.933207947,1601
94,424,3899434.933381292,1601
82,424,3899434.933569376,1601
91,424,3899434.933751081,1601
92,424,3899434.933944996,1601
98,424,3899434.934128971,1601
86,424,3899434.934301345,1601
85,424,3899434.934472629,1601
84,424,3899434.934640854,1601
96,424,3899434.934807968,1601
95,424,3899434.934974782,1601
97,424,3899434.935153187,1601
87,424,3899434.935321271,1601
83,424,3899434.935497155,1601
89,424,3899434.935668869,1601
93,424,3899434.935836834,1601
110,424,3899434.936011998,1601
106,424,3899434.936181742,1601
105,424,3899434.936352567,1601
102,424,3899434.936624424,1601
109,424,3899434.936824239,1601
99,424,3899434.937014894,1601
108,424,3899434.937194138,1601
111,424,3899434.937370843,1601
113,424,3899434.937544147,1601
112,424,3899434.937730182,1601
107,424,3899434.937901576,1601
115,424,3899434.938090251,1601
104,424,3899434.938286006,1601
114,424,3899434.938457690,1601
103,424,3899434.938635835,1601
101,424,3899434.938821719,1601
120,424,3899434.939015204,1601
118,424,3899434.939196849,1601
124,424,3899434.939367483,1601
122,424,3899434.939536807,1601
117,424,3899434.939726362,1601
125,424,3899434.939898267,1601
123,424,3899434.940086061,1601
119,424,3899434.940265386,1601
121,424,3899434.940463151,1601
126,424,3899434.940636775,1601
116,424,3899434.940810740,1601
127,424,3899435.177995280,897
6,424,3899435.541290412,1665
2,424,3899435.542529093,1665
4,424,3899435.542937264,1665
11,424,3899435.543321103,1665
3,424,3899435.543698913,1665
0,424,3899435.544077742,1665
5,424,3899435.544401321,1665
7,424,3899435.544774850,1665
10,424,3899435.545158150,1665
1,424,3899435.546111884,1665
13,424,3899435.546487903,1665
9,424,3899435.546847673,1665
12,424,3899435.547187951,1665
14,424,3899435.547549721,1665
15,424,3899435.547875919,1665
8,424,3899435.548248268,1665
17,424,3899435.550931886,1665
29,424,3899435.551285765,1665
16,424,3899435.551649104,1665
19,424,3899435.551980833,1665
31,424,3899435.552308231,1665
32,424,3899435.552672530,1665
23,424,3899435.553012649,1665
33,424,3899435.553344447,1665
18,424,3899435.553684706,1665
21,424,3899435.554019754,1665
30,424,3899435.554330152,1665
28,424,3899435.554658700,1665
26,424,3899435.554968678,1665
25,424,3899435.555205244,1665
27,424,3899435.555416500,1665
20,424,3899435.555607854,1665
41,424,3899435.555799009,1665
35,424,3899435.555988894,1665
38,424,3899435.556198169,1665
46,424,3899435.556380994,1665
39,424,3899435.556569609,1665
45,424,3899435.556754623,1665
42,424,3899435.556943868,1665
48,424,3899435.557135543,1665
40,424,3899435.557313608,1665
49,424,3899435.557489182,1665
43,424,3899435.557664526,1665
37,424,3899435.557850541,1665
44,424,3899435.558033816,1665
34,424,3899435.558211480,1665
47,424,3899435.558385224,1665
36,424,3899435.558569239,1665
56,424,3899435.560332464,1665
51,424,3899435.560544259,1665
60,424,3899435.560744984,1665
63,424,3899435.560927129,1665
53,424,3899435.561116534,1665
59,424,3899435.561311058,1665
61,424,3899435.561496543,1665
62,424,3899435.561686548,1665
54,424,3899435.561861903,1665
52,424,3899435.562058028,1665
65,424,3899435.562260062,1665
58,424,3899435.562451678,1665
50,424,3899435.562625032,1665
64,424,3899435.562823617,1665
57,424,3899435.563147775,1665
55,424,3899435.563352780,1665
68,424,3899435.563557795,1665
80,424,3899435.563752700,1665
70,424,3899435.563932015,1665
81,424,3899435.564123730,1665
69,424,3899435.564302494,1665
67,424,3899435.564482639,1665
66,424,3899435.564656003,1665
75,424,3899435.564846218,1665
74,424,3899435.565039163,1665
78,424,3899435.565218428,1665
72,424,3899435.565403002,1665
79,424,3899435.565588047,1665
76,424,3899435.565775782,1665
71,424,3899435.565951386,1665
73,424,3899435.566146111,1665
77,424,3899435.566321095,1665
88,424,3899435.568522951,1665
94,424,3899435.568721906,1665
82,424,3899435.568926511,1665
91,424,3899435.569127866,1665
92,424,3899435.569331732,1665
98,424,3899435.569509756,1665
86,424,3899435.569684430,1665
85,424,3899435.569858845,1665
84,424,3899435.570040890,1665
96,424,3899435.570220284,1665
95,424,3899435.570392578,1665
97,424,3899435.570564283,1665
87,424,3899435.570754757,1665
83,424,3899435.570943312,1665
89,424,3899435.571128727,1665
93,424,3899435.571303611,1665
110,424,3899435.571482556,1665
106,424,3899435.571662231,1665
105,424,3899435.571896057,1665
102,424,3899435.572141443,1665
109,424,3899435.572358998,1665
99,424,3899435.572543663,1665
108,424,3899435.572719057,1665
111,424,3899435.572894652,1665
113,424,3899435.573082206,1665
112,424,3899435.573271901,1665
107,424,3899435.573454336,1665
115,424,3899435.573640510,1665
104,424,3899435.573840326,1665
114,424,3899435.574029060,1665
103,424,3899435.574214995,1665
101,424,3899435.574407230,1665
120,424,3899435.574594705,1665
118,424,3899435.574781649,1665
124,424,3899435.574957234,1665
122,424,3899435.575144048,1665
117,424,3899435.575338444,1665
125,424,3899435.575514428,1665
123,424,3899435.575698553,1665
119,424,3899435.575873177,1665
121,424,3899435.576068202,1665
126,424,3899435.576217546,1665
116,424,3899435.576360019,1665
127,424,3899435.996837008,961
6,424,3899436.296120469,1729
2,424,3899436.296670893,1729
4,424,3899436.297098024,1729
11,424,3899436.297474064,1729
3,424,3899436.297864214,1729
0,424,3899436.298787657,1729
5,424,3899436.299141316,1729
7,424,3899436.299530006,1729
10,424,3899436.299915525,1729
1,424,3899436.300317546,1729
13,424,3899436.300707145,1729
9,424,3899436.301100115,1729
12,424,3899436.301442764,1729
14,424,3899436.301815084,1729
15,424,3899436.302151532,1729
8,424,3899436.302517241,1729
17,424,3899436.303333612,1729
29,424,3899436.303681301,1729
16,424,3899436.304064330,1729
19,424,3899436.304403989,1729
31,424,3899436.304729237,1729
32,424,3899436.305119187,1729
23,424,3899436.305449745,1729
33,424,3899436.305777984,1729
18,424,3899436.306130803,1729
21,424,3899436.306462981,1729
30,424,3899436.306787099,1729
28,424,3899436.307120288,1729
26,424,3899436.307487357,1729
25,424,3899436.307861797,1729
27,424,3899436.308254927,1729
20,424,3899436.308619636,1729
41,424,3899436.309967730,1729
35,424,3899436.310244327,1729
38,424,3899436.310461202,1729
46,424,3899436.310653777,1729
39,424,3899436.310854682,1729
45,424,3899436.311061347,1729
42,424,3899436.311260923,1729
48,424,3899436.311450357,1729
40,424,3899436.311632432,1729
49,424,3899436.311815946,1729
43,424,3899436.311993531,1729
37,424,3899436.312196616,1729
44,424,3899436.312376841,1729
34,424,3899436.312558415,1729
47,424,3899436.312737130,1729
36,424,3899436.312928485,1729
56,424,3899436.313137320,1729
51,424,3899436.313336125,1729
60,424,3899436.313546950,1729
63,424,3899436.313732615,1729
53,424,3899436.313913260,1729
59,424,3899436.314114495,1729
61,424,3899436.314312870,1729
62,424,3899436.314509075,1729
54,424,3899436.314694579,1729
52,424,3899436.314886504,1729
65,424,3899436.315101020,1729
58,424,3899436.315300895,1729
50,424,3899436.315479479,1729
64,424,3899436.315681744,1729
57,424,3899436.315880969,1729
55,424,3899436.316073064,1729
68,424,3899436.317144061,1729
80,424,3899436.317353426,1729
70,424,3899436.317538321,1729
81,424,3899436.317719706,1729
69,424,3899436.317904020,1729
67,424,3899436.318104646,1729
66,424,3899436.318307131,1729
75,424,3899436.318631039,1729
74,424,3899436.318851295,1729
78,424,3899436.319079770,1729
72,424,3899436.319275615,1729
79,424,3899436.319455900,1729
76,424,3899436.319650065,1729
71,424,3899436.319846900,1729
73,424,3899436.320052675,1729
77,424,3899436.320241520,1729
88,424,3899436.320440875,1729
94,424,3899436.320627289,1729
82,424,3899436.320829145,1729
91,424,3899436.321032490,1729
92,424,3899436.321240635,1729
98,424,3899436.321422520,1729
86,424,3899436.321601024,1729
85,424,3899436.321778429,1729
84,424,3899436.321954753,1729
96,424,3899436.322140198,1729
95,424,3899436.322320812,1729
97,424,3899436.322498707,1729
87,424,3899436.322675321,1729
83,424,3899436.322862346,1729
89,424,3899436.323053471,1729
93,424,3899436.323232915,1729
110,424,3899436.323411530,1729
106,424,3899436.323588975,1729
105,424,3899436.323768849,1729
102,424,3899436.323948524,1729
109,424,3899436.324140708,1729
99,424,3899436.324320953,1729
108,424,3899436.324497198,1729
111,424,3899436.324675232,1729
113,424,3899436.324851206,1729
112,424,3899436.325054912,1729
107,424,3899436.325238336,1729
115,424,3899436.325429771,1729
104,424,3899436.325629826,1729
114,424,3899436.325809151,1729
103,424,3899436.325995795,1729
101,424,3899436.326207661,1729
120,424,3899436.326401075,1729
118,424,3899436.326904868,1729
124,424,3899436.327116434,1729
122,424,3899436.327304378,1729
117,424,3899436.327636647,1729
125,424,3899436.327849362,1729
123,424,3899436.328063977,1729
119,424,3899436.328255722,1729
121,424,3899436.328462498,1729
126,424,3899436.328645372,1729
116,424,3899436.328833617,1729
127,424,3899436.570734797,1025
6,424,3899436.871515237,1793
2,424,3899436.872091752,1793
4,424,3899436.872511822,1793
11,424,3899436.872893322,1793
3,424,3899436.873560579,1793
0,424,3899436.873957889,1793
5,424,3899436.874321658,1793
7,424,3899436.874725558,1793
10,424,3899436.875131158,1793
1,424,3899436.875517848,1793
13,424,3899436.875905478,1793
9,424,3899436.876305808,1793
12,424,3899436.876656647,1793
14,424,3899436.877048977,1793
15,424,3899436.877404426,1793
8,424,3899436.877787636,1793
17,424,3899436.879653343,1793
29,424,3899436.880023182,1793
16,424,3899436.880418652,1793
19,424,3899436.880766861,1793
31,424,3899436.881110540,1793
32,424,3899436.881502210,1793
23,424,3899436.881850019,1793
33,424,3899436.882195127,1793
18,424,3899436.882552166,1793
21,424,3899436.882895845,1793
30,424,3899436.883232094,1793
28,424,3899436.883565962,1793
26,424,3899436.883950852,1793
25,424,3899436.884366092,1793
27,424,3899436.884761162,1793
20,424,3899436.885144592,1793
41,424,3899436.885539622,1793
35,424,3899436.885776988,1793
38,424,3899436.885989383,1793
46,424,3899436.886203849,1793
39,424,3899436.886412524,1793
45,424,3899436.886615819,1793
42,424,3899436.886816844,1793
48,424,3899436.887017979,1793
40,424,3899436.887209934,1793
49,424,3899436.887396459,1793
43,424,3899436.887579484,1793
37,424,3899436.887778749,1793
44,424,3899436.887962583,1793
34,424,3899436.888160268,1793
47,424,3899436.888348623,1793
36,424,3899436.888544608,1793
56,424,3899436.888749493,1793
51,424,3899436.888949708,1793
60,424,3899436.889170654,1793
63,424,3899436.889362578,1793
53,424,3899436.889553834,1793
59,424,3899436.889753408,1793
61,424,3899436.889950764,1793
62,424,3899436.890159989,1793
54,424,3899436.890352694,1793
52,424,3899436.890555609,1793
65,424,3899436.890766824,1793
58,424,3899436.890998880,1793
50,424,3899436.891207325,1793
64,424,3899436.891423881,1793
57,424,3899436.891631696,1793
55,424,3899436.891817811,1793
68,424,3899436.893215836,1793
80,424,3899436.893431501,1793
70,424,3899436.893626586,1793
81,424,3899436.893818171,1793
69,424,3899436.894062577,1793
67,424,3899436.894355335,1793
66,424,3899436.894570500,1793
75,424,3899436.894780516,1793
74,424,3899436.894981381,1793
78,424,3899436.895198496,1793
72,424,3899436.895385081,1793
79,424,3899436.895569086,1793
76,424,3899436.895768691,1793
71,424,3899436.895957265,1793
73,424,3899436.896165251,1793
77,424,3899436.896358555,1793
88,424,3899436.896564541,1793
94,424,3899436.896754505,1793
82,424,3899436.896968661,1793
91,424,3899436.897184416,1793
92,424,3899436.897396032,1793
98,424,3899436.897579197,1793
86,424,3899436.897764241,1793
85,424,3899436.897949636,1793
84,424,3899436.898145171,1793
96,424,3899436.898330976,1793
95,424,3899436.898514010,1793
97,424,3899436.898698485,1793
87,424,3899436.898881339,1793
83,424,3899436.899082024,1793
89,424,3899436.899268659,1793
93,424,3899436.899451484,1793
110,424,3899436.899631798,1793
106,424,3899436.899816283,1793
105,424,3899436.900008118,1793
102,424,3899436.900197553,1793
109,424,3899436.900381537,1793
99,424,3899436.900564862,1793
108,424,3899436.900749317,1793
111,424,3899436.900930261,1793
113,424,3899436.901120596,1793
112,424,3899436.901319711,1793
107,424,3899436.901510926,1793
115,424,3899436.901705911,1793
104,424,3899436.901918496,1793
114,424,3899436.902113451,1793
103,424,3899436.902310196,1793
101,424,3899436.902516941,1793
120,424,3899436.902714826,1793
118,424,3899436.902907581,1793
124,424,3899436.903178438,1793
122,424,3899436.903419424,1793
117,424,3899436.903642150,1793
125,424,3899436.903833725,1793
123,424,3899436.904042300,1793
119,424,3899436.904232465,1793
121,424,3899436.904444250,1793
126,424,3899436.904629095,1793
116,424,3899436.904812729,1793
127,424,3899437.148281339,1089
6,424,3899437.455332018,1857
2,424,3899437.455957584,1857
4,424,3899437.456405205,1857
11,424,3899437.456798985,1857
3,424,3899437.457217105,1857
0,424,3899437.457623816,1857
5,424,3899437.458275322,1857
7,424,3899437.458712013,1857
10,424,3899437.459126233,1857
1,424,3899437.459527954,1857
13,424,3899437.459935494,1857
9,424,3899437.460333674,1857
12,424,3899437.460690873,1857
14,424,3899437.461089183,1857
15,424,3899437.461445392,1857
8,424,3899437.461837312,1857
17,424,3899437.462721695,1857
29,424,3899437.463092894,1857
16,424,3899437.463484844,1857
19,424,3899437.463838113,1857
31,424,3899437.464196242,1857
32,424,3899437.464595012,1857
23,424,3899437.464947061,1857
33,424,3899437.465306070,1857
18,424,3899437.465662209,1857
21,424,3899437.466025018,1857
30,424,3899437.466370327,1857
28,424,3899437.466708836,1857
26,424,3899437.467105795,1857
25,424,3899437.467499405,1857
27,424,3899437.467898055,1857
20,424,3899437.468290516,1857
41,424,3899437.469914146,1857
35,424,3899437.470172013,1857
38,424,3899437.470393779,1857
46,424,3899437.470596824,1857
39,424,3899437.470809119,1857
45,424,3899437.471022934,1857
42,424,3899437.471233410,1857
48,424,3899437.471442545,1857
40,424,3899437.471639010,1857
49,424,3899437.471832385,1857
43,424,3899437.472033220,1857
37,424,3899437.472241316,1857
44,424,3899437.472433930,1857
34,424,3899437.472625935,1857
47,424,3899437.472815570,1857
36,424,3899437.473024925,1857
56,424,3899437.473239661,1857
51,424,3899437.473448416,1857
60,424,3899437.473663791,1857
63,424,3899437.473859856,1857
53,424,3899437.474063431,1857
59,424,3899437.474272917,1857
61,424,3899437.474473092,1857
62,424,3899437.474674647,1857
54,424,3899437.474875372,1857
52,424,3899437.475087687,1857
65,424,3899437.475306753,1857
58,424,3899437.475513138,1857
50,424,3899437.475704633,1857
64,424,3899437.475916388,1857
57,424,3899437.476136334,1857
55,424,3899437.476328569,1857
68,424,3899437.477633692,1857
80,424,3899437.477874328,1857
70,424,3899437.478099054,1857
81,424,3899437.478299059,1857
69,424,3899437.478522484,1857
67,424,3899437.478724960,1857
66,424,3899437.478921005,1857
75,424,3899437.479140380,1857
74,424,3899437.479348015,1857
78,424,3899437.479543600,1857
72,424,3899437.479737435,1857
79,424,3899437.479924970,1857
76,424,3899437.480142155,1857
71,424,3899437.480340490,1857
73,424,3899437.480543726,1857
77,424,3899437.480738120,1857
88,424,3899437.480945926,1857
94,424,3899437.481153621,1857
82,424,3899437.481370176,1857
91,424,3899437.481576332,1857
92,424,3899437.481794447,1857
98,424,3899437.481984852,1857
86,424,3899437.482189447,1857
85,424,3899437.482381552,1857
84,424,3899437.482573267,1857
96,424,3899437.482764612,1857
95,424,3899437.482952376,1857
97,424,3899437.483152221,1857
87,424,3899437.483343556,1857
83,424,3899437.483541881,1857
89,424,3899437.483730186,1857
93,424,3899437.483919941,1857
110,424,3899437.484117176,1857
106,424,3899437.484311401,1857
105,424,3899437.484507326,1857
102,424,3899437.484699871,1857
109,424,3899437.484895016,1857
99,424,3899437.485097551,1857
108,424,3899437.485288366,1857
111,424,3899437.485480810,1857
113,424,3899437.485671305,1857
112,424,3899437.485871320,1857
107,424,3899437.486072905,1857
115,424,3899437.486280631,1857
104,424,3899437.486561308,1857
114,424,3899437.486809804,1857
103,424,3899437.487035270,1857
101,424,3899437.487252435,1857
120,424,3899437.487457790,1857
118,424,3899437.487662806,1857
124,424,3899437.487857480,1857
122,424,3899437.488064426,1857
117,424,3899437.488283991,1857
125,424,3899437.488476636,1857
123,424,3899437.488675521,1857
119,424,3899437.488864316,1857
121,424,3899437.489297247,1857
126,424,3899437.489463061,1857
116,424,3899437.489621855,1857
127,424,3899437.734928231,1153
6,424,3899438.041839446,1921
2,424,3899438.042501443,1921
4,424,3899438.042944834,1921
11,424,3899438.043361425,1921
3,424,3899438.043774015,1921
0,424,3899438.044512524,1921
5,424,3899438.044883813,1921
7,424,3899438.045329204,1921
10,424,3899438.045754285,1921
1,424,3899438.046184406,1921
13,424,3899438.046598657,1921
9,424,3899438.046993147,1921
12,424,3899438.047367966,1921
14,424,3899438.047771866,1921
15,424,3899438.048152956,1921
8,424,3899438.048552116,1921
17,424,3899438.049424428,1921
29,424,3899438.049799297,1921
16,424,3899438.050207318,1921
19,424,3899438.050578517,1921
31,424,3899438.050932176,1921
32,424,3899438.051353557,1921
23,424,3899438.051715336,1921
33,424,3899438.052077465,1921
18,424,3899438.052458705,1921
21,424,3899438.052819504,1921
30,424,3899438.053180013,1921
28,424,3899438.053537182,1921
26,424,3899438.053935512,1921
25,424,3899438.054364603,1921
27,424,3899438.054780674,1921
20,424,3899438.055189284,1921
41,424,3899438.056492937,1921
35,424,3899438.056727603,1921
38,424,3899438.056946229,1921
46,424,3899438.057163044,1921
39,424,3899438.057384260,1921
45,424,3899438.057592225,1921
42,424,3899438.057806030,1921
48,424,3899438.058017885,1921
40,424,3899438.058220401,1921
49,424,3899438.058418526,1921
43,424,3899438.058611680,1921
37,424,3899438.058817426,1921
44,424,3899438.059023371,1921
34,424,3899438.059228466,1921
47,424,3899438.059425331,1921
36,424,3899438.059632146,1921
56,424,3899438.059850062,1921
51,424,3899438.060068827,1921
60,424,3899438.060288863,1921
63,424,3899438.060488198,1921
53,424,3899438.060684783,1921
59,424,3899438.060894108,1921
61,424,3899438.061114124,1921
62,424,3899438.061321939,1921
54,424,3899438.061521244,1921
52,424,3899438.061727839,1921
65,424,3899438.061948045,1921
58,424,3899438.062173270,1921
50,424,3899438.062368995,1921
64,424,3899438.062590551,1921
57,424,3899438.062804717,1921
55,424,3899438.063009872,1921
68,424,3899438.064425438,1921
80,424,3899438.064759326,1921
70,424,3899438.064997202,1921
81,424,3899438.065222498,1921
69,424,3899438.065453094,1921
67,424,3899438.065662539,1921
66,424,3899438.065859114,1921
75,424,3899438.066084920,1921
74,424,3899438.066302265,1921
78,424,3899438.066499660,1921
72,424,3899438.066698585,1921
79,424,3899438.066894450,1921
76,424,3899438.067113096,1921
71,424,3899438.067312131,1921
73,424,3899438.067518946,1921
77,424,3899438.067718931,1921
88,424,3899438.067933967,1921
94,424,3899438.068144202,1921
82,424,3899438.068369627,1921
91,424,3899438.068581603,1921
92,424,3899438.068807909,1921
98,424,3899438.069009023,1921
86,424,3899438.069207068,1921
85,424,3899438.069404344,1921
84,424,3899438.069597089,1921
96,424,3899438.069792974,1921
95,424,3899438.069986938,1921
97,424,3899438.070194444,1921
87,424,3899438.070388218,1921
83,424,3899438.070589463,1921
89,424,3899438.070784168,1921
93,424,3899438.070977923,1921
110,424,3899438.071181618,1921
106,424,3899438.071374594,1921
105,424,3899438.071568868,1921
102,424,3899438.071762773,1921
109,424,3899438.071959448,1921
99,424,3899438.072166654,1921
108,424,3899438.072360388,1921
111,424,3899438.072555173,1921
113,424,3899438.072753448,1921
112,424,3899438.072957534,1921
107,424,3899438.073165609,1921
115,424,3899438.073373234,1921
104,424,3899438.073603840,1921
114,424,3899438.073901427,1921
103,424,3899438.074154414,1921
101,424,3899438.074382959,1921
120,424,3899438.074598125,1921
118,424,3899438.074804690,1921
124,424,3899438.075020036,1921
122,424,3899438.075221741,1921
117,424,3899438.075444617,1921
125,424,3899438.075645982,1921
123,424,3899438.075854087,1921
119,424,3899438.076060662,1921
121,424,3899438.076251437,1921
126,424,3899438.076412701,1921
116,424,3899438.076572885,1921
127,424,3899438.322347123,1217
6,424,3899438.629680199,1985
2,424,3899438.630295964,1985
4,424,3899438.630735545,1985
11,424,3899438.631153766,1985
3,424,3899438.631593457,1985
0,424,3899438.632296885,1985
5,424,3899438.632675174,1985
7,424,3899438.633117295,1985
10,424,3899438.633545856,1985
1,424,3899438.633976297,1985
13,424,3899438.634410098,1985
9,424,3899438.634814098,1985
12,424,3899438.635203338,1985
14,424,3899438.635618429,1985
15,424,3899438.635996878,1985
8,424,3899438.636427219,1985
17,424,3899438.637181218,1985
29,424,3899438.637560598,1985
16,424,3899438.637969238,1985
19,424,3899438.638346178,1985
31,424,3899438.638702667,1985
32,424,3899438.639131458,1985
23,424,3899438.639503177,1985
33,424,3899438.639872206,1985
18,424,3899438.640264066,1985
21,424,3899438.640628865,1985
30,424,3899438.640970454,1985
28,424,3899438.641341023,1985
26,424,3899438.641753124,1985
25,424,3899438.642187175,1985
27,424,3899438.642613236,1985
20,424,3899438.643022566,1985
41,424,3899438.644043462,1985
35,424,3899438.644416891,1985
38,424,3899438.644745589,1985
46,424,3899438.645071408,1985
39,424,3899438.645425117,1985
45,424,3899438.645745985,1985
42,424,3899438.646102774,1985
48,424,3899438.646408982,1985
40,424,3899438.646715970,1985
49,424,3899438.647034507,1985
43,424,3899438.647338515,1985
37,424,3899438.647678224,1985
44,424,3899438.647984242,1985
34,424,3899438.648302070,1985
47,424,3899438.648604417,1985
36,424,3899438.648943036,1985
56,424,3899438.649302565,1985
51,424,3899438.649649254,1985
60,424,3899438.650014233,1985
63,424,3899438.650321861,1985
53,424,3899438.650630449,1985
59,424,3899438.651010188,1985
61,424,3899438.651394918,1985
62,424,3899438.651815208,1985
54,424,3899438.652193858,1985
52,424,3899438.652512726,1985
65,424,3899438.652778033,1985
58,424,3899438.653097611,1985
50,424,3899438.653339837,1985
64,424,3899438.653581883,1985
57,424,3899438.653810219,1985
55,424,3899438.654028055,1985
68,424,3899438.655074331,1985
80,424,3899438.655310037,1985
70,424,3899438.655522992,1985
81,424,3899438.655727547,1985
69,424,3899438.655956463,1985
67,424,3899438.656177269,1985
66,424,3899438.656382214,1985
75,424,3899438.656600409,1985
74,424,3899438.656815875,1985
78,424,3899438.657028460,1985
72,424,3899438.657232456,1985
79,424,3899438.657428050,1985
76,424,3899438.657641606,1985
71,424,3899438.657839901,1985
73,424,3899438.658097218,1985
77,424,3899438.658321713,1985
88,424,3899438.658546569,1985
94,424,3899438.658749964,1985
82,424,3899438.658973069,1985
91,424,3899438.659201695,1985
92,424,3899438.659427891,1985
98,424,3899438.659623886,1985
86,424,3899438.659822661,1985
85,424,3899438.660030106,1985
84,424,3899438.660229851,1985
96,424,3899438.660429077,1985
95,424,3899438.660624621,1985
97,424,3899438.660823236,1985
87,424,3899438.661028121,1985
83,424,3899438.661238917,1985
89,424,3899438.661439072,1985
93,424,3899438.661640237,1985
110,424,3899438.661900944,1985
106,424,3899438.662165220,1985
105,424,3899438.662380386,1985
102,424,3899438.662589121,1985
109,424,3899438.662796826,1985
99,424,3899438.662999431,1985
108,424,3899438.663213967,1985
111,424,3899438.663414742,1985
113,424,3899438.663613087,1985
112,424,3899438.663824272,1985
107,424,3899438.664049768,1985
115,424,3899438.664247133,1985
104,424,3899438.664429648,1985
114,424,3899438.664598142,1985
103,424,3899438.664768346,1985
101,424,3899438.664950031,1985
120,424,3899438.665555986,1985
118,424,3899438.665741691,1985
124,424,3899438.665912505,1985
122,424,3899438.666091740,1985
117,424,3899438.666275874,1985
125,424,3899438.666443609,1985
123,424,3899438.666618223,1985
119,424,3899438.666800007,1985
121,424,3899438.666976692,1985
126,424,3899438.667149036,1985
116,424,3899438.667315791,1985
127,424,3899438.911585740,1281
6,424,3899439.219947542,2049
2,424,3899439.220589238,2049
4,424,3899439.221069850,2049
11,424,3899439.221508032,2049
3,424,3899439.221951053,2049
0,424,3899439.222773973,2049
5,424,3899439.223193124,2049
7,424,3899439.223642706,2049
10,424,3899439.224089727,2049
1,424,3899439.224529188,2049
13,424,3899439.224959319,2049
9,424,3899439.225394210,2049
12,424,3899439.225776909,2049
14,424,3899439.226211280,2049
15,424,3899439.226594910,2049
8,424,3899439.227095303,2049
17,424,3899439.228079138,2049
29,424,3899439.228470018,2049
16,424,3899439.228887518,2049
19,424,3899439.229283548,2049
31,424,3899439.229653547,2049
32,424,3899439.230098019,2049
23,424,3899439.230480479,2049
33,424,3899439.230855248,2049
18,424,3899439.231263438,2049
21,424,3899439.231640568,2049
30,424,3899439.232012537,2049
28,424,3899439.232374616,2049
26,424,3899439.232801867,2049
25,424,3899439.233242578,2049
27,424,3899439.233671219,2049
20,424,3899439.234093440,2049
41,424,3899439.235202018,2049
35,424,3899439.235449144,2049
38,424,3899439.235683440,2049
46,424,3899439.235895965,2049
39,424,3899439.236133822,2049
45,424,3899439.236373988,2049
42,424,3899439.236594933,2049
48,424,3899439.236805739,2049
40,424,3899439.237027194,2049
49,424,3899439.237234390,2049
43,424,3899439.237439275,2049
37,424,3899439.237660250,2049
44,424,3899439.237870986,2049
34,424,3899439.238089891,2049
47,424,3899439.238304357,2049
36,424,3899439.238521202,2049
56,424,3899439.238755458,2049
51,424,3899439.238973523,2049
60,424,3899439.239225830,2049
63,424,3899439.239441485,2049
53,424,3899439.239648140,2049
59,424,3899439.239873886,2049
61,424,3899439.240100822,2049
62,424,3899439.240326428,2049
54,424,3899439.240536253,2049
52,424,3899439.240757959,2049
65,424,3899439.240993354,2049
58,424,3899439.241231111,2049
50,424,3899439.241456656,2049
64,424,3899439.241690662,2049
57,424,3899439.241918138,2049
55,424,3899439.242134043,2049
68,424,3899439.243331204,2049
80,424,3899439.243588720,2049
70,424,3899439.243808536,2049
81,424,3899439.244031461,2049
69,424,3899439.244276417,2049
67,424,3899439.244490373,2049
66,424,3899439.244698338,2049
75,424,3899439.244916214,2049
74,424,3899439.245143919,2049
78,424,3899439.245351265,2049
72,424,3899439.245555910,2049
79,424,3899439.245753705,2049
76,424,3899439.245969580,2049
71,424,3899439.246191496,2049
73,424,3899439.246405571,2049
77,424,3899439.246609656,2049
88,424,3899439.246834972,2049
94,424,3899439.247049628,2049
82,424,3899439.247281744,2049
91,424,3899439.247500689,2049
92,424,3899439.247733365,2049
98,424,3899439.247935160,2049
86,424,3899439.248151095,2049
85,424,3899439.248357701,2049
84,424,3899439.248558286,2049
96,424,3899439.248760501,2049
95,424,3899439.248961856,2049
97,424,3899439.249173321,2049
87,424,3899439.249378587,2049
83,424,3899439.249592022,2049
89,424,3899439.249794447,2049
93,424,3899439.249998072,2049
110,424,3899439.250210498,2049
106,424,3899439.250412403,2049
105,424,3899439.250615418,2049
102,424,3899439.250819043,2049
109,424,3899439.251030639,2049
99,424,3899439.251235464,2049
108,424,3899439.251435709,2049
111,424,3899439.251642914,2049
113,424,3899439.251846979,2049
112,424,3899439.252069085,2049
107,424,3899439.252280240,2049
115,424,3899439.252612268,2049
104,424,3899439.252869735,2049
114,424,3899439.253098431,2049
103,424,3899439.253324577,2049
101,424,3899439.253551622,2049
120,424,3899439.253778268,2049
118,424,3899439.254011414,2049
124,424,3899439.254222229,2049
122,424,3899439.254428444,2049
117,424,3899439.254655350,2049
125,424,3899439.254862105,2049
123,424,3899439.255089571,2049
119,424,3899439.255289406,2049
121,424,3899439.255470421,2049
126,424,3899439.255633825,2049
116,424,3899439.255797339,2049
127,424,3899439.503566197,1345
6,424,3899439.818391353,2113
2,424,3899439.819013488,2113
4,424,3899439.819482670,2113
11,424,3899439.819914421,2113
3,424,3899439.820370792,2113
0,424,3899439.821093191,2113
5,424,3899439.821513781,2113
7,424,3899439.821971983,2113
10,424,3899439.822429035,2113
1,424,3899439.822869736,2113
13,424,3899439.823324857,2113
9,424,3899439.823763598,2113
12,424,3899439.824162699,2113
14,424,3899439.824595579,2113
15,424,3899439.824981579,2113
8,424,3899439.825416660,2113
17,424,3899439.826202890,2113
29,424,3899439.826599940,2113
16,424,3899439.827037611,2113
19,424,3899439.827420731,2113
31,424,3899439.827799491,2113
32,424,3899439.828249192,2113
23,424,3899439.828640852,2113
33,424,3899439.829035612,2113
18,424,3899439.829431122,2113
21,424,3899439.829818391,2113
30,424,3899439.830206351,2113
28,424,3899439.830585081,2113
26,424,3899439.831019092,2113
25,424,3899439.831467653,2113
27,424,3899439.831923685,2113
20,424,3899439.832950431,2113
41,424,3899439.833405632,2113
35,424,3899439.833759851,2113
38,424,3899439.834017968,2113
46,424,3899439.834248614,2113
39,424,3899439.834485300,2113
45,424,3899439.834728376,2113
42,424,3899439.834977302,2113
48,424,3899439.835230599,2113
40,424,3899439.835497525,2113
49,424,3899439.835729191,2113
43,424,3899439.835938686,2113
37,424,3899439.836179972,2113
44,424,3899439.836393018,2113
34,424,3899439.836606203,2113
47,424,3899439.836813788,2113
36,424,3899439.837052365,2113
56,424,3899439.837290311,2113
51,424,3899439.837516766,2113
60,424,3899439.837749282,2113
63,424,3899439.837962498,2113
53,424,3899439.838189753,2113
59,424,3899439.838415699,2113
61,424,3899439.838638505,2113
62,424,3899439.838861280,2113
54,424,3899439.839084026,2113
52,424,3899439.839311852,2113
65,424,3899439.839548958,2113
58,424,3899439.839776703,2113
50,424,3899439.839995139,2113
64,424,3899439.840244605,2113
57,424,3899439.840478921,2113
55,424,3899439.840692427,2113
68,424,3899439.841453376,2113
80,424,3899439.841688212,2113
70,424,3899439.842020760,2113
81,424,3899439.842258976,2113
69,424,3899439.842508963,2113
67,424,3899439.842730138,2113
66,424,3899439.842941994,2113
75,424,3899439.843173529,2113
74,424,3899439.843397455,2113
78,424,3899439.843610711,2113
72,424,3899439.843824906,2113
79,424,3899439.844040231,2113
76,424,3899439.844264307,2113
71,424,3899439.844474032,2113
73,424,3899439.844694198,2113
77,424,3899439.844902243,2113
88,424,3899439.845138859,2113
94,424,3899439.845350955,2113
82,424,3899439.845583421,2113
91,424,3899439.845804996,2113
92,424,3899439.846047492,2113
98,424,3899439.846259647,2113
86,424,3899439.846467113,2113
85,424,3899439.846673768,2113
84,424,3899439.846877923,2113
96,424,3899439.847092468,2113
95,424,3899439.847301024,2113
97,424,3899439.847506879,2113
87,424,3899439.847712454,2113
83,424,3899439.847927330,2113
89,424,3899439.848147515,2113
93,424,3899439.848356311,2113
110,424,3899439.848559596,2113
106,424,3899439.848765741,2113
105,424,3899439.848972416,2113
102,424,3899439.849194532,2113
109,424,3899439.849399257,2113
99,424,3899439.849602672,2113
108,424,3899439.849809897,2113
111,424,3899439.850026613,2113
113,424,3899439.850238298,2113
112,424,3899439.850456284,2113
107,424,3899439.850662999,2113
115,424,3899439.850882235,2113
104,424,3899439.851125201,2113
114,424,3899439.851427268,2113
103,424,3899439.851675915,2113
101,424,3899439.851917091,2113
120,424,3899439.852369362,2113
118,424,3899439.852604418,2113
124,424,3899439.852825653,2113
122,424,3899439.853050029,2113
117,424,3899439.853264565,2113
125,424,3899439.853436529,2113
123,424,3899439.853614844,2113
119,424,3899439.853806398,2113
121,424,3899439.853995793,2113
126,424,3899439.854173148,2113
116,424,3899439.854343032,2113
127,424,3899440.106269665,1409
6,424,3899440.421366327,2177
2,424,3899440.421964863,2177
4,424,3899440.422445745,2177
11,424,3899440.422888966,2177
3,424,3899440.423366868,2177
0,424,3899440.424087736,2177
5,424,3899440.424506067,2177
7,424,3899440.424968939,2177
10,424,3899440.425436280,2177
1,424,3899440.425885292,2177
13,424,3899440.426348613,2177
9,424,3899440.426792874,2177
12,424,3899440.427205095,2177
14,424,3899440.427655367,2177
15,424,3899440.428069487,2177
8,424,3899440.428503918,2177
17,424,3899440.429333159,2177
29,424,3899440.429739979,2177
16,424,3899440.430191791,2177
19,424,3899440.430591951,2177
31,424,3899440.430975550,2177
32,424,3899440.431438262,2177
23,424,3899440.431829592,2177
33,424,3899440.432236912,2177
18,424,3899440.432646693,2177
21,424,3899440.433047703,2177
30,424,3899440.433424852,2177
28,424,3899440.433808002,2177
26,424,3899440.434265964,2177
25,424,3899440.434717265,2177
27,424,3899440.435189587,2177
20,424,3899440.435615898,2177
41,424,3899440.436388267,2177
35,424,3899440.436642564,2177
38,424,3899440.436878870,2177
46,424,3899440.437116176,2177
39,424,3899440.437358492,2177
45,424,3899440.437603858,2177
42,424,3899440.437838534,2177
48,424,3899440.438069920,2177
40,424,3899440.438292545,2177
49,424,3899440.438508411,2177
43,424,3899440.438725007,2177
37,424,3899440.438954752,2177
44,424,3899440.439181538,2177
34,424,3899440.439401593,2177
47,424,3899440.439613929,2177
36,424,3899440.439840885,2177
56,424,3899440.440091981,2177
51,424,3899440.440328177,2177
60,424,3899440.440569393,2177
63,424,3899440.440787079,2177
53,424,3899440.441013814,2177
59,424,3899440.441249090,2177
61,424,3899440.441476916,2177
62,424,3899440.441701592,2177
54,424,3899440.441917087,2177
52,424,3899440.442156853,2177
65,424,3899440.442402689,2177
58,424,3899440.442634405,2177
50,424,3899440.442857661,2177
64,424,3899440.443109707,2177
57,424,3899440.443351604,2177
55,424,3899440.443570139,2177
68,424,3899440.444582635,2177
80,424,3899440.444833331,2177
70,424,3899440.445079307,2177
81,424,3899440.445404496,2177
69,424,3899440.445684503,2177
67,424,3899440.445921209,2177
66,424,3899440.446155404,2177
75,424,3899440.446395441,2177
74,424,3899440.446627046,2177
78,424,3899440.446846212,2177
72,424,3899440.447074338,2177
79,424,3899440.447291553,2177
76,424,3899440.447521279,2177
71,424,3899440.447736524,2177
73,424,3899440.447965080,2177
77,424,3899440.448204466,2177
88,424,3899440.448444022,2177
94,424,3899440.448689719,2177
82,424,3899440.448931315,2177
91,424,3899440.449175351,2177
92,424,3899440.449418717,2177
98,424,3899440.449632812,2177
86,424,3899440.449850268,2177
85,424,3899440.450073814,2177
84,424,3899440.450295449,2177
96,424,3899440.450515335,2177
95,424,3899440.450728960,2177
97,424,3899440.450943936,2177
87,424,3899440.451166361,2177
83,424,3899440.451393567,2177
89,424,3899440.451605482,2177
93,424,3899440.451820888,2177
110,424,3899440.452043764,2177
106,424,3899440.452258539,2177
105,424,3899440.452476424,2177
102,424,3899440.452693830,2177
109,424,3899440.452906095,2177
99,424,3899440.453130931,2177
108,424,3899440.453346757,2177
111,424,3899440.453557792,2177
113,424,3899440.453772957,2177
112,424,3899440.453998263,2177
107,424,3899440.454225689,2177
115,424,3899440.454454054,2177
104,424,3899440.454797743,2177
114,424,3899440.455055940,2177
103,424,3899440.455276145,2177
101,424,3899440.455469410,2177
120,424,3899440.455662475,2177
118,424,3899440.455852400,2177
124,424,3899440.456042025,2177
122,424,3899440.456228539,2177
117,424,3899440.456422754,2177
125,424,3899440.456598949,2177
123,424,3899440.456780163,2177
119,424,3899440.456971478,2177
121,424,3899440.457172803,2177
126,424,3899440.457348718,2177
116,424,3899440.457521822,2177
127,424,3899440.710291717,1473
6,424,3899441.025614315,2241
2,424,3899441.026245490,2241
4,424,3899441.026730553,2241
11,424,3899441.027204925,2241
3,424,3899441.027940993,2241
0,424,3899441.028419715,2241
5,424,3899441.028835726,2241
7,424,3899441.029319828,2241
10,424,3899441.029775080,2241
1,424,3899441.030244821,2241
13,424,3899441.030705233,2241
9,424,3899441.031162855,2241
12,424,3899441.031572485,2241
14,424,3899441.032029347,2241
15,424,3899441.032432177,2241
8,424,3899441.032873418,2241
17,424,3899441.033629867,2241
29,424,3899441.034046228,2241
16,424,3899441.034495019,2241
19,424,3899441.034900469,2241
31,424,3899441.035303469,2241
32,424,3899441.035763241,2241
23,424,3899441.036173542,2241
33,424,3899441.036568712,2241
18,424,3899441.037696460,2241
21,424,3899441.038122691,2241
30,424,3899441.038530761,2241
28,424,3899441.038936192,2241
26,424,3899441.039403753,2241
25,424,3899441.039869405,2241
27,424,3899441.040272265,2241
20,424,3899441.040609814,2241
41,424,3899441.040871550,2241
35,424,3899441.041134057,2241
38,424,3899441.041375223,2241
46,424,3899441.041603389,2241
39,424,3899441.041847635,2241
45,424,3899441.042112422,2241
42,424,3899441.042444270,2241
48,424,3899441.042834790,2241
40,424,3899441.043240590,2241
49,424,3899441.043473906,2241
43,424,3899441.043692792,2241
37,424,3899441.043927648,2241
44,424,3899441.044161204,2241
34,424,3899441.044392870,2241
47,424,3899441.044612875,2241
36,424,3899441.044842761,2241
56,424,3899441.045096367,2241
51,424,3899441.045423025,2241
60,424,3899441.045846266,2241
63,424,3899441.046245896,2241
53,424,3899441.046473072,2241
59,424,3899441.046704818,2241
61,424,3899441.046935084,2241
62,424,3899441.047176870,2241
54,424,3899441.047402735,2241
52,424,3899441.047636801,2241
65,424,3899441.047881778,2241
58,424,3899441.048129574,2241
50,424,3899441.048364150,2241
64,424,3899441.048609146,2241
57,424,3899441.048850992,2241
55,424,3899441.049086778,2241
68,424,3899441.049976911,2241
80,424,3899441.050264158,2241
70,424,3899441.050502544,2241
81,424,3899441.050729720,2241
69,424,3899441.050987196,2241
67,424,3899441.051241733,2241
66,424,3899441.051534040,2241
75,424,3899441.051843748,2241
74,424,3899441.052163646,2241
78,424,3899441.052415913,2241
72,424,3899441.052637128,2241
79,424,3899441.052868044,2241
76,424,3899441.053117240,2241
71,424,3899441.053377767,2241
73,424,3899441.053682385,2241
77,424,3899441.053973882,2241
88,424,3899441.054306530,2241
94,424,3899441.054631789,2241
82,424,3899441.054953957,2241
91,424,3899441.055274045,2241
92,424,3899441.055602013,2241
98,424,3899441.055887920,2241
86,424,3899441.056187568,2241
85,424,3899441.056438714,2241
84,424,3899441.056652820,2241
96,424,3899441.056870445,2241
95,424,3899441.057094151,2241
97,424,3899441.057342597,2241
87,424,3899441.057626654,2241
83,424,3899441.057925122,2241
89,424,3899441.058214799,2241
93,424,3899441.058503087,2241
110,424,3899441.059358438,2241
106,424,3899441.059736068,2241
105,424,3899441.060067616,2241
102,424,3899441.060356263,2241
109,424,3899441.060606020,2241
99,424,3899441.060840426,2241
108,424,3899441.061076981,2241
111,424,3899441.061334248,2241
113,424,3899441.061629595,2241
112,424,3899441.061929233,2241
107,424,3899441.062238511,2241
115,424,3899441.062480097,2241
104,424,3899441.062728663,2241
114,424,3899441.062949529,2241
103,424,3899441.063196595,2241
101,424,3899441.063401360,2241
120,424,3899441.063594855,2241
118,424,3899441.063783640,2241
124,424,3899441.063966915,2241
122,424,3899441.064160820,2241
117,424,3899441.064366375,2241
125,424,3899441.064544949,2241
123,424,3899441.064730734,2241
119,424,3899441.064925679,2241
121,424,3899441.065126584,2241
126,424,3899441.065306528,2241
116,424,3899441.065485673,2241
127,424,3899441.387819128,1537
6,424,3899441.704083040,2305
2,424,3899441.704425678,2305
4,424,3899441.704667114,2305
11,424,3899441.704877380,2305
3,424,3899441.705265199,2305
0,424,3899441.705476915,2305
5,424,3899441.705682200,2305
7,424,3899441.705895185,2305
10,424,3899441.706109161,2305
1,424,3899441.706313906,2305
13,424,3899441.706514881,2305
9,424,3899441.706716556,2305
12,424,3899441.706912101,2305
14,424,3899441.707125637,2305
15,424,3899441.707320282,2305
8,424,3899441.707520736,2305
17,424,3899441.708104941,2305
29,424,3899441.708310376,2305
16,424,3899441.708517882,2305
19,424,3899441.708709806,2305
31,424,3899441.708891841,2305
32,424,3899441.709106907,2305
23,424,3899441.709299221,2305
33,424,3899441.709486786,2305
18,424,3899441.709679721,2305
21,424,3899441.709867326,2305
30,424,3899441.710056121,2305
28,424,3899441.710240745,2305
26,424,3899441.710440130,2305
25,424,3899441.710647746,2305
27,424,3899441.710856371,2305
20,424,3899441.711058766,2305
41,424,3899441.711261031,2305
35,424,3899441.711458726,2305
38,424,3899441.711652171,2305
46,424,3899441.711838906,2305
39,424,3899441.712045991,2305
45,424,3899441.712254516,2305
42,424,3899441.712449551,2305
48,424,3899441.712632356,2305
40,424,3899441.712817891,2305
49,424,3899441.712998345,2305
43,424,3899441.713190920,2305
37,424,3899441.713384145,2305
44,424,3899441.713568490,2305
34,424,3899441.713752714,2305
47,424,3899441.713932209,2305
36,424,3899441.714134144,2305
56,424,3899441.715344334,2305
51,424,3899441.715556180,2305
60,424,3899441.715762965,2305
63,424,3899441.715957430,2305
53,424,3899441.716158265,2305
59,424,3899441.716357130,2305
61,424,3899441.716552765,2305
62,424,3899441.716746520,2305
54,424,3899441.716937115,2305
52,424,3899441.717144740,2305
65,424,3899441.717356016,2305
58,424,3899441.717555621,2305
50,424,3899441.717748795,2305
64,424,3899441.717952980,2305
57,424,3899441.718164276,2305
55,424,3899441.718361481,2305
68,424,3899441.718574596,2305
80,424,3899441.718771051,2305
70,424,3899441.718962486,2305
81,424,3899441.719160351,2305
69,424,3899441.719372036,2305
67,424,3899441.719564831,2305
66,424,3899441.719753216,2305
75,424,3899441.719947891,2305
74,424,3899441.720152736,2305
78,424,3899441.720336621,2305
72,424,3899441.720522045,2305
79,424,3899441.720711360,2305
76,424,3899441.720905945,2305
71,424,3899441.721092450,2305
73,424,3899441.721285005,2305
77,424,3899441.721467700,2305
88,424,3899441.721666105,2305
94,424,3899441.721872300,2305
82,424,3899441.722086105,2305
91,424,3899441.722285410,2305
92,424,3899441.722488535,2305
98,424,3899441.722667380,2305
86,424,3899441.722847604,2305
85,424,3899441.723035959,2305
84,424,3899441.723219804,2305
96,424,3899441.723404209,2305
95,424,3899441.723590393,2305
97,424,3899441.723771918,2305
87,424,3899441.723952442,2305
83,424,3899441.724153247,2305
89,424,3899441.724335892,2305
93,424,3899441.724516126,2305
110,424,3899441.724697481,2305
106,424,3899441.724879446,2305
105,424,3899441.725072381,2305
102,424,3899441.725255135,2305
109,424,3899441.725433490,2305
99,424,3899441.725611564,2305
108,424,3899441.725790439,2305
111,424,3899441.725973854,2305
113,424,3899441.726165998,2305
112,424,3899441.726354533,2305
107,424,3899441.726532078,2305
115,424,3899441.726725613,2305
104,424,3899441.726926027,2305
114,424,3899441.727128333,2305
103,424,3899441.727324138,2305
101,424,3899441.727522903,2305
120,424,3899441.728029215,2305
118,424,3899441.728326583,2305
124,424,3899441.728547179,2305
122,424,3899441.728772684,2305
117,424,3899441.729023331,2305
125,424,3899441.729236536,2305
123,424,3899441.729437381,2305
119,424,3899441.729640716,2305
121,424,3899441.729841011,2305
126,424,3899441.730027866,2305
116,424,3899441.730217451,2305
127,424,3899441.997174085,1601
6,424,3899442.319739075,2369
2,424,3899442.320206697,2369
4,424,3899442.320504945,2369
11,424,3899442.320779282,2369
3,424,3899442.321062439,2369
0,424,3899442.321517210,2369
5,424,3899442.321816248,2369
7,424,3899442.322109995,2369
10,424,3899442.322374332,2369
1,424,3899442.322644889,2369
13,424,3899442.322900665,2369
9,424,3899442.323161942,2369
12,424,3899442.323408558,2369
14,424,3899442.323665895,2369
15,424,3899442.323909881,2369
8,424,3899442.324168417,2369
17,424,3899442.324610099,2369
29,424,3899442.324861595,2369
16,424,3899442.325124792,2369
19,424,3899442.325362567,2369
31,424,3899442.325591763,2369
32,424,3899442.325862330,2369
23,424,3899442.326125067,2369
33,424,3899442.326366093,2369
18,424,3899442.326945928,2369
21,424,3899442.327206124,2369
30,424,3899442.327440490,2369
28,424,3899442.327672606,2369
26,424,3899442.327928503,2369
25,424,3899442.328200890,2369
27,424,3899442.328466666,2369
20,424,3899442.328719532,2369
41,424,3899442.328972799,2369
35,424,3899442.329237505,2369
38,424,3899442.329482222,2369
46,424,3899442.329718308,2369
39,424,3899442.329966864,2369
45,424,3899442.330244981,2369
42,424,3899442.330495637,2369
48,424,3899442.330729343,2369
40,424,3899442.330964269,2369
49,424,3899442.331207086,2369
43,424,3899442.331436061,2369
37,424,3899442.331695198,2369
44,424,3899442.331933824,2369
34,424,3899442.332180330,2369
47,424,3899442.332412796,2369
36,424,3899442.332659902,2369
56,424,3899442.333382761,2369
51,424,3899442.333646707,2369
60,424,3899442.333911474,2369
63,424,3899442.334163000,2369
53,424,3899442.334399686,2369
59,424,3899442.334645973,2369
61,424,3899442.334892389,2369
62,424,3899442.335148255,2369
54,424,3899442.335382751,2369
52,424,3899442.335623977,2369
65,424,3899442.335887804,2369
58,424,3899442.336154211,2369
50,424,3899442.336401627,2369
64,424,3899442.336663104,2369
57,424,3899442.336914210,2369
55,424,3899442.337154576,2369
68,424,3899442.337419103,2369
80,424,3899442.337669389,2369
70,424,3899442.337901655,2369
81,424,3899442.338153051,2369
69,424,3899442.338420008,2369
67,424,3899442.338661794,2369
66,424,3899442.338918490,2369
75,424,3899442.339183267,2369
74,424,3899442.339428983,2369
78,424,3899442.339659989,2369
72,424,3899442.339912036,2369
79,424,3899442.340175422,2369
76,424,3899442.340469350,2369
71,424,3899442.340710806,2369
73,424,3899442.340955602,2369
77,424,3899442.341201248,2369
88,424,3899442.342039460,2369
94,424,3899442.342318476,2369
82,424,3899442.342585473,2369
91,424,3899442.342831900,2369
92,424,3899442.343264251,2369
98,424,3899442.343610189,2369
86,424,3899442.343862866,2369
85,424,3899442.344128762,2369
84,424,3899442.344363518,2369
96,424,3899442.344614335,2369
95,424,3899442.344850281,2369
97,424,3899442.345099347,2369
87,424,3899442.345330733,2369
83,424,3899442.345658651,2369
89,424,3899442.345976619,2369
93,424,3899442.346245696,2369
110,424,3899442.346483452,2369
106,424,3899442.346715028,2369
105,424,3899442.346946894,2369
102,424,3899442.347192920,2369
109,424,3899442.347425546,2369
99,424,3899442.347658922,2369
108,424,3899442.347891828,2369
111,424,3899442.348137264,2369
113,424,3899442.348373290,2369
112,424,3899442.348616986,2369
107,424,3899442.348856882,2369
115,424,3899442.349115228,2369
104,424,3899442.349378495,2369
114,424,3899442.349640912,2369
103,424,3899442.349882378,2369
101,424,3899442.350154175,2369
120,424,3899442.350410071,2369
118,424,3899442.350655187,2369
124,424,3899442.350890873,2369
122,424,3899442.351138650,2369
117,424,3899442.351402566,2369
125,424,3899442.351637972,2369
123,424,3899442.351887019,2369
119,424,3899442.352151115,2369
121,424,3899442.352408192,2369
126,424,3899442.352638138,2369
116,424,3899442.352877984,2369
127,424,3899442.615714813,1665
6,424,3899442.939190667,2433
2,424,3899442.939797762,2433
4,424,3899442.940336556,2433
11,424,3899442.940817148,2433
3,424,3899442.941595388,2433
0,424,3899442.942111481,2433
5,424,3899442.942559402,2433
7,424,3899442.943074635,2433
10,424,3899442.943574148,2433
1,424,3899442.944084151,2433
13,424,3899442.944579303,2433
9,424,3899442.945077416,2433
12,424,3899442.945509807,2433
14,424,3899442.945997989,2433
15,424,3899442.946537173,2433
8,424,3899442.947038246,2433
17,424,3899442.947761804,2433
29,424,3899442.948209015,2433
16,424,3899442.949490788,2433
19,424,3899442.949932599,2433
31,424,3899442.950370140,2433
32,424,3899442.950871752,2433
23,424,3899442.951327844,2433
33,424,3899442.951757095,2433
18,424,3899442.952208986,2433
21,424,3899442.952636467,2433
30,424,3899442.953055288,2433
28,424,3899442.953482749,2433
26,424,3899442.953969281,2433
25,424,3899442.954486174,2433
27,424,3899442.955016547,2433
20,424,3899442.955319025,2433
41,424,3899442.955642063,2433
35,424,3899442.955932951,2433
38,424,3899442.956203397,2433
46,424,3899442.956457044,2433
39,424,3899442.956718760,2433
45,424,3899442.956985677,2433
42,424,3899442.957252614,2433
48,424,3899442.957495560,2433
40,424,3899442.957737786,2433
49,424,3899442.957974542,2433
43,424,3899442.958221448,2433
37,424,3899442.958473535,2433
44,424,3899442.958708651,2433
34,424,3899442.958948917,2433
47,424,3899442.959199233,2433
36,424,3899442.959450640,2433
56,424,3899442.959714876,2433
51,424,3899442.959967053,2433
60,424,3899442.960240880,2433
63,424,3899442.960485046,2433
53,424,3899442.960725682,2433
59,424,3899442.960978768,2433
61,424,3899442.961239895,2433
62,424,3899442.961485981,2433
54,424,3899442.961722377,2433
52,424,3899442.961977584,2433
65,424,3899442.962299812,2433
58,424,3899442.962573328,2433
50,424,3899442.962825435,2433
64,424,3899442.963105002,2433
57,424,3899442.963483722,2433
55,424,3899442.963747768,2433
68,424,3899442.964557959,2433
80,424,3899442.964826325,2433
70,424,3899442.965092692,2433
81,424,3899442.965338238,2433
69,424,3899442.965610465,2433
67,424,3899442.965858731,2433
66,424,3899442.966111778,2433
75,424,3899442.966369875,2433
74,424,3899442.966622771,2433
78,424,3899442.966860557,2433
72,424,3899442.967108643,2433
79,424,3899442.967355849,2433
76,424,3899442.967611666,2433
71,424,3899442.967844082,2433
73,424,3899442.968102718,2433
77,424,3899442.968341514,2433
88,424,3899442.969137154,2433
94,424,3899442.969424062,2433
82,424,3899442.969692599,2433
91,424,3899442.969952015,2433
92,424,3899442.970235952,2433
98,424,3899442.970479679,2433
86,424,3899442.970717605,2433
85,424,3899442.970971631,2433
84,424,3899442.971217147,2433
96,424,3899442.971455873,2433
95,424,3899442.971695929,2433
97,424,3899442.971930435,2433
87,424,3899442.972179122,2433
83,424,3899442.972433178,2433
89,424,3899442.972667374,2433
93,424,3899442.972975592,2433
110,424,3899442.973279679,2433
106,424,3899442.973479324,2433
105,424,3899442.973677309,2433
102,424,3899442.973869014,2433
109,424,3899442.974070639,2433
99,424,3899442.974265094,2433
108,424,3899442.974456799,2433
111,424,3899442.974647444,2433
113,424,3899442.974839919,2433
112,424,3899442.975051814,2433
107,424,3899442.975244649,2433
115,424,3899442.975448154,2433
104,424,3899442.975661650,2433
114,424,3899442.975877825,2433
103,424,3899442.976088540,2433
101,424,3899442.976300926,2433
120,424,3899442.976508981,2433
118,424,3899442.976707136,2433
124,424,3899442.976899521,2433
122,424,3899442.977102876,2433
117,424,3899442.977317412,2433
125,424,3899442.977514966,2433
123,424,3899442.977715502,2433
119,424,3899442.977926877,2433
121,424,3899442.978143542,2433
126,424,3899442.978332227,2433
116,424,3899442.978524392,2433
127,424,3899443.235173165,1729
108,424,3899443.528221719,2487
6,424,3899443.637103913,2497
2,424,3899443.637538995,2497
4,424,3899443.637829662,2497
11,424,3899443.638112669,2497
3,424,3899443.638395356,2497
0,424,3899443.638663603,2497
5,424,3899443.639105714,2497
7,424,3899443.639390831,2497
10,424,3899443.639679978,2497
1,424,3899443.639945965,2497
13,424,3899443.640224682,2497
9,424,3899443.640490139,2497
12,424,3899443.640773056,2497
14,424,3899443.641061093,2497
15,424,3899443.641344351,2497
8,424,3899443.641600467,2497
17,424,3899443.642103890,2497
29,424,3899443.642365017,2497
16,424,3899443.642624863,2497
19,424,3899443.642872049,2497
31,424,3899443.643122986,2497
32,424,3899443.643388572,2497
23,424,3899443.643634549,2497
33,424,3899443.643876215,2497
18,424,3899443.644140351,2497
21,424,3899443.644388308,2497
30,424,3899443.644618174,2497
28,424,3899443.644853489,2497
26,424,3899443.645124286,2497
25,424,3899443.645391683,2497
27,424,3899443.645656630,2497
20,424,3899443.645914236,2497
41,424,3899443.646463300,2497
35,424,3899443.646735327,2497
38,424,3899443.646991674,2497
46,424,3899443.647251210,2497
39,424,3899443.647516087,2497
45,424,3899443.647789274,2497
42,424,3899443.648060871,2497
48,424,3899443.648306637,2497
40,424,3899443.648546143,2497
49,424,3899443.648783179,2497
43,424,3899443.649027525,2497
37,424,3899443.649283012,2497
44,424,3899443.649520527,2497
34,424,3899443.649760393,2497
47,424,3899443.649997620,2497
36,424,3899443.650258606,2497
56,424,3899443.651180749,2497
51,424,3899443.651464397,2497
60,424,3899443.651740294,2497
63,424,3899443.651989200,2497
53,424,3899443.652251007,2497
59,424,3899443.652510963,2497
61,424,3899443.652767840,2497
62,424,3899443.653032996,2497
54,424,3899443.653277893,2497
52,424,3899443.653534339,2497
65,424,3899443.653805446,2497
58,424,3899443.654079163,2497
50,424,3899443.654337099,2497
64,424,3899443.654607446,2497
57,424,3899443.654870923,2497
55,424,3899443.655130699,2497
68,424,3899443.655401586,2497
80,424,3899443.655657143,2497
70,424,3899443.655903889,2497
81,424,3899443.656161255,2497
69,424,3899443.656435993,2497
67,424,3899443.656688479,2497
66,424,3899443.656930095,2497
75,424,3899443.657197332,2497
74,424,3899443.657455488,2497
78,424,3899443.657715295,2497
72,424,3899443.657963311,2497
79,424,3899443.658226498,2497
76,424,3899443.658485024,2497
71,424,3899443.658758761,2497
73,424,3899443.659036028,2497
77,424,3899443.659284134,2497
88,424,3899443.659545111,2497
94,424,3899443.659815678,2497
82,424,3899443.660094785,2497
91,424,3899443.660353761,2497
92,424,3899443.660623298,2497
98,424,3899443.660862364,2497
86,424,3899443.661112991,2497
85,424,3899443.661371607,2497
84,424,3899443.661609583,2497
96,424,3899443.661847969,2497
95,424,3899443.662092616,2497
97,424,3899443.662337502,2497
87,424,3899443.662658150,2497
83,424,3899443.662934087,2497
89,424,3899443.663190733,2497
93,424,3899443.663434679,2497
110,424,3899443.664245870,2497
106,424,3899443.664503546,2497
105,424,3899443.664746583,2497
102,424,3899443.665022220,2497
109,424,3899443.665266956,2497
99,424,3899443.665506372,2497
111,424,3899443.665748438,2497
113,424,3899443.665989264,2497
112,424,3899443.666256221,2497
107,424,3899443.666498837,2497
115,424,3899443.666753854,2497
104,424,3899443.667034190,2497
114,424,3899443.667309288,2497
103,424,3899443.667563124,2497
116,424,3899443.667806670,2497
101,424,3899443.668081607,2497
120,424,3899443.668341934,2497
118,424,3899443.668590540,2497
124,424,3899443.668831226,2497
122,424,3899443.669080932,2497
117,424,3899443.669343889,2497
125,424,3899443.669586495,2497
123,424,3899443.669843832,2497
119,424,3899443.670115708,2497
121,424,3899443.670384965,2497
126,424,3899443.670620261,2497
127,424,3899443.945076645,1793
6,424,3899444.269998395,2561
2,424,3899444.270682542,2561
4,424,3899444.271220276,2561
11,424,3899444.271726839,2561
3,424,3899444.272524309,2561
0,424,3899444.273054492,2561
5,424,3899444.273525004,2561
7,424,3899444.274063788,2561
10,424,3899444.274570280,2561
1,424,3899444.275084013,2561
13,424,3899444.275606197,2561
9,424,3899444.276122730,2561
12,424,3899444.276571431,2561
14,424,3899444.277087174,2561
15,424,3899444.277616477,2561
8,424,3899444.278125710,2561
17,424,3899444.278829538,2561
29,424,3899444.279382652,2561
16,424,3899444.279877265,2561
19,424,3899444.281258400,2561
31,424,3899444.281705051,2561
32,424,3899444.282238554,2561
23,424,3899444.282709816,2561
33,424,3899444.283173318,2561
18,424,3899444.283645280,2561
21,424,3899444.284106932,2561
30,424,3899444.284562383,2561
28,424,3899444.285028495,2561
26,424,3899444.285536748,2561
25,424,3899444.286086952,2561
27,424,3899444.286400840,2561
20,424,3899444.286679767,2561
41,424,3899444.286958964,2561
35,424,3899444.287246051,2561
38,424,3899444.287520548,2561
46,424,3899444.287770285,2561
39,424,3899444.288054562,2561
45,424,3899444.288339949,2561
42,424,3899444.288608586,2561
48,424,3899444.288855152,2561
40,424,3899444.289112838,2561
49,424,3899444.289360725,2561
43,424,3899444.289602221,2561
37,424,3899444.289859737,2561
44,424,3899444.290114514,2561
34,424,3899444.290364740,2561
47,424,3899444.290612036,2561
36,424,3899444.290880083,2561
56,424,3899444.291167040,2561
51,424,3899444.291434637,2561
60,424,3899444.291710804,2561
63,424,3899444.291958620,2561
53,424,3899444.292221337,2561
59,424,3899444.292487454,2561
61,424,3899444.292746480,2561
62,424,3899444.293009377,2561
54,424,3899444.293255533,2561
52,424,3899444.293513900,2561
65,424,3899444.293788187,2561
58,424,3899444.294065044,2561
50,424,3899444.294320300,2561
64,424,3899444.294592687,2561
57,424,3899444.295014037,2561
55,424,3899444.295291785,2561
68,424,3899444.295993233,2561
80,424,3899444.296282630,2561
70,424,3899444.296544647,2561
81,424,3899444.296797143,2561
69,424,3899444.297090480,2561
67,424,3899444.297356617,2561
66,424,3899444.297607743,2561
75,424,3899444.297888060,2561
74,424,3899444.298164757,2561
78,424,3899444.298414304,2561
72,424,3899444.298660070,2561
79,424,3899444.298912796,2561
76,424,3899444.299192974,2561
71,424,3899444.299441430,2561
73,424,3899444.299700516,2561
77,424,3899444.299948633,2561
88,424,3899444.300747153,2561
94,424,3899444.301058881,2561
82,424,3899444.301348728,2561
91,424,3899444.301614395,2561
92,424,3899444.301893892,2561
98,424,3899444.302154608,2561
86,424,3899444.302404285,2561
85,424,3899444.302665441,2561
84,424,3899444.302911917,2561
96,424,3899444.303215375,2561
95,424,3899444.303476242,2561
97,424,3899444.303724218,2561
87,424,3899444.303969724,2561
83,424,3899444.304243291,2561
89,424,3899444.304463357,2561
93,424,3899444.304762064,2561
110,424,3899444.304984710,2561
106,424,3899444.305205495,2561
105,424,3899444.305407621,2561
102,424,3899444.305620936,2561
109,424,3899444.305820561,2561
99,424,3899444.306028936,2561
111,424,3899444.306234801,2561
113,424,3899444.306435177,2561
112,424,3899444.306640042,2561
107,424,3899444.306837857,2561
115,424,3899444.307059802,2561
104,424,3899444.307286818,2561
114,424,3899444.307511964,2561
103,424,3899444.307720649,2561
116,424,3899444.307924844,2561
101,424,3899444.308153070,2561
120,424,3899444.308367846,2561
118,424,3899444.308572281,2561
124,424,3899444.308772296,2561
122,424,3899444.308971561,2561
117,424,3899444.309197556,2561
125,424,3899444.309394052,2561
123,424,3899444.309604087,2561
119,424,3899444.309822632,2561
121,424,3899444.310045448,2561
126,424,3899444.310245683,2561
127,424,3899444.570585709,1857
6,424,3899444.900620749,2625
2,424,3899444.901307366,2625
4,424,3899444.901846340,2625
11,424,3899444.902370483,2625
3,424,3899444.903170803,2625
0,424,3899444.903706417,2625
5,424,3899444.904189439,2625
7,424,3899444.904732183,2625
10,424,3899444.905265836,2625
1,424,3899444.905794590,2625
13,424,3899444.906322833,2625
9,424,3899444.906832666,2625
12,424,3899444.907300568,2625
14,424,3899444.907813651,2625
15,424,3899444.908365445,2625
8,424,3899444.908875007,2625
17,424,3899444.909582596,2625
29,424,3899444.910143850,2625
16,424,3899444.911508944,2625
19,424,3899444.911976566,2625
31,424,3899444.912431317,2625
32,424,3899444.912951961,2625
23,424,3899444.913426943,2625
33,424,3899444.913876864,2625
18,424,3899444.914359176,2625
21,424,3899444.914826248,2625
30,424,3899444.915287930,2625
28,424,3899444.915745351,2625
26,424,3899444.916261454,2625
25,424,3899444.916697005,2625
27,424,3899444.917021653,2625
20,424,3899444.917307421,2625
41,424,3899444.917587848,2625
35,424,3899444.917862705,2625
38,424,3899444.918139602,2625
46,424,3899444.918400879,2625
39,424,3899444.918673725,2625
45,424,3899444.918961823,2625
42,424,3899444.919246180,2625
48,424,3899444.919507627,2625
40,424,3899444.919761703,2625
49,424,3899444.920024269,2625
43,424,3899444.920275546,2625
37,424,3899444.920538922,2625
44,424,3899444.920789689,2625
34,424,3899444.921054446,2625
47,424,3899444.921307002,2625
36,424,3899444.921570569,2625
56,424,3899444.921846896,2625
51,424,3899444.922129953,2625
60,424,3899444.922416470,2625
63,424,3899444.922690087,2625
53,424,3899444.922941233,2625
59,424,3899444.923219870,2625
61,424,3899444.923488037,2625
62,424,3899444.923748614,2625
54,424,3899444.923996810,2625
52,424,3899444.924273677,2625
65,424,3899444.924554434,2625
58,424,3899444.924824731,2625
50,424,3899444.925093088,2625
64,424,3899444.925371915,2625
57,424,3899444.925643032,2625
55,424,3899444.925892258,2625
68,424,3899444.926653967,2625
80,424,3899444.926940735,2625
70,424,3899444.927228762,2625
81,424,3899444.927490698,2625
69,424,3899444.927777916,2625
67,424,3899444.928059413,2625
66,424,3899444.928314549,2625
75,424,3899444.928586876,2625
74,424,3899444.928854723,2625
78,424,3899444.929116379,2625
72,424,3899444.929372706,2625
79,424,3899444.929628223,2625
76,424,3899444.929892359,2625
71,424,3899444.930154946,2625
73,424,3899444.930419363,2625
77,424,3899444.930669509,2625
88,424,3899444.931458979,2625
94,424,3899444.931754706,2625
82,424,3899444.932051044,2625
91,424,3899444.932326831,2625
92,424,3899444.932611768,2625
98,424,3899444.932865274,2625
86,424,3899444.933128561,2625
85,424,3899444.933399628,2625
84,424,3899444.933647554,2625
96,424,3899444.933896971,2625
95,424,3899444.934151837,2625
97,424,3899444.934398943,2625
87,424,3899444.934646839,2625
83,424,3899444.934911896,2625
89,424,3899444.935171373,2625
93,424,3899444.935427009,2625
110,424,3899444.935629124,2625
106,424,3899444.935831669,2625
105,424,3899444.936068395,2625
102,424,3899444.936352993,2625
109,424,3899444.936576758,2625
99,424,3899444.936783893,2625
111,424,3899444.936989889,2625
113,424,3899444.937207764,2625
112,424,3899444.937418980,2625
107,424,3899444.937619835,2625
115,424,3899444.937835460,2625
104,424,3899444.938069386,2625
114,424,3899444.938300862,2625
103,424,3899444.938514237,2625
116,424,3899444.938718093,2625
101,424,3899444.938942688,2625
120,424,3899444.939169404,2625
118,424,3899444.939381969,2625
124,424,3899444.939583584,2625
122,424,3899444.939784529,2625
117,424,3899444.940015735,2625
125,424,3899444.940219780,2625
123,424,3899444.940430506,2625
119,424,3899444.940654022,2625
121,424,3899444.940874067,2625
126,424,3899444.941084532,2625
127,424,3899445.252341937,1921
6,424,3899445.582565541,2689
2,424,3899445.583090824,2689
4,424,3899445.583417632,2689
11,424,3899445.583753211,2689
3,424,3899445.584084019,2689
0,424,3899445.584373196,2689
5,424,3899445.584854399,2689
7,424,3899445.585178257,2689
10,424,3899445.585472264,2689
1,424,3899445.585775872,2689
13,424,3899445.586077290,2689
9,424,3899445.586361077,2689
12,424,3899445.586627384,2689
14,424,3899445.586918221,2689
15,424,3899445.587225009,2689
8,424,3899445.587502736,2689
17,424,3899445.588035379,2689
29,424,3899445.588352357,2689
16,424,3899445.588634274,2689
19,424,3899445.588904521,2689
31,424,3899445.589172128,2689
32,424,3899445.589464836,2689
23,424,3899445.589726742,2689
33,424,3899445.589983789,2689
18,424,3899445.590262316,2689
21,424,3899445.590527112,2689
30,424,3899445.590777109,2689
28,424,3899445.591042255,2689
26,424,3899445.591320812,2689
25,424,3899445.591603539,2689
27,424,3899445.591882066,2689
20,424,3899445.592168724,2689
41,424,3899445.592732908,2689
35,424,3899445.593035976,2689
38,424,3899445.593313143,2689
46,424,3899445.593577969,2689
39,424,3899445.593879057,2689
45,424,3899445.594188325,2689
42,424,3899445.594471532,2689
48,424,3899445.594732559,2689
40,424,3899445.595037777,2689
49,424,3899445.595317473,2689
43,424,3899445.595572770,2689
37,424,3899445.595844977,2689
44,424,3899445.596110744,2689
34,424,3899445.596369240,2689
47,424,3899445.596624426,2689
36,424,3899445.596894483,2689
56,424,3899445.597851228,2689
51,424,3899445.598155705,2689
60,424,3899445.598451543,2689
63,424,3899445.598732930,2689
53,424,3899445.598992577,2689
59,424,3899445.599281204,2689
61,424,3899445.599556661,2689
62,424,3899445.599824978,2689
54,424,3899445.600095074,2689
52,424,3899445.600371741,2689
65,424,3899445.600661449,2689
58,424,3899445.600939746,2689
50,424,3899445.601216033,2689
64,424,3899445.601507740,2689
57,424,3899445.601789007,2689
55,424,3899445.602056914,2689
68,424,3899445.602354991,2689
80,424,3899445.602628058,2689
70,424,3899445.602888395,2689
81,424,3899445.603152922,2689
69,424,3899445.603449709,2689
67,424,3899445.603718806,2689
66,424,3899445.603977583,2689
75,424,3899445.604261590,2689
74,424,3899445.604550137,2689
78,424,3899445.604809533,2689
72,424,3899445.605084911,2689
79,424,3899445.605354007,2689
76,424,3899445.605624074,2689
71,424,3899445.605880081,2689
73,424,3899445.606166198,2689
77,424,3899445.606426605,2689
88,424,3899445.606718322,2689
94,424,3899445.607015040,2689
82,424,3899445.607299067,2689
91,424,3899445.607570294,2689
92,424,3899445.607860171,2689
98,424,3899445.608127817,2689
86,424,3899445.608382884,2689
85,424,3899445.608653641,2689
84,424,3899445.608903847,2689
96,424,3899445.609170374,2689
95,424,3899445.609424970,2689
97,424,3899445.609675537,2689
87,424,3899445.609925753,2689
83,424,3899445.610203230,2689
89,424,3899445.610456416,2689
93,424,3899445.610727763,2689
110,424,3899445.611456262,2689
106,424,3899445.611727479,2689
105,424,3899445.611986595,2689
102,424,3899445.612270582,2689
109,424,3899445.612527999,2689
99,424,3899445.612782375,2689
111,424,3899445.613049312,2689
113,424,3899445.613308039,2689
112,424,3899445.613572025,2689
107,424,3899445.613824132,2689
115,424,3899445.614103169,2689
104,424,3899445.614390456,2689
114,424,3899445.614679823,2689
103,424,3899445.614947680,2689
116,424,3899445.615219707,2689
101,424,3899445.615501334,2689
120,424,3899445.615777211,2689
118,424,3899445.616049018,2689
124,424,3899445.616307475,2689
122,424,3899445.616563481,2689
117,424,3899445.616842168,2689
125,424,3899445.617109315,2689
123,424,3899445.617381872,2689
119,424,3899445.617607297,2689
121,424,3899445.617851674,2689
126,424,3899445.618075009,2689
127,424,3899446.117197376,1985
6,424,3899446.449123563,2753
2,424,3899446.449742229,2753
4,424,3899446.450078608,2753
11,424,3899446.450382515,2753
3,424,3899446.450685063,2753
0,424,3899446.451175055,2753
5,424,3899446.451488223,2753
7,424,3899446.451884543,2753
10,424,3899446.452273923,2753
1,424,3899446.452620262,2753
13,424,3899446.452912459,2753
9,424,3899446.453204287,2753
12,424,3899446.453474403,2753
14,424,3899446.453761021,2753
15,424,3899446.454066069,2753
8,424,3899446.454345476,2753
17,424,3899446.454970221,2753
29,424,3899446.455396622,2753
16,424,3899446.455772661,2753
19,424,3899446.456141931,2753
31,424,3899446.456489550,2753
32,424,3899446.456870029,2753
23,424,3899446.457232558,2753
33,424,3899446.457557077,2753
18,424,3899446.457827613,2753
21,424,3899446.458102451,2753
30,424,3899446.458364877,2753
28,424,3899446.458702586,2753
26,424,3899446.459093885,2753
25,424,3899446.459479935,2753
27,424,3899446.460207764,2753
20,424,3899446.460595543,2753
41,424,3899446.460980573,2753
35,424,3899446.461374693,2753
38,424,3899446.461669891,2753
46,424,3899446.461938017,2753
39,424,3899446.462234225,2753
45,424,3899446.462578854,2753
42,424,3899446.462941453,2753
48,424,3899446.463300612,2753
40,424,3899446.463610880,2753
49,424,3899446.463876197,2753
43,424,3899446.464146293,2753
37,424,3899446.464422450,2753
44,424,3899446.464684747,2753
34,424,3899446.464945684,2753
47,424,3899446.465218691,2753
36,424,3899446.465525248,2753
56,424,3899446.466424521,2753
51,424,3899446.466823831,2753
60,424,3899446.467223751,2753
63,424,3899446.467575850,2753
53,424,3899446.467847207,2753
59,424,3899446.468135424,2753
61,424,3899446.468418421,2753
62,424,3899446.468696168,2753
54,424,3899446.468954615,2753
52,424,3899446.469242652,2753
65,424,3899446.469537580,2753
58,424,3899446.469817547,2753
50,424,3899446.470096054,2753
64,424,3899446.470390071,2753
57,424,3899446.470676178,2753
55,424,3899446.470935695,2753
68,424,3899446.471236463,2753
80,424,3899446.471515380,2753
70,424,3899446.471778046,2753
81,424,3899446.472052384,2753
69,424,3899446.472347951,2753
67,424,3899446.472619788,2753
66,424,3899446.472880304,2753
75,424,3899446.473168481,2753
74,424,3899446.473457029,2753
78,424,3899446.473718226,2753
72,424,3899446.473981822,2753
79,424,3899446.474259099,2753
76,424,3899446.474537366,2753
71,424,3899446.474794753,2753
73,424,3899446.475076890,2753
77,424,3899446.475345467,2753
88,424,3899446.476209958,2753
94,424,3899446.476520176,2753
82,424,3899446.476814004,2753
91,424,3899446.477102251,2753
92,424,3899446.477397339,2753
98,424,3899446.477657585,2753
86,424,3899446.477918922,2753
85,424,3899446.478203179,2753
84,424,3899446.478465255,2753
96,424,3899446.478724972,2753
95,424,3899446.478980319,2753
97,424,3899446.479249815,2753
87,424,3899446.479513582,2753
83,424,3899446.479786979,2753
89,424,3899446.480056066,2753
93,424,3899446.480338643,2753
110,424,3899446.480598440,2753
106,424,3899446.480857656,2753
105,424,3899446.481130513,2753
102,424,3899446.481407070,2753
109,424,3899446.481666756,2753
99,424,3899446.481923353,2753
111,424,3899446.482205180,2753
113,424,3899446.482469637,2753
112,424,3899446.482739484,2753
107,424,3899446.482996250,2753
115,424,3899446.483286708,2753
104,424,3899446.483575695,2753
114,424,3899446.483866402,2753
103,424,3899446.484147579,2753
116,424,3899446.484414076,2753
101,424,3899446.484702753,2753
120,424,3899446.484983151,2753
118,424,3899446.485272348,2753
124,424,3899446.485509404,2753
122,424,3899446.485719659,2753
117,424,3899446.485948335,2753
125,424,3899446.486168501,2753
123,424,3899446.486392106,2753
119,424,3899446.486620822,2753
121,424,3899446.486907849,2753
126,424,3899446.487127505,2753
127,424,3899446.770548375,2049
6,424,3899447.103376995,2817
2,424,3899447.103819416,2817
4,424,3899447.104156995,2817
11,424,3899447.104458482,2817
3,424,3899447.104772480,2817
0,424,3899447.105084558,2817
5,424,3899447.105689753,2817
7,424,3899447.106020672,2817
10,424,3899447.106322459,2817
1,424,3899447.106611826,2817
13,424,3899447.106907024,2817
9,424,3899447.107203772,2817
12,424,3899447.107490409,2817
14,424,3899447.107787106,2817
15,424,3899447.108100034,2817
8,424,3899447.108387042,2817
17,424,3899447.108914075,2817
29,424,3899447.109250553,2817
16,424,3899447.109541061,2817
19,424,3899447.109821808,2817
31,424,3899447.110099275,2817
32,424,3899447.110408843,2817
23,424,3899447.110682100,2817
33,424,3899447.110949206,2817
18,424,3899447.111238054,2817
21,424,3899447.111513241,2817
30,424,3899447.111769837,2817
28,424,3899447.112048324,2817
26,424,3899447.112340982,2817
25,424,3899447.112637509,2817
27,424,3899447.112930497,2817
20,424,3899447.113226434,2817
41,424,3899447.113855780,2817
35,424,3899447.114165968,2817
38,424,3899447.114449015,2817
46,424,3899447.114723272,2817
39,424,3899447.115025219,2817
45,424,3899447.115328777,2817
42,424,3899447.115614524,2817
48,424,3899447.115881191,2817
40,424,3899447.116160388,2817
49,424,3899447.116433205,2817
43,424,3899447.116701872,2817
37,424,3899447.116982569,2817
44,424,3899447.117259826,2817
34,424,3899447.117526983,2817
47,424,3899447.117793809,2817
36,424,3899447.118082767,2817
56,424,3899447.118380194,2817
51,424,3899447.118669742,2817
60,424,3899447.118968389,2817
63,424,3899447.119267207,2817
53,424,3899447.119535684,2817
59,424,3899447.119819561,2817
61,424,3899447.120750244,2817
62,424,3899447.121056912,2817
54,424,3899447.121332879,2817
52,424,3899447.121616336,2817
65,424,3899447.121919594,2817
58,424,3899447.122222481,2817
50,424,3899447.122503899,2817
64,424,3899447.122803836,2817
57,424,3899447.123107074,2817
55,424,3899447.123376591,2817
68,424,3899447.123671268,2817
80,424,3899447.123950565,2817
70,424,3899447.124227902,2817
81,424,3899447.124497809,2817
69,424,3899447.124801887,2817
67,424,3899447.125092904,2817
66,424,3899447.125369711,2817
75,424,3899447.125655198,2817
74,424,3899447.125940106,2817
78,424,3899447.126220653,2817
72,424,3899447.126494520,2817
79,424,3899447.126767476,2817
76,424,3899447.127063614,2817
71,424,3899447.127332631,2817
73,424,3899447.127611178,2817
77,424,3899447.127876404,2817
88,424,3899447.128179072,2817
94,424,3899447.128483970,2817
82,424,3899447.128777337,2817
91,424,3899447.129068895,2817
92,424,3899447.129368562,2817
98,424,3899447.129634849,2817
86,424,3899447.129904686,2817
85,424,3899447.130194823,2817
84,424,3899447.130463290,2817
96,424,3899447.130731907,2817
95,424,3899447.130992533,2817
97,424,3899447.131268410,2817
87,424,3899447.131533367,2817
83,424,3899447.131811494,2817
89,424,3899447.132081371,2817
93,424,3899447.132370068,2817
110,424,3899447.133080946,2817
106,424,3899447.133364353,2817
105,424,3899447.133634150,2817
102,424,3899447.133917637,2817
109,424,3899447.134192964,2817
99,424,3899447.134495822,2817
111,424,3899447.134771949,2817
113,424,3899447.135051596,2817
112,424,3899447.135331533,2817
107,424,3899447.135597580,2817
115,424,3899447.135878137,2817
104,424,3899447.136183955,2817
114,424,3899447.136507883,2817
103,424,3899447.136793840,2817
116,424,3899447.137076917,2817
101,424,3899447.137373075,2817
120,424,3899447.137654562,2817
118,424,3899447.137895758,2817
124,424,3899447.138124474,2817
122,424,3899447.138342239,2817
117,424,3899447.138580255,2817
125,424,3899447.138796041,2817
123,424,3899447.139035127,2817
119,424,3899447.139273603,2817
121,424,3899447.139506559,2817
126,424,3899447.139715254,2817
127,424,3899447.413107400,2113
6,424,3899447.796387697,2881
2,424,3899447.796996242,2881
4,424,3899447.797448123,2881
11,424,3899447.797854004,2881
3,424,3899447.798538301,2881
0,424,3899447.798959812,2881
5,424,3899447.799363972,2881
7,424,3899447.799774742,2881
10,424,3899447.800175283,2881
1,424,3899447.800570613,2881
13,424,3899447.800957252,2881
9,424,3899447.801360813,2881
12,424,3899447.801756452,2881
14,424,3899447.802163923,2881
15,424,3899447.802573863,2881
8,424,3899447.803093416,2881
17,424,3899447.804229585,2881
29,424,3899447.804631665,2881
16,424,3899447.804930613,2881
19,424,3899447.805224890,2881
31,424,3899447.805502477,2881
32,424,3899447.805811135,2881
23,424,3899447.806111703,2881
33,424,3899447.806389730,2881
18,424,3899447.806672637,2881
21,424,3899447.806945514,2881
30,424,3899447.807222221,2881
28,424,3899447.807493968,2881
26,424,3899447.807788675,2881
25,424,3899447.808098873,2881
27,424,3899447.808412691,2881
20,424,3899447.808712218,2881
41,424,3899447.809020956,2881
35,424,3899447.809323164,2881
38,424,3899447.809608371,2881
46,424,3899447.809884198,2881
39,424,3899447.810192786,2881
45,424,3899447.810501564,2881
42,424,3899447.810794931,2881
48,424,3899447.811083068,2881
40,424,3899447.811359425,2881
49,424,3899447.811636152,2881
43,424,3899447.811907589,2881
37,424,3899447.812204817,2881
44,424,3899447.812474603,2881
34,424,3899447.812744610,2881
47,424,3899447.813025808,2881
36,424,3899447.813312845,2881
56,424,3899447.815122021,2881
51,424,3899447.815440118,2881
60,424,3899447.815755217,2881
63,424,3899447.816066594,2881
53,424,3899447.816351422,2881
59,424,3899447.816647989,2881
61,424,3899447.816950187,2881
62,424,3899447.817252615,2881
54,424,3899447.817529811,2881
52,424,3899447.817828909,2881
65,424,3899447.818147187,2881
58,424,3899447.818462575,2881
50,424,3899447.818755013,2881
64,424,3899447.819075730,2881
57,424,3899447.819382188,2881
55,424,3899447.819657525,2881
68,424,3899447.819958783,2881
80,424,3899447.820260451,2881
70,424,3899447.820536847,2881
81,424,3899447.820808774,2881
69,424,3899447.821128642,2881
67,424,3899447.821420090,2881
66,424,3899447.821692027,2881
75,424,3899447.821980014,2881
74,424,3899447.822290252,2881
78,424,3899447.822564729,2881
72,424,3899447.822874247,2881
79,424,3899447.823166114,2881
76,424,3899447.823456201,2881
71,424,3899447.823723978,2881
73,424,3899447.824015706,2881
77,424,3899447.824290173,2881
88,424,3899447.824577890,2881
94,424,3899447.824881517,2881
82,424,3899447.825198145,2881
91,424,3899447.825487033,2881
92,424,3899447.825789300,2881
98,424,3899447.826064917,2881
86,424,3899447.826335734,2881
85,424,3899447.826622281,2881
84,424,3899447.826889618,2881
96,424,3899447.827172375,2881
95,424,3899447.827460643,2881
97,424,3899447.827738850,2881
87,424,3899447.828022237,2881
83,424,3899447.828312304,2881
89,424,3899447.828593051,2881
93,424,3899447.828889779,2881
110,424,3899447.829171426,2881
106,424,3899447.829447033,2881
105,424,3899447.829720890,2881
102,424,3899447.830017937,2881
109,424,3899447.830293584,2881
99,424,3899447.830564491,2881
111,424,3899447.830832798,2881
113,424,3899447.831116485,2881
112,424,3899447.831457554,2881
107,424,3899447.831747171,2881
115,424,3899447.832049559,2881
104,424,3899447.832356806,2881
114,424,3899447.832623143,2881
103,424,3899447.832851289,2881
116,424,3899447.833083595,2881
101,424,3899447.833326151,2881
120,424,3899447.833563607,2881
118,424,3899447.833795553,2881
124,424,3899447.834021709,2881
122,424,3899447.834253734,2881
117,424,3899447.834494571,2881
125,424,3899447.834715146,2881
123,424,3899447.834943662,2881
119,424,3899447.835194468,2881
121,424,3899447.835432314,2881
126,424,3899447.835724222,2881
127,424,3899448.100620133,2177
6,424,3899448.616743770,2945
2,424,3899448.617933190,2945
4,424,3899448.618980917,2945
11,424,3899448.620280289,2945
3,424,3899448.621275695,2945
0,424,3899448.622280420,2945
5,424,3899448.623229194,2945
7,424,3899448.624222569,2945
10,424,3899448.625211524,2945
1,424,3899448.626159068,2945
13,424,3899448.627147063,2945
9,424,3899448.628155289,2945
12,424,3899448.628985239,2945
14,424,3899448.629939954,2945
15,424,3899448.630959629,2945
8,424,3899448.631963865,2945
17,424,3899448.634937490,2945
29,424,3899448.636070869,2945
16,424,3899448.637115625,2945
19,424,3899448.638020398,2945
31,424,3899448.638874540,2945
32,424,3899448.639932767,2945
23,424,3899448.640859500,2945
33,424,3899448.641765563,2945
18,424,3899448.642684426,2945
21,424,3899448.643601909,2945
30,424,3899448.644473562,2945
28,424,3899448.645356674,2945
26,424,3899448.646393550,2945
25,424,3899448.647179050,2945
27,424,3899448.647766565,2945
20,424,3899448.648319779,2945
41,424,3899448.648864833,2945
35,424,3899448.649415007,2945
38,424,3899448.649942130,2945
46,424,3899448.650454173,2945
39,424,3899448.650982066,2945
45,424,3899448.651556881,2945
42,424,3899448.652098114,2945
48,424,3899448.652597397,2945
40,424,3899448.653107490,2945
49,424,3899448.653598612,2945
43,424,3899448.654094995,2945
37,424,3899448.654608438,2945
44,424,3899448.655115120,2945
34,424,3899448.655622924,2945
47,424,3899448.656124236,2945
36,424,3899448.656639539,2945
56,424,3899448.657191503,2945
51,424,3899448.657670475,2945
60,424,3899448.658081796,2945
63,424,3899448.658478596,2945
53,424,3899448.658842365,2945
59,424,3899448.659238315,2945
61,424,3899448.659629205,2945
62,424,3899448.660027885,2945
54,424,3899448.660390724,2945
52,424,3899448.660772984,2945
65,424,3899448.661193564,2945
58,424,3899448.661587234,2945
50,424,3899448.661964514,2945
64,424,3899448.662392315,2945
57,424,3899448.662778085,2945
55,424,3899448.663066772,2945
68,424,3899448.664736374,2945
80,424,3899448.665157245,2945
70,424,3899448.665557085,2945
81,424,3899448.665976295,2945
69,424,3899448.666335195,2945
67,424,3899448.666637922,2945
66,424,3899448.666924629,2945
75,424,3899448.667232247,2945
74,424,3899448.667560135,2945
78,424,3899448.667928575,2945
72,424,3899448.668362426,2945
79,424,3899448.668751285,2945
76,424,3899448.669156096,2945
71,424,3899448.669547426,2945
73,424,3899448.669874134,2945
77,424,3899448.670171592,2945
88,424,3899448.670471979,2945
94,424,3899448.670785267,2945
82,424,3899448.671141376,2945
91,424,3899448.671457294,2945
92,424,3899448.671722481,2945
98,424,3899448.671950546,2945
86,424,3899448.672187592,2945
85,424,3899448.672425398,2945
84,424,3899448.672653434,2945
96,424,3899448.672879950,2945
95,424,3899448.673110606,2945
97,424,3899448.673336712,2945
87,424,3899448.673557607,2945
83,424,3899448.673791543,2945
89,424,3899448.674021919,2945
93,424,3899448.674262005,2945
110,424,3899448.674484191,2945
106,424,3899448.674707376,2945
105,424,3899448.675028644,2945
102,424,3899448.675289351,2945
109,424,3899448.675519147,2945
99,424,3899448.675743562,2945
111,424,3899448.675969218,2945
113,424,3899448.676213564,2945
112,424,3899448.676447270,2945
107,424,3899448.676672026,2945
115,424,3899448.676907582,2945
104,424,3899448.677174589,2945
114,424,3899448.677429555,2945
103,424,3899448.677662911,2945
116,424,3899448.677886137,2945
101,424,3899448.678139283,2945
120,424,3899448.678396780,2945
118,424,3899448.678631366,2945
124,424,3899448.678857211,2945
122,424,3899448.679100497,2945
117,424,3899448.679346604,2945
125,424,3899448.679570229,2945
123,424,3899448.679802655,2945
119,424,3899448.680056162,2945
121,424,3899448.680301378,2945
126,424,3899448.680570995,2945
127,424,3899449.058430744,2241
6,424,3899449.452192355,3009
2,424,3899449.452943954,3009
4,424,3899449.453563810,3009
11,424,3899449.454161635,3009
3,424,3899449.454791241,3009
0,424,3899449.455662763,3009
5,424,3899449.456205446,3009
7,424,3899449.456812542,3009
10,424,3899449.457410037,3009
1,424,3899449.457994542,3009
13,424,3899449.458579937,3009
9,424,3899449.459163441,3009
12,424,3899449.459670054,3009
14,424,3899449.460268569,3009
15,424,3899449.460873755,3009
8,424,3899449.461442959,3009
17,424,3899449.462398973,3009
29,424,3899449.463033669,3009
16,424,3899449.463622094,3009
19,424,3899449.464143097,3009
31,424,3899449.464641160,3009
32,424,3899449.465240075,3009
23,424,3899449.465766618,3009
33,424,3899449.466293522,3009
18,424,3899449.466827565,3009
21,424,3899449.467354508,3009
30,424,3899449.467845061,3009
28,424,3899449.468365944,3009
26,424,3899449.468940528,3009
25,424,3899449.469336789,3009
27,424,3899449.469666727,3009
20,424,3899449.469976205,3009
41,424,3899449.470787665,3009
35,424,3899449.471152795,3009
38,424,3899449.471468543,3009
46,424,3899449.471769190,3009
39,424,3899449.472089658,3009
45,424,3899449.472411187,3009
42,424,3899449.472714564,3009
48,424,3899449.473008631,3009
40,424,3899449.473308349,3009
49,424,3899449.473595226,3009
43,424,3899449.473877353,3009
37,424,3899449.474184231,3009
44,424,3899449.474472859,3009
34,424,3899449.474757836,3009
47,424,3899449.475048173,3009
36,424,3899449.475346211,3009
56,424,3899449.475659818,3009
51,424,3899449.475961526,3009
60,424,3899449.476283734,3009
63,424,3899449.476588082,3009
53,424,3899449.476874879,3009
59,424,3899449.477181857,3009
61,424,3899449.477483085,3009
62,424,3899449.477775752,3009
54,424,3899449.478070190,3009
52,424,3899449.478370957,3009
65,424,3899449.478806418,3009
58,424,3899449.479164357,3009
50,424,3899449.479469715,3009
64,424,3899449.479786663,3009
57,424,3899449.480104571,3009
55,424,3899449.480395038,3009
68,424,3899449.480706916,3009
80,424,3899449.481953218,3009
70,424,3899449.482273066,3009
81,424,3899449.482562473,3009
69,424,3899449.482885381,3009
67,424,3899449.483193359,3009
66,424,3899449.483483427,3009
75,424,3899449.483789824,3009
74,424,3899449.484099502,3009
78,424,3899449.484388339,3009
72,424,3899449.484709238,3009
79,424,3899449.485009755,3009
76,424,3899449.485324763,3009
71,424,3899449.485611390,3009
73,424,3899449.485912068,3009
77,424,3899449.486213036,3009
88,424,3899449.486522473,3009
94,424,3899449.486782340,3009
82,424,3899449.487042637,3009
91,424,3899449.487289233,3009
92,424,3899449.487552859,3009
98,424,3899449.487781525,3009
86,424,3899449.488019111,3009
85,424,3899449.488263628,3009
84,424,3899449.488489753,3009
96,424,3899449.488796371,3009
95,424,3899449.489063238,3009
97,424,3899449.489300984,3009
87,424,3899449.489531009,3009
83,424,3899449.489774666,3009
89,424,3899449.490012002,3009
93,424,3899449.490258808,3009
110,424,3899449.490488014,3009
106,424,3899449.490715799,3009
105,424,3899449.490944525,3009
102,424,3899449.491195171,3009
109,424,3899449.491425197,3009
99,424,3899449.491653853,3009
111,424,3899449.491880449,3009
113,424,3899449.492120435,3009
112,424,3899449.492357981,3009
107,424,3899449.492585407,3009
115,424,3899449.492823653,3009
104,424,3899449.493084429,3009
114,424,3899449.493343196,3009
103,424,3899449.493581092,3009
116,424,3899449.493809798,3009
101,424,3899449.494067834,3009
120,424,3899449.494314701,3009
118,424,3899449.494552756,3009
124,424,3899449.494780742,3009
122,424,3899449.495025048,3009
117,424,3899449.495273495,3009
125,424,3899449.495502400,3009
123,424,3899449.495741767,3009
119,424,3899449.495985953,3009
121,424,3899449.496240009,3009
126,424,3899449.496460595,3009
127,424,3899449.784685206,2305
6,424,3899450.378990301,3073
2,424,3899450.379959075,3073
4,424,3899450.380772126,3073
11,424,3899450.381560666,3073
3,424,3899450.382390837,3073
0,424,3899450.383514565,3073
5,424,3899450.384242614,3073
7,424,3899450.385073255,3073
10,424,3899450.385866555,3073
1,424,3899450.386652175,3073
13,424,3899450.387432884,3073
9,424,3899450.388043580,3073
12,424,3899450.388568673,3073
14,424,3899450.389164448,3073
15,424,3899450.389778674,3073
8,424,3899450.390361398,3073
17,424,3899450.391329213,3073
29,424,3899450.391954459,3073
16,424,3899450.392548944,3073
19,424,3899450.393069457,3073
31,424,3899450.393575699,3073
32,424,3899450.394175585,3073
23,424,3899450.394688248,3073
33,424,3899450.395210841,3073
18,424,3899450.395740904,3073
21,424,3899450.396281578,3073
30,424,3899450.396780461,3073
28,424,3899450.397307464,3073
26,424,3899450.397895869,3073
25,424,3899450.398297519,3073
27,424,3899450.398633198,3073
20,424,3899450.398946595,3073
41,424,3899450.399873939,3073
35,424,3899450.400218778,3073
38,424,3899450.400528255,3073
46,424,3899450.400830143,3073
39,424,3899450.401160591,3073
45,424,3899450.401486330,3073
42,424,3899450.401795727,3073
48,424,3899450.402097585,3073
40,424,3899450.402393963,3073
49,424,3899450.402685230,3073
43,424,3899450.402974767,3073
37,424,3899450.403289615,3073
44,424,3899450.403581683,3073
34,424,3899450.403870070,3073
47,424,3899450.404174788,3073
36,424,3899450.404480095,3073
56,424,3899450.404795653,3073
51,424,3899450.405115622,3073
60,424,3899450.405435920,3073
63,424,3899450.405741887,3073
53,424,3899450.406038385,3073
59,424,3899450.406466536,3073
61,424,3899450.406802944,3073
62,424,3899450.407142223,3073
54,424,3899450.407438380,3073
52,424,3899450.407742608,3073
65,424,3899450.408078446,3073
58,424,3899450.408391934,3073
50,424,3899450.408687572,3073
64,424,3899450.409018900,3073
57,424,3899450.409335778,3073
55,424,3899450.409624945,3073
68,424,3899450.409942904,3073
80,424,3899450.410256032,3073
70,424,3899450.410545219,3073
81,424,3899450.411815111,3073
69,424,3899450.412197731,3073
67,424,3899450.412508669,3073
66,424,3899450.412802836,3073
75,424,3899450.413118964,3073
74,424,3899450.413432562,3073
78,424,3899450.413723789,3073
72,424,3899450.414063888,3073
79,424,3899450.414363045,3073
76,424,3899450.414671633,3073
71,424,3899450.414964871,3073
73,424,3899450.415283239,3073
77,424,3899450.415572676,3073
88,424,3899450.415824982,3073
94,424,3899450.416094389,3073
82,424,3899450.416381987,3073
91,424,3899450.416707005,3073
92,424,3899450.416986202,3073
98,424,3899450.417234008,3073
86,424,3899450.417467804,3073
85,424,3899450.417712450,3073
84,424,3899450.417945066,3073
96,424,3899450.418188312,3073
95,424,3899450.418419048,3073
97,424,3899450.418652104,3073
87,424,3899450.418883480,3073
83,424,3899450.419141497,3073
89,424,3899450.419373652,3073
93,424,3899450.419620738,3073
110,424,3899450.419853124,3073
106,424,3899450.420092910,3073
105,424,3899450.420327586,3073
102,424,3899450.420570522,3073
109,424,3899450.420804459,3073
99,424,3899450.421044005,3073
111,424,3899450.421276871,3073
113,424,3899450.421508686,3073
112,424,3899450.421748362,3073
107,424,3899450.421983208,3073
115,424,3899450.422236305,3073
104,424,3899450.422492281,3073
114,424,3899450.422751088,3073
103,424,3899450.422991684,3073
116,424,3899450.423235290,3073
101,424,3899450.423491227,3073
120,424,3899450.423740143,3073
118,424,3899450.423980999,3073
124,424,3899450.424223835,3073
122,424,3899450.424458831,3073
117,424,3899450.424709897,3073
125,424,3899450.424945653,3073
123,424,3899450.425200860,3073
119,424,3899450.425452676,3073
121,424,3899450.425698872,3073
126,424,3899450.425922848,3073
127,424,3899450.685664129,2369
6,424,3899451.033075117,3137
2,424,3899451.033811176,3137
4,424,3899451.034453372,3137
11,424,3899451.035069038,3137
3,424,3899451.035989591,3137
0,424,3899451.036606897,3137
5,424,3899451.037169951,3137
7,424,3899451.037797957,3137
10,424,3899451.038416363,3137
1,424,3899451.039044178,3137
13,424,3899451.039638043,3137
9,424,3899451.040227078,3137
12,424,3899451.040747041,3137
14,424,3899451.041357367,3137
15,424,3899451.041965502,3137
8,424,3899451.042559987,3137
17,424,3899451.043536792,3137
29,424,3899451.044203259,3137
16,424,3899451.044797744,3137
19,424,3899451.045331447,3137
31,424,3899451.045855641,3137
32,424,3899451.046469726,3137
23,424,3899451.047015730,3137
33,424,3899451.047532173,3137
18,424,3899451.048087827,3137
21,424,3899451.048624461,3137
30,424,3899451.049153224,3137
28,424,3899451.049667017,3137
26,424,3899451.050271642,3137
25,424,3899451.050639512,3137
27,424,3899451.051475503,3137
20,424,3899451.051804801,3137
41,424,3899451.052144240,3137
35,424,3899451.052466128,3137
38,424,3899451.052794666,3137
46,424,3899451.053103384,3137
39,424,3899451.053423652,3137
45,424,3899451.053750640,3137
42,424,3899451.054073599,3137
48,424,3899451.054370906,3137
40,424,3899451.054667583,3137
49,424,3899451.054963391,3137
43,424,3899451.055267799,3137
37,424,3899451.055577797,3137
44,424,3899451.055865784,3137
34,424,3899451.056173502,3137
47,424,3899451.056470969,3137
36,424,3899451.056785557,3137
56,424,3899451.057120896,3137
51,424,3899451.057432624,3137
60,424,3899451.057754192,3137
63,424,3899451.058075350,3137
53,424,3899451.058371047,3137
59,424,3899451.058677545,3137
61,424,3899451.058986003,3137
62,424,3899451.059413014,3137
54,424,3899451.059738182,3137
52,424,3899451.060071750,3137
65,424,3899451.060411389,3137
58,424,3899451.060729477,3137
50,424,3899451.061036375,3137
64,424,3899451.061375653,3137
57,424,3899451.061696501,3137
55,424,3899451.061984689,3137
68,424,3899451.063042705,3137
80,424,3899451.063372834,3137
70,424,3899451.063680971,3137
81,424,3899451.063998440,3137
69,424,3899451.064341168,3137
67,424,3899451.064652656,3137
66,424,3899451.064965424,3137
75,424,3899451.065285982,3137
74,424,3899451.065597590,3137
78,424,3899451.065892738,3137
72,424,3899451.066239596,3137
79,424,3899451.066565915,3137
76,424,3899451.066830521,3137
71,424,3899451.067080428,3137
73,424,3899451.067337684,3137
77,424,3899451.067579590,3137
88,424,3899451.067835217,3137
94,424,3899451.068113874,3137
82,424,3899451.068377960,3137
91,424,3899451.068627517,3137
92,424,3899451.068891903,3137
98,424,3899451.069139340,3137
86,424,3899451.069384326,3137
85,424,3899451.069655543,3137
84,424,3899451.069957350,3137
96,424,3899451.070228237,3137
95,424,3899451.070465423,3137
97,424,3899451.070700859,3137
87,424,3899451.070933055,3137
83,424,3899451.071192572,3137
89,424,3899451.071428098,3137
93,424,3899451.071679484,3137
110,424,3899451.071911020,3137
106,424,3899451.072153426,3137
105,424,3899451.072391372,3137
102,424,3899451.072639158,3137
109,424,3899451.072874794,3137
99,424,3899451.073121280,3137
111,424,3899451.073359867,3137
113,424,3899451.073596142,3137
112,424,3899451.073838519,3137
107,424,3899451.074081535,3137
115,424,3899451.074330981,3137
104,424,3899451.074595308,3137
114,424,3899451.074857484,3137
103,424,3899451.075110551,3137
116,424,3899451.075348977,3137
101,424,3899451.075606893,3137
120,424,3899451.075861040,3137
118,424,3899451.076115466,3137
124,424,3899451.076350002,3137
122,424,3899451.076603778,3137
117,424,3899451.076864285,3137
125,424,3899451.077116871,3137
123,424,3899451.077366258,3137
119,424,3899451.077624344,3137
121,424,3899451.077874631,3137
126,424,3899451.078115917,3137
127,424,3899451.351937204,2433
6,424,3899451.822935419,3201
2,424,3899451.823750339,3201
4,424,3899451.824386395,3201
11,424,3899451.824992671,3201
3,424,3899451.825639767,3201
0,424,3899451.826547710,3201
5,424,3899451.827106984,3201
7,424,3899451.827742470,3201
10,424,3899451.828370836,3201
1,424,3899451.828989612,3201
13,424,3899451.829613168,3201
9,424,3899451.830225293,3201
12,424,3899451.830765037,3201
14,424,3899451.831391463,3201
15,424,3899451.832040679,3201
8,424,3899451.832622344,3201
17,424,3899451.833639760,3201
29,424,3899451.834306176,3201
16,424,3899451.834906892,3201
19,424,3899451.835444505,3201
31,424,3899451.835972628,3201
32,424,3899451.836594804,3201
23,424,3899451.837146558,3201
33,424,3899451.837670751,3201
18,424,3899451.838233926,3201
21,424,3899451.838778279,3201
30,424,3899451.839308103,3201
28,424,3899451.839845237,3201
26,424,3899451.840305818,3201
25,424,3899451.840659467,3201
27,424,3899451.840991315,3201
20,424,3899451.841325824,3201
41,424,3899451.842421282,3201
35,424,3899451.842766920,3201
38,424,3899451.843118909,3201
46,424,3899451.843434997,3201
39,424,3899451.843764536,3201
45,424,3899451.844106984,3201
42,424,3899451.844428262,3201
48,424,3899451.844733380,3201
40,424,3899451.845047578,3201
49,424,3899451.845352466,3201
43,424,3899451.845653843,3201
37,424,3899451.845969141,3201
44,424,3899451.846278029,3201
34,424,3899451.846580607,3201
47,424,3899451.846881755,3201
36,424,3899451.847209073,3201
56,424,3899451.847544351,3201
51,424,3899451.847858949,3201
60,424,3899451.848196328,3201
63,424,3899451.848522456,3201
53,424,3899451.848826994,3201
59,424,3899451.849150602,3201
61,424,3899451.849464440,3201
62,424,3899451.849775218,3201
54,424,3899451.850081155,3201
52,424,3899451.850465365,3201
65,424,3899451.850855095,3201
58,424,3899451.851194464,3201
50,424,3899451.851502791,3201
64,424,3899451.851833240,3201
57,424,3899451.852171578,3201
55,424,3899451.852475946,3201
68,424,3899451.852800574,3201
80,424,3899451.853133213,3201
70,424,3899451.853440280,3201
81,424,3899451.853762138,3201
69,424,3899451.854112697,3201
67,424,3899451.854426075,3201
66,424,3899451.854739493,3201
75,424,3899451.855056981,3201
74,424,3899451.855373169,3201
78,424,3899451.856576650,3201
72,424,3899451.856894088,3201
79,424,3899451.857153774,3201
76,424,3899451.857412771,3201
71,424,3899451.857656807,3201
73,424,3899451.857906063,3201
77,424,3899451.858155940,3201
88,424,3899451.858413016,3201
94,424,3899451.858682503,3201
82,424,3899451.858946800,3201
91,424,3899451.859211956,3201
92,424,3899451.859479353,3201
98,424,3899451.859716739,3201
86,424,3899451.859953625,3201
85,424,3899451.860213012,3201
84,424,3899451.860452648,3201
96,424,3899451.860690404,3201
95,424,3899451.861028102,3201
97,424,3899451.861293329,3201
87,424,3899451.861539755,3201
83,424,3899451.861795622,3201
89,424,3899451.862042658,3201
93,424,3899451.862305495,3201
110,424,3899451.862547561,3201
106,424,3899451.862788487,3201
105,424,3899451.863036333,3201
102,424,3899451.863290619,3201
109,424,3899451.863530606,3201
99,424,3899451.863769602,3201
111,424,3899451.864020418,3201
113,424,3899451.864261814,3201
112,424,3899451.864509200,3201
107,424,3899451.864749547,3201
115,424,3899451.864998223,3201
104,424,3899451.865274130,3201
114,424,3899451.865540936,3201
103,424,3899451.865787593,3201
116,424,3899451.866042989,3201
101,424,3899451.866305076,3201
120,424,3899451.866563012,3201
118,424,3899451.866811459,3201
124,424,3899451.867059845,3201
122,424,3899451.867302801,3201
117,424,3899451.867562068,3201
125,424,3899451.867798993,3201
123,424,3899451.868058290,3201
119,424,3899451.868327647,3201
121,424,3899451.868587084,3201
126,424,3899451.868862171,3201
127,424,3899452.143091758,2497
6,424,3899452.489907081,3265
2,424,3899452.490733332,3265
4,424,3899452.491391369,3265
11,424,3899452.492023945,3265
3,424,3899452.492966308,3265
0,424,3899452.493604245,3265
5,424,3899452.494171789,3265
7,424,3899452.494809495,3265
10,424,3899452.495446921,3265
1,424,3899452.496080947,3265
13,424,3899452.496697843,3265
9,424,3899452.497321149,3265
12,424,3899452.497873283,3265
14,424,3899452.498500388,3265
15,424,3899452.499140745,3265
8,424,3899452.499746500,3265
17,424,3899452.500785716,3265
29,424,3899452.501471824,3265
16,424,3899452.502104130,3265
19,424,3899452.502670014,3265
31,424,3899452.503217398,3265
32,424,3899452.503839544,3265
23,424,3899452.504402778,3265
33,424,3899452.504941771,3265
18,424,3899452.505524896,3265
21,424,3899452.506077740,3265
30,424,3899452.506597533,3265
28,424,3899452.506968693,3265
26,424,3899452.507431854,3265
25,424,3899452.507786654,3265
27,424,3899452.508136272,3265
20,424,3899452.508465051,3265
41,424,3899452.509689972,3265
35,424,3899452.510042911,3265
38,424,3899452.510395920,3265
46,424,3899452.510715417,3265
39,424,3899452.511057696,3265
45,424,3899452.511401145,3265
42,424,3899452.511720953,3265
48,424,3899452.512035261,3265
40,424,3899452.512345639,3265
49,424,3899452.512650577,3265
43,424,3899452.512953344,3265
37,424,3899452.513281853,3265
44,424,3899452.513588360,3265
34,424,3899452.513897618,3265
47,424,3899452.514212626,3265
36,424,3899452.514538094,3265
56,424,3899452.514872943,3265
51,424,3899452.515207801,3265
60,424,3899452.515546360,3265
63,424,3899452.515871628,3265
53,424,3899452.516186866,3265
59,424,3899452.516510254,3265
61,424,3899452.516827492,3265
62,424,3899452.517148750,3265
54,424,3899452.517451188,3265
52,424,3899452.517911120,3265
65,424,3899452.518302620,3265
58,424,3899452.518638298,3265
50,424,3899452.519021148,3265
64,424,3899452.519378267,3265
57,424,3899452.519710655,3265
55,424,3899452.520034533,3265
68,424,3899452.520375702,3265
80,424,3899452.520694900,3265
70,424,3899452.520998608,3265
81,424,3899452.521335276,3265
69,424,3899452.521680675,3265
67,424,3899452.521994603,3265
66,424,3899452.522327511,3265
75,424,3899452.522644649,3265
74,424,3899452.522961577,3265
78,424,3899452.523275045,3265
72,424,3899452.523614874,3265
79,424,3899452.523861530,3265
76,424,3899452.524123157,3265
71,424,3899452.524368663,3265
73,424,3899452.524628769,3265
77,424,3899452.524871586,3265
88,424,3899452.525818850,3265
94,424,3899452.526119337,3265
82,424,3899452.526394294,3265
91,424,3899452.526657431,3265
92,424,3899452.526931268,3265
98,424,3899452.527188564,3265
86,424,3899452.527435640,3265
85,424,3899452.527695137,3265
84,424,3899452.527948153,3265
96,424,3899452.528296942,3265
95,424,3899452.528561139,3265
97,424,3899452.528810145,3265
87,424,3899452.529063252,3265
83,424,3899452.529325518,3265
89,424,3899452.529570725,3265
93,424,3899452.529830101,3265
110,424,3899452.530086418,3265
106,424,3899452.530333714,3265
105,424,3899452.530577180,3265
102,424,3899452.530831117,3265
109,424,3899452.531081863,3265
99,424,3899452.531324889,3265
111,424,3899452.531565565,3265
113,424,3899452.531810661,3265
112,424,3899452.532076748,3265
107,424,3899452.532325074,3265
115,424,3899452.532580361,3265
104,424,3899452.532851328,3265
114,424,3899452.533131595,3265
103,424,3899452.533389781,3265
116,424,3899452.533636357,3265
101,424,3899452.533899814,3265
120,424,3899452.534170941,3265
118,424,3899452.534427268,3265
124,424,3899452.534671984,3265
122,424,3899452.534912640,3265
117,424,3899452.535183576,3265
125,424,3899452.535428673,3265
123,424,3899452.535683869,3265
119,424,3899452.535950616,3265
121,424,3899452.536225853,3265
126,424,3899452.536463989,3265
127,424,3899452.811230100,2561
6,424,3899453.159573262,3329
2,424,3899453.160544566,3329
4,424,3899453.161184232,3329
11,424,3899453.161792358,3329
3,424,3899453.162713391,3329
0,424,3899453.163351747,3329
5,424,3899453.163908292,3329
7,424,3899453.164572538,3329
10,424,3899453.165210544,3329
1,424,3899453.165837480,3329
13,424,3899453.166481646,3329
9,424,3899453.167120143,3329
12,424,3899453.167687147,3329
14,424,3899453.168323273,3329
15,424,3899453.168973569,3329
8,424,3899453.169589735,3329
17,424,3899453.170605491,3329
29,424,3899453.174584122,3329
16,424,3899453.176978562,3329
19,424,3899453.177429283,3329
31,424,3899453.177776442,3329
32,424,3899453.178161272,3329
23,424,3899453.178516541,3329
33,424,3899453.178860690,3329
18,424,3899453.179222049,3329
21,424,3899453.179555127,3329
30,424,3899453.179876756,3329
28,424,3899453.180222264,3329
26,424,3899453.180575853,3329
25,424,3899453.180935512,3329
27,424,3899453.181295091,3329
20,424,3899453.181625420,3329
41,424,3899453.183657411,3329
35,424,3899453.184036041,3329
38,424,3899453.184401000,3329
46,424,3899453.184735968,3329
39,424,3899453.185096448,3329
45,424,3899453.185458607,3329
42,424,3899453.185804165,3329
48,424,3899453.186159084,3329
40,424,3899453.186492223,3329
49,424,3899453.186808151,3329
43,424,3899453.187134119,3329
37,424,3899453.187554050,3329
44,424,3899453.187928409,3329
34,424,3899453.188273708,3329
47,424,3899453.188603646,3329
36,424,3899453.188959525,3329
56,424,3899453.189324744,3329
51,424,3899453.189686133,3329
60,424,3899453.190052753,3329
63,424,3899453.190391121,3329
53,424,3899453.190709159,3329
59,424,3899453.191045968,3329
61,424,3899453.191377666,3329
62,424,3899453.191701104,3329
54,424,3899453.192017612,3329
52,424,3899453.192351781,3329
65,424,3899453.192699220,3329
58,424,3899453.193041738,3329
50,424,3899453.193360897,3329
64,424,3899453.193692735,3329
57,424,3899453.193976092,3329
55,424,3899453.194235639,3329
68,424,3899453.194509166,3329
80,424,3899453.194772762,3329
70,424,3899453.195035039,3329
81,424,3899453.195306926,3329
69,424,3899453.195589213,3329
67,424,3899453.195853380,3329
66,424,3899453.196134957,3329
75,424,3899453.196401503,3329
74,424,3899453.196663990,3329
78,424,3899453.196911306,3329
72,424,3899453.197202714,3329
79,424,3899453.197461490,3329
76,424,3899453.197724247,3329
71,424,3899453.197969903,3329
73,424,3899453.198332972,3329
77,424,3899453.198608899,3329
88,424,3899453.199615585,3329
94,424,3899453.199914672,3329
82,424,3899453.200223150,3329
91,424,3899453.200494987,3329
92,424,3899453.200777394,3329
98,424,3899453.201039921,3329
86,424,3899453.201293407,3329
85,424,3899453.201556774,3329
84,424,3899453.201802740,3329
96,424,3899453.202061207,3329
95,424,3899453.202313043,3329
97,424,3899453.202561269,3329
87,424,3899453.202806296,3329
83,424,3899453.203075622,3329
89,424,3899453.203323178,3329
93,424,3899453.203585325,3329
110,424,3899453.203839162,3329
106,424,3899453.204104138,3329
105,424,3899453.204354815,3329
102,424,3899453.204610121,3329
109,424,3899453.204866197,3329
99,424,3899453.205127614,3329
111,424,3899453.205378870,3329
113,424,3899453.205623667,3329
112,424,3899453.205883033,3329
107,424,3899453.206140740,3329
115,424,3899453.206401416,3329
104,424,3899453.206678283,3329
114,424,3899453.206955810,3329
103,424,3899453.207224157,3329
116,424,3899453.207473274,3329
101,424,3899453.207743630,3329
120,424,3899453.208016677,3329
118,424,3899453.208275184,3329
124,424,3899453.208529330,3329
122,424,3899453.208888849,3329
117,424,3899453.209197087,3329
125,424,3899453.209456774,3329
123,424,3899453.209721600,3329
119,424,3899453.209992667,3329
121,424,3899453.210276434,3329
126,424,3899453.210524551,3329
127,424,3899453.484707547,2625
6,424,3899453.839836390,3393
2,424,3899453.840405875,3393
4,424,3899453.840730983,3393
11,424,3899453.841046701,3393
3,424,3899453.841366429,3393
0,424,3899453.841688637,3393
5,424,3899453.842374095,3393
7,424,3899453.842696033,3393
10,424,3899453.842994910,3393
1,424,3899453.843322519,3393
13,424,3899453.843634376,3393
9,424,3899453.843927784,3393
12,424,3899453.844205971,3393
14,424,3899453.844520089,3393
15,424,3899453.844810446,3393
8,424,3899453.845087213,3393
17,424,3899453.845594586,3393
29,424,3899453.845900474,3393
16,424,3899453.846193041,3393
19,424,3899453.846466498,3393
31,424,3899453.846723145,3393
32,424,3899453.847015302,3393
23,424,3899453.847279539,3393
33,424,3899453.847535685,3393
18,424,3899453.847810712,3393
21,424,3899453.848079819,3393
30,424,3899453.848337506,3393
28,424,3899453.848592022,3393
26,424,3899453.848866839,3393
25,424,3899453.849158396,3393
27,424,3899453.849441703,3393
20,424,3899453.849710030,3393
41,424,3899453.850248134,3393
35,424,3899453.850527181,3393
38,424,3899453.850814308,3393
46,424,3899453.851081805,3393
39,424,3899453.851359722,3393
45,424,3899453.851644359,3393
42,424,3899453.851914576,3393
48,424,3899453.852182763,3393
40,424,3899453.852439369,3393
49,424,3899453.852696836,3393
43,424,3899453.852950712,3393
37,424,3899453.853230119,3393
44,424,3899453.853483756,3393
34,424,3899453.853741922,3393
47,424,3899453.853999539,3393
36,424,3899453.854279176,3393
56,424,3899453.855446535,3393
51,424,3899453.855740373,3393
60,424,3899453.856047701,3393
63,424,3899453.856331838,3393
53,424,3899453.856629855,3393
59,424,3899453.856906012,3393
61,424,3899453.857190219,3393
62,424,3899453.857461236,3393
54,424,3899453.857725573,3393
52,424,3899453.858013990,3393
65,424,3899453.858309228,3393
58,424,3899453.858586535,3393
50,424,3899453.858850261,3393
64,424,3899453.859152009,3393
57,424,3899453.859439596,3393
55,424,3899453.859698023,3393
68,424,3899453.859980310,3393
80,424,3899453.860336609,3393
70,424,3899453.860635446,3393
81,424,3899453.860905653,3393
69,424,3899453.861203891,3393
67,424,3899453.861479958,3393
66,424,3899453.861755645,3393
75,424,3899453.862035382,3393
74,424,3899453.862308869,3393
78,424,3899453.862565465,3393
72,424,3899453.862855523,3393
79,424,3899453.863119720,3393
76,424,3899453.863398027,3393
71,424,3899453.863661223,3393
73,424,3899453.863925390,3393
77,424,3899453.864187686,3393
88,424,3899453.864459343,3393
94,424,3899453.864743781,3393
82,424,3899453.865032508,3393
91,424,3899453.865309815,3393
92,424,3899453.865596702,3393
98,424,3899453.865875139,3393
86,424,3899453.866143146,3393
85,424,3899453.866411313,3393
84,424,3899453.866665349,3393
96,424,3899453.866921456,3393
95,424,3899453.867188902,3393
97,424,3899453.867442629,3393
87,424,3899453.867689165,3393
83,424,3899453.867954322,3393
89,424,3899453.868213838,3393
93,424,3899453.868481945,3393
110,424,3899453.869166072,3393
106,424,3899453.869436479,3393
105,424,3899453.869693236,3393
102,424,3899453.869960352,3393
109,424,3899453.870230369,3393
99,424,3899453.870483536,3393
111,424,3899453.870738852,3393
113,424,3899453.870992248,3393
112,424,3899453.871274046,3393
107,424,3899453.871531532,3393
115,424,3899453.871799439,3393
104,424,3899453.872091356,3393
114,424,3899453.872375734,3393
103,424,3899453.872643820,3393
116,424,3899453.872902577,3393
101,424,3899453.873191704,3393
120,424,3899453.873468341,3393
118,424,3899453.873732858,3393
124,424,3899453.873983354,3393
122,424,3899453.874247161,3393
117,424,3899453.874521868,3393
125,424,3899453.874772114,3393
123,424,3899453.875042631,3393
119,424,3899453.875318168,3393
121,424,3899453.875589685,3393
126,424,3899453.875840831,3393
127,424,3899454.168811502,2689
6,424,3899454.525054734,3457
2,424,3899454.525679410,3457
4,424,3899454.526177302,3457
11,424,3899454.526651965,3457
3,424,3899454.527396453,3457
0,424,3899454.527869665,3457
5,424,3899454.528322647,3457
7,424,3899454.528804759,3457
10,424,3899454.529276621,3457
1,424,3899454.529730252,3457
13,424,3899454.530198404,3457
9,424,3899454.530659076,3457
12,424,3899454.531109437,3457
14,424,3899454.531580179,3457
15,424,3899454.532067362,3457
8,424,3899454.532507913,3457
17,424,3899454.533926389,3457
29,424,3899454.534450562,3457
16,424,3899454.534916764,3457
19,424,3899454.535374225,3457
31,424,3899454.535807356,3457
32,424,3899454.536290449,3457
23,424,3899454.536717749,3457
33,424,3899454.537151080,3457
18,424,3899454.537594411,3457
21,424,3899454.538031893,3457
30,424,3899454.538452133,3457
28,424,3899454.538871354,3457
26,424,3899454.539330505,3457
25,424,3899454.539798307,3457
27,424,3899454.540272419,3457
20,424,3899454.540736981,3457
41,424,3899454.541204793,3457
35,424,3899454.541654434,3457
38,424,3899454.542135196,3457
46,424,3899454.542565727,3457
39,424,3899454.543041099,3457
45,424,3899454.543514611,3457
42,424,3899454.543963212,3457
48,424,3899454.544405584,3457
40,424,3899454.544833765,3457
49,424,3899454.545272996,3457
43,424,3899454.545696436,3457
37,424,3899454.546154728,3457
44,424,3899454.546577359,3457
34,424,3899454.547012000,3457
47,424,3899454.547439031,3457
36,424,3899454.547881532,3457
56,424,3899454.550604100,3457
51,424,3899454.551102743,3457
60,424,3899454.551594856,3457
63,424,3899454.552076488,3457
53,424,3899454.552577590,3457
59,424,3899454.553050922,3457
61,424,3899454.553506284,3457
62,424,3899454.553949925,3457
54,424,3899454.554382446,3457
52,424,3899454.554832458,3457
65,424,3899454.555317300,3457
58,424,3899454.555780122,3457
50,424,3899454.556226053,3457
64,424,3899454.556703225,3457
57,424,3899454.557177567,3457
55,424,3899454.557602977,3457
68,424,3899454.558080570,3457
80,424,3899454.558534621,3457
70,424,3899454.559025353,3457
81,424,3899454.559487375,3457
69,424,3899454.559962687,3457
67,424,3899454.560425119,3457
66,424,3899454.560882140,3457
75,424,3899454.561345712,3457
74,424,3899454.561797504,3457
78,424,3899454.562234135,3457
72,424,3899454.562714127,3457
79,424,3899454.563149288,3457
76,424,3899454.563597149,3457
71,424,3899454.564041820,3457
73,424,3899454.564486462,3457
77,424,3899454.564904992,3457
88,424,3899454.565357974,3457
94,424,3899454.565831636,3457
82,424,3899454.566312498,3457
91,424,3899454.566760109,3457
92,424,3899454.567239381,3457
98,424,3899454.567658742,3457
86,424,3899454.568096833,3457
85,424,3899454.568540064,3457
84,424,3899454.568955315,3457
96,424,3899454.569391406,3457
95,424,3899454.569783846,3457
97,424,3899454.570048483,3457
87,424,3899454.570303729,3457
83,424,3899454.570576156,3457
89,424,3899454.570832612,3457
93,424,3899454.571112319,3457
110,424,3899454.571369656,3457
106,424,3899454.571626632,3457
105,424,3899454.571884059,3457
102,424,3899454.572159836,3457
109,424,3899454.572420302,3457
99,424,3899454.572679859,3457
111,424,3899454.572936155,3457
113,424,3899454.573204742,3457
112,424,3899454.573469929,3457
107,424,3899454.573731025,3457
115,424,3899454.574024683,3457
104,424,3899454.574316050,3457
114,424,3899454.574607758,3457
103,424,3899454.574877265,3457
116,424,3899454.575144691,3457
101,424,3899454.575428779,3457
120,424,3899454.575704075,3457
118,424,3899454.575970952,3457
124,424,3899454.576236919,3457
122,424,3899454.576516826,3457
117,424,3899454.576797763,3457
125,424,3899454.577065320,3457
123,424,3899454.577337917,3457
119,424,3899454.577615534,3457
121,424,3899454.577892701,3457
126,424,3899454.578197738,3457
127,424,3899454.852900518,2753
6,424,3899455.209621622,3521
2,424,3899455.210242397,3521
4,424,3899455.210734550,3521
11,424,3899455.211423267,3521
3,424,3899455.211918409,3521
0,424,3899455.212385471,3521
5,424,3899455.212832123,3521
7,424,3899455.213328715,3521
10,424,3899455.213803887,3521
1,424,3899455.214268499,3521
13,424,3899455.214724891,3521
9,424,3899455.215183352,3521
12,424,3899455.215622513,3521
14,424,3899455.216097495,3521
15,424,3899455.216577337,3521
8,424,3899455.217030619,3521
17,424,3899455.218149057,3521
29,424,3899455.218655810,3521
16,424,3899455.219143392,3521
19,424,3899455.219588203,3521
31,424,3899455.220034965,3521
32,424,3899455.220521967,3521
23,424,3899455.220963068,3521
33,424,3899455.221403609,3521
18,424,3899455.221847191,3521
21,424,3899455.222285012,3521
30,424,3899455.222705152,3521
28,424,3899455.223142133,3521
26,424,3899455.223600505,3521
25,424,3899455.224074857,3521
27,424,3899455.224543939,3521
20,424,3899455.225012081,3521
41,424,3899455.225489183,3521
35,424,3899455.225944224,3521
38,424,3899455.226423347,3521
46,424,3899455.226847577,3521
39,424,3899455.227321919,3521
45,424,3899455.227789391,3521
42,424,3899455.228256813,3521
48,424,3899455.228686064,3521
40,424,3899455.229129575,3521
49,424,3899455.229558396,3521
43,424,3899455.229975166,3521
37,424,3899455.230434238,3521
44,424,3899455.230854199,3521
34,424,3899455.231287579,3521
47,424,3899455.231710860,3521
36,424,3899455.232166012,3521
56,424,3899455.234804328,3521
51,424,3899455.235302921,3521
60,424,3899455.235792473,3521
63,424,3899455.236272426,3521
53,424,3899455.236776038,3521
59,424,3899455.237251690,3521
61,424,3899455.237712582,3521
62,424,3899455.238173524,3521
54,424,3899455.238605515,3521
52,424,3899455.239070326,3521
65,424,3899455.239547299,3521
58,424,3899455.240018350,3521
50,424,3899455.240460511,3521
64,424,3899455.240936363,3521
57,424,3899455.241417216,3521
55,424,3899455.241846457,3521
68,424,3899455.242330799,3521
80,424,3899455.242777950,3521
70,424,3899455.243270443,3521
81,424,3899455.243741934,3521
69,424,3899455.244240787,3521
67,424,3899455.244692629,3521
66,424,3899455.245169751,3521
75,424,3899455.245621692,3521
74,424,3899455.246082004,3521
78,424,3899455.246512685,3521
72,424,3899455.246991507,3521
79,424,3899455.247432678,3521
76,424,3899455.247882429,3521
71,424,3899455.248318630,3521
73,424,3899455.248766532,3521
77,424,3899455.249208113,3521
88,424,3899455.249657764,3521
94,424,3899455.250134996,3521
82,424,3899455.250595448,3521
91,424,3899455.251053919,3521
92,424,3899455.251538622,3521
98,424,3899455.251963733,3521
86,424,3899455.252402364,3521
85,424,3899455.252846315,3521
84,424,3899455.253284346,3521
96,424,3899455.253707247,3521
95,424,3899455.254134457,3521
97,424,3899455.254560368,3521
87,424,3899455.254892667,3521
83,424,3899455.255177484,3521
89,424,3899455.255437290,3521
93,424,3899455.255712007,3521
110,424,3899455.255969084,3521
106,424,3899455.256239831,3521
105,424,3899455.256500897,3521
102,424,3899455.256771044,3521
109,424,3899455.257036281,3521
99,424,3899455.257298277,3521
111,424,3899455.257557854,3521
113,424,3899455.257818961,3521
112,424,3899455.258096678,3521
107,424,3899455.258358634,3521
115,424,3899455.258630791,3521
104,424,3899455.258924009,3521
114,424,3899455.259224756,3521
103,424,3899455.259497763,3521
116,424,3899455.259759270,3521
101,424,3899455.260054347,3521
120,424,3899455.260334744,3521
118,424,3899455.260605661,3521
124,424,3899455.260882678,3521
122,424,3899455.261153925,3521
117,424,3899455.261437602,3521
125,424,3899455.261698699,3521
123,424,3899455.261973376,3521
119,424,3899455.262274723,3521
121,424,3899455.262556601,3521
126,424,3899455.262846348,3521
127,424,3899455.538346557,2817
6,424,3899455.896426235,3585
2,424,3899455.897098032,3585
4,424,3899455.897592475,3585
11,424,3899455.898272522,3585
3,424,3899455.898774985,3585
0,424,3899455.899257947,3585
5,424,3899455.899704378,3585
7,424,3899455.900200151,3585
10,424,3899455.900665332,3585
1,424,3899455.901139035,3585
13,424,3899455.901601586,3585
9,424,3899455.902077718,3585
12,424,3899455.902518469,3585
14,424,3899455.902983561,3585
15,424,3899455.903480084,3585
8,424,3899455.903932565,3585
17,424,3899455.905074584,3585
29,424,3899455.905594777,3585
16,424,3899455.906075880,3585
19,424,3899455.906522521,3585
31,424,3899455.906963402,3585
32,424,3899455.907464715,3585
23,424,3899455.907916976,3585
33,424,3899455.908373307,3585
18,424,3899455.908827259,3585
21,424,3899455.909268900,3585
30,424,3899455.909686821,3585
28,424,3899455.910131052,3585
26,424,3899455.910601574,3585
25,424,3899455.911085446,3585
27,424,3899455.911559928,3585
20,424,3899455.912036640,3585
41,424,3899455.912509272,3585
35,424,3899455.912976444,3585
38,424,3899455.913459166,3585
46,424,3899455.913891967,3585
39,424,3899455.914355119,3585
45,424,3899455.914827731,3585
42,424,3899455.915300553,3585
48,424,3899455.915736894,3585
40,424,3899455.916187205,3585
49,424,3899455.916623496,3585
43,424,3899455.917064287,3585
37,424,3899455.917525009,3585
44,424,3899455.917953960,3585
34,424,3899455.918402321,3585
47,424,3899455.918840892,3585
36,424,3899455.919303544,3585
56,424,3899455.921853008,3585
51,424,3899455.922355761,3585
60,424,3899455.922882725,3585
63,424,3899455.923399778,3585
53,424,3899455.923917091,3585
59,424,3899455.924403353,3585
61,424,3899455.924876665,3585
62,424,3899455.925341217,3585
54,424,3899455.925776278,3585
52,424,3899455.926251710,3585
65,424,3899455.926741042,3585
58,424,3899455.927216904,3585
50,424,3899455.927669126,3585
64,424,3899455.928166358,3585
57,424,3899455.928643550,3585
55,424,3899455.929102172,3585
68,424,3899455.929943133,3585
80,424,3899455.930771594,3585
70,424,3899455.931644846,3585
81,424,3899455.932273462,3585
69,424,3899455.932798045,3585
67,424,3899455.933284768,3585
66,424,3899455.933757249,3585
75,424,3899455.934231272,3585
74,424,3899455.934699573,3585
78,424,3899455.935149175,3585
72,424,3899455.935640297,3585
79,424,3899455.936092479,3585
76,424,3899455.936554190,3585
71,424,3899455.936986691,3585
73,424,3899455.937454463,3585
77,424,3899455.937904034,3585
88,424,3899455.938372606,3585
94,424,3899455.938849828,3585
82,424,3899455.939333141,3585
91,424,3899455.939790192,3585
92,424,3899455.940294335,3585
98,424,3899455.940733916,3585
86,424,3899455.941182668,3585
85,424,3899455.941637799,3585
84,424,3899455.941964327,3585
96,424,3899455.942242724,3585
95,424,3899455.942502601,3585
97,424,3899455.942766057,3585
87,424,3899455.943044784,3585
83,424,3899455.943333252,3585
89,424,3899455.943596869,3585
93,424,3899455.943874736,3585
110,424,3899455.944147232,3585
106,424,3899455.944411899,3585
105,424,3899455.944678236,3585
102,424,3899455.944953643,3585
109,424,3899455.945226610,3585
99,424,3899455.945492197,3585
111,424,3899455.945754663,3585
113,424,3899455.946026750,3585
112,424,3899455.946302777,3585
107,424,3899455.946568384,3585
115,424,3899455.946847761,3585
104,424,3899455.947153719,3585
114,424,3899455.947464946,3585
103,424,3899455.947740203,3585
116,424,3899455.948012690,3585
101,424,3899455.948302397,3585
120,424,3899455.948583975,3585
118,424,3899455.948860102,3585
124,424,3899455.949152089,3585
122,424,3899455.949419256,3585
117,424,3899455.949704473,3585
125,424,3899455.949966390,3585
123,424,3899455.950252247,3585
119,424,3899455.950539994,3585
121,424,3899455.950826051,3585
126,424,3899455.951141829,3585
127,424,3899456.227542041,2881
6,424,3899456.591557820,3649
2,424,3899456.592156235,3649
4,424,3899456.592575825,3649
11,424,3899456.592951555,3649
3,424,3899456.593400616,3649
0,424,3899456.593771185,3649
5,424,3899456.594358860,3649
7,424,3899456.594765351,3649
10,424,3899456.595165431,3649
1,424,3899456.595555691,3649
13,424,3899456.595933160,3649
9,424,3899456.596305360,3649
12,424,3899456.596652958,3649
14,424,3899456.597033178,3649
15,424,3899456.597418748,3649
8,424,3899456.597777367,3649
17,424,3899456.598479565,3649
29,424,3899456.598885475,3649
16,424,3899456.599263064,3649
19,424,3899456.599609633,3649
31,424,3899456.599953872,3649
32,424,3899456.600341842,3649
23,424,3899456.600694261,3649
33,424,3899456.601047620,3649
18,424,3899456.601412999,3649
21,424,3899456.601754758,3649
30,424,3899456.602092546,3649
28,424,3899456.602429824,3649
26,424,3899456.602802424,3649
25,424,3899456.603181904,3649
27,424,3899456.603551403,3649
20,424,3899456.603906822,3649
41,424,3899456.605034161,3649
35,424,3899456.605444561,3649
38,424,3899456.605834791,3649
46,424,3899456.606215020,3649
39,424,3899456.606581189,3649
45,424,3899456.606950549,3649
42,424,3899456.607327628,3649
48,424,3899456.607668627,3649
40,424,3899456.608022096,3649
49,424,3899456.608366695,3649
43,424,3899456.608704183,3649
37,424,3899456.609073513,3649
44,424,3899456.609411291,3649
34,424,3899456.609751470,3649
47,424,3899456.610105949,3649
36,424,3899456.610468648,3649
56,424,3899456.610846837,3649
51,424,3899456.611222567,3649
60,424,3899456.611608427,3649
63,424,3899456.611973746,3649
53,424,3899456.612375656,3649
59,424,3899456.612740705,3649
61,424,3899456.613113955,3649
62,424,3899456.613470844,3649
54,424,3899456.613815783,3649
52,424,3899456.614189642,3649
65,424,3899456.614567242,3649
58,424,3899456.614924111,3649
50,424,3899456.615296490,3649
64,424,3899456.615683660,3649
57,424,3899456.616062780,3649
55,424,3899456.616403858,3649
68,424,3899456.617902726,3649
80,424,3899456.618289706,3649
70,424,3899456.618683406,3649
81,424,3899456.619060465,3649
69,424,3899456.619448105,3649
67,424,3899456.619816344,3649
66,424,3899456.620191614,3649
75,424,3899456.620556633,3649
74,424,3899456.620910822,3649
78,424,3899456.621264711,3649
72,424,3899456.621656581,3649
79,424,3899456.621995730,3649
76,424,3899456.622368839,3649
71,424,3899456.622706528,3649
73,424,3899456.623070517,3649
77,424,3899456.623411345,3649
88,424,3899456.623768824,3649
94,424,3899456.624158134,3649
82,424,3899456.624524463,3649
91,424,3899456.624877523,3649
92,424,3899456.625278682,3649
98,424,3899456.625625591,3649
86,424,3899456.625973590,3649
85,424,3899456.626343020,3649
84,424,3899456.626685528,3649
96,424,3899456.626992226,3649
95,424,3899456.627280753,3649
97,424,3899456.627553790,3649
87,424,3899456.627820567,3649
83,424,3899456.628115704,3649
89,424,3899456.628388861,3649
93,424,3899456.628678448,3649
110,424,3899456.628951546,3649
106,424,3899456.629228093,3649
105,424,3899456.629500309,3649
102,424,3899456.629780496,3649
109,424,3899456.630061134,3649
99,424,3899456.630332630,3649
111,424,3899456.630602597,3649
113,424,3899456.630876574,3649
112,424,3899456.631166182,3649
107,424,3899456.631442218,3649
115,424,3899456.631725916,3649
104,424,3899456.632038084,3649
114,424,3899456.632345061,3649
103,424,3899456.632628599,3649
116,424,3899456.632900035,3649
101,424,3899456.633204703,3649
120,424,3899456.633903861,3649
118,424,3899456.634219949,3649
124,424,3899456.634517536,3649
122,424,3899456.634799334,3649
117,424,3899456.635106961,3649
125,424,3899456.635398169,3649
123,424,3899456.635695536,3649
119,424,3899456.635996504,3649
121,424,3899456.636304021,3649
126,424,3899456.636583768,3649
127,424,3899456.982986291,2945
6,424,3899457.348781484,3713
2,424,3899457.349231896,3713
4,424,3899457.349552284,3713
11,424,3899457.349853291,3713
3,424,3899457.350194890,3713
0,424,3899457.350648282,3713
5,424,3899457.350936699,3713
7,424,3899457.351264607,3713
10,424,3899457.351565445,3713
1,424,3899457.351864922,3713
13,424,3899457.352172670,3713
9,424,3899457.352467638,3713
12,424,3899457.352748955,3713
14,424,3899457.353057363,3713
15,424,3899457.353365111,3713
8,424,3899457.353656148,3713
17,424,3899457.354182221,3713
29,424,3899457.354508469,3713
16,424,3899457.354808167,3713
19,424,3899457.355100354,3713
31,424,3899457.355373221,3713
32,424,3899457.355676809,3713
23,424,3899457.355961236,3713
33,424,3899457.356254564,3713
18,424,3899457.356549801,3713
21,424,3899457.356829348,3713
30,424,3899457.357116715,3713
28,424,3899457.357393372,3713
26,424,3899457.357685430,3713
25,424,3899457.357985017,3713
27,424,3899457.358298835,3713
20,424,3899457.358588632,3713
41,424,3899457.359117486,3713
35,424,3899457.359424784,3713
38,424,3899457.359735481,3713
46,424,3899457.360047089,3713
39,424,3899457.360342387,3713
45,424,3899457.360647105,3713
42,424,3899457.360939422,3713
48,424,3899457.361226259,3713
40,424,3899457.361511206,3713
49,424,3899457.361792594,3713
43,424,3899457.362079471,3713
37,424,3899457.362375428,3713
44,424,3899457.362655815,3713
34,424,3899457.362938443,3713
47,424,3899457.363225350,3713
36,424,3899457.363520147,3713
56,424,3899457.364336248,3713
51,424,3899457.364646336,3713
60,424,3899457.364972344,3713
63,424,3899457.365292042,3713
53,424,3899457.365614980,3713
59,424,3899457.365916368,3713
61,424,3899457.366226326,3713
62,424,3899457.366521873,3713
54,424,3899457.366803791,3713
52,424,3899457.367108728,3713
65,424,3899457.367420316,3713
58,424,3899457.367725044,3713
50,424,3899457.368019381,3713
64,424,3899457.368330309,3713
57,424,3899457.368633027,3713
55,424,3899457.368915664,3713
68,424,3899457.369231492,3713
80,424,3899457.369526359,3713
70,424,3899457.369840257,3713
81,424,3899457.370142285,3713
69,424,3899457.370458623,3713
67,424,3899457.370749160,3713
66,424,3899457.371049678,3713
75,424,3899457.371345855,3713
74,424,3899457.371637453,3713
78,424,3899457.371918610,3713
72,424,3899457.372244058,3713
79,424,3899457.372531005,3713
76,424,3899457.372820143,3713
71,424,3899457.373105960,3713
73,424,3899457.373393367,3713
77,424,3899457.373667414,3713
88,424,3899457.374745161,3713
94,424,3899457.375082050,3713
82,424,3899457.375391348,3713
91,424,3899457.375687915,3713
92,424,3899457.375999543,3713
98,424,3899457.376292140,3713
86,424,3899457.376581528,3713
85,424,3899457.376870985,3713
84,424,3899457.377160693,3713
96,424,3899457.377442920,3713
95,424,3899457.377717667,3713
97,424,3899457.377992483,3713
87,424,3899457.378276271,3713
83,424,3899457.378569378,3713
89,424,3899457.378846875,3713
93,424,3899457.379146363,3713
110,424,3899457.379423230,3713
106,424,3899457.379699777,3713
105,424,3899457.379976544,3713
102,424,3899457.380271541,3713
109,424,3899457.380546858,3713
99,424,3899457.380822585,3713
111,424,3899457.381103882,3713
113,424,3899457.381389409,3713
112,424,3899457.381671956,3713
107,424,3899457.381947683,3713
115,424,3899457.382248791,3713
104,424,3899457.382558119,3713
114,424,3899457.382866597,3713
103,424,3899457.383165644,3713
116,424,3899457.383449341,3713
101,424,3899457.383750189,3713
120,424,3899457.384050637,3713
118,424,3899457.384337634,3713
124,424,3899457.384630731,3713
122,424,3899457.384909629,3713
117,424,3899457.385220476,3713
125,424,3899457.385498233,3713
123,424,3899457.385789301,3713
119,424,3899457.386098919,3713
121,424,3899457.386398536,3713
126,424,3899457.386680503,3713
127,424,3899457.685780819,3009
6,424,3899458.196109589,3777
2,424,3899458.196912019,3777
4,424,3899458.197432902,3777
11,424,3899458.197916534,3777
3,424,3899458.198657733,3777
0,424,3899458.199169076,3777
5,424,3899458.199632728,3777
7,424,3899458.200162011,3777
10,424,3899458.200665174,3777
1,424,3899458.201161496,3777
13,424,3899458.201655049,3777
9,424,3899458.202144931,3777
12,424,3899458.202611653,3777
14,424,3899458.203111586,3777
15,424,3899458.203630199,3777
8,424,3899458.204111991,3777
17,424,3899458.205314711,3777
29,424,3899458.205870856,3777
16,424,3899458.206376418,3777
19,424,3899458.206849400,3777
31,424,3899458.207213970,3777
32,424,3899458.207599079,3777
23,424,3899458.208026200,3777
33,424,3899458.208490702,3777
18,424,3899458.208987974,3777
21,424,3899458.209467376,3777
30,424,3899458.209929698,3777
28,424,3899458.210391460,3777
26,424,3899458.210875462,3777
25,424,3899458.211379015,3777
27,424,3899458.211878397,3777
20,424,3899458.212368010,3777
41,424,3899458.212859182,3777
35,424,3899458.213345525,3777
38,424,3899458.213850827,3777
46,424,3899458.214373171,3777
39,424,3899458.214866983,3777
45,424,3899458.215380906,3777
42,424,3899458.215865008,3777
48,424,3899458.216331190,3777
40,424,3899458.216783372,3777
49,424,3899458.217243383,3777
43,424,3899458.217697835,3777
37,424,3899458.218112185,3777
44,424,3899458.218462734,3777
34,424,3899458.218817183,3777
47,424,3899458.219172942,3777
36,424,3899458.219537351,3777
56,424,3899458.222223299,3777
51,424,3899458.222738282,3777
60,424,3899458.223268446,3777
63,424,3899458.223768428,3777
53,424,3899458.224305932,3777
59,424,3899458.224799464,3777
61,424,3899458.225302407,3777
62,424,3899458.225786689,3777
54,424,3899458.226266081,3777
52,424,3899458.226760384,3777
65,424,3899458.227281277,3777
58,424,3899458.227772800,3777
50,424,3899458.228269602,3777
64,424,3899458.228786945,3777
57,424,3899458.229294028,3777
55,424,3899458.229764470,3777
68,424,3899458.230183711,3777
80,424,3899458.230553720,3777
70,424,3899458.230996271,3777
81,424,3899458.231513524,3777
69,424,3899458.232043128,3777
67,424,3899458.232527120,3777
66,424,3899458.233035343,3777
75,424,3899458.233534685,3777
74,424,3899458.234027748,3777
78,424,3899458.234485359,3777
72,424,3899458.235019813,3777
79,424,3899458.235480194,3777
76,424,3899458.235960247,3777
71,424,3899458.236430178,3777
73,424,3899458.236900221,3777
77,424,3899458.237366122,3777
88,424,3899458.237849285,3777
94,424,3899458.238359627,3777
82,424,3899458.238847810,3777
91,424,3899458.239341432,3777
92,424,3899458.239847525,3777
98,424,3899458.240142212,3777
86,424,3899458.240422670,3777
85,424,3899458.240715537,3777
84,424,3899458.241014034,3777
96,424,3899458.241297752,3777
95,424,3899458.241590709,3777
97,424,3899458.241867956,3777
87,424,3899458.242154214,3777
83,424,3899458.242451441,3777
89,424,3899458.242727368,3777
93,424,3899458.243039146,3777
110,424,3899458.243318853,3777
106,424,3899458.243597040,3777
105,424,3899458.243875517,3777
102,424,3899458.244168474,3777
109,424,3899458.244448612,3777
99,424,3899458.244734279,3777
111,424,3899458.245020166,3777
113,424,3899458.245302393,3777
112,424,3899458.245587550,3777
107,424,3899458.245865377,3777
115,424,3899458.246165365,3777
104,424,3899458.246477563,3777
114,424,3899458.246788581,3777
103,424,3899458.247086038,3777
116,424,3899458.247366575,3777
101,424,3899458.247669783,3777
120,424,3899458.247966521,3777
118,424,3899458.248266788,3777
124,424,3899458.248573526,3777
122,424,3899458.248852903,3777
117,424,3899458.249164841,3777
125,424,3899458.249443148,3777
123,424,3899458.249737315,3777
119,424,3899458.250048683,3777
121,424,3899458.250353891,3777
126,424,3899458.250679719,3777
127,424,3899458.533714269,3073
6,424,3899458.898989899,3841
2,424,3899458.899620285,3841
4,424,3899458.900157538,3841
11,424,3899458.901021520,3841
3,424,3899458.901551374,3841
0,424,3899458.902050006,3841
5,424,3899458.902519038,3841
7,424,3899458.903046891,3841
10,424,3899458.903544294,3841
1,424,3899458.904052107,3841
13,424,3899458.904541139,3841
9,424,3899458.905032771,3841
12,424,3899458.905503543,3841
14,424,3899458.905989896,3841
15,424,3899458.906506509,3841
8,424,3899458.906977001,3841
17,424,3899458.908692764,3841
29,424,3899458.909256798,3841
16,424,3899458.909754771,3841
19,424,3899458.910234763,3841
31,424,3899458.910695705,3841
32,424,3899458.911209758,3841
23,424,3899458.911672490,3841
33,424,3899458.912150492,3841
18,424,3899458.912634794,3841
21,424,3899458.913118776,3841
30,424,3899458.913593458,3841
28,424,3899458.914065060,3841
26,424,3899458.914550382,3841
25,424,3899458.915053365,3841
27,424,3899458.915551318,3841
20,424,3899458.916049280,3841
41,424,3899458.916557203,3841
35,424,3899458.917049186,3841
38,424,3899458.917546728,3841
46,424,3899458.918054681,3841
39,424,3899458.918549233,3841
45,424,3899458.919070046,3841
42,424,3899458.919551129,3841
48,424,3899458.920016181,3841
40,424,3899458.920476822,3841
49,424,3899458.920931764,3841
43,424,3899458.921405976,3841
37,424,3899458.921888218,3841
44,424,3899458.922351400,3841
34,424,3899458.922820452,3841
47,424,3899458.923323834,3841
36,424,3899458.923808046,3841
56,424,3899458.924320959,3841
51,424,3899458.924811692,3841
60,424,3899458.925333795,3841
63,424,3899458.925867059,3841
53,424,3899458.926398352,3841
59,424,3899458.926888174,3841
61,424,3899458.927385847,3841
62,424,3899458.927868839,3841
54,424,3899458.928340991,3841
52,424,3899458.928833553,3841
65,424,3899458.929358147,3841
58,424,3899458.929848149,3841
50,424,3899458.930321701,3841
64,424,3899458.930834474,3841
57,424,3899458.931338227,3841
55,424,3899458.931797399,3841
68,424,3899458.934030055,3841
80,424,3899458.934546668,3841
70,424,3899458.935080992,3841
81,424,3899458.935576954,3841
69,424,3899458.936112198,3841
67,424,3899458.936601550,3841
66,424,3899458.937106073,3841
75,424,3899458.937598145,3841
74,424,3899458.938094488,3841
78,424,3899458.938568680,3841
72,424,3899458.939099853,3841
79,424,3899458.939571555,3841
76,424,3899458.940071788,3841
71,424,3899458.940535820,3841
73,424,3899458.941022712,3841
77,424,3899458.941484024,3841
88,424,3899458.941970966,3841
94,424,3899458.942731185,3841
82,424,3899458.943634488,3841
91,424,3899458.944528041,3841
92,424,3899458.945206928,3841
98,424,3899458.945509566,3841
86,424,3899458.945801273,3841
85,424,3899458.946110071,3841
84,424,3899458.946408358,3841
96,424,3899458.946697016,3841
95,424,3899458.947007463,3841
97,424,3899458.947296371,3841
87,424,3899458.947576948,3841
83,424,3899458.947880226,3841
89,424,3899458.948170433,3841
93,424,3899458.948469930,3841
110,424,3899458.948752008,3841
106,424,3899458.949041795,3841
105,424,3899458.949326672,3841
102,424,3899458.949616609,3841
109,424,3899458.949896426,3841
99,424,3899458.950189754,3841
111,424,3899458.950472361,3841
113,424,3899458.950756248,3841
112,424,3899458.951052646,3841
107,424,3899458.951344973,3841
115,424,3899458.951656791,3841
104,424,3899458.951970099,3841
114,424,3899458.952296097,3841
103,424,3899458.952590285,3841
116,424,3899458.952876492,3841
101,424,3899458.953193880,3841
120,424,3899458.953500118,3841
118,424,3899458.953793445,3841
124,424,3899458.954100873,3841
122,424,3899458.954385750,3841
117,424,3899458.954691668,3841
125,424,3899458.954972725,3841
123,424,3899458.955279573,3841
119,424,3899458.955586380,3841
121,424,3899458.955890168,3841
126,424,3899458.956231077,3841
127,424,3899459.239924713,3137
6,424,3899459.727218660,3905
2,424,3899459.727845045,3905
4,424,3899459.728373409,3905
11,424,3899459.729110097,3905
3,424,3899459.729643981,3905
0,424,3899459.730154414,3905
5,424,3899459.730630296,3905
7,424,3899459.731167249,3905
10,424,3899459.731669972,3905
1,424,3899459.732178345,3905
13,424,3899459.732690738,3905
9,424,3899459.733191551,3905
12,424,3899459.733666783,3905
14,424,3899459.734169045,3905
15,424,3899459.734678108,3905
8,424,3899459.735167661,3905
17,424,3899459.736417902,3905
29,424,3899459.736966686,3905
16,424,3899459.737481919,3905
19,424,3899459.737964441,3905
31,424,3899459.738446333,3905
32,424,3899459.738965006,3905
23,424,3899459.739457459,3905
33,424,3899459.739934381,3905
18,424,3899459.740439634,3905
21,424,3899459.740915266,3905
30,424,3899459.741409408,3905
28,424,3899459.741886811,3905
26,424,3899459.742397373,3905
25,424,3899459.742903086,3905
27,424,3899459.743415619,3905
20,424,3899459.743907962,3905
41,424,3899459.744429795,3905
35,424,3899459.744923777,3905
38,424,3899459.745450991,3905
46,424,3899459.745952653,3905
39,424,3899459.746474796,3905
45,424,3899459.746988420,3905
42,424,3899459.747504513,3905
48,424,3899459.748041986,3905
40,424,3899459.748513178,3905
49,424,3899459.748981470,3905
43,424,3899459.749451712,3905
37,424,3899459.749933504,3905
44,424,3899459.750413786,3905
34,424,3899459.750888218,3905
47,424,3899459.751372280,3905
36,424,3899459.751867603,3905
56,424,3899459.754753006,3905
51,424,3899459.755281779,3905
60,424,3899459.755816783,3905
63,424,3899459.756371157,3905
53,424,3899459.756910140,3905
59,424,3899459.757427004,3905
61,424,3899459.757930426,3905
62,424,3899459.758439049,3905
54,424,3899459.758909611,3905
52,424,3899459.759422594,3905
65,424,3899459.759949188,3905
58,424,3899459.760472471,3905
50,424,3899459.760953333,3905
64,424,3899459.761490826,3905
57,424,3899459.761995709,3905
55,424,3899459.762478751,3905
68,424,3899459.762991424,3905
80,424,3899459.763505387,3905
70,424,3899459.764042191,3905
81,424,3899459.764536744,3905
69,424,3899459.765072997,3905
67,424,3899459.765565710,3905
66,424,3899459.766093173,3905
75,424,3899459.766589315,3905
74,424,3899459.767090928,3905
78,424,3899459.767560830,3905
72,424,3899459.768097734,3905
79,424,3899459.768563955,3905
76,424,3899459.769055828,3905
71,424,3899459.769523219,3905
73,424,3899459.770013782,3905
77,424,3899459.770481434,3905
88,424,3899459.770970926,3905
94,424,3899459.771501360,3905
82,424,3899459.771965741,3905
91,424,3899459.772277569,3905
92,424,3899459.772594397,3905
98,424,3899459.772879724,3905
86,424,3899459.773172352,3905
85,424,3899459.773468379,3905
84,424,3899459.773751646,3905
96,424,3899459.774046324,3905
95,424,3899459.774353402,3905
97,424,3899459.774639909,3905
87,424,3899459.774922386,3905
83,424,3899459.775234014,3905
89,424,3899459.775521931,3905
93,424,3899459.775822879,3905
110,424,3899459.776114196,3905
106,424,3899459.776403394,3905
105,424,3899459.776690291,3905
102,424,3899459.776990888,3905
109,424,3899459.777284746,3905
99,424,3899459.777568233,3905
111,424,3899459.777850770,3905
113,424,3899459.778147878,3905
112,424,3899459.778441865,3905
107,424,3899459.778727172,3905
115,424,3899459.779033600,3905
104,424,3899459.779352178,3905
114,424,3899459.779670296,3905
103,424,3899459.779966554,3905
116,424,3899459.780262861,3905
101,424,3899459.780572959,3905
120,424,3899459.780873277,3905
118,424,3899459.781178525,3905
124,424,3899459.781479622,3905
122,424,3899459.781765719,3905
117,424,3899459.782092197,3905
125,424,3899459.782379285,3905
123,424,3899459.782682092,3905
119,424,3899459.782992590,3905
121,424,3899459.783309528,3905
126,424,3899459.783642397,3905
127,424,3899460.070069962,3201
6,424,3899460.444494293,3969
2,424,3899460.445233212,3969
4,424,3899460.445752955,3969
11,424,3899460.446484944,3969
3,424,3899460.447043238,3969
0,424,3899460.447559061,3969
5,424,3899460.448062194,3969
7,424,3899460.448594467,3969
10,424,3899460.449117270,3969
1,424,3899460.449625853,3969
13,424,3899460.450138926,3969
9,424,3899460.450688990,3969
12,424,3899460.451248594,3969
14,424,3899460.452169578,3969
15,424,3899460.453086331,3969
8,424,3899460.453837910,3969
17,424,3899460.455671726,3969
29,424,3899460.456251651,3969
16,424,3899460.456763304,3969
19,424,3899460.457267156,3969
31,424,3899460.457747819,3969
32,424,3899460.458284172,3969
23,424,3899460.458773675,3969
33,424,3899460.459270217,3969
18,424,3899460.459767480,3969
21,424,3899460.460270503,3969
30,424,3899460.460756815,3969
28,424,3899460.461255748,3969
26,424,3899460.461772930,3969
25,424,3899460.462304424,3969
27,424,3899460.462815597,3969
20,424,3899460.463329340,3969
41,424,3899460.463838203,3969
35,424,3899460.464352116,3969
38,424,3899460.464889099,3969
46,424,3899460.465423203,3969
39,424,3899460.465927106,3969
45,424,3899460.466467009,3969
42,424,3899460.466970842,3969
48,424,3899460.467523756,3969
40,424,3899460.468012798,3969
49,424,3899460.468487250,3969
43,424,3899460.468949252,3969
37,424,3899460.469453205,3969
44,424,3899460.469932047,3969
34,424,3899460.470425299,3969
47,424,3899460.470900872,3969
36,424,3899460.471410354,3969
56,424,3899460.471935627,3969
51,424,3899460.472442120,3969
60,424,3899460.472968024,3969
63,424,3899460.473530598,3969
53,424,3899460.474081812,3969
59,424,3899460.474587345,3969
61,424,3899460.475100538,3969
62,424,3899460.475597440,3969
54,424,3899460.476133144,3969
52,424,3899460.476639257,3969
65,424,3899460.477175310,3969
58,424,3899460.477684533,3969
50,424,3899460.478197906,3969
64,424,3899460.478725439,3969
57,424,3899460.479242192,3969
55,424,3899460.479721735,3969
68,424,3899460.482123095,3969
80,424,3899460.482646558,3969
70,424,3899460.483193622,3969
81,424,3899460.483704365,3969
69,424,3899460.484251089,3969
67,424,3899460.484769302,3969
66,424,3899460.485301346,3969
75,424,3899460.485820999,3969
74,424,3899460.486331492,3969
78,424,3899460.486813364,3969
72,424,3899460.487364588,3969
79,424,3899460.487844220,3969
76,424,3899460.488349983,3969
71,424,3899460.488826335,3969
73,424,3899460.489182714,3969
77,424,3899460.489476061,3969
88,424,3899460.489784239,3969
94,424,3899460.490112807,3969
82,424,3899460.490426485,3969
91,424,3899460.490730783,3969
92,424,3899460.491062341,3969
98,424,3899460.491356679,3969
86,424,3899460.491649046,3969
85,424,3899460.491947114,3969
84,424,3899460.492247961,3969
96,424,3899460.492541799,3969
95,424,3899460.492851136,3969
97,424,3899460.493151054,3969
87,424,3899460.493439491,3969
83,424,3899460.493746959,3969
89,424,3899460.494038617,3969
93,424,3899460.494355475,3969
110,424,3899460.494642592,3969
106,424,3899460.494932019,3969
105,424,3899460.495235287,3969
102,424,3899460.495530984,3969
109,424,3899460.495817652,3969
99,424,3899460.496114849,3969
111,424,3899460.496403177,3969
113,424,3899460.496691874,3969
112,424,3899460.496989181,3969
107,424,3899460.497294739,3969
115,424,3899460.497598027,3969
104,424,3899460.497920145,3969
114,424,3899460.498248483,3969
103,424,3899460.498551091,3969
116,424,3899460.498839938,3969
101,424,3899460.499160366,3969
120,424,3899460.499467304,3969
118,424,3899460.499766011,3969
124,424,3899460.500081939,3969
122,424,3899460.500373217,3969
117,424,3899460.500687915,3969
125,424,3899460.500978522,3969
123,424,3899460.501293660,3969
119,424,3899460.501605278,3969
121,424,3899460.501914866,3969
126,424,3899460.502267715,3969
127,424,3899460.791149272,3265
6,424,3899461.173447313,4033
2,424,3899461.174145050,4033
4,424,3899461.174673424,4033
11,424,3899461.175420342,4033
3,424,3899461.175970807,4033
0,424,3899461.176508750,4033
5,424,3899461.176991642,4033
7,424,3899461.177542276,4033
10,424,3899461.178068330,4033
1,424,3899461.178585143,4033
13,424,3899461.179098796,4033
9,424,3899461.179604188,4033
12,424,3899461.180100291,4033
14,424,3899461.180607434,4033
15,424,3899461.181144067,4033
8,424,3899461.181635530,4033
17,424,3899461.182880271,4033
29,424,3899461.183464606,4033
16,424,3899461.183975719,4033
19,424,3899461.184473952,4033
31,424,3899461.184950564,4033
32,424,3899461.185495568,4033
23,424,3899461.185987730,4033
33,424,3899461.186487413,4033
18,424,3899461.186993635,4033
21,424,3899461.187491008,4033
30,424,3899461.187982000,4033
28,424,3899461.188477263,4033
26,424,3899461.188994496,4033
25,424,3899461.189537650,4033
27,424,3899461.190067543,4033
20,424,3899461.190574296,4033
41,424,3899461.191091959,4033
35,424,3899461.191590652,4033
38,424,3899461.192131445,4033
46,424,3899461.192659599,4033
39,424,3899461.193182712,4033
45,424,3899461.193704695,4033
42,424,3899461.194225888,4033
48,424,3899461.194762292,4033
40,424,3899461.195266445,4033
49,424,3899461.195743757,4033
43,424,3899461.196227479,4033
37,424,3899461.196726381,4033
44,424,3899461.197202974,4033
34,424,3899461.197676726,4033
47,424,3899461.198172008,4033
36,424,3899461.198692981,4033
56,424,3899461.201596285,4033
51,424,3899461.202136858,4033
60,424,3899461.202685592,4033
63,424,3899461.203255897,4033
53,424,3899461.203805691,4033
59,424,3899461.204341884,4033
61,424,3899461.204856657,4033
62,424,3899461.205370640,4033
54,424,3899461.205904714,4033
52,424,3899461.206428067,4033
65,424,3899461.206968291,4033
58,424,3899461.207498354,4033
50,424,3899461.208022807,4033
64,424,3899461.208569321,4033
57,424,3899461.209093444,4033
55,424,3899461.209576086,4033
68,424,3899461.210111530,4033
80,424,3899461.210621483,4033
70,424,3899461.211170087,4033
81,424,3899461.211675370,4033
69,424,3899461.212222833,4033
67,424,3899461.212727536,4033
66,424,3899461.213264230,4033
75,424,3899461.213773663,4033
74,424,3899461.214297026,4033
78,424,3899461.214775458,4033
72,424,3899461.215326342,4033
79,424,3899461.215804664,4033
76,424,3899461.216237865,4033
71,424,3899461.216599604,4033
73,424,3899461.216977974,4033
77,424,3899461.217355583,4033
88,424,3899461.217746763,4033
94,424,3899461.218127423,4033
82,424,3899461.218445721,4033
91,424,3899461.218754479,4033
92,424,3899461.219090387,4033
98,424,3899461.219383005,4033
86,424,3899461.219688072,4033
85,424,3899461.219992950,4033
84,424,3899461.220297628,4033
96,424,3899461.220592265,4033
95,424,3899461.220898253,4033
97,424,3899461.221201941,4033
87,424,3899461.221505168,4033
83,424,3899461.221819186,4033
89,424,3899461.222119224,4033
93,424,3899461.222439202,4033
110,424,3899461.222734130,4033
106,424,3899461.223033137,4033
105,424,3899461.223328425,4033
102,424,3899461.223631712,4033
109,424,3899461.223926360,4033
99,424,3899461.224228487,4033
111,424,3899461.224521035,4033
113,424,3899461.224814842,4033
112,424,3899461.225121770,4033
107,424,3899461.225416927,4033
115,424,3899461.225724855,4033
104,424,3899461.226060694,4033
114,424,3899461.226389682,4033
103,424,3899461.226698750,4033
116,424,3899461.226992727,4033
101,424,3899461.227324666,4033
120,424,3899461.227635874,4033
118,424,3899461.227938861,4033
124,424,3899461.228258439,4033
122,424,3899461.228557237,4033
117,424,3899461.228875855,4033
125,424,3899461.229176553,4033
123,424,3899461.229491740,4033
119,424,3899461.229808158,4033
121,424,3899461.230132506,4033
126,424,3899461.230478925,4033
127,424,3899461.520871581,3329
6,424,3899461.897250932,4097
2,424,3899461.897851167,4097
4,424,3899461.898607436,4097
11,424,3899461.899144429,4097
3,424,3899461.899693374,4097
0,424,3899461.900214497,4097
5,424,3899461.900707859,4097
7,424,3899461.901260733,4097
10,424,3899461.901779846,4097
1,424,3899461.902308289,4097
13,424,3899461.902824913,4097
9,424,3899461.903347586,4097
12,424,3899461.903832948,4097
14,424,3899461.904367442,4097
15,424,3899461.904896275,4097
8,424,3899461.905403988,4097
17,424,3899461.906708541,4097
29,424,3899461.907296306,4097
16,424,3899461.907811189,4097
19,424,3899461.908309491,4097
31,424,3899461.908787073,4097
32,424,3899461.909335047,4097
23,424,3899461.909834110,4097
33,424,3899461.910340393,4097
18,424,3899461.910869386,4097
21,424,3899461.911366929,4097
30,424,3899461.911857611,4097
28,424,3899461.912352224,4097
26,424,3899461.912872637,4097
25,424,3899461.913417970,4097
27,424,3899461.913949914,4097
20,424,3899461.914476667,4097
41,424,3899461.914993290,4097
35,424,3899461.915512154,4097
38,424,3899461.916048827,4097
46,424,3899461.916582601,4097
39,424,3899461.917102864,4097
45,424,3899461.917628777,4097
42,424,3899461.918146840,4097
48,424,3899461.918692184,4097
40,424,3899461.919194757,4097
49,424,3899461.919690909,4097
43,424,3899461.920178032,4097
37,424,3899461.920683784,4097
44,424,3899461.921166686,4097
34,424,3899461.921652439,4097
47,424,3899461.922145911,4097
36,424,3899461.922656694,4097
56,424,3899461.925548588,4097
51,424,3899461.926095301,4097
60,424,3899461.926657045,4097
63,424,3899461.927224180,4097
53,424,3899461.927775304,4097
59,424,3899461.928306167,4097
61,424,3899461.928826920,4097
62,424,3899461.929347424,4097
54,424,3899461.929888697,4097
52,424,3899461.930417541,4097
65,424,3899461.930958014,4097
58,424,3899461.931496598,4097
50,424,3899461.932032281,4097
64,424,3899461.932586206,4097
57,424,3899461.933125619,4097
55,424,3899461.933613901,4097
68,424,3899461.934159455,4097
80,424,3899461.934684528,4097
70,424,3899461.935246943,4097
81,424,3899461.935763286,4097
69,424,3899461.936319510,4097
67,424,3899461.936849793,4097
66,424,3899461.937373567,4097
75,424,3899461.937891800,4097
74,424,3899461.938420113,4097
78,424,3899461.938906765,4097
72,424,3899461.939470340,4097
79,424,3899461.939954872,4097
76,424,3899461.940472765,4097
71,424,3899461.940970647,4097
73,424,3899461.941489371,4097
77,424,3899461.941977233,4097
88,424,3899461.942509526,4097
94,424,3899461.943034660,4097
82,424,3899461.943357208,4097
91,424,3899461.943667586,4097
92,424,3899461.944014784,4097
98,424,3899461.944310122,4097
86,424,3899461.944610520,4097
85,424,3899461.944929908,4097
84,424,3899461.945237675,4097
96,424,3899461.945536003,4097
95,424,3899461.945844221,4097
97,424,3899461.946149578,4097
87,424,3899461.946455866,4097
83,424,3899461.946772684,4097
89,424,3899461.947078882,4097
93,424,3899461.947403900,4097
110,424,3899461.947698068,4097
106,424,3899461.947995385,4097
105,424,3899461.948305643,4097
102,424,3899461.948611161,4097
109,424,3899461.948904038,4097
99,424,3899461.949218326,4097
111,424,3899461.949514804,4097
113,424,3899461.949811651,4097
112,424,3899461.950132639,4097
107,424,3899461.950433817,4097
115,424,3899461.950745235,4097
104,424,3899461.951085383,4097
114,424,3899461.951417302,4097
103,424,3899461.951724990,4097
116,424,3899461.952029057,4097
101,424,3899461.952357426,4097
120,424,3899461.952672614,4097
118,424,3899461.952980801,4097
124,424,3899461.953304690,4097
122,424,3899461.953601417,4097
117,424,3899461.953926165,4097
125,424,3899461.954232493,4097
123,424,3899461.954548091,4097
119,424,3899461.954870049,4097
121,424,3899461.955196538,4097
126,424,3899461.955547136,4097
127,424,3899462.279583233,3393
6,424,3899462.658360724,4161
2,424,3899462.659016511,4161
4,424,3899462.659564315,4161
11,424,3899462.660335114,4161
3,424,3899462.660904038,4161
0,424,3899462.661447522,4161
5,424,3899462.661939295,4161
7,424,3899462.662507359,4161
10,424,3899462.663042852,4161
1,424,3899462.663567596,4161
13,424,3899462.664102850,4161
9,424,3899462.664627203,4161
12,424,3899462.665134425,4161
14,424,3899462.665658159,4161
15,424,3899462.666220013,4161
8,424,3899462.666729326,4161
17,424,3899462.668060010,4161
29,424,3899462.668643304,4161
16,424,3899462.669177778,4161
19,424,3899462.669678240,4161
31,424,3899462.670181133,4161
32,424,3899462.670721817,4161
23,424,3899462.671241550,4161
33,424,3899462.671745233,4161
18,424,3899462.672293457,4161
21,424,3899462.672796309,4161
30,424,3899462.673307182,4161
28,424,3899462.673807925,4161
26,424,3899462.674338108,4161
25,424,3899462.674880022,4161
27,424,3899462.675432486,4161
20,424,3899462.675960739,4161
41,424,3899462.676510373,4161
35,424,3899462.677032726,4161
38,424,3899462.677564490,4161
46,424,3899462.678094573,4161
39,424,3899462.678630687,4161
45,424,3899462.679178131,4161
42,424,3899462.679705824,4161
48,424,3899462.680257858,4161
40,424,3899462.680761321,4161
49,424,3899462.681264344,4161
43,424,3899462.681763896,4161
37,424,3899462.682288499,4161
44,424,3899462.682775372,4161
34,424,3899462.683275484,4161
47,424,3899462.683762227,4161
36,424,3899462.684283430,4161
56,424,3899462.687277165,4161
51,424,3899462.687823749,4161
60,424,3899462.688404164,4161
63,424,3899462.688977109,4161
53,424,3899462.689552483,4161
59,424,3899462.690084496,4161
61,424,3899462.690613640,4161
62,424,3899462.691139023,4161
54,424,3899462.691690767,4161
52,424,3899462.692231931,4161
65,424,3899462.692786785,4161
58,424,3899462.693329119,4161
50,424,3899462.693839022,4161
64,424,3899462.694414106,4161
57,424,3899462.694955780,4161
55,424,3899462.695470523,4161
68,424,3899462.696023057,4161
80,424,3899462.696548570,4161
70,424,3899462.697113754,4161
81,424,3899462.697638048,4161
69,424,3899462.698203072,4161
67,424,3899462.698730535,4161
66,424,3899462.699270009,4161
75,424,3899462.699795422,4161
74,424,3899462.700340426,4161
78,424,3899462.700841299,4161
72,424,3899462.701421223,4161
79,424,3899462.701915456,4161
76,424,3899462.702442609,4161
71,424,3899462.702962513,4161
73,424,3899462.703310471,4161
77,424,3899462.703613369,4161
88,424,3899462.703936547,4161
94,424,3899462.704283176,4161
82,424,3899462.704613304,4161
91,424,3899462.704931952,4161
92,424,3899462.705279071,4161
98,424,3899462.705578948,4161
86,424,3899462.705882796,4161
85,424,3899462.706213075,4161
84,424,3899462.706517722,4161
96,424,3899462.706822840,4161
95,424,3899462.707148278,4161
97,424,3899462.707452486,4161
87,424,3899462.707751083,4161
83,424,3899462.708084192,4161
89,424,3899462.708393320,4161
93,424,3899462.708713108,4161
110,424,3899462.709031866,4161
106,424,3899462.709332943,4161
105,424,3899462.709637431,4161
102,424,3899462.709947259,4161
109,424,3899462.710254937,4161
99,424,3899462.710558674,4161
111,424,3899462.710864412,4161
113,424,3899462.711177630,4161
112,424,3899462.711499148,4161
107,424,3899462.711805246,4161
115,424,3899462.712131654,4161
104,424,3899462.712469513,4161
114,424,3899462.712806702,4161
103,424,3899462.713131360,4161
116,424,3899462.713436167,4161
101,424,3899462.713765046,4161
120,424,3899462.714097464,4161
118,424,3899462.714412712,4161
124,424,3899462.714740920,4161
122,424,3899462.715052708,4161
117,424,3899462.715380467,4161
125,424,3899462.715683224,4161
123,424,3899462.716008972,4161
119,424,3899462.716338351,4161
121,424,3899462.716665959,4161
126,424,3899462.717029258,4161
127,424,3899463.192638259,3457
6,424,3899463.725261521,4225
2,424,3899463.725901198,4225
4,424,3899463.726460022,4225
11,424,3899463.727203591,4225
3,424,3899463.727769795,4225
0,424,3899463.728314069,4225
5,424,3899463.728815582,4225
7,424,3899463.729388906,4225
10,424,3899463.729927990,4225
1,424,3899463.730464433,4225
13,424,3899463.730984166,4225
9,424,3899463.731515110,4225
12,424,3899463.732024743,4225
14,424,3899463.732549636,4225
15,424,3899463.733099430,4225
8,424,3899463.733625013,4225
17,424,3899463.734871025,4225
29,424,3899463.735471280,4225
16,424,3899463.735997403,4225
19,424,3899463.736511986,4225
31,424,3899463.737016589,4225
32,424,3899463.737565223,4225
23,424,3899463.738073205,4225
33,424,3899463.738580849,4225
18,424,3899463.739129272,4225
21,424,3899463.739628715,4225
30,424,3899463.740148698,4225
28,424,3899463.740643211,4225
26,424,3899463.741173334,4225
25,424,3899463.741708768,4225
27,424,3899463.742257091,4225
20,424,3899463.742791005,4225
41,424,3899463.743342819,4225
35,424,3899463.743872302,4225
38,424,3899463.744419276,4225
46,424,3899463.744945390,4225
39,424,3899463.745477713,4225
45,424,3899463.746027997,4225
42,424,3899463.746548780,4225
48,424,3899463.747104184,4225
40,424,3899463.747602307,4225
49,424,3899463.748120860,4225
43,424,3899463.748619862,4225
37,424,3899463.749164216,4225
44,424,3899463.749656049,4225
34,424,3899463.750169811,4225
47,424,3899463.750665354,4225
36,424,3899463.751190337,4225
56,424,3899463.753771423,4225
51,424,3899463.754335287,4225
60,424,3899463.754916402,4225
63,424,3899463.755510087,4225
53,424,3899463.756086281,4225
59,424,3899463.756610174,4225
61,424,3899463.757148758,4225
62,424,3899463.757669121,4225
54,424,3899463.758236576,4225
52,424,3899463.758804420,4225
65,424,3899463.759372504,4225
58,424,3899463.759908008,4225
50,424,3899463.760435201,4225
64,424,3899463.760998645,4225
57,424,3899463.761552950,4225
55,424,3899463.762074293,4225
68,424,3899463.762640197,4225
80,424,3899463.763180821,4225
70,424,3899463.763737995,4225
81,424,3899463.764296909,4225
69,424,3899463.764857573,4225
67,424,3899463.765399487,4225
66,424,3899463.765924670,4225
75,424,3899463.766464874,4225
74,424,3899463.766992007,4225
78,424,3899463.767501670,4225
72,424,3899463.768075584,4225
79,424,3899463.768575297,4225
76,424,3899463.769106711,4225
71,424,3899463.769600083,4225
73,424,3899463.770101346,4225
77,424,3899463.770406534,4225
88,424,3899463.770727072,4225
94,424,3899463.771073671,4225
82,424,3899463.771405999,4225
91,424,3899463.771729557,4225
92,424,3899463.772078876,4225
98,424,3899463.772382053,4225
86,424,3899463.772687021,4225
85,424,3899463.773011640,4225
84,424,3899463.773314157,4225
96,424,3899463.773619675,4225
95,424,3899463.773947723,4225
97,424,3899463.774265061,4225
87,424,3899463.774566949,4225
83,424,3899463.774890247,4225
89,424,3899463.775207725,4225
93,424,3899463.775530533,4225
110,424,3899463.775837721,4225
106,424,3899463.776149579,4225
105,424,3899463.776457087,4225
102,424,3899463.776777965,4225
109,424,3899463.777089263,4225
99,424,3899463.777397190,4225
111,424,3899463.777701478,4225
113,424,3899463.778027396,4225
112,424,3899463.778341854,4225
107,424,3899463.778651772,4225
115,424,3899463.778971850,4225
104,424,3899463.779322649,4225
114,424,3899463.779660957,4225
103,424,3899463.779979146,4225
116,424,3899463.780292893,4225
101,424,3899463.780625432,4225
120,424,3899463.781344920,4225
118,424,3899463.781670819,4225
124,424,3899463.781992287,4225
122,424,3899463.782313395,4225
117,424,3899463.782642713,4225
125,424,3899463.782949841,4225
123,424,3899463.783285939,4225
119,424,3899463.783622098,4225
121,424,3899463.783946796,4225
126,424,3899463.784277884,4225
127,424,3899464.072733651,3521
6,424,3899464.508255887,4289
2,424,3899464.508920084,4289
4,424,3899464.509492779,4289
11,424,3899464.510266278,4289
3,424,3899464.510849993,4289
0,424,3899464.511407797,4289
5,424,3899464.511917980,4289
7,424,3899464.512509625,4289
10,424,3899464.513060999,4289
1,424,3899464.513612903,4289
13,424,3899464.514155156,4289
9,424,3899464.514688540,4289
12,424,3899464.515210693,4289
14,424,3899464.515749117,4289
15,424,3899464.516307471,4289
8,424,3899464.516836364,4289
17,424,3899464.518196159,4289
29,424,3899464.518818905,4289
16,424,3899464.519365679,4289
19,424,3899464.519871281,4289
31,424,3899464.520378144,4289
32,424,3899464.520938118,4289
23,424,3899464.521458491,4289
33,424,3899464.521960604,4289
18,424,3899464.522502718,4289
21,424,3899464.523025111,4289
30,424,3899464.523549164,4289
28,424,3899464.524069297,4289
26,424,3899464.524599981,4289
25,424,3899464.525151835,4289
27,424,3899464.525695399,4289
20,424,3899464.547771997,4289
41,424,3899464.548475055,4289
35,424,3899464.549207053,4289
38,424,3899464.549900891,4289
46,424,3899464.550620839,4289
39,424,3899464.551340407,4289
45,424,3899464.552076206,4289
42,424,3899464.552789224,4289
48,424,3899464.553538523,4289
40,424,3899464.554236561,4289
49,424,3899464.554915598,4289
43,424,3899464.555601645,4289
37,424,3899464.556317213,4289
44,424,3899464.556995220,4289
34,424,3899464.557674137,4289
47,424,3899464.648072424,4289
36,424,3899464.648783442,4289
56,424,3899464.652162938,4289
51,424,3899464.652892966,4289
60,424,3899464.653677546,4289
63,424,3899464.654473116,4289
53,424,3899464.655197234,4289
59,424,3899464.655608325,4289
61,424,3899464.656024555,4289
62,424,3899464.656698842,4289
54,424,3899464.657454491,4289
52,424,3899464.658180750,4289
65,424,3899464.658927549,4289
58,424,3899464.659432961,4289
50,424,3899464.659834352,4289
64,424,3899464.660286233,4289
57,424,3899464.660707464,4289
55,424,3899464.661147405,4289
68,424,3899464.661894874,4289
80,424,3899464.662622782,4289
70,424,3899464.663272148,4289
81,424,3899464.663695059,4289
69,424,3899464.664194292,4289
67,424,3899464.664894100,4289
66,424,3899464.665610718,4289
75,424,3899464.666321036,4289
74,424,3899464.667040924,4289
78,424,3899464.667457914,4289
72,424,3899464.667897036,4289
79,424,3899464.668484700,4289
76,424,3899464.669201938,4289
71,424,3899464.669858825,4289
73,424,3899464.670555923,4289
77,424,3899464.671180448,4289
88,424,3899464.671585489,4289
94,424,3899464.672009660,4289
82,424,3899464.672723178,4289
91,424,3899464.673426295,4289
92,424,3899464.674206115,4289
98,424,3899464.674919323,4289
86,424,3899464.675592590,4289
85,424,3899464.676328449,4289
84,424,3899464.676987995,4289
96,424,3899464.677667143,4289
95,424,3899464.678446372,4289
97,424,3899464.679135020,4289
87,424,3899464.679789756,4289
83,424,3899464.680495734,4289
89,424,3899464.681160501,4289
93,424,3899464.681858219,4289
110,424,3899464.682473534,4289
106,424,3899464.682976377,4289
105,424,3899464.683571162,4289
102,424,3899464.684104115,4289
109,424,3899464.684605508,4289
99,424,3899464.685129521,4289
111,424,3899464.685653995,4289
113,424,3899464.686167228,4289
112,424,3899464.686681581,4289
107,424,3899464.687223254,4289
115,424,3899464.687714137,4289
104,424,3899464.688181578,4289
114,424,3899464.688735463,4289
103,424,3899464.689305287,4289
116,424,3899464.689805130,4289
101,424,3899464.690352393,4289
120,424,3899464.690877837,4289
118,424,3899464.691474332,4289
124,424,3899464.692027996,4289
122,424,3899464.692531959,4289
117,424,3899464.693092643,4289
125,424,3899464.693623596,4289
123,424,3899464.694156230,4289
119,424,3899464.694700494,4289
121,424,3899464.695279538,4289
126,424,3899464.773794734,4289
127,424,3899465.056152786,3585
6,424,3899465.441190956,4353
2,424,3899465.442038587,4353
4,424,3899465.443069583,4353
11,424,3899465.443798232,4353
3,424,3899465.444581971,4353
0,424,3899465.445320080,4353
5,424,3899465.446015718,4353
7,424,3899465.446786257,4353
10,424,3899465.447527256,4353
1,424,3899465.448257904,4353
13,424,3899465.448988983,4353
9,424,3899465.449727772,4353
12,424,3899465.450432510,4353
14,424,3899465.451158118,4353
15,424,3899465.451901057,4353
8,424,3899465.452602545,4353
17,424,3899465.455175030,4353
29,424,3899465.456032161,4353
16,424,3899465.456758119,4353
19,424,3899465.457459457,4353
31,424,3899465.458154655,4353
32,424,3899465.458910354,4353
23,424,3899465.459623092,4353
33,424,3899465.460321770,4353
18,424,3899465.461039138,4353
21,424,3899465.461739416,4353
30,424,3899465.462453014,4353
28,424,3899465.463149061,4353
26,424,3899465.463885370,4353
25,424,3899465.464644199,4353
27,424,3899465.465413178,4353
20,424,3899465.466149137,4353
41,424,3899465.466886546,4353
35,424,3899465.467639735,4353
38,424,3899465.468409204,4353
46,424,3899465.469154693,4353
39,424,3899465.469878411,4353
45,424,3899465.470628780,4353
42,424,3899465.471357559,4353
48,424,3899465.472121098,4353
40,424,3899465.472806876,4353
49,424,3899465.473502973,4353
43,424,3899465.474195431,4353
37,424,3899465.474920859,4353
44,424,3899465.475759440,4353
34,424,3899465.476969341,4353
47,424,3899465.478120230,4353
36,424,3899465.479118615,4353
56,424,3899465.479893785,4353
51,424,3899465.480634283,4353
60,424,3899465.481407493,4353
63,424,3899465.482214014,4353
53,424,3899465.482992793,4353
59,424,3899465.483584458,4353
61,424,3899465.484146062,4353
62,424,3899465.484675476,4353
54,424,3899465.485243120,4353
52,424,3899465.485791114,4353
65,424,3899465.486372069,4353
58,424,3899465.486920433,4353
50,424,3899465.487502887,4353
64,424,3899465.488091232,4353
57,424,3899465.488646646,4353
55,424,3899465.489178700,4353
68,424,3899465.491798836,4353
80,424,3899465.492385501,4353
70,424,3899465.492975646,4353
81,424,3899465.493529240,4353
69,424,3899465.494116324,4353
67,424,3899465.494663688,4353
66,424,3899465.495219603,4353
75,424,3899465.495757876,4353
74,424,3899465.496231558,4353
78,424,3899465.496548866,4353
72,424,3899465.496904085,4353
79,424,3899465.497229833,4353
76,424,3899465.497561422,4353
71,424,3899465.497873039,4353
73,424,3899465.498208688,4353
77,424,3899465.498521656,4353
88,424,3899465.498851834,4353
94,424,3899465.499203853,4353
82,424,3899465.499538612,4353
91,424,3899465.499864980,4353
92,424,3899465.500222759,4353
98,424,3899465.500531947,4353
86,424,3899465.500840914,4353
85,424,3899465.501170673,4353
84,424,3899465.501479331,4353
96,424,3899465.501791759,4353
95,424,3899465.502136367,4353
97,424,3899465.502451295,4353
87,424,3899465.502759023,4353
83,424,3899465.503096531,4353
89,424,3899465.503404810,4353
93,424,3899465.503732408,4353
110,424,3899465.504059486,4353
106,424,3899465.504374294,4353
105,424,3899465.504686692,4353
102,424,3899465.505021700,4353
109,424,3899465.505333878,4353
99,424,3899465.505648206,4353
111,424,3899465.505957684,4353
113,424,3899465.506282852,4353
112,424,3899465.506602060,4353
107,424,3899465.506918178,4353
115,424,3899465.507253937,4353
104,424,3899465.507602676,4353
114,424,3899465.507946424,4353
103,424,3899465.508280913,4353
116,424,3899465.508593371,4353
101,424,3899465.508932789,4353
120,424,3899465.509274808,4353
118,424,3899465.509601866,4353
124,424,3899465.509945675,4353
122,424,3899465.510267703,4353
117,424,3899465.510604912,4353
125,424,3899465.510916349,4353
123,424,3899465.511254748,4353
119,424,3899465.511596087,4353
121,424,3899465.511935855,4353
126,424,3899465.512277614,4353
127,424,3899465.798659628,3649
6,424,3899466.186712834,4417
2,424,3899466.187356550,4417
4,424,3899466.187715169,4417
11,424,3899466.188071398,4417
3,424,3899466.188441877,4417
0,424,3899466.188783816,4417
5,424,3899466.189270688,4417
7,424,3899466.189648568,4417
10,424,3899466.189992237,4417
1,424,3899466.190345126,4417
13,424,3899466.190684714,4417
9,424,3899466.191042673,4417
12,424,3899466.191365091,4417
14,424,3899466.191703110,4417
15,424,3899466.192061049,4417
8,424,3899466.192391867,4417
17,424,3899466.192921760,4417
29,424,3899466.193306310,4417
16,424,3899466.193647649,4417
19,424,3899466.193966547,4417
31,424,3899466.194293975,4417
32,424,3899466.194643664,4417
23,424,3899466.194963732,4417
33,424,3899466.195298781,4417
18,424,3899466.195629599,4417
21,424,3899466.195944337,4417
30,424,3899466.196279785,4417
28,424,3899466.196606814,4417
26,424,3899466.196943482,4417
25,424,3899466.197301561,4417
27,424,3899466.197920727,4417
20,424,3899466.198277916,4417
41,424,3899466.198621695,4417
35,424,3899466.198962133,4417
38,424,3899466.199323982,4417
46,424,3899466.199671071,4417
39,424,3899466.200021910,4417
45,424,3899466.200370879,4417
42,424,3899466.200708357,4417
48,424,3899466.201065466,4417
40,424,3899466.201396975,4417
49,424,3899466.201717863,4417
43,424,3899466.202050911,4417
37,424,3899466.202384020,4417
44,424,3899466.202704488,4417
34,424,3899466.203031856,4417
47,424,3899466.203362415,4417
36,424,3899466.203691903,4417
56,424,3899466.204721199,4417
51,424,3899466.205073858,4417
60,424,3899466.205455817,4417
63,424,3899466.205819567,4417
53,424,3899466.206199736,4417
59,424,3899466.206541585,4417
61,424,3899466.206884924,4417
62,424,3899466.207233002,4417
54,424,3899466.207582681,4417
52,424,3899466.207922060,4417
65,424,3899466.208291359,4417
58,424,3899466.208636828,4417
50,424,3899466.208993547,4417
64,424,3899466.209365287,4417
57,424,3899466.209708805,4417
55,424,3899466.210040293,4417
68,424,3899466.210397573,4417
80,424,3899466.210737651,4417
70,424,3899466.211102411,4417
81,424,3899466.211440929,4417
69,424,3899466.211798028,4417
67,424,3899466.212137786,4417
66,424,3899466.212475405,4417
75,424,3899466.212809274,4417
74,424,3899466.213149502,4417
78,424,3899466.213468120,4417
72,424,3899466.213828459,4417
79,424,3899466.214161698,4417
76,424,3899466.214499236,4417
71,424,3899466.214815904,4417
73,424,3899466.215153643,4417
77,424,3899466.215468951,4417
88,424,3899466.216695912,4417
94,424,3899466.217069991,4417
82,424,3899466.217421180,4417
91,424,3899466.217757669,4417
92,424,3899466.218120818,4417
98,424,3899466.218439196,4417
86,424,3899466.218759464,4417
85,424,3899466.219098983,4417
84,424,3899466.219416171,4417
96,424,3899466.219732479,4417
95,424,3899466.220070687,4417
97,424,3899466.220386365,4417
87,424,3899466.220699903,4417
83,424,3899466.221041472,4417
89,424,3899466.221355790,4417
93,424,3899466.221685848,4417
110,424,3899466.222007886,4417
106,424,3899466.222323334,4417
105,424,3899466.222638402,4417
102,424,3899466.222957900,4417
109,424,3899466.223278808,4417
99,424,3899466.223594026,4417
111,424,3899466.223908884,4417
113,424,3899466.224234172,4417
112,424,3899466.224558061,4417
107,424,3899466.224876129,4417
115,424,3899466.225215167,4417
104,424,3899466.225565096,4417
114,424,3899466.225912295,4417
103,424,3899466.226246374,4417
116,424,3899466.226562082,4417
101,424,3899466.226904300,4417
120,424,3899466.227248289,4417
118,424,3899466.227577917,4417
124,424,3899466.227909576,4417
122,424,3899466.228238394,4417
117,424,3899466.228579313,4417
125,424,3899466.228895630,4417
123,424,3899466.229239819,4417
119,424,3899466.229585238,4417
121,424,3899466.229920696,4417
126,424,3899466.230305136,4417
127,424,3899466.546207087,3713
6,424,3899466.935187036,4481
2,424,3899466.935850603,4481
4,424,3899466.936674504,4481
11,424,3899466.937269308,4481
3,424,3899466.937880804,4481
0,424,3899466.938457478,4481
5,424,3899466.938987602,4481
7,424,3899466.939592937,4481
10,424,3899466.940167032,4481
1,424,3899466.940733596,4481
13,424,3899466.941301490,4481
9,424,3899466.941864045,4481
12,424,3899466.942414298,4481
14,424,3899466.942971773,4481
15,424,3899466.943563238,4481
8,424,3899466.944112461,4481
17,424,3899466.945343853,4481
29,424,3899466.945990219,4481
16,424,3899466.946559663,4481
19,424,3899466.947106787,4481
31,424,3899466.947618280,4481
32,424,3899466.948202865,4481
23,424,3899466.948736258,4481
33,424,3899466.949281882,4481
18,424,3899466.949833916,4481
21,424,3899466.950367500,4481
30,424,3899466.950893213,4481
28,424,3899466.951439017,4481
26,424,3899466.952012851,4481
25,424,3899466.952580776,4481
27,424,3899466.953162830,4481
20,424,3899466.953720575,4481
41,424,3899466.954288189,4481
35,424,3899466.954837453,4481
38,424,3899466.955422888,4481
46,424,3899466.956014202,4481
39,424,3899466.956588767,4481
45,424,3899466.957178032,4481
42,424,3899466.957726896,4481
48,424,3899466.958312851,4481
40,424,3899466.958840334,4481
49,424,3899466.959377008,4481
43,424,3899466.959892771,4481
37,424,3899466.960445395,4481
44,424,3899466.960961278,4481
34,424,3899466.961509372,4481
47,424,3899466.962053445,4481
36,424,3899466.962609720,4481
56,424,3899466.965482282,4481
51,424,3899466.966064077,4481
60,424,3899466.966664812,4481
63,424,3899466.967271717,4481
53,424,3899466.967873993,4481
59,424,3899466.968442357,4481
61,424,3899466.969011461,4481
62,424,3899466.969563365,4481
54,424,3899466.970158330,4481
52,424,3899466.970717714,4481
65,424,3899466.971311060,4481
58,424,3899466.971884834,4481
50,424,3899466.972480939,4481
64,424,3899466.973093274,4481
57,424,3899466.973669829,4481
55,424,3899466.974217623,4481
68,424,3899466.974807128,4481
80,424,3899466.975383583,4481
70,424,3899466.975982968,4481
81,424,3899466.976553502,4481
69,424,3899466.977162148,4481
67,424,3899466.977718442,4481
66,424,3899466.978283476,4481
75,424,3899466.978848200,4481
74,424,3899466.979413374,4481
78,424,3899466.979940658,4481
72,424,3899466.980398409,4481
79,424,3899466.980725008,4481
76,424,3899466.981073907,4481
71,424,3899466.981395164,4481
73,424,3899466.981729783,4481
77,424,3899466.982055451,4481
88,424,3899466.982399810,4481
94,424,3899466.982753539,4481
82,424,3899466.983107838,4481
91,424,3899466.983670372,4481
92,424,3899466.984294898,4481
98,424,3899466.984816781,4481
86,424,3899466.985339384,4481
85,424,3899466.985693413,4481
84,424,3899466.986028402,4481
96,424,3899466.986355130,4481
95,424,3899466.986693919,4481
97,424,3899466.987025087,4481
87,424,3899466.987349775,4481
83,424,3899466.987698774,4481
89,424,3899466.988030012,4481
93,424,3899466.988373971,4481
110,424,3899466.988705649,4481
106,424,3899466.989039378,4481
105,424,3899466.989367886,4481
102,424,3899466.989697435,4481
109,424,3899466.990027333,4481
99,424,3899466.990353681,4481
111,424,3899466.990677069,4481
113,424,3899466.991013148,4481
112,424,3899466.991343796,4481
107,424,3899466.991670275,4481
115,424,3899466.992018783,4481
104,424,3899466.992382722,4481
114,424,3899466.992735331,4481
103,424,3899466.993078520,4481
116,424,3899466.993399398,4481
101,424,3899466.993748397,4481
120,424,3899466.994097136,4481
118,424,3899466.994431274,4481
124,424,3899466.994770333,4481
122,424,3899466.995100401,4481
117,424,3899466.995463100,4481
125,424,3899466.995784768,4481
123,424,3899466.996134387,4481
119,424,3899466.996485566,4481
121,424,3899466.996827445,4481
126,424,3899466.997223545,4481
127,424,3899467.344076098,3777
6,424,3899467.734306639,4545
2,424,3899467.734725659,4545
4,424,3899467.736256178,4545
11,424,3899467.737951041,4545
3,424,3899467.738478654,4545
0,424,3899467.738875404,4545
5,424,3899467.739252864,4545
7,424,3899467.739653244,4545
10,424,3899467.740033894,4545
1,424,3899467.740418634,4545
13,424,3899467.740810893,4545
9,424,3899467.741201213,4545
12,424,3899467.741566803,4545
14,424,3899467.742019584,4545
15,424,3899467.742419794,4545
8,424,3899467.742784434,4545
17,424,3899467.743548253,4545
29,424,3899467.743961293,4545
16,424,3899467.744341183,4545
19,424,3899467.744687202,4545
31,424,3899467.745041160,4545
32,424,3899467.745418050,4545
23,424,3899467.745761849,4545
33,424,3899467.746114618,4545
18,424,3899467.746463447,4545
21,424,3899467.746803385,4545
30,424,3899467.747153874,4545
28,424,3899467.747490022,4545
26,424,3899467.747872242,4545
25,424,3899467.748250732,4545
27,424,3899467.748614021,4545
20,424,3899467.748970900,4545
41,424,3899467.750099768,4545
35,424,3899467.750473478,4545
38,424,3899467.750852618,4545
46,424,3899467.751225217,4545
39,424,3899467.751600146,4545
45,424,3899467.751981196,4545
42,424,3899467.752357496,4545
48,424,3899467.752729185,4545
40,424,3899467.753082964,4545
49,424,3899467.753468184,4545
43,424,3899467.753882614,4545
37,424,3899467.754275244,4545
44,424,3899467.754620803,4545
34,424,3899467.754962151,4545
47,424,3899467.755319400,4545
36,424,3899467.755677320,4545
56,424,3899467.756068419,4545
51,424,3899467.756436359,4545
60,424,3899467.756811768,4545
63,424,3899467.757210008,4545
53,424,3899467.757589168,4545
59,424,3899467.757944797,4545
61,424,3899467.758311856,4545
62,424,3899467.758660985,4545
54,424,3899467.759036754,4545
52,424,3899467.759397624,4545
65,424,3899467.759771473,4545
58,424,3899467.760142253,4545
50,424,3899467.760517822,4545
64,424,3899467.760895852,4545
57,424,3899467.761264881,4545
55,424,3899467.761611500,4545
68,424,3899467.762537983,4545
80,424,3899467.762941543,4545
70,424,3899467.763351254,4545
81,424,3899467.763738493,4545
69,424,3899467.764140994,4545
67,424,3899467.764501773,4545
66,424,3899467.764853002,4545
75,424,3899467.765213411,4545
74,424,3899467.765631301,4545
78,424,3899467.765989180,4545
72,424,3899467.766388231,4545
79,424,3899467.766724679,4545
76,424,3899467.767080808,4545
71,424,3899467.767412506,4545
73,424,3899467.767757115,4545
77,424,3899467.768092743,4545
88,424,3899467.769501519,4545
94,424,3899467.769892829,4545
82,424,3899467.770270939,4545
91,424,3899467.770630648,4545
92,424,3899467.771014837,4545
98,424,3899467.771345176,4545
86,424,3899467.771678704,4545
85,424,3899467.772032903,4545
84,424,3899467.772368272,4545
96,424,3899467.772703610,4545
95,424,3899467.773057299,4545
97,424,3899467.773390238,4545
87,424,3899467.773714096,4545
83,424,3899467.774076855,4545
89,424,3899467.774411234,4545
93,424,3899467.774760142,4545
110,424,3899467.775103101,4545
106,424,3899467.775436109,4545
105,424,3899467.775764028,4545
102,424,3899467.776108206,4545
109,424,3899467.776444145,4545
99,424,3899467.776773843,4545
111,424,3899467.777184484,4545
113,424,3899467.777545703,4545
112,424,3899467.777899742,4545
107,424,3899467.778250871,4545
115,424,3899467.778603989,4545
104,424,3899467.778981039,4545
114,424,3899467.779360589,4545
103,424,3899467.779705467,4545
116,424,3899467.780046286,4545
101,424,3899467.780411205,4545
120,424,3899467.780777764,4545
118,424,3899467.781194015,4545
124,424,3899467.781566735,4545
122,424,3899467.781909523,4545
117,424,3899467.782282533,4545
125,424,3899467.782614901,4545
123,424,3899467.782964200,4545
119,424,3899467.783338479,4545
121,424,3899467.783692238,4545
126,424,3899467.784038277,4545
127,424,3899468.096884060,3841
6,424,3899468.489416009,4609
2,424,3899468.490087006,4609
4,424,3899468.490486596,4609
11,424,3899468.490878136,4609
3,424,3899468.491478161,4609
0,424,3899468.491848930,4609
5,424,3899468.492203559,4609
7,424,3899468.492584529,4609
10,424,3899468.492941038,4609
1,424,3899468.493309387,4609
13,424,3899468.493664936,4609
9,424,3899468.494025676,4609
12,424,3899468.494362814,4609
14,424,3899468.494714753,4609
15,424,3899468.495095783,4609
8,424,3899468.495442631,4609
17,424,3899468.495911293,4609
29,424,3899468.497032892,4609
16,424,3899468.497481583,4609
19,424,3899468.497843092,4609
31,424,3899468.498190531,4609
32,424,3899468.498568300,4609
23,424,3899468.498908339,4609
33,424,3899468.499258428,4609
18,424,3899468.499612397,4609
21,424,3899468.499949805,4609
30,424,3899468.500307464,4609
28,424,3899468.500644013,4609
26,424,3899468.500996822,4609
25,424,3899468.501374661,4609
27,424,3899468.501749261,4609
20,424,3899468.502113630,4609
41,424,3899468.502476749,4609
35,424,3899468.502828838,4609
38,424,3899468.503200128,4609
46,424,3899468.503556417,4609
39,424,3899468.503915246,4609
45,424,3899468.504297275,4609
42,424,3899468.504655494,4609
48,424,3899468.505032934,4609
40,424,3899468.505371963,4609
49,424,3899468.505750222,4609
43,424,3899468.506089411,4609
37,424,3899468.506443919,4609
44,424,3899468.506773398,4609
34,424,3899468.507113287,4609
47,424,3899468.507445805,4609
36,424,3899468.507797444,4609
56,424,3899468.509688752,4609
51,424,3899468.510088242,4609
60,424,3899468.510473512,4609
63,424,3899468.510862261,4609
53,424,3899468.511250681,4609
59,424,3899468.511610870,4609
61,424,3899468.511968199,4609
62,424,3899468.512334369,4609
54,424,3899468.512709978,4609
52,424,3899468.513080938,4609
65,424,3899468.513460087,4609
58,424,3899468.513817146,4609
50,424,3899468.514200386,4609
64,424,3899468.514588346,4609
57,424,3899468.514952085,4609
55,424,3899468.515302334,4609
68,424,3899468.515678063,4609
80,424,3899468.516043702,4609
70,424,3899468.516426682,4609
81,424,3899468.516781551,4609
69,424,3899468.517178801,4609
67,424,3899468.517536900,4609
66,424,3899468.517893379,4609
75,424,3899468.518260358,4609
74,424,3899468.518616307,4609
78,424,3899468.518954756,4609
72,424,3899468.519343426,4609
79,424,3899468.519676594,4609
76,424,3899468.520034534,4609
71,424,3899468.520373752,4609
73,424,3899468.520719521,4609
77,424,3899468.521122761,4609
88,424,3899468.521507271,4609
94,424,3899468.521884410,4609
82,424,3899468.522259070,4609
91,424,3899468.522615709,4609
92,424,3899468.522990568,4609
98,424,3899468.523336987,4609
86,424,3899468.523670295,4609
85,424,3899468.524029464,4609
84,424,3899468.524366423,4609
96,424,3899468.524702332,4609
95,424,3899468.525057450,4609
97,424,3899468.525391789,4609
87,424,3899468.525720827,4609
83,424,3899468.526086236,4609
89,424,3899468.526461826,4609
93,424,3899468.526814695,4609
110,424,3899468.528024785,4609
106,424,3899468.528375704,4609
105,424,3899468.528716643,4609
102,424,3899468.529065462,4609
109,424,3899468.529403820,4609
99,424,3899468.529740139,4609
111,424,3899468.530088928,4609
113,424,3899468.530430016,4609
112,424,3899468.530771195,4609
107,424,3899468.531120414,4609
115,424,3899468.531474063,4609
104,424,3899468.531851032,4609
114,424,3899468.532232132,4609
103,424,3899468.532578411,4609
116,424,3899468.532984281,4609
101,424,3899468.533382581,4609
120,424,3899468.533743160,4609
118,424,3899468.534103299,4609
124,424,3899468.534459038,4609
122,424,3899468.534798787,4609
117,424,3899468.535173336,4609
125,424,3899468.535508685,4609
123,424,3899468.535871894,4609
119,424,3899468.536247264,4609
121,424,3899468.536606522,4609
126,424,3899468.536992002,4609
127,424,3899468.856362961,3905
6,424,3899469.253894906,4673
2,424,3899469.254534322,4673
4,424,3899469.255154648,4673
11,424,3899469.255541307,4673
3,424,3899469.255944588,4673
0,424,3899469.256327307,4673
5,424,3899469.256673516,4673
7,424,3899469.257071026,4673
10,424,3899469.257437815,4673
1,424,3899469.257803955,4673
13,424,3899469.258179744,4673
9,424,3899469.258553183,4673
12,424,3899469.258897642,4673
14,424,3899469.259272562,4673
15,424,3899469.259647321,4673
8,424,3899469.260011091,4673
17,424,3899469.261173090,4673
29,424,3899469.261609501,4673
16,424,3899469.261972110,4673
19,424,3899469.262331059,4673
31,424,3899469.262664758,4673
32,424,3899469.263049807,4673
23,424,3899469.263398756,4673
33,424,3899469.263742815,4673
18,424,3899469.264103004,4673
21,424,3899469.264448253,4673
30,424,3899469.264791041,4673
28,424,3899469.265141320,4673
26,424,3899469.265503819,4673
25,424,3899469.265869768,4673
27,424,3899469.266251188,4673
20,424,3899469.266615498,4673
41,424,3899469.266983367,4673
35,424,3899469.267361436,4673
38,424,3899469.267735586,4673
46,424,3899469.268105225,4673
39,424,3899469.268466504,4673
45,424,3899469.268841404,4673
42,424,3899469.269213613,4673
48,424,3899469.269598183,4673
40,424,3899469.269946182,4673
49,424,3899469.270340292,4673
43,424,3899469.270679950,4673
37,424,3899469.271038869,4673
44,424,3899469.271385318,4673
34,424,3899469.271734157,4673
47,424,3899469.272086956,4673
36,424,3899469.272445825,4673
56,424,3899469.274856716,4673
51,424,3899469.275248996,4673
60,424,3899469.275644616,4673
63,424,3899469.276048256,4673
53,424,3899469.276436486,4673
59,424,3899469.276793695,4673
61,424,3899469.277169594,4673
62,424,3899469.277529274,4673
54,424,3899469.277906643,4673
52,424,3899469.278284153,4673
65,424,3899469.278670002,4673
58,424,3899469.279051102,4673
50,424,3899469.279429862,4673
64,424,3899469.279818441,4673
57,424,3899469.280194401,4673
55,424,3899469.280544230,4673
68,424,3899469.280925980,4673
80,424,3899469.281302469,4673
70,424,3899469.281690139,4673
81,424,3899469.282057168,4673
69,424,3899469.282447178,4673
67,424,3899469.282810267,4673
66,424,3899469.283184827,4673
75,424,3899469.283554196,4673
74,424,3899469.283915805,4673
78,424,3899469.284268374,4673
72,424,3899469.284651464,4673
79,424,3899469.284991012,4673
76,424,3899469.285353252,4673
71,424,3899469.285688990,4673
73,424,3899469.286058789,4673
77,424,3899469.286399168,4673
88,424,3899469.286766397,4673
94,424,3899469.287148277,4673
82,424,3899469.287512756,4673
91,424,3899469.287866995,4673
92,424,3899469.288254665,4673
98,424,3899469.288589283,4673
86,424,3899469.288930682,4673
85,424,3899469.289288441,4673
84,424,3899469.289625280,4673
96,424,3899469.289968098,4673
95,424,3899469.290332407,4673
97,424,3899469.290670826,4673
87,424,3899469.291010235,4673
83,424,3899469.291376894,4673
89,424,3899469.291754603,4673
93,424,3899469.292116923,4673
110,424,3899469.292459721,4673
106,424,3899469.292797280,4673
105,424,3899469.293145909,4673
102,424,3899469.293487997,4673
109,424,3899469.293820506,4673
99,424,3899469.294171315,4673
111,424,3899469.294512963,4673
113,424,3899469.294854562,4673
112,424,3899469.295210281,4673
107,424,3899469.295554670,4673
115,424,3899469.295905818,4673
104,424,3899469.296285938,4673
114,424,3899469.296658337,4673
103,424,3899469.297014026,4673
116,424,3899469.297354045,4673
101,424,3899469.297716444,4673
120,424,3899469.298083763,4673
118,424,3899469.298432732,4673
124,424,3899469.298788071,4673
122,424,3899469.299137460,4673
117,424,3899469.299501799,4673
125,424,3899469.299837908,4673
123,424,3899469.300204117,4673
119,424,3899469.300571636,4673
121,424,3899469.300926905,4673
126,424,3899469.301277544,4673
127,424,3899469.623512335,3969
6,424,3899470.023511242,4737
2,424,3899470.023934823,4737
4,424,3899470.024318233,4737
11,424,3899470.024833846,4737
3,424,3899470.025230686,4737
0,424,3899470.025603665,4737
5,424,3899470.025949074,4737
7,424,3899470.026351204,4737
10,424,3899470.026715624,4737
1,424,3899470.027089683,4737
13,424,3899470.027451572,4737
9,424,3899470.027815831,4737
12,424,3899470.028166050,4737
14,424,3899470.028528169,4737
15,424,3899470.028897229,4737
8,424,3899470.029250948,4737
17,424,3899470.030308334,4737
29,424,3899470.030725275,4737
16,424,3899470.031096014,4737
19,424,3899470.031447513,4737
31,424,3899470.031787332,4737
32,424,3899470.032169191,4737
23,424,3899470.032513220,4737
33,424,3899470.032864009,4737
18,424,3899470.033225638,4737
21,424,3899470.033570537,4737
30,424,3899470.033916515,4737
28,424,3899470.034266924,4737
26,424,3899470.034632194,4737
25,424,3899470.034998823,4737
27,424,3899470.035373272,4737
20,424,3899470.035737492,4737
41,424,3899470.036112081,4737
35,424,3899470.036468850,4737
38,424,3899470.036840920,4737
46,424,3899470.037212619,4737
39,424,3899470.037574278,4737
45,424,3899470.037943107,4737
42,424,3899470.038313567,4737
48,424,3899470.038698416,4737
40,424,3899470.039064236,4737
49,424,3899470.039456726,4737
43,424,3899470.039794834,4737
37,424,3899470.040159004,4737
44,424,3899470.040493262,4737
34,424,3899470.040835821,4737
47,424,3899470.041189090,4737
36,424,3899470.041542699,4737
56,424,3899470.043795996,4737
51,424,3899470.044196566,4737
60,424,3899470.044588236,4737
63,424,3899470.044989086,4737
53,424,3899470.045385376,4737
59,424,3899470.045747185,4737
61,424,3899470.046120244,4737
62,424,3899470.046476363,4737
54,424,3899470.046851093,4737
52,424,3899470.047229782,4737
65,424,3899470.047617102,4737
58,424,3899470.047989402,4737
50,424,3899470.048383741,4737
64,424,3899470.048770291,4737
57,424,3899470.049151221,4737
55,424,3899470.049504650,4737
68,424,3899470.049890460,4737
80,424,3899470.050266909,4737
70,424,3899470.050659709,4737
81,424,3899470.051029698,4737
69,424,3899470.051421888,4737
67,424,3899470.051788498,4737
66,424,3899470.052192508,4737
75,424,3899470.052566007,4737
74,424,3899470.052932807,4737
78,424,3899470.053285976,4737
72,424,3899470.053668605,4737
79,424,3899470.054024964,4737
76,424,3899470.054384493,4737
71,424,3899470.054723132,4737
73,424,3899470.055084231,4737
77,424,3899470.055430100,4737
88,424,3899470.055790939,4737
94,424,3899470.056178279,4737
82,424,3899470.056548548,4737
91,424,3899470.056905647,4737
92,424,3899470.057294167,4737
98,424,3899470.057630125,4737
86,424,3899470.057971644,4737
85,424,3899470.058334203,4737
84,424,3899470.058670212,4737
96,424,3899470.059024441,4737
95,424,3899470.059377739,4737
97,424,3899470.059720178,4737
87,424,3899470.060063377,4737
83,424,3899470.060423666,4737
89,424,3899470.060802976,4737
93,424,3899470.061178785,4737
110,424,3899470.061538974,4737
106,424,3899470.061883183,4737
105,424,3899470.062235362,4737
102,424,3899470.062576240,4737
109,424,3899470.062912979,4737
99,424,3899470.063261188,4737
111,424,3899470.063601446,4737
113,424,3899470.063944905,4737
112,424,3899470.064300174,4737
107,424,3899470.064647313,4737
115,424,3899470.065009222,4737
104,424,3899470.065391532,4737
114,424,3899470.065764251,4737
103,424,3899470.066120990,4737
116,424,3899470.066459839,4737
101,424,3899470.066828568,4737
120,424,3899470.067195287,4737
118,424,3899470.067548386,4737
124,424,3899470.067902805,4737
122,424,3899470.068254374,4737
117,424,3899470.068621343,4737
125,424,3899470.068961142,4737
123,424,3899470.069333161,4737
119,424,3899470.069704061,4737
121,424,3899470.070083870,4737
126,424,3899470.070430219,4737
127,424,3899470.394058755,4033
6,424,3899470.796103204,4801
2,424,3899470.796676119,4801
4,424,3899470.797068559,4801
11,424,3899470.797613962,4801
3,424,3899470.798031163,4801
0,424,3899470.798411932,4801
5,424,3899470.798765141,4801
7,424,3899470.799171072,4801
10,424,3899470.799545501,4801
1,424,3899470.799917391,4801
13,424,3899470.800294050,4801
9,424,3899470.800666620,4801
12,424,3899470.801024389,4801
14,424,3899470.801396968,4801
15,424,3899470.801777378,4801
8,424,3899470.802138417,4801
17,424,3899470.803570553,4801
29,424,3899470.804291531,4801
16,424,3899470.804707782,4801
19,424,3899470.805103002,4801
31,424,3899470.805473131,4801
32,424,3899470.805875001,4801
23,424,3899470.806248661,4801
33,424,3899470.806615600,4801
18,424,3899470.806992830,4801
21,424,3899470.807360709,4801
30,424,3899470.807716418,4801
28,424,3899470.808082557,4801
26,424,3899470.808464797,4801
25,424,3899470.808847787,4801
27,424,3899470.809247697,4801
20,424,3899470.809627126,4801
41,424,3899470.810017796,4801
35,424,3899470.810392826,4801
38,424,3899470.810776225,4801
46,424,3899470.811161315,4801
39,424,3899470.811540495,4801
45,424,3899470.811923784,4801
42,424,3899470.812304384,4801
48,424,3899470.812703014,4801
40,424,3899470.813079443,4801
49,424,3899470.813486624,4801
43,424,3899470.813843753,4801
37,424,3899470.814222012,4801
44,424,3899470.814573831,4801
34,424,3899470.814925820,4801
47,424,3899470.815310360,4801
36,424,3899470.815760191,4801
56,424,3899470.816514781,4801
51,424,3899470.816894450,4801
60,424,3899470.819126247,4801
63,424,3899470.819556307,4801
53,424,3899470.819967008,4801
59,424,3899470.820352327,4801
61,424,3899470.820735647,4801
62,424,3899470.821107597,4801
54,424,3899470.821492756,4801
52,424,3899470.821871166,4801
65,424,3899470.822280986,4801
58,424,3899470.822664626,4801
50,424,3899470.823067346,4801
64,424,3899470.823473237,4801
57,424,3899470.823849586,4801
55,424,3899470.824211485,4801
68,424,3899470.824610305,4801
80,424,3899470.824990135,4801
70,424,3899470.825412906,4801
81,424,3899470.825789375,4801
69,424,3899470.826201995,4801
67,424,3899470.826578765,4801
66,424,3899470.826951474,4801
75,424,3899470.827345444,4801
74,424,3899470.827722514,4801
78,424,3899470.828087403,4801
72,424,3899470.828483683,4801
79,424,3899470.828834732,4801
76,424,3899470.829210022,4801
71,424,3899470.829558860,4801
73,424,3899470.829922340,4801
77,424,3899470.830277549,4801
88,424,3899470.830649668,4801
94,424,3899470.831044278,4801
82,424,3899470.831427768,4801
91,424,3899470.831791317,4801
92,424,3899470.832194757,4801
98,424,3899470.832543626,4801
86,424,3899470.832895555,4801
85,424,3899470.833262744,4801
84,424,3899470.833616353,4801
96,424,3899470.833969182,4801
95,424,3899470.834340361,4801
97,424,3899470.834696150,4801
87,424,3899470.835054809,4801
83,424,3899470.835436469,4801
89,424,3899470.835829879,4801
93,424,3899470.836211008,4801
110,424,3899470.836581208,4801
106,424,3899470.836932607,4801
105,424,3899470.837298236,4801
102,424,3899470.837655485,4801
109,424,3899470.837999724,4801
99,424,3899470.838357133,4801
111,424,3899470.838704622,4801
113,424,3899470.839065641,4801
112,424,3899470.839422220,4801
107,424,3899470.839777369,4801
115,424,3899470.840147988,4801
104,424,3899470.840535678,4801
114,424,3899470.840920368,4801
103,424,3899470.841292107,4801
116,424,3899470.841644406,4801
101,424,3899470.842035276,4801
120,424,3899470.842409476,4801
118,424,3899470.842772915,4801
124,424,3899470.843147644,4801
122,424,3899470.843504603,4801
117,424,3899470.843882933,4801
125,424,3899470.844242492,4801
123,424,3899470.844613721,4801
119,424,3899470.844995131,4801
121,424,3899470.845396311,4801
126,424,3899470.845755730,4801
127,424,3899471.167275362,4097
6,424,3899471.570134922,4865
2,424,3899471.570740747,4865
4,424,3899471.571149468,4865
11,424,3899471.571752223,4865
3,424,3899471.572183414,4865
0,424,3899471.572566714,4865
5,424,3899471.572921863,4865
7,424,3899471.573334993,4865
10,424,3899471.573726013,4865
1,424,3899471.574126043,4865
13,424,3899471.574504113,4865
9,424,3899471.574891412,4865
12,424,3899471.575259122,4865
14,424,3899471.575639671,4865
15,424,3899471.576032781,4865
8,424,3899471.576397191,4865
17,424,3899471.577578231,4865
29,424,3899471.578027542,4865
16,424,3899471.578412162,4865
19,424,3899471.578768141,4865
31,424,3899471.579124730,4865
32,424,3899471.579513640,4865
23,424,3899471.579879259,4865
33,424,3899471.580244288,4865
18,424,3899471.580614917,4865
21,424,3899471.580981726,4865
30,424,3899471.581349066,4865
28,424,3899471.581701415,4865
26,424,3899471.582086774,4865
25,424,3899471.582470844,4865
27,424,3899471.582845024,4865
20,424,3899471.583223263,4865
41,424,3899471.583599843,4865
35,424,3899471.583980493,4865
38,424,3899471.584377732,4865
46,424,3899471.584749922,4865
39,424,3899471.585147052,4865
45,424,3899471.585535842,4865
42,424,3899471.585902851,4865
48,424,3899471.586307451,4865
40,424,3899471.586674630,4865
49,424,3899471.587093701,4865
43,424,3899471.587459190,4865
37,424,3899471.587834270,4865
44,424,3899471.588194919,4865
34,424,3899471.588548198,4865
47,424,3899471.588902687,4865
36,424,3899471.589350828,4865
56,424,3899471.590116138,4865
51,424,3899471.590498617,4865
60,424,3899471.590892987,4865
63,424,3899471.591310248,4865
53,424,3899471.591715778,4865
59,424,3899471.592105068,4865
61,424,3899471.592477627,4865
62,424,3899471.592839426,4865
54,424,3899471.593232796,4865
52,424,3899471.593605756,4865
65,424,3899471.593994456,4865
58,424,3899471.594382685,4865
50,424,3899471.594775006,4865
64,424,3899471.595181756,4865
57,424,3899471.595562445,4865
55,424,3899471.595913894,4865
68,424,3899471.597570966,4865
80,424,3899471.597963496,4865
70,424,3899471.598377117,4865
81,424,3899471.598752756,4865
69,424,3899471.599166497,4865
67,424,3899471.599545706,4865
66,424,3899471.599921006,4865
75,424,3899471.600308375,4865
74,424,3899471.600687745,4865
78,424,3899471.601059174,4865
72,424,3899471.601461075,4865
79,424,3899471.601818444,4865
76,424,3899471.602193723,4865
71,424,3899471.602550222,4865
73,424,3899471.602912521,4865
77,424,3899471.603272690,4865
88,424,3899471.603648020,4865
94,424,3899471.604046670,4865
82,424,3899471.604441380,4865
91,424,3899471.604814569,4865
92,424,3899471.605217910,4865
98,424,3899471.605565558,4865
86,424,3899471.605919387,4865
85,424,3899471.606299057,4865
84,424,3899471.606652436,4865
96,424,3899471.607019165,4865
95,424,3899471.607387874,4865
97,424,3899471.607741834,4865
87,424,3899471.608100283,4865
83,424,3899471.608476342,4865
89,424,3899471.608868532,4865
93,424,3899471.609247172,4865
110,424,3899471.609621871,4865
106,424,3899471.609975750,4865
105,424,3899471.610337999,4865
102,424,3899471.610694788,4865
109,424,3899471.611051667,4865
99,424,3899471.611405246,4865
111,424,3899471.611758445,4865
113,424,3899471.612119514,4865
112,424,3899471.612480433,4865
107,424,3899471.612837212,4865
115,424,3899471.613208592,4865
104,424,3899471.613600192,4865
114,424,3899471.613984191,4865
103,424,3899471.614357221,4865
116,424,3899471.614705299,4865
101,424,3899471.615095300,4865
120,424,3899471.615467929,4865
118,424,3899471.615832828,4865
124,424,3899471.616208257,4865
122,424,3899471.616560606,4865
117,424,3899471.616938646,4865
125,424,3899471.617303245,4865
123,424,3899471.617672685,4865
119,424,3899471.618059855,4865
121,424,3899471.618434114,4865
126,424,3899471.618787663,4865
127,424,3899471.944480391,4161
6,424,3899472.723605487,4929
2,424,3899472.724080750,4929
4,424,3899472.724470109,4929
11,424,3899472.725049284,4929
3,424,3899472.725455184,4929
0,424,3899472.725837494,4929
5,424,3899472.726198083,4929
7,424,3899472.726598113,4929
10,424,3899472.726976793,4929
1,424,3899472.727372273,4929
13,424,3899472.727745112,4929
9,424,3899472.728140412,4929
12,424,3899472.728495811,4929
14,424,3899472.728869971,4929
15,424,3899472.729265451,4929
8,424,3899472.729630510,4929
17,424,3899472.730770879,4929
29,424,3899472.731219020,4929
16,424,3899472.731597340,4929
19,424,3899472.731960099,4929
31,424,3899472.732329618,4929
32,424,3899472.732719488,4929
23,424,3899472.733092338,4929
33,424,3899472.733454967,4929
18,424,3899472.733819716,4929
21,424,3899472.734193915,4929
30,424,3899472.734555444,4929
28,424,3899472.734912044,4929
26,424,3899472.735302123,4929
25,424,3899472.735686443,4929
27,424,3899472.736074903,4929
20,424,3899472.736448022,4929
41,424,3899472.736827252,4929
35,424,3899472.737206411,4929
38,424,3899472.737594781,4929
46,424,3899472.737974541,4929
39,424,3899472.738360921,4929
45,424,3899472.738757831,4929
42,424,3899472.739144700,4929
48,424,3899472.739537550,4929
40,424,3899472.739897750,4929
49,424,3899472.740342151,4929
43,424,3899472.740707360,4929
37,424,3899472.741096760,4929
44,424,3899472.741453459,4929
34,424,3899472.741807878,4929
47,424,3899472.742174277,4929
36,424,3899472.742549497,4929
56,424,3899472.743335246,4929
51,424,3899472.743722536,4929
60,424,3899472.744132207,4929
63,424,3899472.744535147,4929
53,424,3899472.746570768,4929
59,424,3899472.746961448,4929
61,424,3899472.747359518,4929
62,424,3899472.747729648,4929
54,424,3899472.748133788,4929
52,424,3899472.748524418,4929
65,424,3899472.748919508,4929
58,424,3899472.749318638,4929
50,424,3899472.749716928,4929
64,424,3899472.750128178,4929
57,424,3899472.750517668,4929
55,424,3899472.750878197,4929
68,424,3899472.751282807,4929
80,424,3899472.751674048,4929
70,424,3899472.752086228,4929
81,424,3899472.752464888,4929
69,424,3899472.752868108,4929
67,424,3899472.753258057,4929
66,424,3899472.753637497,4929
75,424,3899472.754027157,4929
74,424,3899472.754407846,4929
78,424,3899472.754767896,4929
72,424,3899472.755181726,4929
79,424,3899472.755543065,4929
76,424,3899472.755915515,4929
71,424,3899472.756280194,4929
73,424,3899472.756648973,4929
77,424,3899472.757015473,4929
88,424,3899472.757389982,4929
94,424,3899472.757775882,4929
82,424,3899472.758168092,4929
91,424,3899472.758538201,4929
92,424,3899472.758938151,4929
98,424,3899472.759298650,4929
86,424,3899472.759654959,4929
85,424,3899472.760027579,4929
84,424,3899472.760384208,4929
96,424,3899472.760741867,4929
95,424,3899472.761117516,4929
97,424,3899472.761468995,4929
87,424,3899472.761824454,4929
83,424,3899472.762209564,4929
89,424,3899472.762607154,4929
93,424,3899472.762982623,4929
110,424,3899472.763367603,4929
106,424,3899472.763721312,4929
105,424,3899472.764082671,4929
102,424,3899472.764437510,4929
109,424,3899472.764788659,4929
99,424,3899472.765149648,4929
111,424,3899472.765502037,4929
113,424,3899472.765858026,4929
112,424,3899472.766227976,4929
107,424,3899472.766587765,4929
115,424,3899472.766955824,4929
104,424,3899472.767364034,4929
114,424,3899472.767757464,4929
103,424,3899472.768131314,4929
116,424,3899472.768493833,4929
101,424,3899472.768878723,4929
120,424,3899472.769263933,4929
118,424,3899472.769630782,4929
124,424,3899472.770012371,4929
122,424,3899472.770369880,4929
117,424,3899472.770755640,4929
125,424,3899472.771118249,4929
123,424,3899472.771491999,4929
119,424,3899472.771873888,4929
121,424,3899472.772257678,4929
126,424,3899472.772615387,4929
127,424,3899473.297388591,4225
6,424,3899473.998515794,4993
2,424,3899473.998967906,4993
4,424,3899473.999372456,4993
11,424,3899473.999948850,4993
3,424,3899474.000364531,4993
0,424,3899474.000745521,4993
5,424,3899474.001110280,4993
7,424,3899474.001531530,4993
10,424,3899474.001915540,4993
1,424,3899474.002315430,4993
13,424,3899474.002693840,4993
9,424,3899474.003086220,4993
12,424,3899474.003445619,4993
14,424,3899474.003824599,4993
15,424,3899474.004221138,4993
8,424,3899474.004587578,4993
17,424,3899474.005699416,4993
29,424,3899474.006148707,4993
16,424,3899474.006531327,4993
19,424,3899474.006893246,4993
31,424,3899474.007260095,4993
32,424,3899474.007654315,4993
23,424,3899474.008026945,4993
33,424,3899474.008389114,4993
18,424,3899474.008760003,4993
21,424,3899474.009124342,4993
30,424,3899474.009484202,4993
28,424,3899474.009851101,4993
26,424,3899474.010237201,4993
25,424,3899474.010626160,4993
27,424,3899474.011020801,4993
20,424,3899474.011399340,4993
41,424,3899474.011783470,4993
35,424,3899474.012166659,4993
38,424,3899474.012554129,4993
46,424,3899474.012942959,4993
39,424,3899474.013335599,4993
45,424,3899474.013723599,4993
42,424,3899474.014114109,4993
48,424,3899474.014510579,4993
40,424,3899474.014871768,4993
49,424,3899474.015286858,4993
43,424,3899474.015652568,4993
37,424,3899474.016046538,4993
44,424,3899474.016408107,4993
34,424,3899474.016768616,4993
47,424,3899474.017132275,4993
36,424,3899474.017571796,4993
56,424,3899474.018205782,4993
51,424,3899474.018597442,4993
60,424,3899474.018993522,4993
63,424,3899474.020878700,4993
53,424,3899474.021306651,4993
59,424,3899474.021693580,4993
61,424,3899474.022091150,4993
62,424,3899474.022476090,4993
54,424,3899474.022868890,4993
52,424,3899474.023261480,4993
65,424,3899474.023666760,4993
58,424,3899474.024059310,4993
50,424,3899474.024458280,4993
64,424,3899474.024869561,4993
57,424,3899474.025269901,4993
55,424,3899474.025637020,4993
68,424,3899474.026046281,4993
80,424,3899474.026430660,4993
70,424,3899474.026841141,4993
81,424,3899474.027230251,4993
69,424,3899474.027640891,4993
67,424,3899474.028031441,4993
66,424,3899474.028416070,4993
75,424,3899474.028799170,4993
74,424,3899474.029184770,4993
78,424,3899474.029551109,4993
72,424,3899474.029956569,4993
79,424,3899474.030328619,4993
76,424,3899474.030709668,4993
71,424,3899474.031080288,4993
73,424,3899474.031453187,4993
77,424,3899474.031815027,4993
88,424,3899474.032201456,4993
94,424,3899474.032595036,4993
82,424,3899474.032977586,4993
91,424,3899474.033368256,4993
92,424,3899474.033764316,4993
98,424,3899474.034123955,4993
86,424,3899474.034485314,4993
85,424,3899474.034849953,4993
84,424,3899474.035213733,4993
96,424,3899474.035572991,4993
95,424,3899474.035939531,4993
97,424,3899474.036303520,4993
87,424,3899474.036651009,4993
83,424,3899474.037043509,4993
89,424,3899474.037443459,4993
93,424,3899474.037821598,4993
110,424,3899474.038206128,4993
106,424,3899474.038566747,4993
105,424,3899474.038922216,4993
102,424,3899474.039290256,4993
109,424,3899474.039644534,4993
99,424,3899474.040010054,4993
111,424,3899474.040371113,4993
113,424,3899474.040730802,4993
112,424,3899474.041101101,4993
107,424,3899474.041463591,4993
115,424,3899474.041834030,4993
104,424,3899474.042238760,4993
114,424,3899474.042634030,4993
103,424,3899474.042996979,4993
116,424,3899474.043364399,4993
101,424,3899474.043756018,4993
120,424,3899474.044137858,4993
118,424,3899474.044507228,4993
124,424,3899474.044876657,4993
122,424,3899474.045245276,4993
117,424,3899474.045630276,4993
125,424,3899474.045983135,4993
123,424,3899474.046368655,4993
119,424,3899474.046753724,4993
121,424,3899474.047142354,4993
126,424,3899474.047501933,4993
127,424,3899474.751685024,4289
6,424,3899475.210495239,5057
2,424,3899475.210952740,5057
4,424,3899475.211578066,5057
11,424,3899475.211974816,5057
3,424,3899475.212409927,5057
0,424,3899475.212802987,5057
5,424,3899475.213176017,5057
7,424,3899475.213595777,5057
10,424,3899475.213982177,5057
1,424,3899475.214381837,5057
13,424,3899475.214767947,5057
9,424,3899475.215176027,5057
12,424,3899475.215542087,5057
14,424,3899475.215924346,5057
15,424,3899475.216337157,5057
8,424,3899475.216705706,5057
17,424,3899475.217887466,5057
29,424,3899475.218348538,5057
16,424,3899475.218735747,5057
19,424,3899475.219112967,5057
31,424,3899475.219470056,5057
32,424,3899475.219872906,5057
23,424,3899475.220257676,5057
33,424,3899475.220624585,5057
18,424,3899475.220996934,5057
21,424,3899475.221371174,5057
30,424,3899475.221733173,5057
28,424,3899475.222108403,5057
26,424,3899475.222498892,5057
25,424,3899475.222892893,5057
27,424,3899475.223294203,5057
20,424,3899475.223680542,5057
41,424,3899475.224078972,5057
35,424,3899475.224462682,5057
38,424,3899475.224852822,5057
46,424,3899475.225246652,5057
39,424,3899475.225638502,5057
45,424,3899475.226045262,5057
42,424,3899475.226427892,5057
48,424,3899475.226832792,5057
40,424,3899475.227216122,5057
49,424,3899475.227627672,5057
43,424,3899475.227992291,5057
37,424,3899475.228389241,5057
44,424,3899475.228755581,5057
34,424,3899475.229134020,5057
47,424,3899475.229502420,5057
36,424,3899475.229945681,5057
56,424,3899475.230654679,5057
51,424,3899475.231053129,5057
60,424,3899475.231467259,5057
63,424,3899475.231877650,5057
53,424,3899475.232292710,5057
59,424,3899475.232670510,5057
61,424,3899475.233068700,5057
62,424,3899475.234870685,5057
54,424,3899475.235299706,5057
52,424,3899475.235690236,5057
65,424,3899475.236111737,5057
58,424,3899475.236504177,5057
50,424,3899475.236908647,5057
64,424,3899475.237333698,5057
57,424,3899475.237731678,5057
55,424,3899475.238111467,5057
68,424,3899475.238516698,5057
80,424,3899475.238911028,5057
70,424,3899475.239331468,5057
81,424,3899475.239721968,5057
69,424,3899475.240153109,5057
67,424,3899475.240543279,5057
66,424,3899475.240931929,5057
75,424,3899475.241332929,5057
74,424,3899475.241720319,5057
78,424,3899475.242097378,5057
72,424,3899475.242510499,5057
79,424,3899475.242877898,5057
76,424,3899475.243273218,5057
71,424,3899475.243643487,5057
73,424,3899475.244032477,5057
77,424,3899475.244393376,5057
88,424,3899475.244778496,5057
94,424,3899475.245185156,5057
82,424,3899475.245576046,5057
91,424,3899475.245953706,5057
92,424,3899475.246369296,5057
98,424,3899475.246727135,5057
86,424,3899475.247108665,5057
85,424,3899475.247484284,5057
84,424,3899475.247846354,5057
96,424,3899475.248219303,5057
95,424,3899475.248591043,5057
97,424,3899475.248947412,5057
87,424,3899475.249323271,5057
83,424,3899475.249705771,5057
89,424,3899475.250131211,5057
93,424,3899475.250513761,5057
110,424,3899475.250898101,5057
106,424,3899475.251275940,5057
105,424,3899475.251644320,5057
102,424,3899475.252021559,5057
109,424,3899475.252381088,5057
99,424,3899475.252740527,5057
111,424,3899475.253115277,5057
113,424,3899475.253484296,5057
112,424,3899475.253850416,5057
107,424,3899475.254224005,5057
115,424,3899475.254601875,5057
104,424,3899475.255013605,5057
114,424,3899475.255416725,5057
103,424,3899475.255790414,5057
116,424,3899475.256164354,5057
101,424,3899475.256561134,5057
120,424,3899475.256945574,5057
118,424,3899475.257328844,5057
124,424,3899475.257713663,5057
122,424,3899475.258085143,5057
117,424,3899475.258476462,5057
125,424,3899475.258836571,5057
123,424,3899475.259226141,5057
119,424,3899475.259618751,5057
121,424,3899475.260008451,5057
126,424,3899475.260376721,5057
127,424,3899475.593860845,4353
6,424,3899476.007687122,5121
2,424,3899476.008161734,5121
4,424,3899476.008562064,5121
11,424,3899476.008950624,5121
3,424,3899476.009556490,5121
0,424,3899476.009956060,5121
5,424,3899476.010329969,5121
7,424,3899476.010739009,5121
10,424,3899476.011135979,5121
1,424,3899476.011529599,5121
13,424,3899476.011916939,5121
9,424,3899476.012326829,5121
12,424,3899476.012693739,5121
14,424,3899476.013097579,5121
15,424,3899476.013498499,5121
8,424,3899476.013871548,5121
17,424,3899476.014994877,5121
29,424,3899476.015446468,5121
16,424,3899476.015840718,5121
19,424,3899476.016216378,5121
31,424,3899476.016576967,5121
32,424,3899476.016974617,5121
23,424,3899476.017360637,5121
33,424,3899476.017728616,5121
18,424,3899476.018111396,5121
21,424,3899476.018479425,5121
30,424,3899476.018849094,5121
28,424,3899476.019220764,5121
26,424,3899476.019606864,5121
25,424,3899476.020017404,5121
27,424,3899476.020410274,5121
20,424,3899476.020791714,5121
41,424,3899476.021192784,5121
35,424,3899476.021573814,5121
38,424,3899476.021969784,5121
46,424,3899476.022362843,5121
39,424,3899476.022748293,5121
45,424,3899476.023157674,5121
42,424,3899476.023549583,5121
48,424,3899476.023955454,5121
40,424,3899476.024342513,5121
49,424,3899476.024758364,5121
43,424,3899476.025132283,5121
37,424,3899476.025518573,5121
44,424,3899476.025885092,5121
34,424,3899476.026268332,5121
47,424,3899476.026644042,5121
36,424,3899476.027109073,5121
56,424,3899476.029526195,5121
51,424,3899476.029937315,5121
60,424,3899476.030367996,5121
63,424,3899476.030789927,5121
53,424,3899476.031217317,5121
59,424,3899476.031619728,5121
61,424,3899476.032021027,5121
62,424,3899476.032411228,5121
54,424,3899476.032816598,5121
52,424,3899476.033226358,5121
65,424,3899476.033637439,5121
58,424,3899476.034037089,5121
50,424,3899476.034442549,5121
64,424,3899476.034852729,5121
57,424,3899476.035257729,5121
55,424,3899476.035635249,5121
68,424,3899476.036052189,5121
80,424,3899476.036450310,5121
70,424,3899476.036865680,5121
81,424,3899476.037261340,5121
69,424,3899476.037678121,5121
67,424,3899476.038085451,5121
66,424,3899476.038475431,5121
75,424,3899476.038866601,5121
74,424,3899476.039265591,5121
78,424,3899476.039639440,5121
72,424,3899476.040075401,5121
79,424,3899476.040459561,5121
76,424,3899476.040848061,5121
71,424,3899476.041230801,5121
73,424,3899476.041615870,5121
77,424,3899476.041978070,5121
88,424,3899476.042374620,5121
94,424,3899476.042786900,5121
82,424,3899476.043189440,5121
91,424,3899476.043572820,5121
92,424,3899476.043975650,5121
98,424,3899476.044351810,5121
86,424,3899476.044717669,5121
85,424,3899476.045101769,5121
84,424,3899476.045474168,5121
96,424,3899476.045843967,5121
95,424,3899476.046230137,5121
97,424,3899476.046594336,5121
87,424,3899476.046956625,5121
83,424,3899476.047353526,5121
89,424,3899476.047760046,5121
93,424,3899476.048153446,5121
110,424,3899476.048541936,5121
106,424,3899476.048913165,5121
105,424,3899476.049284254,5121
102,424,3899476.049649604,5121
109,424,3899476.050019183,5121
99,424,3899476.050386152,5121
111,424,3899476.050748201,5121
113,424,3899476.051125861,5121
112,424,3899476.051495560,5121
107,424,3899476.051861909,5121
115,424,3899476.052249169,5121
104,424,3899476.052657729,5121
114,424,3899476.053068820,5121
103,424,3899476.053451360,5121
116,424,3899476.053818869,5121
101,424,3899476.054232780,5121
120,424,3899476.054617739,5121
118,424,3899476.054996859,5121
124,424,3899476.055391589,5121
122,424,3899476.055760998,5121
117,424,3899476.056159668,5121
125,424,3899476.056528338,5121
123,424,3899476.056909587,5121
119,424,3899476.057310967,5121
121,424,3899476.057699557,5121
126,424,3899476.058078337,5121
127,424,3899476.417422206,4417
6,424,3899476.832712349,5185
2,424,3899476.833217892,5185
4,424,3899476.833634103,5185
11,424,3899476.834281179,5185
3,424,3899476.834725530,5185
0,424,3899476.835126540,5185
5,424,3899476.835498100,5185
7,424,3899476.835918191,5185
10,424,3899476.836328791,5185
1,424,3899476.836736351,5185
13,424,3899476.837138411,5185
9,424,3899476.837533381,5185
12,424,3899476.837906971,5185
14,424,3899476.838311431,5185
15,424,3899476.838718641,5185
8,424,3899476.839109371,5185
17,424,3899476.840328572,5185
29,424,3899476.840776643,5185
16,424,3899476.841183444,5185
19,424,3899476.841567663,5185
31,424,3899476.841931652,5185
32,424,3899476.842370414,5185
23,424,3899476.842754913,5185
33,424,3899476.843148463,5185
18,424,3899476.843531853,5185
21,424,3899476.843902852,5185
30,424,3899476.844285962,5185
28,424,3899476.844658812,5185
26,424,3899476.845059772,5185
25,424,3899476.845462492,5185
27,424,3899476.845869702,5185
20,424,3899476.846266892,5185
41,424,3899476.846667792,5185
35,424,3899476.847069062,5185
38,424,3899476.847471453,5185
46,424,3899476.847866142,5185
39,424,3899476.848263243,5185
45,424,3899476.848665763,5185
42,424,3899476.849065133,5185
48,424,3899476.849483303,5185
40,424,3899476.849858243,5185
49,424,3899476.850294714,5185
43,424,3899476.850675544,5185
37,424,3899476.851072104,5185
44,424,3899476.851436813,5185
34,424,3899476.851809862,5185
47,424,3899476.852197072,5185
36,424,3899476.852658874,5185
56,424,3899476.853426973,5185
51,424,3899476.853831393,5185
60,424,3899476.856142112,5185
63,424,3899476.856576323,5185
53,424,3899476.857018324,5185
59,424,3899476.857414574,5185
61,424,3899476.857807934,5185
62,424,3899476.858201494,5185
54,424,3899476.858618405,5185
52,424,3899476.859026615,5185
65,424,3899476.859450535,5185
58,424,3899476.859846646,5185
50,424,3899476.860269286,5185
64,424,3899476.860685327,5185
57,424,3899476.861086197,5185
55,424,3899476.861463046,5185
68,424,3899476.861876717,5185
80,424,3899476.862284907,5185
70,424,3899476.862707458,5185
81,424,3899476.863109858,5185
69,424,3899476.863531599,5185
67,424,3899476.863924489,5185
66,424,3899476.864330239,5185
75,424,3899476.864729129,5185
74,424,3899476.865131599,5185
78,424,3899476.865509399,5185
72,424,3899476.865928970,5185
79,424,3899476.866320029,5185
76,424,3899476.866751390,5185
71,424,3899476.867145600,5185
73,424,3899476.867539080,5185
77,424,3899476.867913970,5185
88,424,3899476.868318000,5185
94,424,3899476.868722290,5185
82,424,3899476.869125060,5185
91,424,3899476.869511700,5185
92,424,3899476.869916260,5185
98,424,3899476.870285880,5185
86,424,3899476.870659699,5185
85,424,3899476.871045189,5185
84,424,3899476.871426978,5185
96,424,3899476.871801948,5185
95,424,3899476.872192278,5185
97,424,3899476.872562947,5185
87,424,3899476.872918846,5185
83,424,3899476.873318766,5185
89,424,3899476.873734127,5185
93,424,3899476.874129267,5185
110,424,3899476.874530387,5185
106,424,3899476.874898976,5185
105,424,3899476.875273976,5185
102,424,3899476.875645355,5185
109,424,3899476.876017805,5185
99,424,3899476.876388834,5185
111,424,3899476.876754493,5185
113,424,3899476.877132723,5185
112,424,3899476.877507282,5185
107,424,3899476.877880052,5185
115,424,3899476.878270102,5185
104,424,3899476.878677262,5185
114,424,3899476.879090392,5185
103,424,3899476.879472492,5185
116,424,3899476.879841291,5185
101,424,3899476.880251372,5185
120,424,3899476.880641482,5185
118,424,3899476.881029761,5185
124,424,3899476.881419261,5185
122,424,3899476.881788920,5185
117,424,3899476.882194631,5185
125,424,3899476.882563970,5185
123,424,3899476.882948850,5185
119,424,3899476.883355470,5185
121,424,3899476.883747600,5185
126,424,3899476.884129580,5185
127,424,3899477.404075861,4481
6,424,3899477.957444977,5249
2,424,3899477.958013721,5249
4,424,3899477.958428382,5249
11,424,3899477.959042187,5249
3,424,3899477.959467268,5249
0,424,3899477.959860488,5249
5,424,3899477.960245617,5249
7,424,3899477.960674288,5249
10,424,3899477.961079398,5249
1,424,3899477.961478869,5249
13,424,3899477.961873579,5249
9,424,3899477.962279349,5249
12,424,3899477.962654498,5249
14,424,3899477.963064559,5249
15,424,3899477.963471609,5249
8,424,3899477.963858639,5249
17,424,3899477.965053829,5249
29,424,3899477.965504330,5249
16,424,3899477.965910831,5249
19,424,3899477.966298001,5249
31,424,3899477.966667390,5249
32,424,3899477.967085741,5249
23,424,3899477.967465550,5249
33,424,3899477.967873801,5249
18,424,3899477.968278801,5249
21,424,3899477.968656580,5249
30,424,3899477.969040510,5249
28,424,3899477.969416969,5249
26,424,3899477.969814710,5249
25,424,3899477.970225810,5249
27,424,3899477.970629620,5249
20,424,3899477.971038730,5249
41,424,3899477.971439941,5249
35,424,3899477.971833381,5249
38,424,3899477.972248671,5249
46,424,3899477.972647331,5249
39,424,3899477.973050991,5249
45,424,3899477.973457382,5249
42,424,3899477.973850541,5249
48,424,3899477.974277732,5249
40,424,3899477.974668002,5249
49,424,3899477.975104583,5249
43,424,3899477.975490283,5249
37,424,3899477.975881383,5249
44,424,3899477.976256213,5249
34,424,3899477.976629312,5249
47,424,3899477.977016702,5249
36,424,3899477.977499864,5249
56,424,3899477.978443608,5249
51,424,3899477.978855558,5249
60,424,3899477.979292819,5249
63,424,3899477.979732350,5249
53,424,3899477.980161651,5249
59,424,3899477.980555551,5249
61,424,3899477.980949191,5249
62,424,3899477.981353611,5249
54,424,3899477.981767582,5249
52,424,3899477.982174402,5249
65,424,3899477.982594083,5249
58,424,3899477.982998803,5249
50,424,3899477.983417954,5249
64,424,3899477.983831334,5249
57,424,3899477.984234304,5249
55,424,3899477.984605334,5249
68,424,3899477.986327547,5249
80,424,3899477.986744848,5249
70,424,3899477.987189679,5249
81,424,3899477.987591679,5249
69,424,3899477.988059611,5249
67,424,3899477.988462311,5249
66,424,3899477.988859761,5249
75,424,3899477.989275492,5249
74,424,3899477.989677812,5249
78,424,3899477.990069912,5249
72,424,3899477.990500943,5249
79,424,3899477.990882852,5249
76,424,3899477.991288033,5249
71,424,3899477.991670492,5249
73,424,3899477.992073133,5249
77,424,3899477.992456012,5249
88,424,3899477.992860722,5249
94,424,3899477.993283353,5249
82,424,3899477.993685063,5249
91,424,3899477.994095944,5249
92,424,3899477.994511124,5249
98,424,3899477.994881613,5249
86,424,3899477.995263643,5249
85,424,3899477.995650793,5249
84,424,3899477.996044443,5249
96,424,3899477.996422172,5249
95,424,3899477.996812062,5249
97,424,3899477.997193922,5249
87,424,3899477.997558621,5249
83,424,3899477.997949131,5249
89,424,3899477.998374632,5249
93,424,3899477.998766462,5249
110,424,3899477.999165132,5249
106,424,3899477.999542351,5249
105,424,3899477.999913491,5249
102,424,3899478.000333482,5249
109,424,3899478.000702291,5249
99,424,3899478.001087650,5249
111,424,3899478.001455850,5249
113,424,3899478.001829899,5249
112,424,3899478.002213499,5249
107,424,3899478.002589828,5249
115,424,3899478.002980128,5249
104,424,3899478.003401529,5249
114,424,3899478.003807929,5249
103,424,3899478.004203109,5249
116,424,3899478.004580809,5249
101,424,3899478.004988559,5249
120,424,3899478.005393109,5249
118,424,3899478.005781929,5249
124,424,3899478.006178569,5249
122,424,3899478.006555939,5249
117,424,3899478.006954559,5249
125,424,3899478.007336219,5249
123,424,3899478.007723508,5249
119,424,3899478.008133659,5249
121,424,3899478.008527979,5249
126,424,3899478.008899768,5249
127,424,3899478.348556649,4545
6,424,3899478.848596096,5313
2,424,3899478.849094809,5313
4,424,3899478.849509939,5313
11,424,3899478.850100934,5313
3,424,3899478.850529265,5313
0,424,3899478.850937945,5313
5,424,3899478.851334895,5313
7,424,3899478.851757396,5313
10,424,3899478.852164386,5313
1,424,3899478.852565346,5313
13,424,3899478.852961956,5313
9,424,3899478.853380797,5313
12,424,3899478.853759176,5313
14,424,3899478.854164807,5313
15,424,3899478.854573977,5313
8,424,3899478.854958627,5313
17,424,3899478.976132932,5313
29,424,3899478.977208109,5313
16,424,3899478.978394679,5313
19,424,3899478.979230820,5313
31,424,3899478.980038070,5313
32,424,3899478.980928603,5313
23,424,3899478.981759374,5313
33,424,3899478.982590725,5313
18,424,3899478.983430686,5313
21,424,3899478.984276758,5313
30,424,3899478.985103489,5313
28,424,3899478.985916729,5313
26,424,3899478.986783821,5313
25,424,3899478.987672043,5313
27,424,3899478.988569446,5313
20,424,3899478.989440628,5313
41,424,3899478.990804613,5313
35,424,3899478.991689675,5313
38,424,3899478.992582948,5313
46,424,3899478.993454030,5313
39,424,3899478.994330132,5313
45,424,3899478.995225285,5313
42,424,3899478.996091187,5313
48,424,3899478.996979999,5313
40,424,3899478.997833591,5313
49,424,3899478.998776354,5313
43,424,3899478.999599735,5313
37,424,3899479.000482478,5313
44,424,3899479.001323619,5313
34,424,3899479.002150050,5313
47,424,3899479.002964290,5313
36,424,3899479.003903164,5313
56,424,3899479.006728285,5313
51,424,3899479.012615814,5313
60,424,3899479.013564778,5313
63,424,3899479.014532173,5313
53,424,3899479.015493167,5313
59,424,3899479.016362089,5313
61,424,3899479.017268252,5313
62,424,3899479.018138314,5313
54,424,3899479.019040757,5313
52,424,3899479.019905729,5313
65,424,3899479.020838122,5313
58,424,3899479.021738895,5313
50,424,3899479.022675439,5313
64,424,3899479.023610003,5313
57,424,3899479.024521975,5313
55,424,3899479.025357327,5313
68,424,3899479.026265340,5313
80,424,3899479.027161712,5313
70,424,3899479.028113026,5313
81,424,3899479.028976378,5313
69,424,3899479.029923712,5313
67,424,3899479.030815835,5313
66,424,3899479.031685047,5313
75,424,3899479.032569689,5313
74,424,3899479.033246786,5313
78,424,3899479.033866142,5313
72,424,3899479.034570780,5313
79,424,3899479.035205386,5313
76,424,3899479.035854972,5313
71,424,3899479.036482498,5313
73,424,3899479.037139135,5313
77,424,3899479.037758890,5313
88,424,3899479.040329295,5313
94,424,3899479.041043593,5313
82,424,3899479.041708380,5313
91,424,3899479.042359077,5313
92,424,3899479.043054144,5313
98,424,3899479.043659570,5313
86,424,3899479.044282285,5313
85,424,3899479.044909191,5313
84,424,3899479.045533167,5313
96,424,3899479.046156973,5313
95,424,3899479.046738917,5313
97,424,3899479.047127917,5313
87,424,3899479.047496547,5313
83,424,3899479.047899397,5313
89,424,3899479.048327958,5313
93,424,3899479.048726548,5313
110,424,3899479.049133968,5313
106,424,3899479.049514998,5313
105,424,3899479.049907038,5313
102,424,3899479.050335679,5313
109,424,3899479.050715178,5313
99,424,3899479.051105098,5313
111,424,3899479.051479187,5313
113,424,3899479.051859977,5313
112,424,3899479.052253417,5313
107,424,3899479.052635417,5313
115,424,3899479.053034477,5313
104,424,3899479.053453947,5313
114,424,3899479.053866288,5313
103,424,3899479.054263528,5313
116,424,3899479.054644208,5313
101,424,3899479.055064698,5313
120,424,3899479.055464308,5313
118,424,3899479.055854968,5313
124,424,3899479.056261608,5313
122,424,3899479.056641008,5313
117,424,3899479.057057389,5313
125,424,3899479.057434148,5313
123,424,3899479.057829058,5313
119,424,3899479.058247439,5313
121,424,3899479.058650049,5313
126,424,3899479.059036999,5313
127,424,3899479.358426441,4609
6,424,3899479.780981788,5377
2,424,3899479.781780698,5377
4,424,3899479.782476336,5377
11,424,3899479.783439700,5377
3,424,3899479.784146208,5377
0,424,3899479.784823555,5377
5,424,3899479.785447871,5377
7,424,3899479.786149029,5377
10,424,3899479.786819786,5377
1,424,3899479.787497743,5377
13,424,3899479.788161880,5377
9,424,3899479.788820716,5377
12,424,3899479.789456393,5377
14,424,3899479.790131779,5377
15,424,3899479.790800236,5377
8,424,3899479.791462553,5377
17,424,3899479.793269459,5377
29,424,3899479.794046678,5377
16,424,3899479.794709365,5377
19,424,3899479.795341771,5377
31,424,3899479.795944397,5377
32,424,3899479.796635134,5377
23,424,3899479.797268320,5377
33,424,3899479.797895836,5377
18,424,3899479.798538682,5377
21,424,3899479.799169618,5377
30,424,3899479.799795444,5377
28,424,3899479.800422050,5377
26,424,3899479.801078686,5377
25,424,3899479.801743893,5377
27,424,3899479.802416150,5377
20,424,3899479.803074077,5377
41,424,3899479.803729514,5377
35,424,3899479.804400180,5377
38,424,3899479.805076497,5377
46,424,3899479.805728484,5377
39,424,3899479.806388131,5377
45,424,3899479.807061048,5377
42,424,3899479.807717214,5377
48,424,3899479.808399192,5377
40,424,3899479.809029117,5377
49,424,3899479.809737255,5377
43,424,3899479.810374611,5377
37,424,3899479.811026148,5377
44,424,3899479.811642983,5377
34,424,3899479.812264419,5377
47,424,3899479.812880465,5377
36,424,3899479.813539062,5377
56,424,3899479.815078150,5377
51,424,3899479.815772348,5377
60,424,3899479.816499657,5377
63,424,3899479.817227415,5377
53,424,3899479.817941493,5377
59,424,3899479.818598139,5377
61,424,3899479.819259586,5377
62,424,3899479.819906472,5377
54,424,3899479.820589600,5377
52,424,3899479.821257527,5377
65,424,3899479.821943544,5377
58,424,3899479.822620581,5377
50,424,3899479.823315229,5377
64,424,3899479.824027997,5377
57,424,3899479.824685573,5377
55,424,3899479.825305669,5377
68,424,3899479.826525250,5377
80,424,3899479.826940310,5377
70,424,3899479.827386502,5377
81,424,3899479.827790892,5377
69,424,3899479.828238003,5377
67,424,3899479.828649574,5377
66,424,3899479.829065254,5377
75,424,3899479.829469925,5377
74,424,3899479.829869324,5377
78,424,3899479.830269755,5377
72,424,3899479.830701926,5377
79,424,3899479.831101106,5377
76,424,3899479.831509076,5377
71,424,3899479.831892796,5377
73,424,3899479.832298616,5377
77,424,3899479.832681676,5377
88,424,3899479.833098666,5377
94,424,3899479.833517917,5377
82,424,3899479.833926737,5377
91,424,3899479.834334017,5377
92,424,3899479.834750458,5377
98,424,3899479.835141458,5377
86,424,3899479.835520678,5377
85,424,3899479.835918798,5377
84,424,3899479.836301827,5377
96,424,3899479.836683067,5377
95,424,3899479.837075377,5377
97,424,3899479.837449246,5377
87,424,3899479.837820096,5377
83,424,3899479.838226776,5377
89,424,3899479.838652527,5377
93,424,3899479.839055257,5377
110,424,3899479.840125744,5377
106,424,3899479.840523304,5377
105,424,3899479.840904164,5377
102,424,3899479.841348485,5377
109,424,3899479.841732784,5377
99,424,3899479.842128725,5377
111,424,3899479.842532805,5377
113,424,3899479.842924555,5377
112,424,3899479.843320225,5377
107,424,3899479.843701884,5377
115,424,3899479.844106815,5377
104,424,3899479.844530815,5377
114,424,3899479.844945936,5377
103,424,3899479.845347896,5377
116,424,3899479.845728456,5377
101,424,3899479.846149326,5377
120,424,3899479.846550286,5377
118,424,3899479.846943467,5377
124,424,3899479.847352987,5377
122,424,3899479.847735207,5377
117,424,3899479.848148857,5377
125,424,3899479.848530216,5377
123,424,3899479.848927967,5377
119,424,3899479.849351387,5377
121,424,3899479.849752787,5377
126,424,3899479.850146917,5377
127,424,3899480.176781079,4673
6,424,3899480.604812475,5441
2,424,3899480.605312657,5441
4,424,3899480.605735118,5441
11,424,3899480.606157818,5441
3,424,3899480.606754124,5441
0,424,3899480.607184384,5441
5,424,3899480.607569014,5441
7,424,3899480.608024126,5441
10,424,3899480.608445286,5441
1,424,3899480.608858347,5441
13,424,3899480.609276268,5441
9,424,3899480.609697388,5441
12,424,3899480.610092038,5441
14,424,3899480.610501608,5441
15,424,3899480.610919249,5441
8,424,3899480.611322669,5441
17,424,3899480.612467458,5441
29,424,3899480.612943900,5441
16,424,3899480.613369081,5441
19,424,3899480.613761021,5441
31,424,3899480.614151321,5441
32,424,3899480.614571111,5441
23,424,3899480.614958111,5441
33,424,3899480.615360941,5441
18,424,3899480.615757501,5441
21,424,3899480.616149251,5441
30,424,3899480.616532571,5441
28,424,3899480.616924101,5441
26,424,3899480.617335081,5441
25,424,3899480.617753982,5441
27,424,3899480.618175173,5441
20,424,3899480.618581943,5441
41,424,3899480.618992293,5441
35,424,3899480.619405604,5441
38,424,3899480.619827804,5441
46,424,3899480.620243585,5441
39,424,3899480.620651695,5441
45,424,3899480.621077866,5441
42,424,3899480.621481966,5441
48,424,3899480.621915267,5441
40,424,3899480.622310977,5441
49,424,3899480.622743958,5441
43,424,3899480.623142308,5441
37,424,3899480.623557689,5441
44,424,3899480.623934988,5441
34,424,3899480.624334728,5441
47,424,3899480.624718348,5441
36,424,3899480.625191170,5441
56,424,3899480.627653132,5441
51,424,3899480.628097603,5441
60,424,3899480.628543665,5441
63,424,3899480.629009816,5441
53,424,3899480.629456778,5441
59,424,3899480.629870628,5441
61,424,3899480.630292759,5441
62,424,3899480.630698369,5441
54,424,3899480.631133960,5441
52,424,3899480.631543851,5441
65,424,3899480.631977111,5441
58,424,3899480.632401442,5441
50,424,3899480.632835993,5441
64,424,3899480.633283724,5441
57,424,3899480.633708455,5441
55,424,3899480.634101595,5441
68,424,3899480.634532526,5441
80,424,3899480.634941586,5441
70,424,3899480.635382678,5441
81,424,3899480.635784518,5441
69,424,3899480.636235469,5441
67,424,3899480.636652100,5441
66,424,3899480.637068590,5441
75,424,3899480.637481591,5441
74,424,3899480.637888501,5441
78,424,3899480.638289041,5441
72,424,3899480.638734042,5441
79,424,3899480.639137353,5441
76,424,3899480.639553533,5441
71,424,3899480.639945943,5441
73,424,3899480.640366764,5441
77,424,3899480.640757153,5441
88,424,3899480.641179244,5441
94,424,3899480.641608035,5441
82,424,3899480.642037876,5441
91,424,3899480.642449926,5441
92,424,3899480.642878197,5441
98,424,3899480.643268287,5441
86,424,3899480.643658107,5441
85,424,3899480.644060207,5441
84,424,3899480.644448497,5441
96,424,3899480.644837587,5441
95,424,3899480.645246307,5441
97,424,3899480.645632967,5441
87,424,3899480.646019277,5441
83,424,3899480.646431827,5441
89,424,3899480.646863958,5441
93,424,3899480.647277898,5441
110,424,3899480.647725000,5441
106,424,3899480.648143240,5441
105,424,3899480.648533900,5441
102,424,3899480.648956261,5441
109,424,3899480.649366931,5441
99,424,3899480.649760181,5441
111,424,3899480.650159882,5441
113,424,3899480.650554431,5441
112,424,3899480.650945491,5441
107,424,3899480.651340141,5441
115,424,3899480.651741382,5441
104,424,3899480.652184153,5441
114,424,3899480.652615753,5441
103,424,3899480.653022344,5441
116,424,3899480.653414204,5441
101,424,3899480.653839144,5441
120,424,3899480.654260495,5441
118,424,3899480.654664895,5441
124,424,3899480.655080956,5441
122,424,3899480.655473016,5441
117,424,3899480.655890206,5441
125,424,3899480.656282916,5441
123,424,3899480.656689916,5441
119,424,3899480.657115737,5441
121,424,3899480.657522337,5441
126,424,3899480.657908937,5441
127,424,3899481.001094667,4737
6,424,3899481.429921392,5505
2,424,3899481.430450456,5505
4,424,3899481.430884307,5505
11,424,3899481.431509013,5505
3,424,3899481.431949034,5505
0,424,3899481.432370865,5505
5,424,3899481.432761054,5505
7,424,3899481.433214306,5505
10,424,3899481.433629106,5505
1,424,3899481.434052397,5505
13,424,3899481.434464447,5505
9,424,3899481.434887418,5505
12,424,3899481.435288268,5505
14,424,3899481.435700509,5505
15,424,3899481.436130029,5505
8,424,3899481.436536340,5505
17,424,3899481.437763631,5505
29,424,3899481.438253613,5505
16,424,3899481.438669114,5505
19,424,3899481.439073604,5505
31,424,3899481.439462514,5505
32,424,3899481.439888495,5505
23,424,3899481.440295615,5505
33,424,3899481.440687755,5505
18,424,3899481.441098435,5505
21,424,3899481.441492085,5505
30,424,3899481.441880495,5505
28,424,3899481.442282315,5505
26,424,3899481.442705076,5505
25,424,3899481.443130917,5505
27,424,3899481.443547467,5505
20,424,3899481.443954007,5505
41,424,3899481.444380498,5505
35,424,3899481.444786639,5505
38,424,3899481.445216770,5505
46,424,3899481.445637580,5505
39,424,3899481.446058531,5505
45,424,3899481.446480541,5505
42,424,3899481.446887812,5505
48,424,3899481.447325793,5505
40,424,3899481.447721703,5505
49,424,3899481.448166674,5505
43,424,3899481.448555124,5505
37,424,3899481.448971564,5505
44,424,3899481.449370144,5505
34,424,3899481.449758364,5505
47,424,3899481.450161395,5505
36,424,3899481.450568515,5505
56,424,3899481.453099389,5505
51,424,3899481.453530930,5505
60,424,3899481.453976271,5505
63,424,3899481.454440913,5505
53,424,3899481.454896564,5505
59,424,3899481.455326985,5505
61,424,3899481.455751776,5505
62,424,3899481.456162086,5505
54,424,3899481.456591887,5505
52,424,3899481.457014138,5505
65,424,3899481.457448529,5505
58,424,3899481.457872379,5505
50,424,3899481.458319191,5505
64,424,3899481.458763212,5505
57,424,3899481.459191823,5505
55,424,3899481.459592923,5505
68,424,3899481.460026144,5505
80,424,3899481.460441784,5505
70,424,3899481.460876066,5505
81,424,3899481.461288476,5505
69,424,3899481.461729137,5505
67,424,3899481.462157628,5505
66,424,3899481.462573168,5505
75,424,3899481.462992139,5505
74,424,3899481.463424090,5505
78,424,3899481.463817030,5505
72,424,3899481.464262731,5505
79,424,3899481.464665691,5505
76,424,3899481.465085982,5505
71,424,3899481.465480862,5505
73,424,3899481.465892582,5505
77,424,3899481.466295872,5505
88,424,3899481.466714163,5505
94,424,3899481.467154604,5505
82,424,3899481.467576765,5505
91,424,3899481.467987455,5505
92,424,3899481.468435187,5505
98,424,3899481.468818896,5505
86,424,3899481.469266918,5505
85,424,3899481.469685368,5505
84,424,3899481.470085598,5505
96,424,3899481.470476968,5505
95,424,3899481.470875308,5505
97,424,3899481.471273329,5505
87,424,3899481.471651548,5505
83,424,3899481.472078179,5505
89,424,3899481.472519700,5505
93,424,3899481.472928300,5505
110,424,3899481.473349381,5505
106,424,3899481.473741181,5505
105,424,3899481.474135661,5505
102,424,3899481.474563182,5505
109,424,3899481.474947111,5505
99,424,3899481.475349121,5505
111,424,3899481.475742402,5505
113,424,3899481.476145662,5505
112,424,3899481.476540362,5505
107,424,3899481.476926891,5505
115,424,3899481.477339872,5505
104,424,3899481.477774143,5505
114,424,3899481.478207834,5505
103,424,3899481.478618274,5505
116,424,3899481.479016504,5505
101,424,3899481.479441275,5505
120,424,3899481.479852806,5505
118,424,3899481.480260196,5505
124,424,3899481.480670016,5505
122,424,3899481.481069656,5505
117,424,3899481.481490987,5505
125,424,3899481.481901957,5505
123,424,3899481.482324148,5505
119,424,3899481.482748109,5505
121,424,3899481.483170879,5505
126,424,3899481.483566439,5505
127,424,3899481.827881628,4801
6,424,3899482.257850922,5569
2,424,3899482.258373805,5569
4,424,3899482.259046442,5569
11,424,3899482.259471663,5569
3,424,3899482.259905944,5569
0,424,3899482.260338035,5569
5,424,3899482.260725755,5569
7,424,3899482.261181756,5569
10,424,3899482.261598467,5569
1,424,3899482.262023648,5569
13,424,3899482.262450369,5569
9,424,3899482.262870859,5569
12,424,3899482.263276349,5569
14,424,3899482.263693000,5569
15,424,3899482.264126981,5569
8,424,3899482.264536161,5569
17,424,3899482.265688761,5569
29,424,3899482.266162442,5569
16,424,3899482.266579943,5569
19,424,3899482.266974573,5569
31,424,3899482.267372443,5569
32,424,3899482.267802464,5569
23,424,3899482.268206514,5569
33,424,3899482.268602414,5569
18,424,3899482.269015035,5569
21,424,3899482.269424075,5569
30,424,3899482.269810195,5569
28,424,3899482.270235976,5569
26,424,3899482.270652766,5569
25,424,3899482.271097407,5569
27,424,3899482.271518218,5569
20,424,3899482.271927548,5569
41,424,3899482.272355739,5569
35,424,3899482.272763000,5569
38,424,3899482.273190140,5569
46,424,3899482.273606561,5569
39,424,3899482.274036782,5569
45,424,3899482.274458332,5569
42,424,3899482.274866313,5569
48,424,3899482.275298573,5569
40,424,3899482.275693804,5569
49,424,3899482.276154545,5569
43,424,3899482.276543205,5569
37,424,3899482.276952365,5569
44,424,3899482.277355136,5569
34,424,3899482.277753016,5569
47,424,3899482.278153006,5569
36,424,3899482.278569426,5569
56,424,3899482.279424138,5569
51,424,3899482.279847429,5569
60,424,3899482.280296340,5569
63,424,3899482.280748482,5569
53,424,3899482.281207523,5569
59,424,3899482.281626524,5569
61,424,3899482.282050124,5569
62,424,3899482.282457535,5569
54,424,3899482.284511537,5569
52,424,3899482.284938457,5569
65,424,3899482.285402629,5569
58,424,3899482.285831730,5569
50,424,3899482.286273961,5569
64,424,3899482.286720033,5569
57,424,3899482.287159024,5569
55,424,3899482.287614925,5569
68,424,3899482.288065616,5569
80,424,3899482.288482837,5569
70,424,3899482.288930858,5569
81,424,3899482.289350189,5569
69,424,3899482.289791260,5569
67,424,3899482.290217021,5569
66,424,3899482.290636512,5569
75,424,3899482.291065232,5569
74,424,3899482.291486033,5569
78,424,3899482.291885733,5569
72,424,3899482.292337535,5569
79,424,3899482.292736555,5569
76,424,3899482.293173806,5569
71,424,3899482.293573216,5569
73,424,3899482.293988316,5569
77,424,3899482.294398337,5569
88,424,3899482.294820887,5569
94,424,3899482.295263709,5569
82,424,3899482.295693689,5569
91,424,3899482.296116930,5569
92,424,3899482.296559101,5569
98,424,3899482.296952141,5569
86,424,3899482.297356111,5569
85,424,3899482.297759152,5569
84,424,3899482.298158292,5569
96,424,3899482.298553382,5569
95,424,3899482.298953032,5569
97,424,3899482.299348782,5569
87,424,3899482.299727982,5569
83,424,3899482.300151882,5569
89,424,3899482.300596404,5569
93,424,3899482.301018874,5569
110,424,3899482.301436365,5569
106,424,3899482.301835535,5569
105,424,3899482.302230935,5569
102,424,3899482.302664956,5569
109,424,3899482.303065256,5569
99,424,3899482.303457486,5569
111,424,3899482.303862826,5569
113,424,3899482.304267846,5569
112,424,3899482.304668056,5569
107,424,3899482.305071346,5569
115,424,3899482.305478187,5569
104,424,3899482.305913718,5569
114,424,3899482.306349499,5569
103,424,3899482.306761859,5569
116,424,3899482.307161959,5569
101,424,3899482.307589980,5569
120,424,3899482.308007991,5569
118,424,3899482.308412201,5569
124,424,3899482.308822652,5569
122,424,3899482.309224262,5569
117,424,3899482.309645172,5569
125,424,3899482.310045132,5569
123,424,3899482.310454673,5569
119,424,3899482.310873943,5569
121,424,3899482.311296574,5569
126,424,3899482.311689594,5569
127,424,3899482.723480939,4865
6,424,3899483.154828288,5633
2,424,3899483.155322951,5633
4,424,3899483.155998048,5633
11,424,3899483.156447399,5633
3,424,3899483.156890930,5633
0,424,3899483.157326792,5633
5,424,3899483.157717782,5633
7,424,3899483.158174883,5633
10,424,3899483.158594324,5633
1,424,3899483.159029735,5633
13,424,3899483.159450125,5633
9,424,3899483.159871206,5633
12,424,3899483.160290076,5633
14,424,3899483.160717777,5633
15,424,3899483.161153298,5633
8,424,3899483.161562519,5633
17,424,3899483.162749499,5633
29,424,3899483.163242751,5633
16,424,3899483.163663742,5633
19,424,3899483.164073182,5633
31,424,3899483.164462082,5633
32,424,3899483.164895753,5633
23,424,3899483.165310034,5633
33,424,3899483.165712214,5633
18,424,3899483.166128504,5633
21,424,3899483.166524414,5633
30,424,3899483.166915554,5633
28,424,3899483.167320074,5633
26,424,3899483.167742365,5633
25,424,3899483.168176286,5633
27,424,3899483.168607877,5633
20,424,3899483.169035728,5633
41,424,3899483.169456198,5633
35,424,3899483.169869519,5633
38,424,3899483.170303750,5633
46,424,3899483.170721570,5633
39,424,3899483.171182922,5633
45,424,3899483.171626383,5633
42,424,3899483.172051154,5633
48,424,3899483.172486585,5633
40,424,3899483.172892695,5633
49,424,3899483.173348857,5633
43,424,3899483.173749867,5633
37,424,3899483.174171658,5633
44,424,3899483.174562557,5633
34,424,3899483.174960698,5633
47,424,3899483.175377948,5633
36,424,3899483.175789368,5633
56,424,3899483.176596859,5633
51,424,3899483.177036450,5633
60,424,3899483.177480731,5633
63,424,3899483.177930293,5633
53,424,3899483.178394284,5633
59,424,3899483.178817655,5633
61,424,3899483.180962409,5633
62,424,3899483.181406081,5633
54,424,3899483.181854422,5633
52,424,3899483.182285763,5633
65,424,3899483.182733644,5633
58,424,3899483.183176395,5633
50,424,3899483.183614666,5633
64,424,3899483.184077878,5633
57,424,3899483.184516139,5633
55,424,3899483.184973771,5633
68,424,3899483.185422562,5633
80,424,3899483.185852343,5633
70,424,3899483.186306785,5633
81,424,3899483.186724265,5633
69,424,3899483.187184177,5633
67,424,3899483.187606807,5633
66,424,3899483.188039038,5633
75,424,3899483.188471039,5633
74,424,3899483.188894130,5633
78,424,3899483.189307440,5633
72,424,3899483.189761112,5633
79,424,3899483.190175942,5633
76,424,3899483.190598463,5633
71,424,3899483.191015553,5633
73,424,3899483.191437054,5633
77,424,3899483.191839234,5633
88,424,3899483.192275756,5633
94,424,3899483.192719377,5633
82,424,3899483.193159088,5633
91,424,3899483.193582709,5633
92,424,3899483.194035030,5633
98,424,3899483.194434300,5633
86,424,3899483.194836910,5633
85,424,3899483.195250651,5633
84,424,3899483.195648021,5633
96,424,3899483.196067012,5633
95,424,3899483.196475162,5633
97,424,3899483.196867732,5633
87,424,3899483.197261222,5633
83,424,3899483.197685252,5633
89,424,3899483.198137454,5633
93,424,3899483.198553294,5633
110,424,3899483.198973565,5633
106,424,3899483.199385735,5633
105,424,3899483.199782775,5633
102,424,3899483.200220726,5633
109,424,3899483.200614396,5633
99,424,3899483.201019017,5633
111,424,3899483.201416727,5633
113,424,3899483.201820437,5633
112,424,3899483.202227557,5633
107,424,3899483.202626387,5633
115,424,3899483.203049448,5633
104,424,3899483.203492679,5633
114,424,3899483.203925690,5633
103,424,3899483.204344571,5633
116,424,3899483.204741341,5633
101,424,3899483.205183572,5633
120,424,3899483.205604833,5633
118,424,3899483.206019763,5633
124,424,3899483.206434023,5633
122,424,3899483.206834034,5633
117,424,3899483.207267075,5633
125,424,3899483.207663695,5633
123,424,3899483.208090136,5633
119,424,3899483.208519096,5633
121,424,3899483.208936377,5633
126,424,3899483.209344007,5633
127,424,3899483.558217931,4929
6,424,3899483.995811538,5697
2,424,3899483.996325831,5697
4,424,3899483.996771242,5697
11,424,3899483.997437609,5697
3,424,3899483.997889251,5697
0,424,3899483.998322091,5697
5,424,3899483.998717352,5697
7,424,3899484.000369353,5697
10,424,3899484.001339128,5697
1,424,3899484.001849991,5697
13,424,3899484.002335403,5697
9,424,3899484.002793545,5697
12,424,3899484.003264727,5697
14,424,3899484.003733628,5697
15,424,3899484.004222821,5697
8,424,3899484.004677482,5697
17,424,3899484.007097084,5697
29,424,3899484.007612277,5697
16,424,3899484.008075648,5697
19,424,3899484.008498149,5697
31,424,3899484.008907499,5697
32,424,3899484.009363231,5697
23,424,3899484.009783481,5697
33,424,3899484.010215882,5697
18,424,3899484.010644753,5697
21,424,3899484.011057634,5697
30,424,3899484.011462244,5697
28,424,3899484.011875294,5697
26,424,3899484.012315045,5697
25,424,3899484.012756457,5697
27,424,3899484.013206328,5697
20,424,3899484.013655319,5697
41,424,3899484.014112341,5697
35,424,3899484.014551672,5697
38,424,3899484.014993783,5697
46,424,3899484.015450905,5697
39,424,3899484.015884846,5697
45,424,3899484.016332467,5697
42,424,3899484.016769038,5697
48,424,3899484.017229230,5697
40,424,3899484.017643760,5697
49,424,3899484.018111872,5697
43,424,3899484.018516212,5697
37,424,3899484.018943393,5697
44,424,3899484.019351743,5697
34,424,3899484.019780294,5697
47,424,3899484.020217975,5697
36,424,3899484.020666097,5697
56,424,3899484.021127728,5697
51,424,3899484.021568339,5697
60,424,3899484.022034881,5697
63,424,3899484.022498913,5697
53,424,3899484.022962175,5697
59,424,3899484.023401336,5697
61,424,3899484.023852017,5697
62,424,3899484.024301709,5697
54,424,3899484.024752460,5697
52,424,3899484.025188671,5697
65,424,3899484.025655223,5697
58,424,3899484.026098504,5697
50,424,3899484.026556376,5697
64,424,3899484.027018547,5697
57,424,3899484.027452748,5697
55,424,3899484.027911250,5697
68,424,3899484.030599278,5697
80,424,3899484.031062290,5697
70,424,3899484.031536722,5697
81,424,3899484.031969022,5697
69,424,3899484.032439665,5697
67,424,3899484.032866755,5697
66,424,3899484.033325867,5697
75,424,3899484.033790419,5697
74,424,3899484.034252540,5697
78,424,3899484.034671241,5697
72,424,3899484.035144263,5697
79,424,3899484.035561653,5697
76,424,3899484.035988124,5697
71,424,3899484.036408405,5697
73,424,3899484.036835516,5697
77,424,3899484.037270177,5697
88,424,3899484.037705907,5697
94,424,3899484.038169689,5697
82,424,3899484.038618791,5697
91,424,3899484.039057102,5697
92,424,3899484.039512433,5697
98,424,3899484.039919014,5697
86,424,3899484.040343314,5697
85,424,3899484.040762365,5697
84,424,3899484.041177506,5697
96,424,3899484.041581786,5697
95,424,3899484.041996216,5697
97,424,3899484.042404186,5697
87,424,3899484.042792726,5697
83,424,3899484.043227877,5697
89,424,3899484.043690439,5697
93,424,3899484.044122600,5697
110,424,3899484.044563771,5697
106,424,3899484.044975182,5697
105,424,3899484.045386202,5697
102,424,3899484.045829333,5697
109,424,3899484.046241874,5697
99,424,3899484.046656414,5697
111,424,3899484.047096765,5697
113,424,3899484.047523226,5697
112,424,3899484.047953087,5697
107,424,3899484.048370797,5697
115,424,3899484.048793368,5697
104,424,3899484.049258500,5697
114,424,3899484.049700211,5697
103,424,3899484.050123522,5697
116,424,3899484.050528582,5697
101,424,3899484.050966803,5697
120,424,3899484.051403934,5697
118,424,3899484.051826065,5697
124,424,3899484.052257806,5697
122,424,3899484.052667846,5697
117,424,3899484.053132118,5697
125,424,3899484.053542068,5697
123,424,3899484.053976259,5697
119,424,3899484.054437421,5697
121,424,3899484.054872062,5697
126,424,3899484.055284062,5697
127,424,3899484.404593147,4993
6,424,3899484.843777324,5761
2,424,3899484.844460351,5761
4,424,3899484.844930814,5761
11,424,3899484.845398885,5761
3,424,3899484.845880247,5761
0,424,3899484.846331269,5761
5,424,3899484.846743439,5761
7,424,3899484.847470338,5761
10,424,3899484.847916139,5761
1,424,3899484.848364310,5761
13,424,3899484.848806821,5761
9,424,3899484.849269303,5761
12,424,3899484.849684294,5761
14,424,3899484.850122135,5761
15,424,3899484.850574606,5761
8,424,3899484.850993297,5761
17,424,3899484.851798957,5761
29,424,3899484.852315640,5761
16,424,3899484.852770262,5761
19,424,3899484.853225073,5761
31,424,3899484.853654254,5761
32,424,3899484.854117736,5761
23,424,3899484.854531366,5761
33,424,3899484.854944767,5761
18,424,3899484.855376638,5761
21,424,3899484.855780668,5761
30,424,3899484.856192468,5761
28,424,3899484.856601089,5761
26,424,3899484.857042010,5761
25,424,3899484.857478321,5761
27,424,3899484.857910592,5761
20,424,3899484.858758693,5761
41,424,3899484.859230315,5761
35,424,3899484.859658256,5761
38,424,3899484.860107997,5761
46,424,3899484.860541618,5761
39,424,3899484.860972699,5761
45,424,3899484.861420431,5761
42,424,3899484.861843951,5761
48,424,3899484.862299253,5761
40,424,3899484.862711533,5761
49,424,3899484.863173815,5761
43,424,3899484.863584735,5761
37,424,3899484.864012176,5761
44,424,3899484.864415586,5761
34,424,3899484.864817416,5761
47,424,3899484.865225837,5761
36,424,3899484.865682838,5761
56,424,3899484.866686324,5761
51,424,3899484.867138985,5761
60,424,3899484.867602817,5761
63,424,3899484.868096619,5761
53,424,3899484.868562791,5761
59,424,3899484.869016232,5761
61,424,3899484.869459864,5761
62,424,3899484.869893555,5761
54,424,3899484.870354626,5761
52,424,3899484.870788807,5761
65,424,3899484.871255899,5761
58,424,3899484.871688960,5761
50,424,3899484.872142812,5761
64,424,3899484.872602673,5761
57,424,3899484.873042444,5761
55,424,3899484.873509616,5761
68,424,3899484.874981774,5761
80,424,3899484.875440205,5761
70,424,3899484.875904217,5761
81,424,3899484.876351648,5761
69,424,3899484.876810580,5761
67,424,3899484.877249641,5761
66,424,3899484.877670542,5761
75,424,3899484.878105313,5761
74,424,3899484.878532633,5761
78,424,3899484.878951574,5761
72,424,3899484.879454276,5761
79,424,3899484.879874317,5761
76,424,3899484.880316688,5761
71,424,3899484.880754980,5761
73,424,3899484.881209731,5761
77,424,3899484.881634132,5761
88,424,3899484.882081493,5761
94,424,3899484.882533654,5761
82,424,3899484.882984076,5761
91,424,3899484.883425687,5761
92,424,3899484.883891169,5761
98,424,3899484.884314870,5761
86,424,3899484.884730680,5761
85,424,3899484.885161791,5761
84,424,3899484.885582762,5761
96,424,3899484.885991032,5761
95,424,3899484.886413983,5761
97,424,3899484.886811662,5761
87,424,3899484.887217083,5761
83,424,3899484.887650464,5761
89,424,3899484.888111335,5761
93,424,3899484.888543546,5761
110,424,3899484.889438599,5761
106,424,3899484.889863700,5761
105,424,3899484.890285590,5761
102,424,3899484.890735052,5761
109,424,3899484.891152622,5761
99,424,3899484.891561543,5761
111,424,3899484.891968533,5761
113,424,3899484.892395904,5761
112,424,3899484.892821185,5761
107,424,3899484.893264476,5761
115,424,3899484.893691107,5761
104,424,3899484.894155218,5761
114,424,3899484.894605410,5761
103,424,3899484.895032681,5761
116,424,3899484.895440841,5761
101,424,3899484.895882952,5761
120,424,3899484.896322423,5761
118,424,3899484.896745314,5761
124,424,3899484.897177685,5761
122,424,3899484.897582035,5761
117,424,3899484.898022886,5761
125,424,3899484.898431536,5761
123,424,3899484.898868127,5761
119,424,3899484.899317049,5761
121,424,3899484.899747440,5761
126,424,3899484.900202251,5761
127,424,3899485.253866806,5057
6,424,3899485.694536881,5825
2,424,3899485.695225448,5825
4,424,3899485.695690710,5825
11,424,3899485.696370997,5825
3,424,3899485.696851430,5825
0,424,3899485.697314241,5825
5,424,3899485.697728212,5825
7,424,3899485.698207374,5825
10,424,3899485.698645005,5825
1,424,3899485.699102237,5825
13,424,3899485.699544328,5825
9,424,3899485.699988989,5825
12,424,3899485.700419250,5825
14,424,3899485.700860771,5825
15,424,3899485.701330393,5825
8,424,3899485.701765174,5825
17,424,3899485.702758059,5825
29,424,3899485.703272682,5825
16,424,3899485.703710513,5825
19,424,3899485.704136014,5825
31,424,3899485.704549304,5825
32,424,3899485.704997906,5825
23,424,3899485.705424626,5825
33,424,3899485.705896838,5825
18,424,3899485.706327499,5825
21,424,3899485.706741020,5825
30,424,3899485.707162810,5825
28,424,3899485.707575991,5825
26,424,3899485.708021022,5825
25,424,3899485.708468543,5825
27,424,3899485.708908785,5825
20,424,3899485.709353356,5825
41,424,3899485.709792517,5825
35,424,3899485.710239068,5825
38,424,3899485.710683059,5825
46,424,3899485.711122730,5825
39,424,3899485.711554661,5825
45,424,3899485.711998743,5825
42,424,3899485.712439904,5825
48,424,3899485.712886785,5825
40,424,3899485.713320766,5825
49,424,3899485.713782818,5825
43,424,3899485.714201798,5825
37,424,3899485.714634009,5825
44,424,3899485.715046380,5825
34,424,3899485.715465990,5825
47,424,3899485.715873871,5825
36,424,3899485.716310212,5825
56,424,3899485.717091881,5825
51,424,3899485.717545533,5825
60,424,3899485.718011855,5825
63,424,3899485.718488837,5825
53,424,3899485.718952169,5825
59,424,3899485.720948559,5825
61,424,3899485.721407521,5825
62,424,3899485.721851442,5825
54,424,3899485.722323974,5825
52,424,3899485.722769405,5825
65,424,3899485.723244307,5825
58,424,3899485.723697329,5825
50,424,3899485.724161820,5825
64,424,3899485.724627342,5825
57,424,3899485.725083914,5825
55,424,3899485.725555896,5825
68,424,3899485.726012137,5825
80,424,3899485.726451078,5825
70,424,3899485.726920070,5825
81,424,3899485.727380772,5825
69,424,3899485.727857804,5825
67,424,3899485.728306885,5825
66,424,3899485.728744196,5825
75,424,3899485.729193127,5825
74,424,3899485.729628739,5825
78,424,3899485.730102161,5825
72,424,3899485.730571133,5825
79,424,3899485.730993193,5825
76,424,3899485.731442924,5825
71,424,3899485.731863675,5825
73,424,3899485.732312597,5825
77,424,3899485.732729547,5825
88,424,3899485.733190449,5825
94,424,3899485.733646930,5825
82,424,3899485.734107162,5825
91,424,3899485.734545713,5825
92,424,3899485.735011705,5825
98,424,3899485.735428325,5825
86,424,3899485.735848796,5825
85,424,3899485.736326218,5825
84,424,3899485.736748719,5825
96,424,3899485.737179920,5825
95,424,3899485.737605160,5825
97,424,3899485.738021031,5825
87,424,3899485.738418491,5825
83,424,3899485.738853142,5825
89,424,3899485.739322294,5825
93,424,3899485.739749654,5825
110,424,3899485.740198606,5825
106,424,3899485.740616636,5825
105,424,3899485.741037427,5825
102,424,3899485.741492159,5825
109,424,3899485.741908139,5825
99,424,3899485.742331200,5825
111,424,3899485.742745280,5825
113,424,3899485.743171401,5825
112,424,3899485.743589412,5825
107,424,3899485.744012402,5825
115,424,3899485.744456134,5825
104,424,3899485.744916725,5825
114,424,3899485.745387517,5825
103,424,3899485.745816808,5825
116,424,3899485.746240269,5825
101,424,3899485.746691130,5825
120,424,3899485.747136041,5825
118,424,3899485.747561222,5825
124,424,3899485.747994163,5825
122,424,3899485.748427994,5825
117,424,3899485.748866025,5825
125,424,3899485.749285066,5825
123,424,3899485.749718257,5825
119,424,3899485.750170208,5825
121,424,3899485.750605829,5825
126,424,3899485.751027910,5825
127,424,3899486.182876372,5121
6,424,3899486.626075761,5889
2,424,3899486.626608064,5889
4,424,3899486.627076926,5889
11,424,3899486.627783664,5889
3,424,3899486.628270056,5889
0,424,3899486.628722658,5889
5,424,3899486.629154379,5889
7,424,3899486.629623291,5889
10,424,3899486.630074222,5889
1,424,3899486.630528573,5889
13,424,3899486.630971514,5889
9,424,3899486.631420856,5889
12,424,3899486.631852747,5889
14,424,3899486.632313639,5889
15,424,3899486.632764360,5889
8,424,3899486.633198291,5889
17,424,3899486.634494584,5889
29,424,3899486.635036668,5889
16,424,3899486.635488349,5889
19,424,3899486.635906329,5889
31,424,3899486.636335410,5889
32,424,3899486.636791922,5889
23,424,3899486.637221963,5889
33,424,3899486.637701555,5889
18,424,3899486.638140716,5889
21,424,3899486.638562997,5889
30,424,3899486.638975957,5889
28,424,3899486.639410358,5889
26,424,3899486.639848559,5889
25,424,3899486.640304390,5889
27,424,3899486.640750392,5889
20,424,3899486.641197053,5889
41,424,3899486.641641095,5889
35,424,3899486.642086106,5889
38,424,3899486.642543127,5889
46,424,3899486.642987298,5889
39,424,3899486.643436760,5889
45,424,3899486.643886051,5889
42,424,3899486.644333123,5889
48,424,3899486.644787514,5889
40,424,3899486.645216055,5889
49,424,3899486.645692067,5889
43,424,3899486.646117858,5889
37,424,3899486.646556899,5889
44,424,3899486.646974769,5889
34,424,3899486.647398970,5889
47,424,3899486.647812440,5889
36,424,3899486.648299883,5889
56,424,3899486.649174565,5889
51,424,3899486.649632966,5889
60,424,3899486.650104958,5889
63,424,3899486.650582850,5889
53,424,3899486.651069443,5889
59,424,3899486.651500344,5889
61,424,3899486.651932565,5889
62,424,3899486.652367996,5889
54,424,3899486.652819697,5889
52,424,3899486.653273919,5889
65,424,3899486.653738550,5889
58,424,3899486.655720120,5889
50,424,3899486.656208943,5889
64,424,3899486.656702685,5889
57,424,3899486.657155797,5889
55,424,3899486.657631289,5889
68,424,3899486.658089880,5889
80,424,3899486.658531922,5889
70,424,3899486.658999963,5889
81,424,3899486.659451155,5889
69,424,3899486.659927797,5889
67,424,3899486.660389038,5889
66,424,3899486.660825410,5889
75,424,3899486.661275131,5889
74,424,3899486.661708272,5889
78,424,3899486.662181184,5889
72,424,3899486.662645006,5889
79,424,3899486.663075486,5889
76,424,3899486.663517918,5889
71,424,3899486.663940599,5889
73,424,3899486.664383350,5889
77,424,3899486.664800440,5889
88,424,3899486.665252492,5889
94,424,3899486.665714223,5889
82,424,3899486.666174655,5889
91,424,3899486.666614006,5889
92,424,3899486.667088158,5889
98,424,3899486.667506998,5889
86,424,3899486.667935629,5889
85,424,3899486.668432742,5889
84,424,3899486.668852303,5889
96,424,3899486.669283754,5889
95,424,3899486.669713714,5889
97,424,3899486.670130705,5889
87,424,3899486.670529035,5889
83,424,3899486.670961866,5889
89,424,3899486.671429528,5889
93,424,3899486.671860489,5889
110,424,3899486.672304330,5889
106,424,3899486.672724221,5889
105,424,3899486.673143091,5889
102,424,3899486.673596163,5889
109,424,3899486.674018793,5889
99,424,3899486.674434024,5889
111,424,3899486.674849164,5889
113,424,3899486.675277505,5889
112,424,3899486.675694646,5889
107,424,3899486.676124597,5889
115,424,3899486.676553498,5889
104,424,3899486.677025489,5889
114,424,3899486.677480131,5889
103,424,3899486.677906841,5889
116,424,3899486.678328752,5889
101,424,3899486.678781914,5889
120,424,3899486.679227815,5889
118,424,3899486.679654886,5889
124,424,3899486.680092447,5889
122,424,3899486.680510858,5889
117,424,3899486.680957189,5889
125,424,3899486.681379729,5889
123,424,3899486.681813591,5889
119,424,3899486.682268602,5889
121,424,3899486.682707813,5889
126,424,3899486.683130794,5889
127,424,3899487.261960173,5185
6,424,3899487.773196993,5953
2,424,3899487.773773277,5953
4,424,3899487.774243969,5953
11,424,3899487.774950287,5953
3,424,3899487.775432849,5953
0,424,3899487.775889721,5953
5,424,3899487.776320421,5953
7,424,3899487.776802004,5953
10,424,3899487.777253565,5953
1,424,3899487.777696206,5953
13,424,3899487.778146938,5953
9,424,3899487.778599509,5953
12,424,3899487.779034290,5953
14,424,3899487.779478871,5953
15,424,3899487.779931463,5953
8,424,3899487.780372064,5953
17,424,3899487.781704277,5953
29,424,3899487.782241931,5953
16,424,3899487.782686722,5953
19,424,3899487.783119713,5953
31,424,3899487.783544664,5953
32,424,3899487.784017516,5953
23,424,3899487.784441987,5953
33,424,3899487.784922289,5953
18,424,3899487.785362100,5953
21,424,3899487.785779891,5953
30,424,3899487.786204341,5953
28,424,3899487.786627042,5953
26,424,3899487.787078533,5953
25,424,3899487.787529845,5953
27,424,3899487.787973756,5953
20,424,3899487.788420307,5953
41,424,3899487.788861218,5953
35,424,3899487.789303490,5953
38,424,3899487.789750851,5953
46,424,3899487.790206603,5953
39,424,3899487.790646064,5953
45,424,3899487.791103515,5953
42,424,3899487.791536316,5953
48,424,3899487.791988838,5953
40,424,3899487.792417799,5953
49,424,3899487.792889971,5953
43,424,3899487.793324711,5953
37,424,3899487.793766253,5953
44,424,3899487.794191203,5953
34,424,3899487.794608094,5953
47,424,3899487.795037095,5953
36,424,3899487.795473456,5953
56,424,3899487.796538233,5953
51,424,3899487.796991624,5953
60,424,3899487.797478376,5953
63,424,3899487.797964859,5953
53,424,3899487.798456791,5953
59,424,3899487.798899172,5953
61,424,3899487.799346004,5953
62,424,3899487.799780085,5953
54,424,3899487.800252697,5953
52,424,3899487.800698368,5953
65,424,3899487.801174200,5953
58,424,3899487.801622781,5953
50,424,3899487.802087093,5953
64,424,3899487.802551545,5953
57,424,3899487.804551935,5953
55,424,3899487.805058208,5953
68,424,3899487.805528090,5953
80,424,3899487.805973541,5953
70,424,3899487.806450343,5953
81,424,3899487.806889165,5953
69,424,3899487.807378047,5953
67,424,3899487.807826528,5953
66,424,3899487.808283900,5953
75,424,3899487.808727911,5953
74,424,3899487.809177063,5953
78,424,3899487.809647374,5953
72,424,3899487.810120986,5953
79,424,3899487.810541137,5953
76,424,3899487.810985658,5953
71,424,3899487.811419379,5953
73,424,3899487.811858850,5953
77,424,3899487.812293561,5953
88,424,3899487.812742582,5953
94,424,3899487.813206494,5953
82,424,3899487.813665436,5953
91,424,3899487.814113627,5953
92,424,3899487.814581389,5953
98,424,3899487.815011480,5953
86,424,3899487.815438031,5953
85,424,3899487.815910383,5953
84,424,3899487.816342453,5953
96,424,3899487.816769694,5953
95,424,3899487.817215906,5953
97,424,3899487.817637866,5953
87,424,3899487.818049927,5953
83,424,3899487.818488638,5953
89,424,3899487.818952599,5953
93,424,3899487.819399101,5953
110,424,3899487.819836682,5953
106,424,3899487.820264103,5953
105,424,3899487.820694914,5953
102,424,3899487.821154565,5953
109,424,3899487.821571916,5953
99,424,3899487.821991287,5953
111,424,3899487.822420127,5953
113,424,3899487.822846678,5953
112,424,3899487.823280599,5953
107,424,3899487.823699960,5953
115,424,3899487.824142691,5953
104,424,3899487.824604333,5953
114,424,3899487.825078714,5953
103,424,3899487.825509636,5953
116,424,3899487.825930516,5953
101,424,3899487.826398598,5953
120,424,3899487.826836699,5953
118,424,3899487.827272550,5953
124,424,3899487.827708631,5953
122,424,3899487.828135032,5953
117,424,3899487.828583643,5953
125,424,3899487.829010394,5953
123,424,3899487.829448075,5953
119,424,3899487.829893226,5953
121,424,3899487.830341958,5953
126,424,3899487.830765578,5953
127,424,3899488.188694711,5249
6,424,3899489.144226076,6017
2,424,3899489.144809651,6017
4,424,3899489.145282263,6017
11,424,3899489.145994221,6017
3,424,3899489.146476773,6017
0,424,3899489.146933075,6017
5,424,3899489.147362086,6017
7,424,3899489.147845058,6017
10,424,3899489.148305270,6017
1,424,3899489.148750941,6017
13,424,3899489.149200552,6017
9,424,3899489.149659214,6017
12,424,3899489.150095185,6017
14,424,3899489.150540606,6017
15,424,3899489.151013758,6017
8,424,3899489.151455119,6017
17,424,3899489.152429684,6017
29,424,3899489.152930877,6017
16,424,3899489.153395799,6017
19,424,3899489.153819869,6017
31,424,3899489.154244750,6017
32,424,3899489.154706081,6017
23,424,3899489.155140703,6017
33,424,3899489.155622805,6017
18,424,3899489.156067226,6017
21,424,3899489.156489057,6017
30,424,3899489.156904257,6017
28,424,3899489.157333658,6017
26,424,3899489.157778819,6017
25,424,3899489.158236121,6017
27,424,3899489.158684522,6017
20,424,3899489.159131693,6017
41,424,3899489.159575065,6017
35,424,3899489.160019196,6017
38,424,3899489.160471267,6017
46,424,3899489.160914919,6017
39,424,3899489.161828682,6017
45,424,3899489.162302564,6017
42,424,3899489.162745105,6017
48,424,3899489.163212207,6017
40,424,3899489.163649348,6017
49,424,3899489.164130080,6017
43,424,3899489.164564181,6017
37,424,3899489.165024982,6017
44,424,3899489.165452543,6017
34,424,3899489.165869064,6017
47,424,3899489.166299725,6017
36,424,3899489.166742206,6017
56,424,3899489.168577672,6017
51,424,3899489.169046684,6017
60,424,3899489.169518336,6017
63,424,3899489.170022469,6017
53,424,3899489.170511541,6017
59,424,3899489.170952823,6017
61,424,3899489.171415644,6017
62,424,3899489.171855695,6017
54,424,3899489.172320897,6017
52,424,3899489.172767198,6017
65,424,3899489.173248561,6017
58,424,3899489.173708132,6017
50,424,3899489.174186094,6017
64,424,3899489.174668846,6017
57,424,3899489.175138218,6017
55,424,3899489.175631441,6017
68,424,3899489.176100122,6017
80,424,3899489.176548234,6017
70,424,3899489.177024876,6017
81,424,3899489.177463557,6017
69,424,3899489.177936989,6017
67,424,3899489.178398081,6017
66,424,3899489.178846682,6017
75,424,3899489.179310694,6017
74,424,3899489.179752325,6017
78,424,3899489.180239957,6017
72,424,3899489.180712939,6017
79,424,3899489.181143250,6017
76,424,3899489.181587212,6017
71,424,3899489.182022683,6017
73,424,3899489.182464014,6017
77,424,3899489.182888774,6017
88,424,3899489.183352006,6017
94,424,3899489.183813768,6017
82,424,3899489.184277520,6017
91,424,3899489.184733351,6017
92,424,3899489.185216093,6017
98,424,3899489.185636814,6017
86,424,3899489.186076835,6017
85,424,3899489.186555067,6017
84,424,3899489.186983658,6017
96,424,3899489.187423849,6017
95,424,3899489.187862840,6017
97,424,3899489.188299571,6017
87,424,3899489.188711332,6017
83,424,3899489.189160993,6017
89,424,3899489.189628165,6017
93,424,3899489.190073006,6017
110,424,3899489.191411500,6017
106,424,3899489.191846951,6017
105,424,3899489.192277112,6017
102,424,3899489.192746854,6017
109,424,3899489.193177805,6017
99,424,3899489.193605695,6017
111,424,3899489.194043687,6017
113,424,3899489.194471157,6017
112,424,3899489.194896388,6017
107,424,3899489.195327089,6017
115,424,3899489.195763790,6017
104,424,3899489.196238712,6017
114,424,3899489.196697334,6017
103,424,3899489.197139995,6017
116,424,3899489.197568146,6017
101,424,3899489.198030817,6017
120,424,3899489.198475119,6017
118,424,3899489.198906030,6017
124,424,3899489.199357301,6017
122,424,3899489.199777872,6017
117,424,3899489.200230573,6017
125,424,3899489.200653003,6017
123,424,3899489.201103915,6017
119,424,3899489.201554756,6017
121,424,3899489.201993668,6017
126,424,3899489.202426399,6017
127,424,3899489.560073984,5313
6,424,3899490.008290999,6081
2,424,3899490.008843473,6081
4,424,3899490.009609322,6081
11,424,3899490.010087745,6081
3,424,3899490.010562386,6081
0,424,3899490.011023038,6081
5,424,3899490.011442459,6081
7,424,3899490.011933661,6081
10,424,3899490.012412123,6081
1,424,3899490.012866325,6081
13,424,3899490.013324796,6081
9,424,3899490.013778608,6081
12,424,3899490.014217839,6081
14,424,3899490.014671010,6081
15,424,3899490.015137482,6081
8,424,3899490.015575103,6081
17,424,3899490.016847985,6081
29,424,3899490.017350498,6081
16,424,3899490.017813710,6081
19,424,3899490.018255661,6081
31,424,3899490.018669422,6081
32,424,3899490.019139483,6081
23,424,3899490.019568304,6081
33,424,3899490.020065927,6081
18,424,3899490.020502038,6081
21,424,3899490.020924989,6081
30,424,3899490.021356459,6081
28,424,3899490.021784450,6081
26,424,3899490.022244032,6081
25,424,3899490.022703084,6081
27,424,3899490.023165565,6081
20,424,3899490.023611316,6081
41,424,3899490.024066948,6081
35,424,3899490.024508989,6081
38,424,3899490.024963351,6081
46,424,3899490.025418602,6081
39,424,3899490.025864764,6081
45,424,3899490.026337965,6081
42,424,3899490.026780757,6081
48,424,3899490.027250568,6081
40,424,3899490.027681250,6081
49,424,3899490.028167792,6081
43,424,3899490.028596543,6081
37,424,3899490.029048334,6081
44,424,3899490.029476145,6081
34,424,3899490.029895035,6081
47,424,3899490.030323356,6081
36,424,3899490.030763597,6081
56,424,3899490.031653200,6081
51,424,3899490.032119842,6081
60,424,3899490.032602034,6081
63,424,3899490.033088956,6081
53,424,3899490.033577808,6081
59,424,3899490.035917928,6081
61,424,3899490.036413100,6081
62,424,3899490.036870532,6081
54,424,3899490.037346514,6081
52,424,3899490.037798085,6081
65,424,3899490.038283758,6081
58,424,3899490.038745239,6081
50,424,3899490.039230242,6081
64,424,3899490.039714834,6081
57,424,3899490.040188706,6081
55,424,3899490.040675628,6081
68,424,3899490.041159491,6081
80,424,3899490.041611952,6081
70,424,3899490.042106914,6081
81,424,3899490.042565356,6081
69,424,3899490.043052008,6081
67,424,3899490.043503680,6081
66,424,3899490.043956161,6081
75,424,3899490.044424623,6081
74,424,3899490.044878824,6081
78,424,3899490.045366457,6081
72,424,3899490.045838389,6081
79,424,3899490.046271340,6081
76,424,3899490.046719931,6081
71,424,3899490.047153172,6081
73,424,3899490.047602243,6081
77,424,3899490.048046905,6081
88,424,3899490.048509356,6081
94,424,3899490.048977838,6081
82,424,3899490.049447700,6081
91,424,3899490.049889861,6081
92,424,3899490.050377344,6081
98,424,3899490.050801694,6081
86,424,3899490.051242005,6081
85,424,3899490.051724147,6081
84,424,3899490.052165059,6081
96,424,3899490.052603400,6081
95,424,3899490.053053111,6081
97,424,3899490.053482872,6081
87,424,3899490.053899402,6081
83,424,3899490.054360974,6081
89,424,3899490.054837036,6081
93,424,3899490.055294768,6081
110,424,3899490.055740899,6081
106,424,3899490.056193111,6081
105,424,3899490.056616651,6081
102,424,3899490.057083753,6081
109,424,3899490.057510624,6081
99,424,3899490.057934435,6081
111,424,3899490.058372256,6081
113,424,3899490.058824717,6081
112,424,3899490.059262768,6081
107,424,3899490.059693649,6081
115,424,3899490.060143280,6081
104,424,3899490.060615283,6081
114,424,3899490.061093404,6081
103,424,3899490.061534666,6081
116,424,3899490.061963646,6081
101,424,3899490.062439609,6081
120,424,3899490.062889830,6081
118,424,3899490.063344032,6081
124,424,3899490.063788543,6081
122,424,3899490.064226944,6081
117,424,3899490.064681195,6081
125,424,3899490.065114946,6081
123,424,3899490.065564357,6081
119,424,3899490.066035269,6081
121,424,3899490.066481581,6081
126,424,3899490.066904102,6081
127,424,3899490.445466545,5377
6,424,3899491.037979250,6145
2,424,3899491.038606526,6145
4,424,3899491.039085128,6145
11,424,3899491.040945565,6145
3,424,3899491.041565301,6145
0,424,3899491.042073184,6145
5,424,3899491.042513585,6145
7,424,3899491.043027238,6145
10,424,3899491.043491749,6145
1,424,3899491.043964752,6145
13,424,3899491.044444084,6145
9,424,3899491.044907936,6145
12,424,3899491.045357657,6145
14,424,3899491.045817908,6145
15,424,3899491.046297460,6145
8,424,3899491.046742802,6145
17,424,3899491.048183208,6145
29,424,3899491.048718492,6145
16,424,3899491.049187264,6145
19,424,3899491.049620455,6145
31,424,3899491.050051486,6145
32,424,3899491.050525107,6145
23,424,3899491.050976389,6145
33,424,3899491.051500492,6145
18,424,3899491.051954894,6145
21,424,3899491.052400705,6145
30,424,3899491.052829046,6145
28,424,3899491.053269927,6145
26,424,3899491.053722828,6145
25,424,3899491.054192410,6145
27,424,3899491.054657122,6145
20,424,3899491.055118174,6145
41,424,3899491.055577675,6145
35,424,3899491.056035427,6145
38,424,3899491.056496978,6145
46,424,3899491.056948630,6145
39,424,3899491.057413732,6145
45,424,3899491.057877233,6145
42,424,3899491.058340855,6145
48,424,3899491.058813567,6145
40,424,3899491.059257858,6145
49,424,3899491.059744120,6145
43,424,3899491.060183132,6145
37,424,3899491.060635743,6145
44,424,3899491.061068024,6145
34,424,3899491.061505275,6145
47,424,3899491.061931636,6145
36,424,3899491.062390578,6145
56,424,3899491.065097916,6145
51,424,3899491.065572088,6145
60,424,3899491.066070500,6145
63,424,3899491.066563373,6145
53,424,3899491.067063006,6145
59,424,3899491.067526548,6145
61,424,3899491.067989949,6145
62,424,3899491.068453081,6145
54,424,3899491.068933573,6145
52,424,3899491.069394575,6145
65,424,3899491.069870047,6145
58,424,3899491.070346199,6145
50,424,3899491.070825371,6145
64,424,3899491.071325673,6145
57,424,3899491.071792535,6145
55,424,3899491.072295748,6145
68,424,3899491.072779140,6145
80,424,3899491.073246212,6145
70,424,3899491.073725334,6145
81,424,3899491.074183016,6145
69,424,3899491.074665238,6145
67,424,3899491.075130730,6145
66,424,3899491.075584411,6145
75,424,3899491.076052783,6145
74,424,3899491.076510725,6145
78,424,3899491.077011797,6145
72,424,3899491.077494000,6145
79,424,3899491.077926151,6145
76,424,3899491.078383402,6145
71,424,3899491.078814943,6145
73,424,3899491.079262744,6145
77,424,3899491.079701495,6145
88,424,3899491.080170447,6145
94,424,3899491.080642959,6145
82,424,3899491.081122301,6145
91,424,3899491.081571532,6145
92,424,3899491.082050575,6145
98,424,3899491.082490156,6145
86,424,3899491.082929507,6145
85,424,3899491.083425259,6145
84,424,3899491.083866941,6145
96,424,3899491.084316842,6145
95,424,3899491.084765333,6145
97,424,3899491.085208225,6145
87,424,3899491.085627855,6145
83,424,3899491.086094637,6145
89,424,3899491.086594230,6145
93,424,3899491.087049441,6145
110,424,3899491.087499993,6145
106,424,3899491.087934193,6145
105,424,3899491.088381525,6145
102,424,3899491.088855177,6145
109,424,3899491.089288528,6145
99,424,3899491.089720169,6145
111,424,3899491.090157300,6145
113,424,3899491.090599431,6145
112,424,3899491.091044332,6145
107,424,3899491.091477033,6145
115,424,3899491.091924525,6145
104,424,3899491.092406767,6145
114,424,3899491.093345150,6145
103,424,3899491.093799512,6145
116,424,3899491.094241733,6145
101,424,3899491.094716425,6145
120,424,3899491.095399722,6145
118,424,3899491.095855434,6145
124,424,3899491.096315356,6145
122,424,3899491.096744586,6145
117,424,3899491.097214488,6145
125,424,3899491.097646609,6145
123,424,3899491.098108341,6145
119,424,3899491.098570622,6145
121,424,3899491.099030014,6145
126,424,3899491.099463485,6145
127,424,3899491.591252522,5441
6,424,3899492.057203906,6209
2,424,3899492.057805612,6209
4,424,3899492.058293304,6209
11,424,3899492.059070984,6209
3,424,3899492.059581577,6209
0,424,3899492.060067839,6209
5,424,3899492.060502980,6209
7,424,3899492.061016023,6209
10,424,3899492.061476825,6209
1,424,3899492.061952566,6209
13,424,3899492.062436959,6209
9,424,3899492.062902230,6209
12,424,3899492.063355542,6209
14,424,3899492.063815124,6209
15,424,3899492.064296946,6209
8,424,3899492.064742377,6209
17,424,3899492.066142212,6209
29,424,3899492.066685666,6209
16,424,3899492.067162028,6209
19,424,3899492.067596679,6209
31,424,3899492.068056811,6209
32,424,3899492.068531553,6209
23,424,3899492.068982704,6209
33,424,3899492.069512778,6209
18,424,3899492.069959599,6209
21,424,3899492.070409171,6209
30,424,3899492.070839381,6209
28,424,3899492.071288533,6209
26,424,3899492.071746094,6209
25,424,3899492.072222056,6209
27,424,3899492.072688788,6209
20,424,3899492.073156950,6209
41,424,3899492.073621392,6209
35,424,3899492.074081943,6209
38,424,3899492.074547315,6209
46,424,3899492.075012437,6209
39,424,3899492.075469518,6209
45,424,3899492.075935330,6209
42,424,3899492.076393282,6209
48,424,3899492.076868224,6209
40,424,3899492.077313985,6209
49,424,3899492.077803567,6209
43,424,3899492.078245129,6209
37,424,3899492.078704150,6209
44,424,3899492.079143921,6209
34,424,3899492.079575382,6209
47,424,3899492.080021734,6209
36,424,3899492.080473475,6209
56,424,3899492.081691046,6209
51,424,3899492.082181158,6209
60,424,3899492.082678001,6209
63,424,3899492.083173073,6209
53,424,3899492.083662635,6209
59,424,3899492.084118667,6209
61,424,3899492.084580089,6209
62,424,3899492.085043941,6209
54,424,3899492.085519862,6209
52,424,3899492.085989904,6209
65,424,3899492.086474887,6209
58,424,3899492.086933078,6209
50,424,3899492.087414170,6209
64,424,3899492.087904543,6209
57,424,3899492.088381215,6209
55,424,3899492.088879458,6209
68,424,3899492.091207886,6209
80,424,3899492.091696399,6209
70,424,3899492.092200371,6209
81,424,3899492.092658053,6209
69,424,3899492.093165726,6209
67,424,3899492.093638568,6209
66,424,3899492.094099650,6209
75,424,3899492.094564421,6209
74,424,3899492.095036813,6209
78,424,3899492.095536196,6209
72,424,3899492.096041439,6209
79,424,3899492.096476100,6209
76,424,3899492.096929391,6209
71,424,3899492.097367512,6209
73,424,3899492.097815073,6209
77,424,3899492.098254155,6209
88,424,3899492.098724996,6209
94,424,3899492.099212319,6209
82,424,3899492.099684991,6209
91,424,3899492.100150883,6209
92,424,3899492.100631785,6209
98,424,3899492.101069196,6209
86,424,3899492.101511947,6209
85,424,3899492.102009140,6209
84,424,3899492.102447801,6209
96,424,3899492.102981614,6209
95,424,3899492.103741123,6209
97,424,3899492.104434571,6209
87,424,3899492.104970885,6209
83,424,3899492.105456577,6209
89,424,3899492.105950319,6209
93,424,3899492.106424501,6209
110,424,3899492.106877553,6209
106,424,3899492.107326444,6209
105,424,3899492.107756365,6209
102,424,3899492.108240147,6209
109,424,3899492.108669578,6209
99,424,3899492.109108909,6209
111,424,3899492.109546000,6209
113,424,3899492.109983541,6209
112,424,3899492.110432623,6209
107,424,3899492.110867264,6209
115,424,3899492.111327405,6209
104,424,3899492.111809358,6209
114,424,3899492.112292230,6209
103,424,3899492.112738201,6209
116,424,3899492.113182082,6209
101,424,3899492.113656374,6209
120,424,3899492.114139926,6209
118,424,3899492.114592908,6209
124,424,3899492.115057849,6209
122,424,3899492.115495771,6209
117,424,3899492.115955082,6209
125,424,3899492.116393053,6209
123,424,3899492.116842115,6209
119,424,3899492.117317117,6209
121,424,3899492.117773218,6209
126,424,3899492.118217669,6209
127,424,3899492.513172118,5505
6,424,3899493.138401220,6273
2,424,3899493.138987175,6273
4,424,3899493.139477607,6273
11,424,3899493.140137754,6273
3,424,3899493.140633606,6273
0,424,3899493.141106638,6273
5,424,3899493.141541659,6273
7,424,3899493.142046112,6273
10,424,3899493.142507073,6273
1,424,3899493.142968555,6273
13,424,3899493.143440417,6273
9,424,3899493.143915059,6273
12,424,3899493.144363771,6273
14,424,3899493.144824622,6273
15,424,3899493.145303314,6273
8,424,3899493.145751036,6273
17,424,3899493.146674249,6273
29,424,3899493.147183592,6273
16,424,3899493.147645203,6273
19,424,3899493.148088395,6273
31,424,3899493.148515676,6273
32,424,3899493.148986577,6273
23,424,3899493.149432269,6273
33,424,3899493.149930071,6273
18,424,3899493.150385683,6273
21,424,3899493.150820404,6273
30,424,3899493.151261695,6273
28,424,3899493.151700496,6273
26,424,3899493.152167038,6273
25,424,3899493.152634240,6273
27,424,3899493.153113382,6273
20,424,3899493.153570244,6273
41,424,3899493.154041545,6273
35,424,3899493.154495737,6273
38,424,3899493.154962079,6273
46,424,3899493.155425660,6273
39,424,3899493.155882472,6273
45,424,3899493.156359964,6273
42,424,3899493.156810975,6273
48,424,3899493.157288638,6273
40,424,3899493.157734389,6273
49,424,3899493.158235962,6273
43,424,3899493.158672322,6273
37,424,3899493.159135174,6273
44,424,3899493.159562525,6273
34,424,3899493.159990716,6273
47,424,3899493.160428527,6273
36,424,3899493.160888998,6273
56,424,3899493.163123835,6273
51,424,3899493.163603757,6273
60,424,3899493.164108040,6273
63,424,3899493.164608432,6273
53,424,3899493.165115145,6273
59,424,3899493.165569097,6273
61,424,3899493.166028419,6273
62,424,3899493.166489410,6273
54,424,3899493.166967442,6273
52,424,3899493.167503606,6273
65,424,3899493.168377088,6273
58,424,3899493.169159618,6273
50,424,3899493.169695281,6273
64,424,3899493.170207874,6273
57,424,3899493.170690676,6273
55,424,3899493.171206359,6273
68,424,3899493.171691992,6273
80,424,3899493.172171754,6273
70,424,3899493.172671047,6273
81,424,3899493.173135888,6273
69,424,3899493.173627261,6273
67,424,3899493.174098823,6273
66,424,3899493.174552154,6273
75,424,3899493.175022296,6273
74,424,3899493.175483807,6273
78,424,3899493.175981840,6273
72,424,3899493.176482443,6273
79,424,3899493.176927114,6273
76,424,3899493.177391626,6273
71,424,3899493.177823457,6273
73,424,3899493.178277338,6273
77,424,3899493.178712939,6273
88,424,3899493.179187341,6273
94,424,3899493.179669564,6273
82,424,3899493.180151396,6273
91,424,3899493.180615137,6273
92,424,3899493.181108650,6273
98,424,3899493.181539501,6273
86,424,3899493.181980912,6273
85,424,3899493.182486845,6273
84,424,3899493.182929796,6273
96,424,3899493.183387218,6273
95,424,3899493.183842649,6273
97,424,3899493.184287150,6273
87,424,3899493.184712441,6273
83,424,3899493.185187073,6273
89,424,3899493.185678265,6273
93,424,3899493.186143427,6273
110,424,3899493.186603759,6273
106,424,3899493.187048320,6273
105,424,3899493.187479491,6273
102,424,3899493.187949873,6273
109,424,3899493.188388674,6273
99,424,3899493.188821005,6273
111,424,3899493.189261536,6273
113,424,3899493.189704097,6273
112,424,3899493.190146228,6273
107,424,3899493.190583629,6273
115,424,3899493.191043681,6273
104,424,3899493.191526813,6273
114,424,3899493.192011325,6273
103,424,3899493.192461017,6273
116,424,3899493.192897508,6273
101,424,3899493.193384100,6273
120,424,3899493.193844842,6273
118,424,3899493.194305554,6273
124,424,3899493.194772495,6273
122,424,3899493.195214817,6273
117,424,3899493.195682178,6273
125,424,3899493.196124450,6273
123,424,3899493.196581561,6273
119,424,3899493.197053933,6273
121,424,3899493.197511595,6273
126,424,3899493.197952736,6273
127,424,3899493.567564893,5569
6,424,3899494.026277714,6337
2,424,3899494.026937131,6337
4,424,3899494.027442793,6337
11,424,3899494.027917136,6337
3,424,3899494.029213028,6337
0,424,3899494.029865915,6337
5,424,3899494.030388258,6337
7,424,3899494.030962742,6337
10,424,3899494.031470995,6337
1,424,3899494.031955158,6337
13,424,3899494.032445640,6337
9,424,3899494.032936632,6337
12,424,3899494.033404834,6337
14,424,3899494.033881866,6337
15,424,3899494.034383909,6337
8,424,3899494.034851531,6337
17,424,3899494.036319818,6337
29,424,3899494.036843661,6337
16,424,3899494.037354774,6337
19,424,3899494.037808026,6337
31,424,3899494.038249667,6337
32,424,3899494.038753130,6337
23,424,3899494.039224011,6337
33,424,3899494.039755605,6337
18,424,3899494.040225437,6337
21,424,3899494.040668858,6337
30,424,3899494.041116159,6337
28,424,3899494.041571691,6337
26,424,3899494.042049103,6337
25,424,3899494.042528625,6337
27,424,3899494.043023907,6337
20,424,3899494.043493469,6337
41,424,3899494.044185207,6337
35,424,3899494.044694300,6337
38,424,3899494.045190132,6337
46,424,3899494.045661744,6337
39,424,3899494.046155997,6337
45,424,3899494.046643429,6337
42,424,3899494.047147192,6337
48,424,3899494.047636874,6337
40,424,3899494.048094856,6337
49,424,3899494.048602588,6337
43,424,3899494.049054480,6337
37,424,3899494.049523852,6337
44,424,3899494.049961863,6337
34,424,3899494.050414714,6337
47,424,3899494.050849715,6337
36,424,3899494.051321877,6337
56,424,3899494.053830491,6337
51,424,3899494.054381585,6337
60,424,3899494.054924218,6337
63,424,3899494.055445501,6337
53,424,3899494.055952234,6337
59,424,3899494.056426166,6337
61,424,3899494.056897768,6337
62,424,3899494.057384141,6337
54,424,3899494.057879643,6337
52,424,3899494.058382926,6337
65,424,3899494.058878728,6337
58,424,3899494.059377781,6337
50,424,3899494.059866473,6337
64,424,3899494.060388506,6337
57,424,3899494.060868679,6337
55,424,3899494.061390242,6337
68,424,3899494.061886615,6337
80,424,3899494.062382297,6337
70,424,3899494.062883970,6337
81,424,3899494.063393573,6337
69,424,3899494.063904495,6337
67,424,3899494.064385968,6337
66,424,3899494.064865810,6337
75,424,3899494.065356972,6337
74,424,3899494.065823584,6337
78,424,3899494.066327507,6337
72,424,3899494.066827879,6337
79,424,3899494.067290071,6337
76,424,3899494.067776324,6337
71,424,3899494.068229875,6337
73,424,3899494.068687127,6337
77,424,3899494.069137268,6337
88,424,3899494.069621720,6337
94,424,3899494.070120053,6337
82,424,3899494.070606875,6337
91,424,3899494.071081637,6337
92,424,3899494.071573560,6337
98,424,3899494.072026111,6337
86,424,3899494.072474162,6337
85,424,3899494.072968705,6337
84,424,3899494.073434376,6337
96,424,3899494.073888908,6337
95,424,3899494.074357300,6337
97,424,3899494.074822882,6337
87,424,3899494.075273663,6337
83,424,3899494.075749325,6337
89,424,3899494.076263148,6337
93,424,3899494.076733320,6337
110,424,3899494.077208152,6337
106,424,3899494.077660213,6337
105,424,3899494.078109985,6337
102,424,3899494.078590257,6337
109,424,3899494.079038618,6337
99,424,3899494.079482520,6337
111,424,3899494.079918220,6337
113,424,3899494.080371242,6337
112,424,3899494.080816183,6337
107,424,3899494.081269005,6337
115,424,3899494.081741257,6337
104,424,3899494.082240259,6337
114,424,3899494.082722881,6337
103,424,3899494.083203354,6337
116,424,3899494.083652075,6337
101,424,3899494.084158018,6337
120,424,3899494.085150313,6337
118,424,3899494.085684926,6337
124,424,3899494.086198129,6337
122,424,3899494.086664671,6337
117,424,3899494.087152943,6337
125,424,3899494.087604655,6337
123,424,3899494.088076657,6337
119,424,3899494.088547019,6337
121,424,3899494.089023031,6337
126,424,3899494.089471992,6337
127,424,3899494.458830373,5633
6,424,3899494.920896718,6401
2,424,3899494.921634897,6401
4,424,3899494.922132810,6401
11,424,3899494.922828527,6401
3,424,3899494.923356031,6401
0,424,3899494.923847213,6401
5,424,3899494.924309385,6401
7,424,3899494.924821388,6401
10,424,3899494.925307530,6401
1,424,3899494.925795012,6401
13,424,3899494.926282015,6401
9,424,3899494.926763627,6401
12,424,3899494.927221548,6401
14,424,3899494.927691030,6401
15,424,3899494.928187473,6401
8,424,3899494.928647235,6401
17,424,3899494.929895786,6401
29,424,3899494.930447500,6401
16,424,3899494.930920752,6401
19,424,3899494.931377584,6401
31,424,3899494.931816084,6401
32,424,3899494.932316117,6401
23,424,3899494.932772719,6401
33,424,3899494.933293472,6401
18,424,3899494.933751733,6401
21,424,3899494.934207585,6401
30,424,3899494.934651376,6401
28,424,3899494.935107278,6401
26,424,3899494.935582290,6401
25,424,3899494.936072082,6401
27,424,3899494.936554844,6401
20,424,3899494.937033647,6401
41,424,3899494.937505868,6401
35,424,3899494.937967430,6401
38,424,3899494.938461183,6401
46,424,3899494.938928484,6401
39,424,3899494.939409127,6401
45,424,3899494.939889849,6401
42,424,3899494.940367171,6401
48,424,3899494.940849163,6401
40,424,3899494.941309855,6401
49,424,3899494.941814017,6401
43,424,3899494.942281979,6401
37,424,3899494.942752531,6401
44,424,3899494.943202943,6401
34,424,3899494.943645994,6401
47,424,3899494.944097835,6401
36,424,3899494.944629279,6401
56,424,3899494.945560192,6401
51,424,3899494.946057085,6401
60,424,3899494.946551947,6401
63,424,3899494.947063010,6401
53,424,3899494.947569453,6401
59,424,3899494.948051235,6401
61,424,3899494.948524577,6401
62,424,3899494.948987259,6401
54,424,3899494.949480491,6401
52,424,3899494.949957313,6401
65,424,3899494.950461916,6401
58,424,3899494.950943588,6401
50,424,3899494.951449811,6401
64,424,3899494.951946094,6401
57,424,3899494.952426536,6401
55,424,3899494.952932579,6401
68,424,3899494.954885368,6401
80,424,3899494.955389431,6401
70,424,3899494.955898654,6401
81,424,3899494.956380196,6401
69,424,3899494.956891899,6401
67,424,3899494.957372201,6401
66,424,3899494.957836533,6401
75,424,3899494.958317135,6401
74,424,3899494.958787757,6401
78,424,3899494.959299650,6401
72,424,3899494.959799952,6401
79,424,3899494.960267524,6401
76,424,3899494.960744866,6401
71,424,3899494.961214118,6401
73,424,3899494.961683200,6401
77,424,3899494.962137451,6401
88,424,3899494.962613823,6401
94,424,3899494.963108926,6401
82,424,3899494.963595368,6401
91,424,3899494.964080620,6401
92,424,3899494.964581983,6401
98,424,3899494.965040725,6401
86,424,3899494.965499116,6401
85,424,3899494.966010409,6401
84,424,3899494.966463971,6401
96,424,3899494.966922492,6401
95,424,3899494.967394714,6401
97,424,3899494.967839755,6401
87,424,3899494.968287057,6401
83,424,3899494.968765709,6401
89,424,3899494.969287622,6401
93,424,3899494.969761114,6401
110,424,3899494.970242966,6401
106,424,3899494.970702198,6401
105,424,3899494.971160130,6401
102,424,3899494.971646372,6401
109,424,3899494.972102563,6401
99,424,3899494.972549845,6401
111,424,3899494.972998216,6401
113,424,3899494.973456648,6401
112,424,3899494.973901959,6401
107,424,3899494.974363091,6401
115,424,3899494.974824742,6401
104,424,3899494.975331615,6401
114,424,3899494.975822028,6401
103,424,3899494.976299769,6401
116,424,3899494.976748771,6401
101,424,3899494.977243573,6401
120,424,3899494.977716305,6401
118,424,3899494.978189087,6401
124,424,3899494.978657459,6401
122,424,3899494.979112331,6401
117,424,3899494.979601203,6401
125,424,3899494.980059045,6401
123,424,3899494.980527356,6401
119,424,3899494.981012759,6401
121,424,3899494.981484721,6401
126,424,3899494.981944522,6401
127,424,3899495.353419377,5697
6,424,3899495.819130764,6465
2,424,3899495.819806441,6465
4,424,3899495.820312254,6465
11,424,3899495.820789806,6465
3,424,3899495.821499404,6465
0,424,3899495.821977156,6465
5,424,3899495.822434218,6465
7,424,3899495.822943181,6465
10,424,3899495.823436923,6465
1,424,3899495.823914815,6465
13,424,3899495.824404958,6465
9,424,3899495.824887990,6465
12,424,3899495.825350712,6465
14,424,3899495.825822644,6465
15,424,3899495.826316526,6465
8,424,3899495.826783008,6465
17,424,3899495.828021029,6465
29,424,3899495.828558323,6465
16,424,3899495.829047355,6465
19,424,3899495.829499986,6465
31,424,3899495.829943378,6465
32,424,3899495.830445620,6465
23,424,3899495.830897052,6465
33,424,3899495.831423945,6465
18,424,3899495.831888817,6465
21,424,3899495.832341378,6465
30,424,3899495.832789790,6465
28,424,3899495.833252861,6465
26,424,3899495.833727684,6465
25,424,3899495.834223476,6465
27,424,3899495.834703948,6465
20,424,3899495.835186830,6465
41,424,3899495.835663632,6465
35,424,3899495.836138994,6465
38,424,3899495.836623117,6465
46,424,3899495.837101379,6465
39,424,3899495.837577461,6465
45,424,3899495.838063963,6465
42,424,3899495.838531065,6465
48,424,3899495.839023357,6465
40,424,3899495.839477139,6465
49,424,3899495.839982672,6465
43,424,3899495.840442323,6465
37,424,3899495.840919585,6465
44,424,3899495.841369577,6465
34,424,3899495.841814328,6465
47,424,3899495.842260229,6465
36,424,3899495.842792933,6465
56,424,3899495.843631954,6465
51,424,3899495.844121036,6465
60,424,3899495.844627579,6465
63,424,3899495.845141222,6465
53,424,3899495.845644325,6465
59,424,3899495.846114306,6465
61,424,3899495.846581549,6465
62,424,3899495.847050160,6465
54,424,3899495.849149363,6465
52,424,3899495.849639196,6465
65,424,3899495.850190530,6465
58,424,3899495.850680842,6465
50,424,3899495.851193075,6465
64,424,3899495.851717138,6465
57,424,3899495.852211011,6465
55,424,3899495.852725054,6465
68,424,3899495.853220076,6465
80,424,3899495.853705149,6465
70,424,3899495.854225142,6465
81,424,3899495.854696934,6465
69,424,3899495.855215757,6465
67,424,3899495.855703439,6465
66,424,3899495.856180011,6465
75,424,3899495.856655713,6465
74,424,3899495.857145836,6465
78,424,3899495.857651678,6465
72,424,3899495.858156981,6465
79,424,3899495.858603862,6465
76,424,3899495.859088475,6465
71,424,3899495.859543326,6465
73,424,3899495.860026669,6465
77,424,3899495.860473040,6465
88,424,3899495.860945612,6465
94,424,3899495.861442644,6465
82,424,3899495.861924046,6465
91,424,3899495.862401749,6465
92,424,3899495.862899111,6465
98,424,3899495.863403504,6465
86,424,3899495.863862106,6465
85,424,3899495.864377608,6465
84,424,3899495.864828840,6465
96,424,3899495.865292852,6465
95,424,3899495.865764303,6465
97,424,3899495.866222185,6465
87,424,3899495.866658656,6465
83,424,3899495.867143989,6465
89,424,3899495.867653771,6465
93,424,3899495.868137403,6465
110,424,3899495.868611146,6465
106,424,3899495.869077407,6465
105,424,3899495.869530519,6465
102,424,3899495.870029191,6465
109,424,3899495.870477663,6465
99,424,3899495.870922674,6465
111,424,3899495.871378916,6465
113,424,3899495.871837167,6465
112,424,3899495.872294219,6465
107,424,3899495.872745250,6465
115,424,3899495.873218292,6465
104,424,3899495.873714495,6465
114,424,3899495.874212737,6465
103,424,3899495.874680199,6465
116,424,3899495.875141341,6465
101,424,3899495.875633863,6465
120,424,3899495.876115295,6465
118,424,3899495.876577837,6465
124,424,3899495.877063099,6465
122,424,3899495.877507871,6465
117,424,3899495.878013163,6465
125,424,3899495.878466055,6465
123,424,3899495.878935827,6465
119,424,3899495.879435969,6465
121,424,3899495.879907281,6465
126,424,3899495.880361793,6465
127,424,3899496.254455183,5761
6,424,3899496.721466694,6529
2,424,3899496.722088230,6529
4,424,3899496.722577812,6529
11,424,3899496.723350051,6529
3,424,3899496.723888185,6529
0,424,3899496.724371237,6529
5,424,3899496.724820568,6529
7,424,3899496.725341982,6529
10,424,3899496.725819574,6529
1,424,3899496.726301626,6529
13,424,3899496.726781078,6529
9,424,3899496.727283621,6529
12,424,3899496.727736642,6529
14,424,3899496.728217734,6529
15,424,3899496.728701387,6529
8,424,3899496.729219560,6529
17,424,3899496.730629566,6529
29,424,3899496.731170179,6529
16,424,3899496.731656581,6529
19,424,3899496.732115543,6529
31,424,3899496.732561794,6529
32,424,3899496.733064777,6529
23,424,3899496.733518508,6529
33,424,3899496.734040052,6529
18,424,3899496.734506353,6529
21,424,3899496.734950915,6529
30,424,3899496.735405936,6529
28,424,3899496.735855807,6529
26,424,3899496.736338040,6529
25,424,3899496.736822602,6529
27,424,3899496.737309234,6529
20,424,3899496.737782246,6529
41,424,3899496.738259368,6529
35,424,3899496.738724670,6529
38,424,3899496.739212123,6529
46,424,3899496.739678284,6529
39,424,3899496.740160227,6529
45,424,3899496.740645409,6529
42,424,3899496.741118931,6529
48,424,3899496.741605193,6529
40,424,3899496.742068744,6529
49,424,3899496.742576077,6529
43,424,3899496.743034749,6529
37,424,3899496.743505481,6529
44,424,3899496.743958923,6529
34,424,3899496.744418064,6529
47,424,3899496.744860875,6529
36,424,3899496.745391399,6529
56,424,3899496.746522877,6529
51,424,3899496.747019780,6529
60,424,3899496.747524713,6529
63,424,3899496.748059716,6529
53,424,3899496.748567429,6529
59,424,3899496.749042801,6529
61,424,3899496.749527483,6529
62,424,3899496.749992275,6529
54,424,3899496.750487468,6529
52,424,3899496.750953729,6529
65,424,3899496.751462042,6529
58,424,3899496.751945874,6529
50,424,3899496.752451787,6529
64,424,3899496.752954270,6529
57,424,3899496.753449163,6529
55,424,3899496.753961545,6529
68,424,3899496.756180681,6529
80,424,3899496.756673944,6529
70,424,3899496.757193347,6529
81,424,3899496.757676469,6529
69,424,3899496.758197663,6529
67,424,3899496.758682825,6529
66,424,3899496.759173967,6529
75,424,3899496.759650659,6529
74,424,3899496.760132592,6529
78,424,3899496.760645845,6529
72,424,3899496.761167388,6529
79,424,3899496.761617129,6529
76,424,3899496.762104901,6529
71,424,3899496.762565323,6529
73,424,3899496.763046955,6529
77,424,3899496.763509537,6529
88,424,3899496.763986019,6529
94,424,3899496.764486611,6529
82,424,3899496.764969064,6529
91,424,3899496.765449366,6529
92,424,3899496.765945119,6529
98,424,3899496.766458592,6529
86,424,3899496.766919133,6529
85,424,3899496.767437976,6529
84,424,3899496.767896018,6529
96,424,3899496.768358189,6529
95,424,3899496.768820151,6529
97,424,3899496.769289373,6529
87,424,3899496.769729244,6529
83,424,3899496.770215927,6529
89,424,3899496.770728139,6529
93,424,3899496.771211372,6529
110,424,3899496.771688694,6529
106,424,3899496.772152465,6529
105,424,3899496.772604637,6529
102,424,3899496.773110870,6529
109,424,3899496.773568381,6529
99,424,3899496.774027443,6529
111,424,3899496.774476104,6529
113,424,3899496.774932636,6529
112,424,3899496.775410048,6529
107,424,3899496.775861879,6529
115,424,3899496.776336571,6529
104,424,3899496.776837724,6529
114,424,3899496.777333996,6529
103,424,3899496.777800838,6529
116,424,3899496.778261560,6529
101,424,3899496.778754123,6529
120,424,3899496.779239375,6529
118,424,3899496.779704246,6529
124,424,3899496.780181859,6529
122,424,3899496.780633480,6529
117,424,3899496.781127812,6529
125,424,3899496.781588154,6529
123,424,3899496.782079856,6529
119,424,3899496.782568359,6529
121,424,3899496.783048591,6529
126,424,3899496.783500712,6529
127,424,3899497.159557993,5825
6,424,3899497.629371494,6593
2,424,3899497.629981459,6593
4,424,3899497.630494742,6593
11,424,3899497.631272962,6593
3,424,3899497.631865067,6593
0,424,3899497.632368959,6593
5,424,3899497.632821591,6593
7,424,3899497.633348664,6593
10,424,3899497.633830936,6593
1,424,3899497.634331399,6593
13,424,3899497.634828592,6593
9,424,3899497.635328544,6593
12,424,3899497.635792546,6593
14,424,3899497.636279989,6593
15,424,3899497.636770371,6593
8,424,3899497.637314705,6593
17,424,3899497.638773552,6593
29,424,3899497.639336656,6593
16,424,3899497.639841628,6593
19,424,3899497.640317431,6593
31,424,3899497.640796523,6593
32,424,3899497.641316336,6593
23,424,3899497.641785998,6593
33,424,3899497.642330991,6593
18,424,3899497.642810704,6593
21,424,3899497.643272815,6593
30,424,3899497.643724367,6593
28,424,3899497.644189009,6593
26,424,3899497.644674271,6593
25,424,3899497.645172693,6593
27,424,3899497.645657916,6593
20,424,3899497.646168199,6593
41,424,3899497.646682552,6593
35,424,3899497.647169784,6593
38,424,3899497.647654716,6593
46,424,3899497.648138968,6593
39,424,3899497.648618921,6593
45,424,3899497.649140074,6593
42,424,3899497.649623836,6593
48,424,3899497.650122539,6593
40,424,3899497.650586150,6593
49,424,3899497.651110584,6593
43,424,3899497.651570095,6593
37,424,3899497.652053837,6593
44,424,3899497.652508409,6593
34,424,3899497.652971311,6593
47,424,3899497.653432682,6593
36,424,3899497.653960996,6593
56,424,3899497.655137635,6593
51,424,3899497.655641408,6593
60,424,3899497.656169361,6593
63,424,3899497.656694345,6593
53,424,3899497.657226478,6593
59,424,3899497.657708220,6593
61,424,3899497.658195193,6593
62,424,3899497.658675115,6593
54,424,3899497.659182518,6593
52,424,3899497.659665420,6593
65,424,3899497.660174263,6593
58,424,3899497.660665165,6593
50,424,3899497.661216199,6593
64,424,3899497.661737002,6593
57,424,3899497.662239865,6593
55,424,3899497.662770198,6593
68,424,3899497.665063557,6593
80,424,3899497.665563589,6593
70,424,3899497.666089362,6593
81,424,3899497.666577344,6593
69,424,3899497.667114228,6593
67,424,3899497.667608581,6593
66,424,3899497.668104453,6593
75,424,3899497.668601156,6593
74,424,3899497.669094278,6593
78,424,3899497.669608271,6593
72,424,3899497.670141685,6593
79,424,3899497.670604977,6593
76,424,3899497.671090249,6593
71,424,3899497.671545700,6593
73,424,3899497.672031683,6593
77,424,3899497.672495274,6593
88,424,3899497.672992057,6593
94,424,3899497.673501100,6593
82,424,3899497.673991482,6593
91,424,3899497.674473694,6593
92,424,3899497.674974107,6593
98,424,3899497.675515181,6593
86,424,3899497.675998853,6593
85,424,3899497.676529266,6593
84,424,3899497.676993778,6593
96,424,3899497.677475670,6593
95,424,3899497.677945852,6593
97,424,3899497.678407664,6593
87,424,3899497.678852845,6593
83,424,3899497.679345667,6593
89,424,3899497.679863191,6593
93,424,3899497.680355143,6593
110,424,3899497.680835705,6593
106,424,3899497.681308117,6593
105,424,3899497.681766359,6593
102,424,3899497.682272872,6593
109,424,3899497.682734843,6593
99,424,3899497.683205605,6593
111,424,3899497.683661747,6593
113,424,3899497.684133268,6593
112,424,3899497.684591490,6593
107,424,3899497.685062232,6593
115,424,3899497.685537534,6593
104,424,3899497.686055047,6593
114,424,3899497.686552770,6593
103,424,3899497.687028892,6593
116,424,3899497.687489833,6593
101,424,3899497.687993006,6593
120,424,3899497.688490799,6593
118,424,3899497.688960781,6593
124,424,3899497.689448573,6593
122,424,3899497.689918045,6593
117,424,3899497.690445918,6593
125,424,3899497.690907630,6593
123,424,3899497.691409603,6593
119,424,3899497.691902245,6593
121,424,3899497.692396578,6593
126,424,3899497.692856359,6593
127,424,3899498.181993209,5889
6,424,3899498.651929833,6657
2,424,3899498.652716193,6657
4,424,3899498.653561474,6657
11,424,3899498.654101518,6657
3,424,3899498.654645132,6657
0,424,3899498.655140844,6657
5,424,3899498.655602526,6657
7,424,3899498.656136160,6657
10,424,3899498.656628222,6657
1,424,3899498.657134305,6657
13,424,3899498.657625297,6657
9,424,3899498.658131850,6657
12,424,3899498.658593162,6657
14,424,3899498.659093954,6657
15,424,3899498.659590657,6657
8,424,3899498.660130090,6657
17,424,3899498.661619858,6657
29,424,3899498.662173952,6657
16,424,3899498.662680105,6657
19,424,3899498.663150557,6657
31,424,3899498.663600278,6657
32,424,3899498.664116391,6657
23,424,3899498.664581163,6657
33,424,3899498.665128877,6657
18,424,3899498.665605139,6657
21,424,3899498.666066431,6657
30,424,3899498.666525102,6657
28,424,3899498.666985034,6657
26,424,3899498.667481376,6657
25,424,3899498.667975839,6657
27,424,3899498.668484932,6657
20,424,3899498.669020215,6657
41,424,3899498.669513008,6657
35,424,3899498.669997280,6657
38,424,3899498.670504773,6657
46,424,3899498.670979755,6657
39,424,3899498.671490198,6657
45,424,3899498.671984060,6657
42,424,3899498.672473503,6657
48,424,3899498.672968815,6657
40,424,3899498.673444147,6657
49,424,3899498.673961940,6657
43,424,3899498.674434762,6657
37,424,3899498.674914094,6657
44,424,3899498.675378076,6657
34,424,3899498.675837158,6657
47,424,3899498.676309560,6657
36,424,3899498.676841243,6657
56,424,3899498.678019503,6657
51,424,3899498.678518635,6657
60,424,3899498.679058609,6657
63,424,3899498.679589713,6657
53,424,3899498.680118186,6657
59,424,3899498.680611008,6657
61,424,3899498.681099131,6657
62,424,3899498.681577683,6657
54,424,3899498.682089816,6657
52,424,3899498.682567708,6657
65,424,3899498.683086291,6657
58,424,3899498.683614804,6657
50,424,3899498.684127657,6657
64,424,3899498.684652531,6657
57,424,3899498.685160174,6657
55,424,3899498.685688477,6657
68,424,3899498.688047956,6657
80,424,3899498.688552259,6657
70,424,3899498.689080673,6657
81,424,3899498.689564485,6657
69,424,3899498.690103299,6657
67,424,3899498.690618661,6657
66,424,3899498.691119114,6657
75,424,3899498.691621977,6657
74,424,3899498.692121459,6657
78,424,3899498.692646723,6657
72,424,3899498.693176726,6657
79,424,3899498.693641688,6657
76,424,3899498.694146341,6657
71,424,3899498.694609613,6657
73,424,3899498.695092525,6657
77,424,3899498.695565487,6657
88,424,3899498.696074270,6657
94,424,3899498.696593663,6657
82,424,3899498.697104376,6657
91,424,3899498.697590778,6657
92,424,3899498.698144882,6657
98,424,3899498.698665725,6657
86,424,3899498.699149087,6657
85,424,3899498.699678691,6657
84,424,3899498.700165443,6657
96,424,3899498.700646745,6657
95,424,3899498.701134838,6657
97,424,3899498.701597599,6657
87,424,3899498.702047370,6657
83,424,3899498.702545173,6657
89,424,3899498.703079617,6657
93,424,3899498.703570419,6657
110,424,3899498.704071782,6657
106,424,3899498.704545724,6657
105,424,3899498.705017976,6657
102,424,3899498.705529079,6657
109,424,3899498.705996170,6657
99,424,3899498.706480093,6657
111,424,3899498.706947614,6657
113,424,3899498.707428377,6657
112,424,3899498.707890208,6657
107,424,3899498.708362090,6657
115,424,3899498.708838762,6657
104,424,3899498.709359655,6657
114,424,3899498.709858838,6657
103,424,3899498.710344060,6657
116,424,3899498.710807012,6657
101,424,3899498.711323395,6657
120,424,3899498.711814848,6657
118,424,3899498.712304230,6657
124,424,3899498.712813523,6657
122,424,3899498.713290445,6657
117,424,3899498.713790648,6657
125,424,3899498.714271570,6657
123,424,3899498.714756082,6657
119,424,3899498.715264695,6657
121,424,3899498.715758717,6657
126,424,3899498.716231089,6657
127,424,3899499.094520306,5953
6,424,3899499.571530769,6721
2,424,3899499.572585545,6721
4,424,3899499.573102529,6721
11,424,3899499.573911629,6721
3,424,3899499.574487773,6721
0,424,3899499.574981256,6721
5,424,3899499.575446358,6721
7,424,3899499.575964131,6721
10,424,3899499.576462703,6721
1,424,3899499.576954826,6721
13,424,3899499.577462209,6721
9,424,3899499.577975192,6721
12,424,3899499.579105670,6721
14,424,3899499.579695765,6721
15,424,3899499.580250749,6721
8,424,3899499.580820744,6721
17,424,3899499.583333567,6721
29,424,3899499.583921872,6721
16,424,3899499.584444185,6721
19,424,3899499.584923197,6721
31,424,3899499.585395379,6721
32,424,3899499.585919693,6721
23,424,3899499.586410915,6721
33,424,3899499.586961889,6721
18,424,3899499.587455772,6721
21,424,3899499.587933804,6721
30,424,3899499.588410105,6721
28,424,3899499.588882928,6721
26,424,3899499.589389380,6721
25,424,3899499.589899163,6721
27,424,3899499.590415966,6721
20,424,3899499.590913539,6721
41,424,3899499.591421612,6721
35,424,3899499.591910074,6721
38,424,3899499.592424897,6721
46,424,3899499.592916759,6721
39,424,3899499.593425102,6721
45,424,3899499.593932575,6721
42,424,3899499.594431748,6721
48,424,3899499.594939491,6721
40,424,3899499.595434483,6721
49,424,3899499.595969957,6721
43,424,3899499.596454309,6721
37,424,3899499.596943821,6721
44,424,3899499.597421993,6721
34,424,3899499.597957507,6721
47,424,3899499.598457780,6721
36,424,3899499.598965952,6721
56,424,3899499.599493496,6721
51,424,3899499.599995589,6721
60,424,3899499.600544832,6721
63,424,3899499.601085106,6721
53,424,3899499.601622760,6721
59,424,3899499.602117362,6721
61,424,3899499.602619895,6721
62,424,3899499.603132188,6721
54,424,3899499.603642721,6721
52,424,3899499.604142554,6721
65,424,3899499.604663527,6721
58,424,3899499.605169339,6721
50,424,3899499.605679152,6721
64,424,3899499.606206876,6721
57,424,3899499.606718939,6721
55,424,3899499.607272482,6721
68,424,3899499.610385301,6721
80,424,3899499.610910094,6721
70,424,3899499.611454508,6721
81,424,3899499.611947301,6721
69,424,3899499.612557166,6721
67,424,3899499.613098870,6721
66,424,3899499.613608153,6721
75,424,3899499.614243639,6721
74,424,3899499.614770792,6721
78,424,3899499.615314056,6721
72,424,3899499.615847630,6721
79,424,3899499.616333672,6721
76,424,3899499.616840055,6721
71,424,3899499.617331777,6721
73,424,3899499.617817109,6721
77,424,3899499.618299872,6721
88,424,3899499.618814245,6721
94,424,3899499.619345738,6721
82,424,3899499.619868441,6721
91,424,3899499.620452466,6721
92,424,3899499.620993449,6721
98,424,3899499.621524463,6721
86,424,3899499.621999695,6721
85,424,3899499.622542759,6721
84,424,3899499.623028091,6721
96,424,3899499.623511753,6721
95,424,3899499.624013226,6721
97,424,3899499.624488028,6721
87,424,3899499.624943480,6721
83,424,3899499.625454032,6721
89,424,3899499.625986026,6721
93,424,3899499.626498079,6721
110,424,3899499.626996011,6721
106,424,3899499.627553066,6721
105,424,3899499.628056388,6721
102,424,3899499.628582432,6721
109,424,3899499.629067134,6721
99,424,3899499.629551156,6721
111,424,3899499.630033738,6721
113,424,3899499.630519310,6721
112,424,3899499.630993973,6721
107,424,3899499.631477075,6721
115,424,3899499.631962777,6721
104,424,3899499.632492260,6721
114,424,3899499.633007413,6721
103,424,3899499.633492766,6721
116,424,3899499.633967238,6721
101,424,3899499.634491551,6721
120,424,3899499.634987774,6721
118,424,3899499.635477536,6721
124,424,3899499.635967138,6721
122,424,3899499.636442150,6721
117,424,3899499.636938233,6721
125,424,3899499.637422815,6721
123,424,3899499.637922138,6721
119,424,3899499.638440521,6721
121,424,3899499.638942603,6721
126,424,3899499.639418695,6721
127,424,3899500.092205166,6017
6,424,3899500.584977667,6785
2,424,3899500.585809539,6785
4,424,3899500.586335602,6785
11,424,3899500.587245615,6785
3,424,3899500.587824670,6785
0,424,3899500.588351003,6785
5,424,3899500.588825535,6785
7,424,3899500.589369698,6785
10,424,3899500.589877331,6785
1,424,3899500.590386644,6785
13,424,3899500.590888377,6785
9,424,3899500.591414440,6785
12,424,3899500.591888642,6785
14,424,3899500.592388935,6785
15,424,3899500.592889587,6785
8,424,3899500.593473812,6785
17,424,3899500.595047732,6785
29,424,3899500.595625037,6785
16,424,3899500.596141380,6785
19,424,3899500.596606241,6785
31,424,3899500.597084164,6785
32,424,3899500.597596966,6785
23,424,3899500.598073998,6785
33,424,3899500.598608872,6785
18,424,3899500.599096044,6785
21,424,3899500.599558316,6785
30,424,3899500.600026978,6785
28,424,3899500.600493280,6785
26,424,3899500.600990732,6785
25,424,3899500.601500025,6785
27,424,3899500.602021278,6785
20,424,3899500.602519971,6785
41,424,3899500.603019854,6785
35,424,3899500.603503636,6785
38,424,3899500.604017419,6785
46,424,3899500.604514321,6785
39,424,3899500.605014284,6785
45,424,3899500.605522197,6785
42,424,3899500.606018059,6785
48,424,3899500.606531343,6785
40,424,3899500.607018875,6785
49,424,3899500.607546338,6785
43,424,3899500.608028700,6785
37,424,3899500.608516133,6785
44,424,3899500.608979564,6785
34,424,3899500.609463617,6785
47,424,3899500.609928598,6785
36,424,3899500.610478342,6785
56,424,3899500.611718514,6785
51,424,3899500.612234087,6785
60,424,3899500.612770170,6785
63,424,3899500.613308814,6785
53,424,3899500.613849837,6785
59,424,3899500.614342620,6785
61,424,3899500.614833713,6785
62,424,3899500.615328975,6785
54,424,3899500.615831208,6785
52,424,3899500.616323130,6785
65,424,3899500.616857084,6785
58,424,3899500.617363026,6785
50,424,3899500.617869189,6785
64,424,3899500.618394183,6785
57,424,3899500.618885645,6785
55,424,3899500.619430759,6785
68,424,3899500.621846010,6785
80,424,3899500.622362583,6785
70,424,3899500.622892876,6785
81,424,3899500.623387239,6785
69,424,3899500.623918862,6785
67,424,3899500.624430545,6785
66,424,3899500.624924648,6785
75,424,3899500.625435481,6785
74,424,3899500.625930683,6785
78,424,3899500.626468247,6785
72,424,3899500.626999620,6785
79,424,3899500.627475792,6785
76,424,3899500.627964965,6785
71,424,3899500.628442786,6785
73,424,3899500.628926379,6785
77,424,3899500.629397471,6785
88,424,3899500.629892463,6785
94,424,3899500.630414776,6785
82,424,3899500.630923369,6785
91,424,3899500.631431662,6785
92,424,3899500.631941205,6785
98,424,3899500.632462318,6785
86,424,3899500.632929750,6785
85,424,3899500.633471574,6785
84,424,3899500.633940356,6785
96,424,3899500.634423768,6785
95,424,3899500.634902400,6785
97,424,3899500.635378052,6785
87,424,3899500.635834464,6785
83,424,3899500.636337306,6785
89,424,3899500.636859759,6785
93,424,3899500.637368172,6785
110,424,3899500.637864915,6785
106,424,3899500.638351347,6785
105,424,3899500.638820279,6785
102,424,3899500.639341252,6785
109,424,3899500.639816884,6785
99,424,3899500.640300686,6785
111,424,3899500.640774989,6785
113,424,3899500.641265301,6785
112,424,3899500.641739873,6785
107,424,3899500.642223515,6785
115,424,3899500.642708367,6785
104,424,3899500.643234841,6785
114,424,3899500.643741424,6785
103,424,3899500.644227096,6785
116,424,3899500.644697218,6785
101,424,3899500.645213501,6785
120,424,3899500.645704663,6785
118,424,3899500.646199475,6785
124,424,3899500.646689818,6785
122,424,3899500.647162160,6785
117,424,3899500.647664783,6785
125,424,3899500.648142895,6785
123,424,3899500.648660868,6785
119,424,3899500.649198822,6785
121,424,3899500.649696004,6785
126,424,3899500.650175236,6785
127,424,3899501.027544919,6081
6,424,3899501.851310511,6849
2,424,3899501.852090801,6849
4,424,3899501.852628884,6849
11,424,3899501.853155428,6849
3,424,3899501.854071291,6849
0,424,3899501.854602544,6849
5,424,3899501.855090677,6849
7,424,3899501.855631370,6849
10,424,3899501.856143763,6849
1,424,3899501.856650896,6849
13,424,3899501.857173019,6849
9,424,3899501.857689672,6849
12,424,3899501.858183825,6849
14,424,3899501.858697408,6849
15,424,3899501.859230901,6849
8,424,3899501.859787765,6849
17,424,3899501.861956060,6849
29,424,3899501.862561126,6849
16,424,3899501.863085119,6849
19,424,3899501.863563431,6849
31,424,3899501.864034193,6849
32,424,3899501.864563386,6849
23,424,3899501.865047478,6849
33,424,3899501.865596502,6849
18,424,3899501.866136506,6849
21,424,3899501.866619258,6849
30,424,3899501.867103150,6849
28,424,3899501.867587882,6849
26,424,3899501.868100855,6849
25,424,3899501.868615008,6849
27,424,3899501.869138022,6849
20,424,3899501.869642934,6849
41,424,3899501.870158818,6849
35,424,3899501.870653520,6849
38,424,3899501.871171533,6849
46,424,3899501.871667766,6849
39,424,3899501.872175438,6849
45,424,3899501.872689451,6849
42,424,3899501.873186764,6849
48,424,3899501.873698267,6849
40,424,3899501.874189469,6849
49,424,3899501.874732223,6849
43,424,3899501.875222275,6849
37,424,3899501.875719828,6849
44,424,3899501.876198910,6849
34,424,3899501.876678183,6849
47,424,3899501.877152564,6849
36,424,3899501.877646357,6849
56,424,3899501.878171970,6849
51,424,3899501.878686113,6849
60,424,3899501.879227717,6849
63,424,3899501.879764501,6849
53,424,3899501.880323855,6849
59,424,3899501.880851428,6849
61,424,3899501.881375271,6849
62,424,3899501.881869654,6849
54,424,3899501.882400917,6849
52,424,3899501.882896790,6849
65,424,3899501.883433723,6849
58,424,3899501.883933746,6849
50,424,3899501.884461379,6849
64,424,3899501.884992123,6849
57,424,3899501.885634319,6849
55,424,3899501.886546672,6849
68,424,3899501.888902692,6849
80,424,3899501.889439755,6849
70,424,3899501.889984139,6849
81,424,3899501.890493922,6849
69,424,3899501.891043596,6849
67,424,3899501.891554199,6849
66,424,3899501.892059711,6849
75,424,3899501.892572264,6849
74,424,3899501.893089938,6849
78,424,3899501.893631951,6849
72,424,3899501.894182995,6849
79,424,3899501.894662827,6849
76,424,3899501.895171660,6849
71,424,3899501.895660543,6849
73,424,3899501.896191536,6849
77,424,3899501.896678138,6849
88,424,3899501.897190281,6849
94,424,3899501.897706654,6849
82,424,3899501.898234517,6849
91,424,3899501.898735990,6849
92,424,3899501.899279694,6849
98,424,3899501.899797847,6849
86,424,3899501.900285129,6849
85,424,3899501.900812663,6849
84,424,3899501.901291825,6849
96,424,3899501.901769767,6849
95,424,3899501.902267379,6849
97,424,3899501.902745752,6849
87,424,3899501.903217143,6849
83,424,3899501.903726767,6849
89,424,3899501.904269650,6849
93,424,3899501.904768263,6849
110,424,3899501.905280436,6849
106,424,3899501.905766108,6849
105,424,3899501.906252220,6849
102,424,3899501.906777793,6849
109,424,3899501.907267866,6849
99,424,3899501.907750458,6849
111,424,3899501.908240871,6849
113,424,3899501.908733133,6849
112,424,3899501.909227326,6849
107,424,3899501.909711278,6849
115,424,3899501.910207950,6849
104,424,3899501.910772185,6849
114,424,3899501.911314498,6849
103,424,3899501.911806021,6849
116,424,3899501.912292803,6849
101,424,3899501.912811406,6849
120,424,3899501.913322029,6849
118,424,3899501.913809982,6849
124,424,3899501.914313854,6849
122,424,3899501.914787976,6849
117,424,3899501.915302829,6849
125,424,3899501.915781811,6849
123,424,3899501.916286504,6849
119,424,3899501.916795817,6849
121,424,3899501.917308880,6849
126,424,3899501.917783692,6849
127,424,3899503.309133607,6145
6,424,3899503.789162426,6913
2,424,3899503.789936215,6913
4,424,3899503.790466519,6913
11,424,3899503.791354271,6913
3,424,3899503.791934896,6913
0,424,3899503.792487350,6913
5,424,3899503.792963292,6913
7,424,3899503.793516416,6913
10,424,3899503.794035339,6913
1,424,3899503.794554532,6913
13,424,3899503.795074405,6913
9,424,3899503.795589628,6913
12,424,3899503.796081081,6913
14,424,3899503.796589123,6913
15,424,3899503.797112867,6913
8,424,3899503.797670491,6913
17,424,3899503.799280222,6913
29,424,3899503.799835165,6913
16,424,3899503.800350429,6913
19,424,3899503.800828321,6913
31,424,3899503.801312613,6913
32,424,3899503.801837686,6913
23,424,3899503.802341919,6913
33,424,3899503.802889753,6913
18,424,3899503.803388495,6913
21,424,3899503.803870118,6913
30,424,3899503.804346779,6913
28,424,3899503.804820911,6913
26,424,3899503.805334624,6913
25,424,3899503.805846137,6913
27,424,3899503.806367741,6913
20,424,3899503.806903874,6913
41,424,3899503.807443328,6913
35,424,3899503.807941230,6913
38,424,3899503.808460303,6913
46,424,3899503.808957966,6913
39,424,3899503.809471129,6913
45,424,3899503.809991932,6913
42,424,3899503.810499495,6913
48,424,3899503.811018738,6913
40,424,3899503.811501311,6913
49,424,3899503.812057045,6913
43,424,3899503.812540497,6913
37,424,3899503.813049039,6913
44,424,3899503.813522751,6913
34,424,3899503.814012084,6913
47,424,3899503.814483626,6913
36,424,3899503.815038670,6913
56,424,3899503.816310062,6913
51,424,3899503.816827915,6913
60,424,3899503.817377839,6913
63,424,3899503.817916043,6913
53,424,3899503.818473887,6913
59,424,3899503.818965649,6913
61,424,3899503.819477192,6913
62,424,3899503.819969854,6913
54,424,3899503.820494048,6913
52,424,3899503.820996641,6913
65,424,3899503.821529674,6913
58,424,3899503.822060307,6913
50,424,3899503.822614301,6913
64,424,3899503.823156455,6913
57,424,3899503.823665108,6913
55,424,3899503.824472888,6913
68,424,3899503.827707240,6913
80,424,3899503.828545891,6913
70,424,3899503.829173507,6913
81,424,3899503.829680140,6913
69,424,3899503.830249154,6913
67,424,3899503.830764618,6913
66,424,3899503.831277280,6913
75,424,3899503.831786113,6913
74,424,3899503.832302017,6913
78,424,3899503.832847700,6913
72,424,3899503.833399644,6913
79,424,3899503.833886186,6913
76,424,3899503.834403860,6913
71,424,3899503.834877312,6913
73,424,3899503.835371664,6913
77,424,3899503.835850396,6913
88,424,3899503.836364199,6913
94,424,3899503.836886402,6913
82,424,3899503.837456987,6913
91,424,3899503.837969940,6913
92,424,3899503.838514674,6913
98,424,3899503.839059647,6913
86,424,3899503.839543400,6913
85,424,3899503.840085173,6913
84,424,3899503.840561765,6913
96,424,3899503.841048518,6913
95,424,3899503.841534190,6913
97,424,3899503.842021502,6913
87,424,3899503.842487374,6913
83,424,3899503.842997757,6913
89,424,3899503.843550651,6913
93,424,3899503.844064364,6913
110,424,3899503.844574137,6913
106,424,3899503.845077520,6913
105,424,3899503.845559202,6913
102,424,3899503.846092525,6913
109,424,3899503.846579318,6913
99,424,3899503.847072420,6913
111,424,3899503.847557832,6913
113,424,3899503.848058595,6913
112,424,3899503.848557097,6913
107,424,3899503.849054140,6913
115,424,3899503.849551443,6913
104,424,3899503.850095756,6913
114,424,3899503.850615530,6913
103,424,3899503.851111182,6913
116,424,3899503.851596664,6913
101,424,3899503.852134638,6913
120,424,3899503.852672121,6913
118,424,3899503.853183434,6913
124,424,3899503.853683557,6913
122,424,3899503.854168570,6913
117,424,3899503.854683723,6913
125,424,3899503.855175715,6913
123,424,3899503.855681188,6913
119,424,3899503.856200761,6913
121,424,3899503.856702794,6913
126,424,3899503.857190006,6913
127,424,3899504.247745432,6209
6,424,3899504.860679182,6977
2,424,3899504.861322838,6977
4,424,3899504.861851672,6977
11,424,3899504.862738384,6977
3,424,3899504.863287108,6977
0,424,3899504.863806371,6977
5,424,3899504.864295694,6977
7,424,3899504.864845877,6977
10,424,3899504.865370030,6977
1,424,3899504.865879634,6977
13,424,3899504.866402187,6977
9,424,3899504.866916550,6977
12,424,3899504.867409022,6977
14,424,3899504.867914565,6977
15,424,3899504.868448238,6977
8,424,3899504.868954661,6977
17,424,3899504.870862149,6977
29,424,3899504.871462665,6977
16,424,3899504.871989518,6977
19,424,3899504.872481350,6977
31,424,3899504.872962082,6977
32,424,3899504.873501886,6977
23,424,3899504.873990059,6977
33,424,3899504.874553423,6977
18,424,3899504.875057295,6977
21,424,3899504.875536558,6977
30,424,3899504.876015310,6977
28,424,3899504.876501142,6977
26,424,3899504.877019955,6977
25,424,3899504.877546369,6977
27,424,3899504.878071342,6977
20,424,3899504.878579704,6977
41,424,3899504.879101948,6977
35,424,3899504.879602661,6977
38,424,3899504.880137544,6977
46,424,3899504.880637727,6977
39,424,3899504.881153630,6977
45,424,3899504.881676663,6977
42,424,3899504.882187406,6977
48,424,3899504.882706499,6977
40,424,3899504.883200792,6977
49,424,3899504.883744865,6977
43,424,3899504.884247088,6977
37,424,3899504.884757851,6977
44,424,3899504.885247633,6977
34,424,3899504.885730216,6977
47,424,3899504.886215718,6977
36,424,3899504.886717601,6977
56,424,3899504.887245034,6977
51,424,3899504.887751736,6977
60,424,3899504.888291880,6977
63,424,3899504.888843214,6977
53,424,3899504.889449739,6977
59,424,3899504.890554147,6977
61,424,3899504.891095511,6977
62,424,3899504.891636565,6977
54,424,3899504.892183559,6977
52,424,3899504.892683861,6977
65,424,3899504.893231185,6977
58,424,3899504.893739668,6977
50,424,3899504.894280582,6977
64,424,3899504.894813975,6977
57,424,3899504.895330218,6977
55,424,3899504.895873602,6977
68,424,3899504.898125099,6977
80,424,3899504.898659363,6977
70,424,3899504.899219246,6977
81,424,3899504.899734250,6977
69,424,3899504.900302534,6977
67,424,3899504.900828217,6977
66,424,3899504.901339650,6977
75,424,3899504.901853743,6977
74,424,3899504.902367276,6977
78,424,3899504.902917010,6977
72,424,3899504.903475884,6977
79,424,3899504.903964637,6977
76,424,3899504.904489460,6977
71,424,3899504.904981352,6977
73,424,3899504.905489785,6977
77,424,3899504.905969867,6977
88,424,3899504.906499901,6977
94,424,3899504.907048515,6977
82,424,3899504.907574448,6977
91,424,3899504.908090881,6977
92,424,3899504.908632675,6977
98,424,3899504.909181789,6977
86,424,3899504.909682631,6977
85,424,3899504.910267246,6977
84,424,3899504.910753868,6977
96,424,3899504.911244271,6977
95,424,3899504.911730953,6977
97,424,3899504.912218385,6977
87,424,3899504.912690227,6977
83,424,3899504.913213100,6977
89,424,3899504.913762454,6977
93,424,3899504.914283207,6977
110,424,3899504.914786920,6977
106,424,3899504.915283353,6977
105,424,3899504.915774975,6977
102,424,3899504.916314979,6977
109,424,3899504.916803841,6977
99,424,3899504.917302004,6977
111,424,3899504.917791716,6977
113,424,3899504.918301219,6977
112,424,3899504.918791412,6977
107,424,3899504.919296294,6977
115,424,3899504.919803337,6977
104,424,3899504.920355021,6977
114,424,3899504.920876284,6977
103,424,3899504.921381517,6977
116,424,3899504.921872970,6977
101,424,3899504.922417703,6977
120,424,3899504.922930766,6977
118,424,3899504.923442779,6977
124,424,3899504.923950702,6977
122,424,3899504.924439564,6977
117,424,3899504.924973658,6977
125,424,3899504.925499061,6977
123,424,3899504.926020944,6977
119,424,3899504.926541228,6977
121,424,3899504.927054030,6977
126,424,3899504.927534282,6977
127,424,3899505.400794640,6273
6,424,3899505.935562633,7041
2,424,3899505.936218950,7041
4,424,3899505.936751653,7041
11,424,3899505.937655366,7041
3,424,3899505.938210630,7041
0,424,3899505.938743224,7041
5,424,3899505.939231176,7041
7,424,3899505.939790860,7041
10,424,3899505.940314973,7041
1,424,3899505.940837627,7041
13,424,3899505.941364660,7041
9,424,3899505.941884793,7041
12,424,3899505.942386576,7041
14,424,3899505.942893059,7041
15,424,3899505.943428982,7041
8,424,3899505.943937045,7041
17,424,3899505.945889084,7041
29,424,3899505.946496400,7041
16,424,3899505.947032223,7041
19,424,3899505.947518286,7041
31,424,3899505.947993698,7041
32,424,3899505.948545192,7041
23,424,3899505.949038554,7041
33,424,3899505.949590818,7041
18,424,3899505.950093731,7041
21,424,3899505.950574023,7041
30,424,3899505.951054795,7041
28,424,3899505.951542237,7041
26,424,3899505.952064450,7041
25,424,3899505.952592804,7041
27,424,3899505.953125467,7041
20,424,3899505.953642041,7041
41,424,3899505.954168224,7041
35,424,3899505.954680677,7041
38,424,3899505.955211160,7041
46,424,3899505.955716993,7041
39,424,3899505.956236716,7041
45,424,3899505.956762499,7041
42,424,3899505.957275242,7041
48,424,3899505.957796755,7041
40,424,3899505.958295828,7041
49,424,3899505.958844042,7041
43,424,3899505.959340254,7041
37,424,3899505.959852307,7041
44,424,3899505.960345080,7041
34,424,3899505.960827722,7041
47,424,3899505.961347335,7041
36,424,3899505.961865678,7041
56,424,3899505.962401742,7041
51,424,3899505.962914375,7041
60,424,3899505.963464839,7041
63,424,3899505.964020933,7041
53,424,3899505.964628718,7041
59,424,3899505.965141391,7041
61,424,3899505.965658094,7041
62,424,3899505.966241209,7041
54,424,3899505.967265155,7041
52,424,3899505.967781728,7041
65,424,3899505.968327362,7041
58,424,3899505.968849665,7041
50,424,3899505.969388999,7041
64,424,3899505.969926992,7041
57,424,3899505.970447506,7041
55,424,3899505.970995259,7041
68,424,3899505.973310788,7041
80,424,3899505.973840201,7041
70,424,3899505.974394495,7041
81,424,3899505.974912668,7041
69,424,3899505.975483093,7041
67,424,3899505.976012046,7041
66,424,3899505.976570260,7041
75,424,3899505.977096614,7041
74,424,3899505.977604336,7041
78,424,3899505.978159921,7041
72,424,3899505.978707144,7041
79,424,3899505.979211357,7041
76,424,3899505.979728240,7041
71,424,3899505.980227353,7041
73,424,3899505.980738055,7041
77,424,3899505.981232508,7041
88,424,3899505.981754151,7041
94,424,3899505.982295045,7041
82,424,3899505.982818678,7041
91,424,3899505.983332191,7041
92,424,3899505.983866705,7041
98,424,3899505.984416049,7041
86,424,3899505.984912191,7041
85,424,3899505.985471205,7041
84,424,3899505.985952958,7041
96,424,3899505.986450100,7041
95,424,3899505.986946183,7041
97,424,3899505.987433635,7041
87,424,3899505.987898917,7041
83,424,3899505.988427810,7041
89,424,3899505.988977354,7041
93,424,3899505.989500367,7041
110,424,3899505.990020260,7041
106,424,3899505.990514823,7041
105,424,3899505.991007205,7041
102,424,3899505.991576850,7041
109,424,3899505.992097423,7041
99,424,3899505.992595186,7041
111,424,3899505.993100788,7041
113,424,3899505.993605121,7041
112,424,3899505.994111764,7041
107,424,3899505.994609826,7041
115,424,3899505.995130090,7041
104,424,3899505.995678804,7041
114,424,3899505.996219607,7041
103,424,3899505.996716410,7041
116,424,3899505.997212332,7041
101,424,3899505.997746656,7041
120,424,3899505.998273989,7041
118,424,3899505.998775232,7041
124,424,3899505.999290235,7041
122,424,3899505.999780597,7041
117,424,3899506.000309341,7041
125,424,3899506.000804723,7041
123,424,3899506.001325996,7041
119,424,3899506.001855550,7041
121,424,3899506.002373373,7041
126,424,3899506.002856395,7041
127,424,3899506.446475163,6337
6,424,3899507.073313294,7105
2,424,3899507.074678079,7105
4,424,3899507.075866179,7105
11,424,3899507.077711775,7105
3,424,3899507.078908226,7105
0,424,3899507.080073995,7105
5,424,3899507.081123601,7105
7,424,3899507.082406234,7105
10,424,3899507.083543033,7105
1,424,3899507.084684192,7105
13,424,3899507.085827321,7105
9,424,3899507.086968600,7105
12,424,3899507.088062837,7105
14,424,3899507.089173815,7105
15,424,3899507.090334974,7105
8,424,3899507.091432182,7105
17,424,3899507.095837744,7105
29,424,3899507.097147007,7105
16,424,3899507.098326497,7105
19,424,3899507.099398834,7105
31,424,3899507.100446190,7105
32,424,3899507.101637551,7105
23,424,3899507.102702307,7105
33,424,3899507.103922758,7105
18,424,3899507.105033156,7105
21,424,3899507.106092933,7105
30,424,3899507.107140159,7105
28,424,3899507.108194946,7105
26,424,3899507.109298654,7105
25,424,3899507.110443473,7105
27,424,3899507.111577582,7105
20,424,3899507.112765812,7105
41,424,3899507.113818728,7105
35,424,3899507.114649309,7105
38,424,3899507.115510341,7105
46,424,3899507.116337502,7105
39,424,3899507.117185673,7105
45,424,3899507.118050515,7105
42,424,3899507.118873946,7105
48,424,3899507.119739778,7105
40,424,3899507.120559259,7105
49,424,3899507.121462582,7105
43,424,3899507.122269042,7105
37,424,3899507.123115503,7105
44,424,3899507.123914514,7105
34,424,3899507.124728454,7105
47,424,3899507.125526475,7105
36,424,3899507.126368616,7105
56,424,3899507.127263228,7105
51,424,3899507.128151621,7105
60,424,3899507.128867559,7105
63,424,3899507.129423663,7105
53,424,3899507.129978017,7105
59,424,3899507.130500690,7105
61,424,3899507.131029574,7105
62,424,3899507.131536687,7105
54,424,3899507.132087990,7105
52,424,3899507.132604294,7105
65,424,3899507.133149777,7105
58,424,3899507.133666870,7105
50,424,3899507.134211784,7105
64,424,3899507.134761058,7105
57,424,3899507.135297122,7105
55,424,3899507.135848825,7105
68,424,3899507.137231980,7105
80,424,3899507.137762854,7105
70,424,3899507.138321348,7105
81,424,3899507.138830001,7105
69,424,3899507.139398605,7105
67,424,3899507.139925659,7105
66,424,3899507.140453022,7105
75,424,3899507.140974995,7105
74,424,3899507.141489498,7105
78,424,3899507.142040972,7105
72,424,3899507.142602806,7105
79,424,3899507.143127989,7105
76,424,3899507.143652313,7105
71,424,3899507.144156055,7105
73,424,3899507.144667548,7105
77,424,3899507.145171711,7105
88,424,3899507.147031388,7105
94,424,3899507.147575242,7105
82,424,3899507.148129076,7105
91,424,3899507.148645289,7105
92,424,3899507.149199983,7105
98,424,3899507.149737337,7105
86,424,3899507.150243729,7105
85,424,3899507.150798523,7105
84,424,3899507.151308887,7105
96,424,3899507.151803629,7105
95,424,3899507.152305852,7105
97,424,3899507.152787164,7105
87,424,3899507.153263666,7105
83,424,3899507.153785869,7105
89,424,3899507.154352684,7105
93,424,3899507.154873257,7105
110,424,3899507.155398210,7105
106,424,3899507.155899812,7105
105,424,3899507.156396125,7105
102,424,3899507.156927398,7105
109,424,3899507.157432601,7105
99,424,3899507.157968375,7105
111,424,3899507.158491768,7105
113,424,3899507.158998781,7105
112,424,3899507.159503644,7105
107,424,3899507.160012327,7105
115,424,3899507.160526009,7105
104,424,3899507.161083804,7105
114,424,3899507.161620547,7105
103,424,3899507.162138490,7105
116,424,3899507.162634513,7105
101,424,3899507.163173936,7105
120,424,3899507.163687069,7105
118,424,3899507.164196982,7105
124,424,3899507.164706405,7105
122,424,3899507.165200838,7105
117,424,3899507.165726271,7105
125,424,3899507.166224653,7105
123,424,3899507.166738087,7105
119,424,3899507.167273340,7105
121,424,3899507.167786273,7105
126,424,3899507.168283676,7105
127,424,3899507.529709105,6401
6,424,3899508.084405412,7169
2,424,3899508.085166611,7169
4,424,3899508.085709765,7169
11,424,3899508.086615368,7169
3,424,3899508.087181562,7169
0,424,3899508.087708706,7169
5,424,3899508.088206098,7169
7,424,3899508.088774882,7169
10,424,3899508.089301466,7169
1,424,3899508.089826909,7169
13,424,3899508.090390383,7169
9,424,3899508.090949108,7169
12,424,3899508.091456180,7169
14,424,3899508.091970813,7169
15,424,3899508.092533468,7169
8,424,3899508.093072461,7169
17,424,3899508.094940718,7169
29,424,3899508.095535313,7169
16,424,3899508.096073027,7169
19,424,3899508.096569519,7169
31,424,3899508.097071972,7169
32,424,3899508.097618736,7169
23,424,3899508.098119349,7169
33,424,3899508.098692373,7169
18,424,3899508.099215846,7169
21,424,3899508.099702129,7169
30,424,3899508.100194761,7169
28,424,3899508.100689624,7169
26,424,3899508.101222207,7169
25,424,3899508.101756971,7169
27,424,3899508.102290874,7169
20,424,3899508.102811467,7169
41,424,3899508.103344961,7169
35,424,3899508.103855694,7169
38,424,3899508.104394148,7169
46,424,3899508.104903650,7169
39,424,3899508.105432504,7169
45,424,3899508.105962507,7169
42,424,3899508.106482130,7169
48,424,3899508.107018234,7169
40,424,3899508.107522876,7169
49,424,3899508.108124832,7169
43,424,3899508.108640775,7169
37,424,3899508.109170558,7169
44,424,3899508.109662010,7169
34,424,3899508.110179074,7169
47,424,3899508.110669466,7169
36,424,3899508.111193749,7169
56,424,3899508.111726673,7169
51,424,3899508.112250196,7169
60,424,3899508.112791300,7169
63,424,3899508.113349734,7169
53,424,3899508.114614936,7169
59,424,3899508.115145689,7169
61,424,3899508.115676933,7169
62,424,3899508.116192616,7169
54,424,3899508.116736020,7169
52,424,3899508.117258373,7169
65,424,3899508.117800276,7169
58,424,3899508.118330350,7169
50,424,3899508.118865113,7169
64,424,3899508.119434248,7169
57,424,3899508.119953011,7169
55,424,3899508.120515275,7169
68,424,3899508.122916376,7169
80,424,3899508.123506601,7169
70,424,3899508.124094275,7169
81,424,3899508.124611249,7169
69,424,3899508.125181013,7169
67,424,3899508.125713616,7169
66,424,3899508.126245400,7169
75,424,3899508.126772883,7169
74,424,3899508.127306427,7169
78,424,3899508.127858471,7169
72,424,3899508.128417655,7169
79,424,3899508.128910707,7169
76,424,3899508.129443231,7169
71,424,3899508.129950404,7169
73,424,3899508.130479597,7169
77,424,3899508.130981180,7169
88,424,3899508.131524534,7169
94,424,3899508.132066427,7169
82,424,3899508.132601411,7169
91,424,3899508.133127604,7169
92,424,3899508.133670688,7169
98,424,3899508.134216991,7169
86,424,3899508.134716974,7169
85,424,3899508.135283978,7169
84,424,3899508.135786911,7169
96,424,3899508.136301464,7169
95,424,3899508.136802187,7169
97,424,3899508.137302400,7169
87,424,3899508.137776672,7169
83,424,3899508.138307925,7169
89,424,3899508.138903220,7169
93,424,3899508.139442984,7169
110,424,3899508.139964667,7169
106,424,3899508.140481200,7169
105,424,3899508.140982263,7169
102,424,3899508.141524116,7169
109,424,3899508.142022479,7169
99,424,3899508.142530142,7169
111,424,3899508.143034785,7169
113,424,3899508.143544858,7169
112,424,3899508.144053180,7169
107,424,3899508.144559993,7169
115,424,3899508.145087316,7169
104,424,3899508.145644500,7169
114,424,3899508.146192224,7169
103,424,3899508.146709498,7169
116,424,3899508.147224231,7169
101,424,3899508.147763634,7169
120,424,3899508.148292438,7169
118,424,3899508.148800160,7169
124,424,3899508.149324984,7169
122,424,3899508.149818836,7169
117,424,3899508.150352070,7169
125,424,3899508.150862132,7169
123,424,3899508.151389046,7169
119,424,3899508.151924529,7169
121,424,3899508.152457273,7169
126,424,3899508.152953045,7169
127,424,3899508.543209754,6465
6,424,3899509.037812841,7233
2,424,3899509.038463237,7233
4,424,3899509.039014511,7233
11,424,3899509.039734900,7233
3,424,3899509.040295854,7233
0,424,3899509.040835187,7233
5,424,3899509.041334180,7233
7,424,3899509.041897264,7233
10,424,3899509.042429108,7233
1,424,3899509.042965801,7233
13,424,3899509.043508125,7233
9,424,3899509.044046098,7233
12,424,3899509.044547461,7233
14,424,3899509.045074695,7233
15,424,3899509.045612108,7233
8,424,3899509.046130561,7233
17,424,3899509.047360142,7233
29,424,3899509.047972728,7233
16,424,3899509.048519842,7233
19,424,3899509.049025155,7233
31,424,3899509.049525927,7233
32,424,3899509.050077431,7233
23,424,3899509.050581244,7233
33,424,3899509.051154868,7233
18,424,3899509.051660021,7233
21,424,3899509.052164744,7233
30,424,3899509.052651766,7233
28,424,3899509.053169059,7233
26,424,3899509.053695322,7233
25,424,3899509.054236956,7233
27,424,3899509.054771040,7233
20,424,3899509.055305593,7233
41,424,3899509.055832927,7233
35,424,3899509.056355800,7233
38,424,3899509.056890763,7233
46,424,3899509.057408436,7233
39,424,3899509.057940050,7233
45,424,3899509.058486014,7233
42,424,3899509.058998776,7233
48,424,3899509.059541700,7233
40,424,3899509.060049923,7233
49,424,3899509.060611717,7233
43,424,3899509.061114290,7233
37,424,3899509.061635063,7233
44,424,3899509.062149776,7233
34,424,3899509.062648619,7233
47,424,3899509.063181633,7233
36,424,3899509.063762347,7233
56,424,3899509.064688520,7233
51,424,3899509.065243874,7233
60,424,3899509.065801159,7233
63,424,3899509.066367803,7233
53,424,3899509.066927177,7233
59,424,3899509.067454010,7233
61,424,3899509.067974403,7233
62,424,3899509.068507987,7233
54,424,3899509.069054511,7233
52,424,3899509.069570004,7233
65,424,3899509.070123088,7233
58,424,3899509.070650891,7233
50,424,3899509.071199115,7233
64,424,3899509.071750519,7233
57,424,3899509.072290193,7233
55,424,3899509.072851257,7233
68,424,3899509.074806046,7233
80,424,3899509.075356600,7233
70,424,3899509.075915075,7233
81,424,3899509.076444708,7233
69,424,3899509.077016792,7233
67,424,3899509.077545686,7233
66,424,3899509.078078039,7233
75,424,3899509.078652194,7233
74,424,3899509.079186017,7233
78,424,3899509.079752401,7233
72,424,3899509.080318276,7233
79,424,3899509.080818178,7233
76,424,3899509.081353062,7233
71,424,3899509.081860215,7233
73,424,3899509.082397648,7233
77,424,3899509.082906221,7233
88,424,3899509.083454825,7233
94,424,3899509.084017279,7233
82,424,3899509.084567293,7233
91,424,3899509.085093827,7233
92,424,3899509.085654661,7233
98,424,3899509.086207125,7233
86,424,3899509.086708677,7233
85,424,3899509.087266331,7233
84,424,3899509.087770544,7233
96,424,3899509.088285967,7233
95,424,3899509.088804400,7233
97,424,3899509.089304693,7233
87,424,3899509.089780425,7233
83,424,3899509.090310979,7233
89,424,3899509.090866282,7233
93,424,3899509.091391656,7233
110,424,3899509.091915169,7233
106,424,3899509.092432612,7233
105,424,3899509.092931965,7233
102,424,3899509.093484639,7233
109,424,3899509.094017102,7233
99,424,3899509.094528075,7233
111,424,3899509.095049888,7233
113,424,3899509.095565171,7233
112,424,3899509.096074624,7233
107,424,3899509.096583987,7233
115,424,3899509.097115100,7233
104,424,3899509.097676495,7233
114,424,3899509.098228919,7233
103,424,3899509.098746652,7233
116,424,3899509.099264605,7233
101,424,3899509.099814609,7233
120,424,3899509.100341862,7233
118,424,3899509.100853375,7233
124,424,3899509.101378248,7233
122,424,3899509.101878931,7233
117,424,3899509.102418474,7233
125,424,3899509.102919927,7233
123,424,3899509.103453791,7233
119,424,3899509.103985674,7233
121,424,3899509.104515828,7233
126,424,3899509.105025031,7233
127,424,3899509.502709487,6529
118,424,3899509.775587037,7283
6,424,3899509.998583536,7297
2,424,3899509.999587321,7297
4,424,3899510.000310190,7297
11,424,3899510.001568761,7297
3,424,3899510.002329541,7297
0,424,3899510.003038779,7297
5,424,3899510.003668124,7297
7,424,3899510.004385603,7297
10,424,3899510.005063580,7297
1,424,3899510.005752217,7297
13,424,3899510.006430184,7297
9,424,3899510.007150552,7297
12,424,3899510.007794129,7297
14,424,3899510.008462366,7297
15,424,3899510.009159093,7297
8,424,3899510.009799390,7297
17,424,3899510.012133098,7297
29,424,3899510.012878908,7297
16,424,3899510.013576105,7297
19,424,3899510.014226671,7297
31,424,3899510.014874028,7297
32,424,3899510.015574456,7297
23,424,3899510.016234952,7297
33,424,3899510.016996532,7297
18,424,3899510.017656568,7297
21,424,3899510.018306815,7297
30,424,3899510.018920570,7297
28,424,3899510.019560656,7297
26,424,3899510.020240074,7297
25,424,3899510.020916721,7297
27,424,3899510.021615348,7297
20,424,3899510.022333327,7297
41,424,3899510.023035844,7297
35,424,3899510.023689831,7297
38,424,3899510.024375238,7297
46,424,3899510.025033415,7297
39,424,3899510.025701542,7297
45,424,3899510.026391289,7297
42,424,3899510.027055406,7297
48,424,3899510.027726423,7297
40,424,3899510.028369159,7297
49,424,3899510.029080937,7297
43,424,3899510.029713403,7297
37,424,3899510.030378370,7297
44,424,3899510.030998426,7297
34,424,3899510.031651852,7297
47,424,3899510.032293898,7297
36,424,3899510.032944505,7297
56,424,3899510.036668809,7297
51,424,3899510.037234313,7297
60,424,3899510.037842379,7297
63,424,3899510.038443614,7297
53,424,3899510.039036919,7297
59,424,3899510.039563612,7297
61,424,3899510.040111556,7297
62,424,3899510.040638179,7297
54,424,3899510.041213174,7297
52,424,3899510.041748107,7297
65,424,3899510.042323962,7297
58,424,3899510.042858475,7297
50,424,3899510.043427900,7297
64,424,3899510.043997304,7297
57,424,3899510.044542578,7297
55,424,3899510.045133823,7297
68,424,3899510.045685357,7297
80,424,3899510.046228471,7297
70,424,3899510.046791055,7297
81,424,3899510.047322508,7297
69,424,3899510.047918254,7297
67,424,3899510.048472788,7297
66,424,3899510.048998351,7297
75,424,3899510.049557815,7297
74,424,3899510.050103939,7297
78,424,3899510.050669073,7297
72,424,3899510.051252198,7297
79,424,3899510.051757900,7297
76,424,3899510.052296634,7297
71,424,3899510.052805647,7297
73,424,3899510.053400542,7297
77,424,3899510.053952756,7297
88,424,3899510.054522030,7297
94,424,3899510.055094885,7297
82,424,3899510.055678430,7297
91,424,3899510.056219043,7297
92,424,3899510.056775318,7297
98,424,3899510.057340112,7297
86,424,3899510.057849994,7297
85,424,3899510.058421809,7297
84,424,3899510.058951632,7297
96,424,3899510.059483436,7297
95,424,3899510.060050080,7297
97,424,3899510.060566673,7297
87,424,3899510.061057756,7297
83,424,3899510.061594199,7297
89,424,3899510.062169964,7297
93,424,3899510.062696057,7297
110,424,3899510.063231711,7297
106,424,3899510.063754884,7297
105,424,3899510.064271967,7297
102,424,3899510.064827401,7297
109,424,3899510.065350224,7297
99,424,3899510.065860757,7297
111,424,3899510.066380450,7297
113,424,3899510.066909634,7297
112,424,3899510.067439147,7297
107,424,3899510.067965300,7297
115,424,3899510.068512174,7297
104,424,3899510.069121190,7297
114,424,3899510.069691314,7297
103,424,3899510.070232868,7297
116,424,3899510.070755701,7297
101,424,3899510.071327906,7297
120,424,3899510.071870179,7297
124,424,3899510.072413243,7297
122,424,3899510.072917846,7297
117,424,3899510.073467089,7297
125,424,3899510.073978693,7297
123,424,3899510.074531376,7297
119,424,3899510.075084380,7297
121,424,3899510.075617224,7297
126,424,3899510.076137027,7297
127,424,3899510.462866996,6593
6,424,3899510.958802327,7361
2,424,3899510.959506034,7361
4,424,3899510.960083799,7361
11,424,3899510.961077074,7361
3,424,3899510.961677389,7361
0,424,3899510.962232334,7361
5,424,3899510.962737336,7361
7,424,3899510.963326341,7361
10,424,3899510.963860415,7361
1,424,3899510.964409559,7361
13,424,3899510.964952562,7361
9,424,3899510.965508026,7361
12,424,3899510.966044520,7361
14,424,3899510.966587224,7361
15,424,3899510.967159478,7361
8,424,3899510.967757923,7361
17,424,3899510.970095522,7361
29,424,3899510.970702268,7361
16,424,3899510.971251772,7361
19,424,3899510.971777685,7361
31,424,3899510.972283628,7361
32,424,3899510.972840642,7361
23,424,3899510.973373365,7361
33,424,3899510.973949610,7361
18,424,3899510.974483663,7361
21,424,3899510.974987606,7361
30,424,3899510.975495519,7361
28,424,3899510.976016752,7361
26,424,3899510.976552416,7361
25,424,3899510.977110540,7361
27,424,3899510.977649693,7361
20,424,3899510.978192637,7361
41,424,3899510.978728781,7361
35,424,3899510.979263594,7361
38,424,3899510.979803928,7361
46,424,3899510.980335121,7361
39,424,3899510.980869775,7361
45,424,3899510.981420039,7361
42,424,3899510.981948902,7361
48,424,3899510.982502176,7361
40,424,3899510.983027149,7361
49,424,3899510.983596594,7361
43,424,3899510.984175389,7361
37,424,3899510.984709702,7361
44,424,3899510.985219375,7361
34,424,3899510.985755618,7361
47,424,3899510.986276262,7361
36,424,3899510.986809655,7361
56,424,3899510.987374489,7361
51,424,3899510.987915083,7361
60,424,3899510.988485267,7361
63,424,3899510.989059952,7361
53,424,3899510.989648247,7361
59,424,3899510.990183500,7361
61,424,3899510.990714914,7361
62,424,3899510.991262298,7361
54,424,3899510.991812751,7361
52,424,3899510.992355475,7361
65,424,3899510.992910719,7361
58,424,3899510.993451693,7361
50,424,3899510.993999867,7361
64,424,3899510.994582081,7361
57,424,3899510.995127135,7361
55,424,3899510.995700610,7361
68,424,3899510.998473150,7361
80,424,3899510.999037284,7361
70,424,3899510.999619139,7361
81,424,3899511.000155593,7361
69,424,3899511.000728877,7361
67,424,3899511.001309742,7361
66,424,3899511.001853756,7361
75,424,3899511.002404489,7361
74,424,3899511.002942893,7361
78,424,3899511.003529558,7361
72,424,3899511.004101452,7361
79,424,3899511.004616245,7361
76,424,3899511.005154689,7361
71,424,3899511.005661732,7361
73,424,3899511.006192985,7361
77,424,3899511.006709558,7361
88,424,3899511.007270593,7361
94,424,3899511.007829696,7361
82,424,3899511.008396951,7361
91,424,3899511.008930935,7361
92,424,3899511.009512129,7361
98,424,3899511.010074763,7361
86,424,3899511.010598606,7361
85,424,3899511.011169111,7361
84,424,3899511.011672784,7361
96,424,3899511.012195587,7361
95,424,3899511.012718430,7361
97,424,3899511.013234243,7361
87,424,3899511.013731626,7361
83,424,3899511.014268539,7361
89,424,3899511.014835514,7361
93,424,3899511.015370777,7361
110,424,3899511.015896471,7361
106,424,3899511.016419874,7361
105,424,3899511.016963078,7361
102,424,3899511.017541042,7361
109,424,3899511.018061965,7361
99,424,3899511.018582308,7361
111,424,3899511.019100612,7361
113,424,3899511.019619545,7361
112,424,3899511.020142118,7361
107,424,3899511.020666251,7361
115,424,3899511.021204185,7361
104,424,3899511.021771889,7361
114,424,3899511.022338603,7361
103,424,3899511.022865867,7361
116,424,3899511.023390780,7361
101,424,3899511.023953334,7361
120,424,3899511.024502488,7361
124,424,3899511.025047902,7361
122,424,3899511.025555345,7361
117,424,3899511.026099389,7361
125,424,3899511.026613622,7361
123,424,3899511.027150575,7361
119,424,3899511.027691859,7361
121,424,3899511.028234052,7361
126,424,3899511.028738585,7361
127,424,3899511.423812465,6657
6,424,3899511.922061924,7425
2,424,3899511.922732902,7425
4,424,3899511.923312226,7425
11,424,3899511.923866770,7425
3,424,3899511.924820134,7425
0,424,3899511.925387938,7425
5,424,3899511.925890611,7425
7,424,3899511.926501427,7425
10,424,3899511.927066251,7425
1,424,3899511.927613865,7425
13,424,3899511.928169509,7425
9,424,3899511.928714023,7425
12,424,3899511.929235806,7425
14,424,3899511.929767519,7425
15,424,3899511.930328903,7425
8,424,3899511.930853677,7425
17,424,3899511.932840947,7425
29,424,3899511.933458233,7425
16,424,3899511.934017057,7425
19,424,3899511.934531640,7425
31,424,3899511.935042473,7425
32,424,3899511.935610507,7425
23,424,3899511.936142061,7425
33,424,3899511.936717925,7425
18,424,3899511.937253799,7425
21,424,3899511.937758951,7425
30,424,3899511.938269684,7425
28,424,3899511.938792908,7425
26,424,3899511.939341871,7425
25,424,3899511.939889465,7425
27,424,3899511.940444599,7425
20,424,3899511.940979843,7425
41,424,3899511.941530577,7425
35,424,3899511.942094911,7425
38,424,3899511.942671615,7425
46,424,3899511.943208499,7425
39,424,3899511.943753933,7425
45,424,3899511.944314707,7425
42,424,3899511.944851701,7425
48,424,3899511.945405015,7425
40,424,3899511.945924898,7425
49,424,3899511.946509263,7425
43,424,3899511.947094338,7425
37,424,3899511.947626641,7425
44,424,3899511.948141724,7425
34,424,3899511.948649087,7425
47,424,3899511.949158160,7425
36,424,3899511.949687043,7425
56,424,3899511.950247497,7425
51,424,3899511.950797571,7425
60,424,3899511.951381946,7425
63,424,3899511.951953980,7425
53,424,3899511.953217402,7425
59,424,3899511.953755486,7425
61,424,3899511.954302460,7425
62,424,3899511.954831343,7425
54,424,3899511.955389047,7425
52,424,3899511.955920521,7425
65,424,3899511.956505585,7425
58,424,3899511.957057519,7425
50,424,3899511.957649744,7425
64,424,3899511.958261680,7425
57,424,3899511.958803394,7425
55,424,3899511.959387098,7425
68,424,3899511.961894942,7425
80,424,3899511.962464586,7425
70,424,3899511.963050061,7425
81,424,3899511.963580344,7425
69,424,3899511.964163589,7425
67,424,3899511.964715173,7425
66,424,3899511.965270847,7425
75,424,3899511.965813341,7425
74,424,3899511.966351914,7425
78,424,3899511.966930119,7425
72,424,3899511.967515404,7425
79,424,3899511.968034207,7425
76,424,3899511.968581841,7425
71,424,3899511.969102214,7425
73,424,3899511.969629857,7425
77,424,3899511.970148300,7425
88,424,3899511.970701064,7425
94,424,3899511.971275929,7425
82,424,3899511.971837273,7425
91,424,3899511.972382057,7425
92,424,3899511.972952501,7425
98,424,3899511.973555756,7425
86,424,3899511.974093760,7425
85,424,3899511.974665385,7425
84,424,3899511.975183928,7425
96,424,3899511.975700111,7425
95,424,3899511.976221944,7425
97,424,3899511.976737207,7425
87,424,3899511.977243320,7425
83,424,3899511.977795484,7425
89,424,3899511.978375248,7425
93,424,3899511.978910152,7425
110,424,3899511.979448145,7425
106,424,3899511.979962578,7425
105,424,3899511.980478171,7425
102,424,3899511.981048746,7425
109,424,3899511.981567399,7425
99,424,3899511.982099372,7425
111,424,3899511.982622646,7425
113,424,3899511.983157370,7425
112,424,3899511.983671602,7425
107,424,3899511.984210626,7425
115,424,3899511.984749210,7425
104,424,3899511.985333404,7425
114,424,3899511.985901489,7425
103,424,3899511.986445582,7425
116,424,3899511.986974736,7425
101,424,3899511.987554081,7425
120,424,3899511.988111785,7425
124,424,3899511.988659518,7425
122,424,3899511.989209542,7425
117,424,3899511.989790957,7425
125,424,3899511.990321720,7425
123,424,3899511.990865294,7425
119,424,3899511.991427619,7425
121,424,3899511.991989443,7425
126,424,3899511.992512326,7425
127,424,3899512.461968057,6721
6,424,3899512.962969355,7489
2,424,3899512.963742565,7489
4,424,3899512.964316320,7489
11,424,3899512.965055918,7489
3,424,3899512.965626762,7489
0,424,3899512.966194317,7489
5,424,3899512.966701480,7489
7,424,3899512.967285544,7489
10,424,3899512.967829238,7489
1,424,3899512.968392943,7489
13,424,3899512.968941716,7489
9,424,3899512.969505140,7489
12,424,3899512.970028324,7489
14,424,3899512.970566767,7489
15,424,3899512.971144582,7489
8,424,3899512.971677106,7489
17,424,3899512.972707641,7489
29,424,3899512.973305637,7489
16,424,3899512.973855250,7489
19,424,3899512.974384834,7489
31,424,3899512.974888717,7489
32,424,3899512.975498742,7489
23,424,3899512.976051846,7489
33,424,3899512.976639671,7489
18,424,3899512.977183465,7489
21,424,3899512.977689207,7489
30,424,3899512.978206080,7489
28,424,3899512.978723714,7489
26,424,3899512.979280548,7489
25,424,3899512.979841932,7489
27,424,3899512.980403066,7489
20,424,3899512.980953790,7489
41,424,3899512.981505004,7489
35,424,3899512.982046558,7489
38,424,3899512.982601662,7489
46,424,3899512.983140345,7489
39,424,3899512.983683729,7489
45,424,3899512.984247364,7489
42,424,3899512.984775127,7489
48,424,3899512.985327331,7489
40,424,3899512.985855254,7489
49,424,3899512.986438899,7489
43,424,3899512.987032894,7489
37,424,3899512.987575468,7489
44,424,3899512.988093781,7489
34,424,3899512.988615684,7489
47,424,3899512.989132537,7489
36,424,3899512.989669170,7489
56,424,3899512.990458850,7489
51,424,3899512.991015595,7489
60,424,3899512.991626060,7489
63,424,3899512.992222675,7489
53,424,3899512.992800529,7489
59,424,3899512.993333553,7489
61,424,3899512.993868787,7489
62,424,3899512.996195506,7489
54,424,3899512.996782990,7489
52,424,3899512.997336224,7489
65,424,3899512.997907779,7489
58,424,3899512.998476163,7489
50,424,3899512.999047878,7489
64,424,3899512.999629622,7489
57,424,3899513.000187216,7489
55,424,3899513.000776471,7489
68,424,3899513.001338125,7489
80,424,3899513.001883209,7489
70,424,3899513.002466574,7489
81,424,3899513.003006878,7489
69,424,3899513.003599973,7489
67,424,3899513.004159167,7489
66,424,3899513.004696970,7489
75,424,3899513.005251324,7489
74,424,3899513.005789878,7489
78,424,3899513.006368313,7489
72,424,3899513.006946407,7489
79,424,3899513.007509832,7489
76,424,3899513.008071846,7489
71,424,3899513.008596349,7489
73,424,3899513.009144143,7489
77,424,3899513.009661306,7489
88,424,3899513.010217520,7489
94,424,3899513.010782634,7489
82,424,3899513.011358379,7489
91,424,3899513.011905883,7489
92,424,3899513.012488027,7489
98,424,3899513.013062552,7489
86,424,3899513.013595595,7489
85,424,3899513.014171980,7489
84,424,3899513.014701134,7489
96,424,3899513.015231787,7489
95,424,3899513.015753750,7489
97,424,3899513.016270563,7489
87,424,3899513.016774926,7489
83,424,3899513.017336680,7489
89,424,3899513.017924725,7489
93,424,3899513.018473299,7489
110,424,3899513.019018883,7489
106,424,3899513.019538166,7489
105,424,3899513.020055339,7489
102,424,3899513.020611443,7489
109,424,3899513.021149026,7489
99,424,3899513.021676190,7489
111,424,3899513.022209613,7489
113,424,3899513.022739627,7489
112,424,3899513.023292971,7489
107,424,3899513.023820424,7489
115,424,3899513.024377738,7489
104,424,3899513.024956543,7489
114,424,3899513.025537577,7489
103,424,3899513.026082041,7489
116,424,3899513.026610305,7489
101,424,3899513.027188809,7489
120,424,3899513.027739813,7489
124,424,3899513.028292737,7489
122,424,3899513.028817190,7489
117,424,3899513.029380645,7489
125,424,3899513.029900278,7489
123,424,3899513.030445972,7489
119,424,3899513.031000036,7489
121,424,3899513.031545449,7489
126,424,3899513.032060722,7489
127,424,3899513.431798660,6785
6,424,3899513.933141167,7553
2,424,3899513.933791224,7553
4,424,3899513.934362508,7553
11,424,3899513.935456986,7553
3,424,3899513.936075892,7553
0,424,3899513.936639166,7553
5,424,3899513.937168139,7553
7,424,3899513.937759784,7553
10,424,3899513.938310838,7553
1,424,3899513.938887453,7553
13,424,3899513.939464357,7553
9,424,3899513.940028181,7553
12,424,3899513.940549925,7553
14,424,3899513.941092288,7553
15,424,3899513.941649282,7553
8,424,3899513.942242557,7553
17,424,3899513.944267289,7553
29,424,3899513.944878704,7553
16,424,3899513.945433798,7553
19,424,3899513.945950021,7553
31,424,3899513.946461214,7553
32,424,3899513.947032349,7553
23,424,3899513.947552122,7553
33,424,3899513.948157297,7553
18,424,3899513.948685411,7553
21,424,3899513.949205944,7553
30,424,3899513.949723067,7553
28,424,3899513.950251350,7553
26,424,3899513.950805094,7553
25,424,3899513.951367198,7553
27,424,3899513.951932693,7553
20,424,3899513.952490937,7553
41,424,3899513.953044601,7553
35,424,3899513.953579404,7553
38,424,3899513.954142769,7553
46,424,3899513.954707663,7553
39,424,3899513.955279427,7553
45,424,3899513.955839401,7553
42,424,3899513.956381165,7553
48,424,3899513.956931309,7553
40,424,3899513.957465533,7553
49,424,3899513.958055657,7553
43,424,3899513.958639402,7553
37,424,3899513.959193506,7553
44,424,3899513.959704489,7553
34,424,3899513.960231912,7553
47,424,3899513.960746485,7553
36,424,3899513.961294179,7553
56,424,3899513.961856624,7553
51,424,3899513.962409838,7553
60,424,3899513.962981992,7553
63,424,3899513.963582217,7553
53,424,3899513.964183043,7553
59,424,3899513.964718166,7553
61,424,3899513.965278160,7553
62,424,3899513.965809044,7553
54,424,3899513.966373098,7553
52,424,3899513.966912152,7553
65,424,3899513.967482996,7553
58,424,3899513.968434920,7553
50,424,3899513.969022065,7553
64,424,3899513.969602749,7553
57,424,3899513.970165664,7553
55,424,3899513.970782969,7553
68,424,3899513.973178670,7553
80,424,3899513.973738284,7553
70,424,3899513.974323729,7553
81,424,3899513.974869222,7553
69,424,3899513.975460517,7553
67,424,3899513.976022782,7553
66,424,3899513.976560285,7553
75,424,3899513.977128910,7553
74,424,3899513.977680184,7553
78,424,3899513.978259398,7553
72,424,3899513.978831323,7553
79,424,3899513.979362536,7553
76,424,3899513.979913850,7553
71,424,3899513.980441234,7553
73,424,3899513.980983807,7553
77,424,3899513.981511901,7553
88,424,3899513.982074885,7553
94,424,3899513.982663030,7553
82,424,3899513.983246265,7553
91,424,3899513.983802388,7553
92,424,3899513.984386073,7553
98,424,3899513.984961828,7553
86,424,3899513.985504042,7553
85,424,3899513.987610385,7553
84,424,3899513.990125619,7553
96,424,3899513.990892848,7553
95,424,3899513.991617826,7553
97,424,3899513.992294733,7553
87,424,3899513.992879448,7553
83,424,3899513.993598696,7553
89,424,3899513.994287044,7553
93,424,3899513.994939480,7553
110,424,3899513.995599537,7553
106,424,3899513.996199612,7553
105,424,3899513.996770996,7553
102,424,3899513.997391302,7553
109,424,3899513.997964497,7553
99,424,3899513.998545901,7553
111,424,3899513.999164767,7553
113,424,3899513.999748202,7553
112,424,3899514.000341927,7553
107,424,3899514.000886011,7553
115,424,3899514.001470555,7553
104,424,3899514.002091001,7553
114,424,3899514.002697636,7553
103,424,3899514.003262640,7553
116,424,3899514.003841655,7553
101,424,3899514.004482482,7553
120,424,3899514.005080126,7553
124,424,3899514.005707162,7553
122,424,3899514.006272237,7553
117,424,3899514.006863072,7553
125,424,3899514.007426636,7553
123,424,3899514.008008011,7553
119,424,3899514.008578795,7553
121,424,3899514.009148140,7553
126,424,3899514.009667093,7553
127,424,3899514.403438890,6849
6,424,3899514.953631472,7617
2,424,3899514.954927355,7617
4,424,3899514.955560691,7617
11,424,3899514.956194477,7617
3,424,3899514.956831543,7617
0,424,3899514.957446998,7617
5,424,3899514.958046063,7617
7,424,3899514.958673809,7617
10,424,3899514.959272584,7617
1,424,3899514.959865739,7617
13,424,3899514.960497095,7617
9,424,3899514.961757837,7617
12,424,3899514.962313441,7617
14,424,3899514.962880096,7617
15,424,3899514.963456950,7617
8,424,3899514.964020505,7617
17,424,3899514.965315057,7617
29,424,3899514.965980574,7617
16,424,3899514.966581199,7617
19,424,3899514.967143933,7617
31,424,3899514.967690837,7617
32,424,3899514.968282232,7617
23,424,3899514.968819566,7617
33,424,3899514.969431041,7617
18,424,3899514.969964295,7617
21,424,3899514.970489248,7617
30,424,3899514.971015361,7617
28,424,3899514.971548255,7617
26,424,3899514.972127129,7617
25,424,3899514.972689504,7617
27,424,3899514.973256268,7617
20,424,3899514.973814062,7617
41,424,3899514.975296019,7617
35,424,3899514.975870824,7617
38,424,3899514.976455419,7617
46,424,3899514.977015013,7617
39,424,3899514.977593228,7617
45,424,3899514.978165452,7617
42,424,3899514.978723886,7617
48,424,3899514.979302631,7617
40,424,3899514.979842645,7617
49,424,3899514.980445130,7617
43,424,3899514.981042455,7617
37,424,3899514.981596669,7617
44,424,3899514.982119372,7617
34,424,3899514.982650085,7617
47,424,3899514.983182109,7617
36,424,3899514.983794914,7617
56,424,3899514.985622761,7617
51,424,3899514.986242756,7617
60,424,3899514.986878503,7617
63,424,3899514.987500968,7617
53,424,3899514.988109303,7617
59,424,3899514.988656697,7617
61,424,3899514.989206991,7617
62,424,3899514.989759355,7617
54,424,3899514.990331650,7617
52,424,3899514.990886954,7617
65,424,3899514.991467559,7617
58,424,3899514.992039103,7617
50,424,3899514.992621878,7617
64,424,3899514.993220753,7617
57,424,3899514.993774037,7617
55,424,3899514.994375482,7617
68,424,3899514.994945447,7617
80,424,3899514.995506201,7617
70,424,3899514.996123016,7617
81,424,3899514.996673070,7617
69,424,3899514.997290216,7617
67,424,3899514.997848490,7617
66,424,3899514.998397674,7617
75,424,3899514.998945457,7617
74,424,3899514.999496482,7617
78,424,3899515.000078086,7617
72,424,3899515.000653601,7617
79,424,3899515.001173344,7617
76,424,3899515.001727898,7617
71,424,3899515.002261832,7617
73,424,3899515.002799975,7617
77,424,3899515.003339529,7617
88,424,3899515.005330709,7617
94,424,3899515.005907854,7617
82,424,3899515.006486958,7617
91,424,3899515.007051362,7617
92,424,3899515.007648458,7617
98,424,3899515.008250763,7617
86,424,3899515.008786566,7617
85,424,3899515.009380841,7617
84,424,3899515.009920105,7617
96,424,3899515.010457029,7617
95,424,3899515.010991782,7617
97,424,3899515.011520326,7617
87,424,3899515.012029288,7617
83,424,3899515.012579192,7617
89,424,3899515.013180557,7617
93,424,3899515.013732531,7617
110,424,3899515.014297386,7617
106,424,3899515.014824999,7617
105,424,3899515.015348542,7617
102,424,3899515.015906617,7617
109,424,3899515.016431390,7617
99,424,3899515.016956083,7617
111,424,3899515.017501037,7617
113,424,3899515.018086581,7617
112,424,3899515.018629575,7617
107,424,3899515.019175079,7617
115,424,3899515.019718373,7617
104,424,3899515.020305938,7617
114,424,3899515.020881432,7617
103,424,3899515.021434526,7617
116,424,3899515.021969110,7617
101,424,3899515.022554974,7617
120,424,3899515.024347940,7617
124,424,3899515.025126659,7617
122,424,3899515.025710324,7617
117,424,3899515.026327620,7617
125,424,3899515.026908625,7617
123,424,3899515.027507140,7617
119,424,3899515.028104795,7617
121,424,3899515.028676189,7617
126,424,3899515.029227443,7617
127,424,3899515.425115814,6913
6,424,3899516.064977733,7681
2,424,3899516.065695991,7681
4,424,3899516.066291026,7681
11,424,3899516.067138538,7681
3,424,3899516.067750233,7681
0,424,3899516.068330158,7681
5,424,3899516.068869742,7681
7,424,3899516.069481167,7681
10,424,3899516.070056682,7681
1,424,3899516.070645456,7681
13,424,3899516.071228481,7681
9,424,3899516.071805776,7681
12,424,3899516.072357600,7681
14,424,3899516.072926104,7681
15,424,3899516.073515609,7681
8,424,3899516.074077083,7681
17,424,3899516.078355342,7681
29,424,3899516.079129951,7681
16,424,3899516.079717686,7681
19,424,3899516.080287200,7681
31,424,3899516.080825744,7681
32,424,3899516.081422569,7681
23,424,3899516.081970063,7681
33,424,3899516.082588398,7681
18,424,3899516.083171123,7681
21,424,3899516.083708397,7681
30,424,3899516.084255741,7681
28,424,3899516.084796274,7681
26,424,3899516.085447891,7681
25,424,3899516.086045566,7681
27,424,3899516.086615900,7681
20,424,3899516.087188385,7681
41,424,3899516.087766900,7681
35,424,3899516.088333224,7681
38,424,3899516.088906118,7681
46,424,3899516.089472303,7681
39,424,3899516.090047117,7681
45,424,3899516.090621572,7681
42,424,3899516.091183016,7681
48,424,3899516.091766121,7681
40,424,3899516.092328795,7681
49,424,3899516.092930030,7681
43,424,3899516.093550336,7681
37,424,3899516.094121210,7681
44,424,3899516.094647654,7681
34,424,3899516.095191097,7681
47,424,3899516.095724441,7681
36,424,3899516.096295005,7681
56,424,3899516.096878180,7681
51,424,3899516.097445204,7681
60,424,3899516.098046809,7681
63,424,3899516.098658505,7681
53,424,3899516.099294591,7681
59,424,3899516.099858395,7681
61,424,3899516.100429590,7681
62,424,3899516.100990554,7681
54,424,3899516.101578659,7681
52,424,3899516.102148773,7681
65,424,3899516.102730268,7681
58,424,3899516.103308802,7681
50,424,3899516.103924128,7681
64,424,3899516.104542224,7681
57,424,3899516.105126928,7681
55,424,3899516.105730794,7681
68,424,3899516.109245673,7681
80,424,3899516.109827617,7681
70,424,3899516.110434493,7681
81,424,3899516.110996557,7681
69,424,3899516.111603932,7681
67,424,3899516.112187057,7681
66,424,3899516.112740391,7681
75,424,3899516.113309315,7681
74,424,3899516.113870769,7681
78,424,3899516.114470845,7681
72,424,3899516.115110481,7681
79,424,3899516.115648574,7681
76,424,3899516.116218349,7681
71,424,3899516.116761543,7681
73,424,3899516.117366228,7681
77,424,3899516.117967383,7681
88,424,3899516.118566678,7681
94,424,3899516.119150743,7681
82,424,3899516.119727028,7681
91,424,3899516.120293382,7681
92,424,3899516.120886897,7681
98,424,3899516.121489272,7681
86,424,3899516.122051786,7681
85,424,3899516.122651251,7681
84,424,3899516.123205576,7681
96,424,3899516.123741459,7681
95,424,3899516.124290603,7681
97,424,3899516.124818276,7681
87,424,3899516.125335719,7681
83,424,3899516.125898374,7681
89,424,3899516.126516489,7681
93,424,3899516.127096564,7681
110,424,3899516.127705959,7681
106,424,3899516.128310085,7681
105,424,3899516.128843788,7681
102,424,3899516.129435193,7681
109,424,3899516.130026358,7681
99,424,3899516.130606143,7681
111,424,3899516.131175997,7681
113,424,3899516.131732821,7681
112,424,3899516.132315576,7681
107,424,3899516.132881880,7681
115,424,3899516.133500056,7681
104,424,3899516.134104721,7681
114,424,3899516.134685126,7681
103,424,3899516.135251540,7681
116,424,3899516.135799074,7681
101,424,3899516.136396909,7681
120,424,3899516.136963284,7681
124,424,3899516.137549408,7681
122,424,3899516.138104562,7681
117,424,3899516.138680097,7681
125,424,3899516.139242601,7681
123,424,3899516.139831066,7681
119,424,3899516.140425521,7681
121,424,3899516.140984555,7681
126,424,3899516.141519039,7681
127,424,3899516.536222119,6977
6,424,3899517.132299351,7745
2,424,3899517.133077831,7745
4,424,3899517.133680336,7745
11,424,3899517.134760043,7745
3,424,3899517.135433531,7745
0,424,3899517.136023866,7745
5,424,3899517.136558729,7745
7,424,3899517.137184075,7745
10,424,3899517.137756239,7745
1,424,3899517.138340324,7745
13,424,3899517.138929609,7745
9,424,3899517.139520044,7745
12,424,3899517.140076858,7745
14,424,3899517.140643092,7745
15,424,3899517.141238137,7745
8,424,3899517.141863193,7745
17,424,3899517.145415233,7745
29,424,3899517.146195013,7745
16,424,3899517.146803148,7745
19,424,3899517.147372502,7745
31,424,3899517.147920776,7745
32,424,3899517.148523302,7745
23,424,3899517.149077516,7745
33,424,3899517.149701151,7745
18,424,3899517.150259446,7745
21,424,3899517.150806979,7745
30,424,3899517.151343373,7745
28,424,3899517.151882716,7745
26,424,3899517.152493312,7745
25,424,3899517.153096267,7745
27,424,3899517.153679292,7745
20,424,3899517.154256156,7745
41,424,3899517.154823051,7745
35,424,3899517.155393985,7745
38,424,3899517.155966180,7745
46,424,3899517.156584755,7745
39,424,3899517.157173270,7745
45,424,3899517.157752785,7745
42,424,3899517.158325279,7745
48,424,3899517.158901804,7745
40,424,3899517.159481459,7745
49,424,3899517.160105164,7745
43,424,3899517.160715080,7745
37,424,3899517.161289654,7745
44,424,3899517.161831338,7745
34,424,3899517.162379832,7745
47,424,3899517.162919775,7745
36,424,3899517.163495480,7745
56,424,3899517.164095745,7745
51,424,3899517.164667160,7745
60,424,3899517.165286175,7745
63,424,3899517.165889991,7745
53,424,3899517.166505586,7745
59,424,3899517.167072180,7745
61,424,3899517.167640205,7745
62,424,3899517.168212569,7745
54,424,3899517.168824745,7745
52,424,3899517.169423850,7745
65,424,3899517.170022745,7745
58,424,3899517.170598920,7745
50,424,3899517.171193125,7745
64,424,3899517.171791550,7745
57,424,3899517.172375595,7745
55,424,3899517.172999390,7745
68,424,3899517.176762696,7745
80,424,3899517.177360341,7745
70,424,3899517.177962386,7745
81,424,3899517.178534490,7745
69,424,3899517.179148906,7745
67,424,3899517.179720740,7745
66,424,3899517.180294255,7745
75,424,3899517.180856589,7745
74,424,3899517.181425063,7745
78,424,3899517.182046759,7745
72,424,3899517.182653505,7745
79,424,3899517.183203908,7745
76,424,3899517.183771243,7745
71,424,3899517.184329107,7745
73,424,3899517.184918492,7745
77,424,3899517.185478206,7745
88,424,3899517.186111842,7745
94,424,3899517.186720088,7745
82,424,3899517.187319152,7745
91,424,3899517.187882687,7745
92,424,3899517.188501682,7745
98,424,3899517.189118658,7745
86,424,3899517.189710633,7745
85,424,3899517.190325128,7745
84,424,3899517.190878622,7745
96,424,3899517.191430607,7745
95,424,3899517.191992881,7745
97,424,3899517.192528614,7745
87,424,3899517.193060618,7745
83,424,3899517.193620032,7745
89,424,3899517.194224557,7745
93,424,3899517.194783801,7745
110,424,3899517.195360206,7745
106,424,3899517.195914210,7745
105,424,3899517.196462754,7745
102,424,3899517.197043469,7745
109,424,3899517.197575832,7745
99,424,3899517.198119076,7745
111,424,3899517.198652389,7745
113,424,3899517.199202683,7745
112,424,3899517.199741137,7745
107,424,3899517.200310011,7745
115,424,3899517.200894366,7745
104,424,3899517.201505371,7745
114,424,3899517.202095686,7745
103,424,3899517.202643550,7745
116,424,3899517.203213774,7745
101,424,3899517.203809820,7745
120,424,3899517.204390204,7745
124,424,3899517.204959638,7745
122,424,3899517.205512712,7745
117,424,3899517.206107578,7745
125,424,3899517.206655512,7745
123,424,3899517.207232866,7745
119,424,3899517.207811981,7745
121,424,3899517.208393075,7745
126,424,3899517.208920079,7745
127,424,3899517.821347964,7041
6,424,3899518.495915401,7809
2,424,3899518.496716812,7809
4,424,3899518.497327457,7809
11,424,3899518.497897551,7809
3,424,3899518.498537627,7809
0,424,3899518.499547263,7809
5,424,3899518.500101917,7809
7,424,3899518.500707573,7809
10,424,3899518.501301877,7809
1,424,3899518.501870312,7809
13,424,3899518.502452326,7809
9,424,3899518.503051441,7809
12,424,3899518.503595615,7809
14,424,3899518.504164970,7809
15,424,3899518.504749784,7809
8,424,3899518.505376071,7809
17,424,3899518.507313940,7809
29,424,3899518.507950056,7809
16,424,3899518.508545240,7809
19,424,3899518.509096054,7809
31,424,3899518.509625178,7809
32,424,3899518.510219493,7809
23,424,3899518.510773197,7809
33,424,3899518.511390652,7809
18,424,3899518.511943386,7809
21,424,3899518.512489400,7809
30,424,3899518.513029624,7809
28,424,3899518.513581798,7809
26,424,3899518.514165153,7809
25,424,3899518.514750388,7809
27,424,3899518.515344043,7809
20,424,3899518.515914037,7809
41,424,3899518.516493512,7809
35,424,3899518.517062876,7809
38,424,3899518.517673011,7809
46,424,3899518.518248006,7809
39,424,3899518.518827500,7809
45,424,3899518.519421815,7809
42,424,3899518.519977890,7809
48,424,3899518.520561475,7809
40,424,3899518.521118438,7809
49,424,3899518.521732874,7809
43,424,3899518.522352850,7809
37,424,3899518.522917934,7809
44,424,3899518.523470698,7809
34,424,3899518.524043232,7809
47,424,3899518.524580806,7809
36,424,3899518.525223852,7809
56,424,3899518.526755341,7809
51,424,3899518.527348676,7809
60,424,3899518.527956982,7809
63,424,3899518.528567387,7809
53,424,3899518.529185762,7809
59,424,3899518.529746387,7809
61,424,3899518.530320401,7809
62,424,3899518.530885185,7809
54,424,3899518.531481900,7809
52,424,3899518.532058355,7809
65,424,3899518.532647500,7809
58,424,3899518.533224815,7809
50,424,3899518.533812429,7809
64,424,3899518.534423725,7809
57,424,3899518.534998089,7809
55,424,3899518.535611665,7809
68,424,3899518.539073592,7809
80,424,3899518.539912524,7809
70,424,3899518.540577810,7809
81,424,3899518.541168135,7809
69,424,3899518.541804332,7809
67,424,3899518.542403377,7809
66,424,3899518.542990522,7809
75,424,3899518.543584717,7809
74,424,3899518.544164821,7809
78,424,3899518.544772916,7809
72,424,3899518.545385672,7809
79,424,3899518.545941576,7809
76,424,3899518.546534671,7809
71,424,3899518.547095225,7809
73,424,3899518.547663660,7809
77,424,3899518.548232034,7809
88,424,3899518.548829289,7809
94,424,3899518.549425884,7809
82,424,3899518.550028360,7809
91,424,3899518.550601704,7809
92,424,3899518.551207239,7809
98,424,3899518.551806974,7809
86,424,3899518.552385339,7809
85,424,3899518.552995884,7809
84,424,3899518.553562279,7809
96,424,3899518.554127563,7809
95,424,3899518.554696487,7809
97,424,3899518.555242851,7809
87,424,3899518.555761165,7809
83,424,3899518.556345179,7809
89,424,3899518.556957505,7809
93,424,3899518.557526519,7809
110,424,3899518.558110134,7809
106,424,3899518.558675358,7809
105,424,3899518.559226332,7809
102,424,3899518.559827627,7809
109,424,3899518.560371571,7809
99,424,3899518.560913255,7809
111,424,3899518.561462538,7809
113,424,3899518.562020923,7809
112,424,3899518.562565346,7809
107,424,3899518.563128851,7809
115,424,3899518.563703915,7809
104,424,3899518.564319401,7809
114,424,3899518.564916256,7809
103,424,3899518.565482430,7809
116,424,3899518.566039464,7809
101,424,3899518.566645470,7809
120,424,3899518.567238775,7809
124,424,3899518.567816029,7809
122,424,3899518.568377313,7809
117,424,3899518.568963498,7809
125,424,3899518.569525402,7809
123,424,3899518.570107397,7809
119,424,3899518.570700012,7809
121,424,3899518.571282437,7809
126,424,3899518.571827521,7809
127,424,3899519.042157653,7105
6,424,3899519.557299859,7873
2,424,3899519.558076618,7873
4,424,3899519.558671653,7873
11,424,3899519.559270068,7873
3,424,3899519.559897015,7873
0,424,3899519.560915230,7873
5,424,3899519.561492945,7873
7,424,3899519.562111090,7873
10,424,3899519.562690175,7873
1,424,3899519.563273100,7873
13,424,3899519.563852384,7873
9,424,3899519.564438409,7873
12,424,3899519.564984893,7873
14,424,3899519.565557378,7873
15,424,3899519.566155353,7873
8,424,3899519.566798739,7873
17,424,3899519.568010580,7873
29,424,3899519.568649116,7873
16,424,3899519.569259701,7873
19,424,3899519.569799265,7873
31,424,3899519.570334008,7873
32,424,3899519.570922073,7873
23,424,3899519.571477777,7873
33,424,3899519.572099863,7873
18,424,3899519.572650997,7873
21,424,3899519.573186900,7873
30,424,3899519.573715254,7873
28,424,3899519.574276398,7873
26,424,3899519.574843613,7873
25,424,3899519.575440648,7873
27,424,3899519.576023642,7873
20,424,3899519.576594807,7873
41,424,3899519.578607377,7873
35,424,3899519.579196972,7873
38,424,3899519.579789047,7873
46,424,3899519.580363992,7873
39,424,3899519.580936816,7873
45,424,3899519.581536711,7873
42,424,3899519.582108366,7873
48,424,3899519.582683071,7873
40,424,3899519.583245595,7873
49,424,3899519.583854830,7873
43,424,3899519.584473356,7873
37,424,3899519.585052040,7873
44,424,3899519.585587204,7873
34,424,3899519.586134558,7873
47,424,3899519.586675081,7873
36,424,3899519.587248546,7873
56,424,3899519.587834461,7873
51,424,3899519.588411656,7873
60,424,3899519.589024371,7873
63,424,3899519.589632416,7873
53,424,3899519.590262522,7873
59,424,3899519.590827417,7873
61,424,3899519.591400841,7873
62,424,3899519.591965455,7873
54,424,3899519.592560440,7873
52,424,3899519.593136025,7873
65,424,3899519.593728900,7873
58,424,3899519.594308545,7873
50,424,3899519.594895179,7873
64,424,3899519.595514995,7873
57,424,3899519.596095770,7873
55,424,3899519.596700615,7873
68,424,3899519.599471945,7873
80,424,3899519.600061250,7873
70,424,3899519.600677286,7873
81,424,3899519.601249520,7873
69,424,3899519.601855625,7873
67,424,3899519.602447080,7873
66,424,3899519.603017345,7873
75,424,3899519.603593459,7873
74,424,3899519.604174704,7873
78,424,3899519.604773969,7873
72,424,3899519.605379685,7873
79,424,3899519.605917178,7873
76,424,3899519.606494313,7873
71,424,3899519.607045876,7873
73,424,3899519.607607411,7873
77,424,3899519.608155695,7873
88,424,3899519.608740679,7873
94,424,3899519.609342875,7873
82,424,3899519.609930880,7873
91,424,3899519.610519824,7873
92,424,3899519.611125840,7873
98,424,3899519.611717405,7873
86,424,3899519.612277099,7873
85,424,3899519.612889164,7873
84,424,3899519.613458499,7873
96,424,3899519.614024473,7873
95,424,3899519.614581347,7873
97,424,3899519.615137351,7873
87,424,3899519.615674345,7873
83,424,3899519.616252269,7873
89,424,3899519.616876145,7873
93,424,3899519.617460830,7873
110,424,3899519.618037134,7873
106,424,3899519.618591548,7873
105,424,3899519.619145122,7873
102,424,3899519.619735257,7873
109,424,3899519.620294122,7873
99,424,3899519.620838395,7873
111,424,3899519.621384289,7873
113,424,3899519.621934053,7873
112,424,3899519.622476357,7873
107,424,3899519.623029531,7873
115,424,3899519.623599205,7873
104,424,3899519.624210531,7873
114,424,3899519.624804556,7873
103,424,3899519.625374190,7873
116,424,3899519.625918344,7873
101,424,3899519.626517779,7873
120,424,3899519.627108514,7873
124,424,3899519.627681789,7873
122,424,3899519.628241263,7873
117,424,3899519.628823057,7873
125,424,3899519.629380832,7873
123,424,3899519.629954396,7873
119,424,3899519.630555781,7873
121,424,3899519.631136576,7873
126,424,3899519.631680179,7873
127,424,3899520.178282200,7169
6,424,3899520.694340329,7937
2,424,3899520.695054197,7937
4,424,3899520.695647072,7937
11,424,3899520.696538265,7937
3,424,3899520.697164111,7937
0,424,3899520.697736405,7937
5,424,3899520.698275299,7937
7,424,3899520.698889104,7937
10,424,3899520.699467779,7937
1,424,3899520.700049993,7937
13,424,3899520.700624898,7937
9,424,3899520.701204663,7937
12,424,3899520.701747006,7937
14,424,3899520.702332841,7937
15,424,3899520.702919986,7937
8,424,3899520.703486091,7937
17,424,3899520.705085441,7937
29,424,3899520.705721137,7937
16,424,3899520.706301182,7937
19,424,3899520.706840635,7937
31,424,3899520.707393199,7937
32,424,3899520.708026265,7937
23,424,3899520.708577249,7937
33,424,3899520.709201305,7937
18,424,3899520.709754219,7937
21,424,3899520.710293912,7937
30,424,3899520.710824896,7937
28,424,3899520.711373540,7937
26,424,3899520.711949734,7937
25,424,3899520.712543069,7937
27,424,3899520.713136924,7937
20,424,3899520.713718449,7937
41,424,3899520.714301024,7937
35,424,3899520.714866368,7937
38,424,3899520.715460903,7937
46,424,3899520.716031037,7937
39,424,3899520.716624632,7937
45,424,3899520.717218398,7937
42,424,3899520.717784082,7937
48,424,3899520.718369167,7937
40,424,3899520.718914290,7937
49,424,3899520.719530686,7937
43,424,3899520.720151912,7937
37,424,3899520.720726856,7937
44,424,3899520.721272670,7937
34,424,3899520.721816904,7937
47,424,3899520.722368058,7937
36,424,3899520.723022734,7937
56,424,3899520.724296206,7937
51,424,3899520.724882151,7937
60,424,3899520.725495027,7937
63,424,3899520.726102922,7937
53,424,3899520.726714988,7937
59,424,3899520.727283082,7937
61,424,3899520.727849407,7937
62,424,3899520.728418031,7937
54,424,3899520.728998496,7937
52,424,3899520.729578160,7937
65,424,3899520.730177235,7937
58,424,3899520.730745500,7937
50,424,3899520.731339275,7937
64,424,3899520.731943650,7937
57,424,3899520.732520134,7937
55,424,3899520.733134070,7937
68,424,3899520.735827858,7937
80,424,3899520.736421453,7937
70,424,3899520.737049649,7937
81,424,3899520.737614303,7937
69,424,3899520.738233639,7937
67,424,3899520.738814504,7937
66,424,3899520.739388478,7937
75,424,3899520.739966523,7937
74,424,3899520.740573158,7937
78,424,3899520.741189224,7937
72,424,3899520.741794789,7937
79,424,3899520.742345003,7937
76,424,3899520.742911447,7937
71,424,3899520.743462671,7937
73,424,3899520.744043676,7937
77,424,3899520.744586980,7937
88,424,3899520.745171754,7937
94,424,3899520.745770529,7937
82,424,3899520.746379725,7937
91,424,3899520.746955539,7937
92,424,3899520.747589815,7937
98,424,3899520.748191731,7937
86,424,3899520.748740595,7937
85,424,3899520.749349600,7937
84,424,3899520.749908484,7937
96,424,3899520.750474019,7937
95,424,3899520.751045053,7937
97,424,3899520.751590467,7937
87,424,3899520.752131630,7937
83,424,3899520.752708645,7937
89,424,3899520.753331511,7937
93,424,3899520.753902315,7937
110,424,3899520.754474380,7937
106,424,3899520.755041244,7937
105,424,3899520.755583788,7937
102,424,3899520.756188023,7937
109,424,3899520.756741567,7937
99,424,3899520.757309791,7937
111,424,3899520.757854705,7937
113,424,3899520.758412609,7937
112,424,3899520.758955133,7937
107,424,3899520.759511287,7937
115,424,3899520.760086022,7937
104,424,3899520.760696177,7937
114,424,3899520.761300202,7937
103,424,3899520.761865727,7937
116,424,3899520.762431661,7937
101,424,3899520.763043346,7937
120,424,3899520.763622791,7937
124,424,3899520.764210946,7937
122,424,3899520.764766470,7937
117,424,3899520.765363185,7937
125,424,3899520.765925799,7937
123,424,3899520.766509954,7937
119,424,3899520.767110099,7937
121,424,3899520.767687424,7937
126,424,3899520.768239888,7937
127,424,3899521.180692106,7233
6,424,3899521.701577277,8001
2,424,3899521.702449009,8001
4,424,3899521.703052605,8001
11,424,3899521.704741137,8001
3,424,3899521.705735272,8001
0,424,3899521.706444390,8001
5,424,3899521.707022175,8001
7,424,3899521.707681182,8001
10,424,3899521.708299557,8001
1,424,3899521.708901212,8001
13,424,3899521.709512308,8001
9,424,3899521.710134024,8001
12,424,3899521.710706968,8001
14,424,3899521.711304333,8001
15,424,3899521.711911709,8001
8,424,3899521.712585095,8001
17,424,3899521.714686039,8001
29,424,3899521.715384326,8001
16,424,3899521.715996512,8001
19,424,3899521.716568526,8001
31,424,3899521.717127150,8001
32,424,3899521.717735336,8001
23,424,3899521.718306770,8001
33,424,3899521.718931326,8001
18,424,3899521.719501430,8001
21,424,3899521.720059995,8001
30,424,3899521.720604048,8001
28,424,3899521.721161732,8001
26,424,3899521.721746627,8001
25,424,3899521.722353462,8001
27,424,3899521.722941087,8001
20,424,3899521.723536612,8001
41,424,3899521.724127157,8001
35,424,3899521.724698772,8001
38,424,3899521.725308387,8001
46,424,3899521.725885452,8001
39,424,3899521.726478657,8001
45,424,3899521.727086352,8001
42,424,3899521.727653587,8001
48,424,3899521.728244162,8001
40,424,3899521.728800876,8001
49,424,3899521.729421541,8001
43,424,3899521.730055697,8001
37,424,3899521.730630182,8001
44,424,3899521.731215457,8001
34,424,3899521.731774451,8001
47,424,3899521.732387626,8001
36,424,3899521.732963581,8001
56,424,3899521.736657484,8001
51,424,3899521.737269380,8001
60,424,3899521.737892115,8001
63,424,3899521.738515201,8001
53,424,3899521.739149837,8001
59,424,3899521.739719722,8001
61,424,3899521.740320537,8001
62,424,3899521.740894491,8001
54,424,3899521.741500247,8001
52,424,3899521.742088892,8001
65,424,3899521.742699207,8001
58,424,3899521.743288152,8001
50,424,3899521.743884527,8001
64,424,3899521.744540194,8001
57,424,3899521.745132589,8001
55,424,3899521.745766145,8001
68,424,3899521.746376320,8001
80,424,3899521.746963025,8001
70,424,3899521.747621372,8001
81,424,3899521.748206996,8001
69,424,3899521.748834172,8001
67,424,3899521.749433057,8001
66,424,3899521.750000022,8001
75,424,3899521.750603697,8001
74,424,3899521.751190392,8001
78,424,3899521.751800397,8001
72,424,3899521.752438103,8001
79,424,3899521.752990037,8001
76,424,3899521.753578482,8001
71,424,3899521.754140346,8001
73,424,3899521.754708091,8001
77,424,3899521.755261385,8001
88,424,3899521.755860230,8001
94,424,3899521.756476156,8001
82,424,3899521.757090031,8001
91,424,3899521.757676246,8001
92,424,3899521.758288581,8001
98,424,3899521.758905977,8001
86,424,3899521.759470241,8001
85,424,3899521.760089537,8001
84,424,3899521.760646811,8001
96,424,3899521.761216765,8001
95,424,3899521.761787600,8001
97,424,3899521.762347744,8001
87,424,3899521.762885118,8001
83,424,3899521.763479033,8001
89,424,3899521.764166800,8001
93,424,3899521.764752305,8001
110,424,3899521.765344800,8001
106,424,3899521.765917154,8001
105,424,3899521.766473618,8001
102,424,3899521.767073254,8001
109,424,3899521.767631968,8001
99,424,3899521.768203442,8001
111,424,3899521.768769376,8001
113,424,3899521.769339351,8001
112,424,3899521.769890505,8001
107,424,3899521.770454639,8001
115,424,3899521.771030234,8001
104,424,3899521.771633509,8001
114,424,3899521.772241434,8001
103,424,3899521.772813489,8001
116,424,3899521.773383103,8001
101,424,3899521.773992039,8001
120,424,3899521.775399634,8001
124,424,3899521.776009800,8001
122,424,3899521.776586124,8001
117,424,3899521.777193620,8001
125,424,3899521.777759094,8001
123,424,3899521.778351389,8001
119,424,3899521.778944554,8001
121,424,3899521.779539809,8001
126,424,3899521.780123594,8001
127,424,3899522.190512940,7297
6,424,3899522.712565790,8065
2,424,3899522.714117339,8065
4,424,3899522.714736935,8065
11,424,3899522.716051548,8065
3,424,3899522.716690875,8065
0,424,3899522.717292010,8065
5,424,3899522.717846904,8065
7,424,3899522.718466260,8065
10,424,3899522.719056884,8065
1,424,3899522.719644449,8065
13,424,3899522.720240754,8065
9,424,3899522.720833619,8065
12,424,3899522.721396634,8065
14,424,3899522.721971988,8065
15,424,3899522.722577773,8065
8,424,3899522.723238760,8065
17,424,3899522.725709663,8065
29,424,3899522.726380909,8065
16,424,3899522.726966964,8065
19,424,3899522.727528659,8065
31,424,3899522.728072812,8065
32,424,3899522.728672658,8065
23,424,3899522.729242282,8065
33,424,3899522.729866768,8065
18,424,3899522.730434182,8065
21,424,3899522.730980716,8065
30,424,3899522.731528910,8065
28,424,3899522.732087694,8065
26,424,3899522.732679889,8065
25,424,3899522.733287304,8065
27,424,3899522.733882509,8065
20,424,3899522.734479434,8065
41,424,3899522.735070549,8065
35,424,3899522.735643564,8065
38,424,3899522.736247199,8065
46,424,3899522.736821353,8065
39,424,3899522.737418129,8065
45,424,3899522.738018304,8065
42,424,3899522.738599438,8065
48,424,3899522.739198454,8065
40,424,3899522.739764868,8065
49,424,3899522.740394924,8065
43,424,3899522.741032930,8065
37,424,3899522.741616405,8065
44,424,3899522.742174279,8065
34,424,3899522.742734003,8065
47,424,3899522.743295287,8065
36,424,3899522.743875812,8065
56,424,3899522.744495628,8065
51,424,3899522.745087902,8065
60,424,3899522.745718138,8065
63,424,3899522.746345234,8065
53,424,3899522.746973020,8065
59,424,3899522.747558255,8065
61,424,3899522.748144410,8065
62,424,3899522.748720005,8065
54,424,3899522.749322860,8065
52,424,3899522.749896674,8065
65,424,3899522.750507410,8065
58,424,3899522.751104265,8065
50,424,3899522.751704160,8065
64,424,3899522.752327736,8065
57,424,3899522.752910091,8065
55,424,3899522.753539026,8065
68,424,3899522.756568913,8065
80,424,3899522.757177818,8065
70,424,3899522.757799934,8065
81,424,3899522.758386209,8065
69,424,3899522.759024665,8065
67,424,3899522.759618030,8065
66,424,3899522.760200415,8065
75,424,3899522.760788779,8065
74,424,3899522.761374565,8065
78,424,3899522.761993840,8065
72,424,3899522.762616066,8065
79,424,3899522.763190010,8065
76,424,3899522.763771635,8065
71,424,3899522.764340709,8065
73,424,3899522.764914044,8065
77,424,3899522.765475278,8065
88,424,3899522.766085884,8065
94,424,3899522.766688519,8065
82,424,3899522.767299944,8065
91,424,3899522.767891359,8065
92,424,3899522.768516125,8065
98,424,3899522.769133601,8065
86,424,3899522.769703695,8065
85,424,3899522.770321101,8065
84,424,3899522.770880395,8065
96,424,3899522.771456179,8065
95,424,3899522.772059295,8065
97,424,3899522.772618379,8065
87,424,3899522.773166992,8065
83,424,3899522.773758498,8065
89,424,3899522.774402874,8065
93,424,3899522.774978338,8065
110,424,3899522.775557423,8065
106,424,3899522.776129067,8065
105,424,3899522.776676991,8065
102,424,3899522.777276856,8065
109,424,3899522.777829061,8065
99,424,3899522.778400105,8065
111,424,3899522.778964029,8065
113,424,3899522.779554024,8065
112,424,3899522.780111948,8065
107,424,3899522.780668152,8065
115,424,3899522.781245257,8065
104,424,3899522.781856942,8065
114,424,3899522.782469708,8065
103,424,3899522.783053282,8065
116,424,3899522.783621517,8065
101,424,3899522.784244423,8065
120,424,3899522.784838998,8065
124,424,3899522.785426893,8065
122,424,3899522.785988717,8065
117,424,3899522.786599262,8065
125,424,3899522.787170047,8065
123,424,3899522.787754541,8065
119,424,3899522.788362987,8065
121,424,3899522.788948632,8065
126,424,3899522.789519346,8065
127,424,3899523.201807861,7361
6,424,3899523.772629794,8129
2,424,3899523.773353882,8129
4,424,3899523.773960277,8129
11,424,3899523.774913861,8129
3,424,3899523.775584629,8129
0,424,3899523.776188524,8129
5,424,3899523.776731478,8129
7,424,3899523.777358243,8129
10,424,3899523.777945788,8129
1,424,3899523.778543103,8129
13,424,3899523.779143988,8129
9,424,3899523.779741014,8129
12,424,3899523.780310508,8129
14,424,3899523.780895233,8129
15,424,3899523.781504238,8129
8,424,3899523.782152095,8129
17,424,3899523.784219947,8129
29,424,3899523.784900744,8129
16,424,3899523.785511740,8129
19,424,3899523.786082194,8129
31,424,3899523.786638698,8129
32,424,3899523.787250363,8129
23,424,3899523.787811568,8129
33,424,3899523.788445914,8129
18,424,3899523.789022158,8129
21,424,3899523.789570022,8129
30,424,3899523.790126756,8129
28,424,3899523.790693440,8129
26,424,3899523.791291115,8129
25,424,3899523.791888441,8129
27,424,3899523.792492436,8129
20,424,3899523.793096881,8129
41,424,3899523.793684026,8129
35,424,3899523.794268021,8129
38,424,3899523.794873336,8129
46,424,3899523.795453471,8129
39,424,3899523.796074996,8129
45,424,3899523.796672602,8129
42,424,3899523.797256146,8129
48,424,3899523.797850461,8129
40,424,3899523.798417296,8129
49,424,3899523.799051782,8129
43,424,3899523.799680118,8129
37,424,3899523.800269073,8129
44,424,3899523.800837887,8129
34,424,3899523.801404781,8129
47,424,3899523.801952965,8129
36,424,3899523.802542440,8129
56,424,3899523.803149506,8129
51,424,3899523.803733880,8129
60,424,3899523.805185827,8129
63,424,3899523.805811903,8129
53,424,3899523.806445859,8129
59,424,3899523.807029853,8129
61,424,3899523.807608418,8129
62,424,3899523.808192443,8129
54,424,3899523.808797948,8129
52,424,3899523.809388943,8129
65,424,3899523.809991619,8129
58,424,3899523.810583493,8129
50,424,3899523.811197149,8129
64,424,3899523.811817175,8129
57,424,3899523.812418240,8129
55,424,3899523.813051806,8129
68,424,3899523.816137094,8129
80,424,3899523.817139389,8129
70,424,3899523.817867307,8129
81,424,3899523.818465973,8129
69,424,3899523.819104129,8129
67,424,3899523.819707014,8129
66,424,3899523.820303229,8129
75,424,3899523.820890494,8129
74,424,3899523.821477809,8129
78,424,3899523.822106755,8129
72,424,3899523.822724480,8129
79,424,3899523.823292665,8129
76,424,3899523.823886900,8129
71,424,3899523.824454204,8129
73,424,3899523.825037189,8129
77,424,3899523.825595643,8129
88,424,3899523.826197238,8129
94,424,3899523.826800564,8129
82,424,3899523.827407789,8129
91,424,3899523.827985523,8129
92,424,3899523.828616589,8129
98,424,3899523.829244925,8129
86,424,3899523.829806949,8129
85,424,3899523.830437305,8129
84,424,3899523.830995179,8129
96,424,3899523.831570134,8129
95,424,3899523.832141668,8129
97,424,3899523.832698602,8129
87,424,3899523.833247166,8129
83,424,3899523.833846842,8129
89,424,3899523.834489178,8129
93,424,3899523.835073982,8129
110,424,3899523.835663337,8129
106,424,3899523.836232432,8129
105,424,3899523.836791286,8129
102,424,3899523.837393041,8129
109,424,3899523.837943445,8129
99,424,3899523.838511920,8129
111,424,3899523.839086674,8129
113,424,3899523.839658689,8129
112,424,3899523.840231463,8129
107,424,3899523.840789947,8129
115,424,3899523.841370182,8129
104,424,3899523.841978617,8129
114,424,3899523.842585012,8129
103,424,3899523.843161427,8129
116,424,3899523.843730661,8129
101,424,3899523.844351627,8129
120,424,3899523.844946162,8129
124,424,3899523.845548187,8129
122,424,3899523.846131132,8129
117,424,3899523.846728967,8129
125,424,3899523.847308942,8129
123,424,3899523.847894897,8129
119,424,3899523.848502492,8129
121,424,3899523.849096467,8129
126,424,3899523.849654071,8129
127,424,3899524.264150192,7425
6,424,3899524.789622348,8193
2,424,3899524.790488660,8193
4,424,3899524.791148147,8193
11,424,3899524.791751502,8193
3,424,3899524.792842159,8193
0,424,3899524.793569718,8193
5,424,3899524.794135222,8193
7,424,3899524.794762118,8193
10,424,3899524.795361063,8193
1,424,3899524.795950098,8193
13,424,3899524.796548713,8193
9,424,3899524.797154859,8193
12,424,3899524.797721473,8193
14,424,3899524.798313898,8193
15,424,3899524.798916443,8193
8,424,3899524.799503488,8193
17,424,3899524.802043072,8193
29,424,3899524.802695528,8193
16,424,3899524.803297054,8193
19,424,3899524.803875558,8193
31,424,3899524.804438812,8193
32,424,3899524.805061728,8193
23,424,3899524.805631913,8193
33,424,3899524.806295690,8193
18,424,3899524.806880844,8193
21,424,3899524.807442879,8193
30,424,3899524.807993873,8193
28,424,3899524.808566837,8193
26,424,3899524.809204823,8193
25,424,3899524.809812159,8193
27,424,3899524.810423744,8193
20,424,3899524.811028249,8193
41,424,3899524.811622514,8193
35,424,3899524.812211759,8193
38,424,3899524.812814284,8193
46,424,3899524.813412650,8193
39,424,3899524.814020425,8193
45,424,3899524.814628790,8193
42,424,3899524.815216635,8193
48,424,3899524.815814950,8193
40,424,3899524.816406565,8193
49,424,3899524.817070232,8193
43,424,3899524.817703848,8193
37,424,3899524.818299383,8193
44,424,3899524.818852957,8193
34,424,3899524.819424442,8193
47,424,3899524.820120979,8193
36,424,3899524.821157855,8193
56,424,3899524.822132350,8193
51,424,3899524.822745225,8193
60,424,3899524.823388402,8193
63,424,3899524.824024118,8193
53,424,3899524.824660764,8193
59,424,3899524.825259439,8193
61,424,3899524.825849684,8193
62,424,3899524.826439359,8193
54,424,3899524.827050034,8193
52,424,3899524.827638189,8193
65,424,3899524.828254715,8193
58,424,3899524.828846370,8193
50,424,3899524.829461515,8193
64,424,3899524.830095891,8193
57,424,3899524.830688066,8193
55,424,3899524.831331543,8193
68,424,3899524.834528093,8193
80,424,3899524.835136399,8193
70,424,3899524.835769985,8193
81,424,3899524.836359130,8193
69,424,3899524.836987615,8193
67,424,3899524.837595221,8193
66,424,3899524.838183516,8193
75,424,3899524.838771741,8193
74,424,3899524.839365096,8193
78,424,3899524.839980561,8193
72,424,3899524.840608977,8193
79,424,3899524.841179841,8193
76,424,3899524.841767396,8193
71,424,3899524.842345271,8193
73,424,3899524.842924856,8193
77,424,3899524.843495460,8193
88,424,3899524.844094895,8193
94,424,3899524.844706241,8193
82,424,3899524.845335177,8193
91,424,3899524.845915101,8193
92,424,3899524.846532127,8193
98,424,3899524.847161613,8193
86,424,3899524.847734397,8193
85,424,3899524.848358983,8193
84,424,3899524.848930768,8193
96,424,3899524.849511712,8193
95,424,3899524.850086387,8193
97,424,3899524.850635351,8193
87,424,3899524.851184734,8193
83,424,3899524.851785900,8193
89,424,3899524.852438186,8193
93,424,3899524.853039512,8193
110,424,3899524.853633036,8193
106,424,3899524.854209141,8193
105,424,3899524.854759185,8193
102,424,3899524.855375940,8193
109,424,3899524.855932985,8193
99,424,3899524.856503579,8193
111,424,3899524.857073943,8193
113,424,3899524.857653058,8193
112,424,3899524.858224503,8193
107,424,3899524.858801107,8193
115,424,3899524.859380312,8193
104,424,3899524.859993467,8193
114,424,3899524.860603963,8193
103,424,3899524.861184867,8193
116,424,3899524.861748702,8193
101,424,3899524.862373917,8193
120,424,3899524.862971383,8193
124,424,3899524.863571208,8193
122,424,3899524.864148542,8193
117,424,3899524.864746117,8193
125,424,3899524.865320912,8193
123,424,3899524.865916857,8193
119,424,3899524.866526353,8193
121,424,3899524.867122917,8193
126,424,3899524.867685732,8193
127,424,3899525.299329356,7489
6,424,3899525.827453299,8257
2,424,3899525.828215668,8257
4,424,3899525.828835694,8257
11,424,3899525.829653074,8257
3,424,3899525.830303691,8257
0,424,3899525.830907576,8257
5,424,3899525.831474740,8257
7,424,3899525.832116377,8257
10,424,3899525.832718382,8257
1,424,3899525.833321027,8257
13,424,3899525.833918602,8257
9,424,3899525.834529768,8257
12,424,3899525.835107852,8257
14,424,3899525.835703098,8257
15,424,3899525.836321693,8257
8,424,3899525.836905838,8257
17,424,3899525.838237162,8257
29,424,3899525.838897138,8257
16,424,3899525.839504114,8257
19,424,3899525.840072978,8257
31,424,3899525.840640742,8257
32,424,3899525.841267848,8257
23,424,3899525.841846253,8257
33,424,3899525.842493679,8257
18,424,3899525.843076774,8257
21,424,3899525.843651808,8257
30,424,3899525.844207142,8257
28,424,3899525.844782647,8257
26,424,3899525.845389932,8257
25,424,3899525.846009228,8257
27,424,3899525.846621283,8257
20,424,3899525.847226699,8257
41,424,3899525.847824544,8257
35,424,3899525.848434339,8257
38,424,3899525.849046625,8257
46,424,3899525.849629290,8257
39,424,3899525.850238875,8257
45,424,3899525.850851421,8257
42,424,3899525.851462786,8257
48,424,3899525.852073961,8257
40,424,3899525.852643586,8257
49,424,3899525.853291342,8257
43,424,3899525.853926108,8257
37,424,3899525.854531294,8257
44,424,3899525.855100998,8257
34,424,3899525.855666162,8257
47,424,3899525.856241687,8257
36,424,3899525.856834382,8257
56,424,3899525.857463708,8257
51,424,3899525.858068913,8257
60,424,3899525.858698249,8257
63,424,3899525.859338505,8257
53,424,3899525.859977451,8257
59,424,3899525.860576526,8257
61,424,3899525.861548741,8257
62,424,3899525.862149196,8257
54,424,3899525.862760271,8257
52,424,3899525.863356217,8257
65,424,3899525.863971242,8257
58,424,3899525.864572727,8257
50,424,3899525.865188133,8257
64,424,3899525.865817109,8257
57,424,3899525.866420594,8257
55,424,3899525.867066060,8257
68,424,3899525.868974639,8257
80,424,3899525.869588814,8257
70,424,3899525.870237860,8257
81,424,3899525.870827815,8257
69,424,3899525.871466282,8257
67,424,3899525.872077607,8257
66,424,3899525.872661612,8257
75,424,3899525.873277928,8257
74,424,3899525.873878683,8257
78,424,3899525.874514179,8257
72,424,3899525.875153745,8257
79,424,3899525.875723339,8257
76,424,3899525.876326394,8257
71,424,3899525.876891819,8257
73,424,3899525.877501924,8257
77,424,3899525.878074929,8257
88,424,3899525.878676014,8257
94,424,3899525.879297080,8257
82,424,3899525.879921856,8257
91,424,3899525.880525571,8257
92,424,3899525.881160757,8257
98,424,3899525.881778462,8257
86,424,3899525.882365177,8257
85,424,3899525.882999293,8257
84,424,3899525.883578488,8257
96,424,3899525.884167253,8257
95,424,3899525.884739617,8257
97,424,3899525.885299541,8257
87,424,3899525.885840605,8257
83,424,3899525.886450570,8257
89,424,3899525.887107287,8257
93,424,3899525.887707062,8257
110,424,3899525.888310877,8257
106,424,3899525.888891202,8257
105,424,3899525.889479147,8257
102,424,3899525.890091862,8257
109,424,3899525.890657767,8257
99,424,3899525.891232122,8257
111,424,3899525.891797106,8257
113,424,3899525.892393351,8257
112,424,3899525.892963875,8257
107,424,3899525.893552380,8257
115,424,3899525.894162125,8257
104,424,3899525.894785141,8257
114,424,3899525.895404307,8257
103,424,3899525.895985222,8257
116,424,3899525.896571917,8257
101,424,3899525.897200822,8257
120,424,3899525.897804658,8257
124,424,3899525.898411433,8257
122,424,3899525.898986847,8257
117,424,3899525.899608833,8257
125,424,3899525.900206248,8257
123,424,3899525.900800083,8257
119,424,3899525.901421659,8257
121,424,3899525.902038615,8257
126,424,3899525.902605359,8257
127,424,3899526.323350667,7553
6,424,3899526.855724938,8321
2,424,3899526.856504728,8321
4,424,3899526.857147494,8321
11,424,3899526.857995035,8321
3,424,3899526.858660422,8321
0,424,3899526.859293988,8321
5,424,3899526.859869742,8321
7,424,3899526.860523689,8321
10,424,3899526.861141505,8321
1,424,3899526.861751000,8321
13,424,3899526.862364676,8321
9,424,3899526.862970881,8321
12,424,3899526.863553786,8321
14,424,3899526.864159751,8321
15,424,3899526.864778317,8321
8,424,3899526.865374962,8321
17,424,3899526.867163947,8321
29,424,3899526.867832954,8321
16,424,3899526.868463410,8321
19,424,3899526.869053835,8321
31,424,3899526.869616879,8321
32,424,3899526.870245785,8321
23,424,3899526.870829900,8321
33,424,3899526.871484676,8321
18,424,3899526.872075111,8321
21,424,3899526.872641665,8321
30,424,3899526.873215240,8321
28,424,3899526.873785194,8321
26,424,3899526.874398580,8321
25,424,3899526.875025536,8321
27,424,3899526.875644331,8321
20,424,3899526.876257387,8321
41,424,3899526.876861362,8321
35,424,3899526.877461327,8321
38,424,3899526.878082873,8321
46,424,3899526.878668678,8321
39,424,3899526.879278643,8321
45,424,3899526.879905029,8321
42,424,3899526.880496594,8321
48,424,3899526.881111310,8321
40,424,3899526.881693794,8321
49,424,3899526.882341971,8321
43,424,3899526.882998247,8321
37,424,3899526.883600573,8321
44,424,3899526.884177317,8321
34,424,3899526.884748742,8321
47,424,3899526.885315946,8321
36,424,3899526.885985893,8321
56,424,3899526.887260455,8321
51,424,3899526.887873050,8321
60,424,3899526.888522447,8321
63,424,3899526.889166253,8321
53,424,3899526.889813310,8321
59,424,3899526.890417175,8321
61,424,3899526.891023440,8321
62,424,3899526.891618535,8321
54,424,3899526.892232061,8321
52,424,3899526.892824206,8321
65,424,3899526.893451772,8321
58,424,3899526.894056617,8321
50,424,3899526.894669522,8321
64,424,3899526.895303998,8321
57,424,3899526.895903804,8321
55,424,3899526.896550810,8321
68,424,3899526.899099954,8321
80,424,3899526.899712710,8321
70,424,3899526.900368526,8321
81,424,3899526.900961961,8321
69,424,3899526.901609748,8321
67,424,3899526.902230384,8321
66,424,3899526.902816888,8321
75,424,3899526.903428064,8321
74,424,3899526.904026439,8321
78,424,3899526.904657195,8321
72,424,3899526.905299081,8321
79,424,3899526.905869546,8321
76,424,3899526.906475241,8321
71,424,3899526.907060946,8321
73,424,3899526.907652751,8321
77,424,3899526.908237616,8321
88,424,3899526.908841051,8321
94,424,3899526.909462796,8321
82,424,3899526.910089702,8321
91,424,3899526.910679987,8321
92,424,3899526.911320823,8321
98,424,3899526.911937069,8321
86,424,3899526.912518284,8321
85,424,3899526.913160180,8321
84,424,3899526.913739485,8321
96,424,3899526.914324329,8321
95,424,3899526.914910034,8321
97,424,3899526.915481009,8321
87,424,3899526.916029113,8321
83,424,3899526.916629548,8321
89,424,3899526.917284544,8321
93,424,3899526.917885269,8321
110,424,3899526.918486955,8321
106,424,3899526.919078250,8321
105,424,3899526.919650424,8321
102,424,3899526.920258460,8321
109,424,3899526.920827794,8321
99,424,3899526.921417449,8321
111,424,3899526.921983133,8321
113,424,3899526.922565268,8321
112,424,3899526.923134702,8321
107,424,3899526.923717317,8321
115,424,3899526.924324282,8321
104,424,3899526.924962448,8321
114,424,3899526.925580914,8321
103,424,3899526.926170959,8321
116,424,3899526.926755574,8321
101,424,3899526.927382869,8321
120,424,3899526.927978505,8321
124,424,3899526.928586550,8321
122,424,3899526.929173635,8321
117,424,3899526.929785660,8321
125,424,3899526.930374365,8321
123,424,3899526.930964810,8321
119,424,3899526.931577095,8321
121,424,3899526.932190071,8321
126,424,3899526.932761776,8321
127,424,3899527.413445629,7617
6,424,3899527.947486482,8385
2,424,3899527.948246821,8385
4,424,3899527.948877717,8385
11,424,3899527.949725929,8385
3,424,3899527.950405766,8385
0,424,3899527.951043182,8385
5,424,3899527.951624546,8385
7,424,3899527.952279423,8385
10,424,3899527.952886869,8385
1,424,3899527.953502584,8385
13,424,3899527.954115580,8385
9,424,3899527.954725145,8385
12,424,3899527.955310950,8385
14,424,3899527.955907785,8385
15,424,3899527.956533841,8385
8,424,3899527.957140786,8385
17,424,3899527.960287145,8385
29,424,3899527.961165378,8385
16,424,3899527.961824184,8385
19,424,3899527.962454390,8385
31,424,3899527.963043845,8385
32,424,3899527.963685922,8385
23,424,3899527.964283446,8385
33,424,3899527.964943823,8385
18,424,3899527.965564209,8385
21,424,3899527.966145574,8385
30,424,3899527.966713518,8385
28,424,3899527.967306533,8385
26,424,3899527.967930669,8385
25,424,3899527.968577725,8385
27,424,3899527.969212061,8385
20,424,3899527.969832457,8385
41,424,3899527.970449273,8385
35,424,3899527.971082009,8385
38,424,3899527.971712174,8385
46,424,3899527.972418742,8385
39,424,3899527.973049058,8385
45,424,3899527.973682294,8385
42,424,3899527.974295060,8385
48,424,3899527.974915375,8385
40,424,3899527.975539701,8385
49,424,3899527.976203888,8385
43,424,3899527.976854664,8385
37,424,3899527.977475000,8385
44,424,3899527.978052995,8385
34,424,3899527.978634969,8385
47,424,3899527.979216934,8385
36,424,3899527.979821839,8385
56,424,3899527.980459815,8385
51,424,3899527.981076261,8385
60,424,3899527.981714917,8385
63,424,3899527.982363534,8385
53,424,3899527.983014350,8385
59,424,3899527.983621715,8385
61,424,3899527.984232791,8385
62,424,3899527.985616056,8385
54,424,3899527.986260322,8385
52,424,3899527.986861508,8385
65,424,3899527.987493004,8385
58,424,3899527.988103719,8385
50,424,3899527.988722324,8385
64,424,3899527.989368511,8385
57,424,3899527.989973146,8385
55,424,3899527.990627513,8385
68,424,3899527.993471464,8385
80,424,3899527.994096191,8385
70,424,3899527.994737456,8385
81,424,3899527.995340782,8385
69,424,3899527.996016599,8385
67,424,3899527.996647095,8385
66,424,3899527.997243620,8385
75,424,3899527.997848465,8385
74,424,3899527.998450241,8385
78,424,3899527.999096477,8385
72,424,3899527.999742883,8385
79,424,3899528.000320428,8385
76,424,3899528.000927633,8385
71,424,3899528.001515288,8385
73,424,3899528.002117613,8385
77,424,3899528.002692488,8385
88,424,3899528.003323794,8385
94,424,3899528.003943179,8385
82,424,3899528.004578325,8385
91,424,3899528.005181591,8385
92,424,3899528.005829997,8385
98,424,3899528.006467683,8385
86,424,3899528.007058338,8385
85,424,3899528.007692574,8385
84,424,3899528.008288439,8385
96,424,3899528.008884834,8385
95,424,3899528.009477709,8385
97,424,3899528.010052794,8385
87,424,3899528.010600548,8385
83,424,3899528.011215493,8385
89,424,3899528.011866320,8385
93,424,3899528.012477705,8385
110,424,3899528.013094801,8385
106,424,3899528.013690736,8385
105,424,3899528.014274761,8385
102,424,3899528.014904457,8385
109,424,3899528.015497001,8385
99,424,3899528.016090987,8385
111,424,3899528.016668621,8385
113,424,3899528.017257366,8385
112,424,3899528.017827800,8385
107,424,3899528.018431026,8385
115,424,3899528.019043391,8385
104,424,3899528.019686697,8385
114,424,3899528.020326774,8385
103,424,3899528.020916178,8385
116,424,3899528.021501773,8385
101,424,3899528.022140060,8385
120,424,3899528.022744985,8385
124,424,3899528.023353610,8385
122,424,3899528.023940565,8385
117,424,3899528.024571851,8385
125,424,3899528.025166646,8385
123,424,3899528.025789322,8385
119,424,3899528.026431798,8385
121,424,3899528.027044833,8385
126,424,3899528.027627718,8385
127,424,3899528.442548149,7681
6,424,3899529.038750183,8449
2,424,3899529.039805740,8449
4,424,3899529.040496877,8449
11,424,3899529.041167234,8449
3,424,3899529.041880203,8449
0,424,3899529.042533209,8449
5,424,3899529.043416181,8449
7,424,3899529.044123109,8449
10,424,3899529.044756575,8449
1,424,3899529.045386501,8449
13,424,3899529.046021387,8449
9,424,3899529.046646923,8449
12,424,3899529.047241538,8449
14,424,3899529.047852173,8449
15,424,3899529.048488879,8449
8,424,3899529.049105795,8449
17,424,3899529.050249494,8449
29,424,3899529.050924341,8449
16,424,3899529.051556077,8449
19,424,3899529.052142442,8449
31,424,3899529.052714956,8449
32,424,3899529.053357463,8449
23,424,3899529.053937077,8449
33,424,3899529.054598214,8449
18,424,3899529.055204269,8449
21,424,3899529.055769303,8449
30,424,3899529.056341938,8449
28,424,3899529.056917103,8449
26,424,3899529.057543828,8449
25,424,3899529.058169314,8449
27,424,3899529.058784770,8449
20,424,3899529.059405815,8449
41,424,3899529.061151000,8449
35,424,3899529.061766025,8449
38,424,3899529.062401521,8449
46,424,3899529.062999526,8449
39,424,3899529.063625752,8449
45,424,3899529.064280509,8449
42,424,3899529.064887264,8449
48,424,3899529.065533550,8449
40,424,3899529.066129596,8449
49,424,3899529.066784082,8449
43,424,3899529.067441449,8449
37,424,3899529.068062414,8449
44,424,3899529.068636279,8449
34,424,3899529.069239494,8449
47,424,3899529.069819689,8449
36,424,3899529.070431004,8449
56,424,3899529.071063720,8449
51,424,3899529.071689676,8449
60,424,3899529.072338913,8449
63,424,3899529.072974329,8449
53,424,3899529.073633525,8449
59,424,3899529.074246231,8449
61,424,3899529.074853856,8449
62,424,3899529.075476202,8449
54,424,3899529.076103388,8449
52,424,3899529.076704113,8449
65,424,3899529.077338809,8449
58,424,3899529.077948304,8449
50,424,3899529.078585991,8449
64,424,3899529.079234447,8449
57,424,3899529.079844382,8449
55,424,3899529.080501719,8449
68,424,3899529.082530190,8449
80,424,3899529.083165966,8449
70,424,3899529.083814163,8449
81,424,3899529.084418498,8449
69,424,3899529.085086835,8449
67,424,3899529.085704400,8449
66,424,3899529.086305826,8449
75,424,3899529.086917321,8449
74,424,3899529.087526566,8449
78,424,3899529.088176373,8449
72,424,3899529.088816079,8449
79,424,3899529.089402544,8449
76,424,3899529.090014469,8449
71,424,3899529.090590194,8449
73,424,3899529.091201970,8449
77,424,3899529.091784024,8449
88,424,3899529.092404660,8449
94,424,3899529.093045286,8449
82,424,3899529.093670392,8449
91,424,3899529.094272867,8449
92,424,3899529.094902403,8449
98,424,3899529.095540749,8449
86,424,3899529.096139854,8449
85,424,3899529.096775711,8449
84,424,3899529.097363835,8449
96,424,3899529.097956780,8449
95,424,3899529.098556075,8449
97,424,3899529.099132720,8449
87,424,3899529.099692224,8449
83,424,3899529.100311330,8449
89,424,3899529.100953606,8449
93,424,3899529.101558221,8449
110,424,3899529.103140471,8449
106,424,3899529.103762607,8449
105,424,3899529.104352892,8449
102,424,3899529.104999088,8449
109,424,3899529.105600294,8449
99,424,3899529.106184978,8449
111,424,3899529.106764683,8449
113,424,3899529.107361128,8449
112,424,3899529.107934902,8449
107,424,3899529.108523437,8449
115,424,3899529.109142903,8449
104,424,3899529.109793629,8449
114,424,3899529.110433766,8449
103,424,3899529.111046751,8449
116,424,3899529.111629046,8449
101,424,3899529.112267952,8449
120,424,3899529.112873727,8449
124,424,3899529.113479853,8449
122,424,3899529.114073358,8449
117,424,3899529.114695444,8449
125,424,3899529.115294839,8449
123,424,3899529.115907024,8449
119,424,3899529.116534850,8449
121,424,3899529.117146226,8449
126,424,3899529.117721240,8449
127,424,3899529.580924301,7745
6,424,3899530.127462540,8513
2,424,3899530.128303571,8513
4,424,3899530.128960218,8513
11,424,3899530.129885211,8513
3,424,3899530.130575459,8513
0,424,3899530.131220785,8513
5,424,3899530.131813710,8513
7,424,3899530.132491387,8513
10,424,3899530.133130643,8513
1,424,3899530.133759389,8513
13,424,3899530.134389485,8513
9,424,3899530.135038322,8513
12,424,3899530.135624166,8513
14,424,3899530.136244942,8513
15,424,3899530.136883188,8513
8,424,3899530.137496054,8513
17,424,3899530.139940495,8513
29,424,3899530.140631123,8513
16,424,3899530.141248439,8513
19,424,3899530.141831303,8513
31,424,3899530.142421638,8513
32,424,3899530.143057374,8513
23,424,3899530.143646149,8513
33,424,3899530.144303956,8513
18,424,3899530.144889611,8513
21,424,3899530.145468435,8513
30,424,3899530.146044550,8513
28,424,3899530.146638245,8513
26,424,3899530.147260771,8513
25,424,3899530.147921037,8513
27,424,3899530.148547763,8513
20,424,3899530.149171729,8513
41,424,3899530.149781284,8513
35,424,3899530.150391800,8513
38,424,3899530.151021346,8513
46,424,3899530.151628871,8513
39,424,3899530.152247797,8513
45,424,3899530.152888353,8513
42,424,3899530.153495158,8513
48,424,3899530.154121504,8513
40,424,3899530.154711209,8513
49,424,3899530.155370516,8513
43,424,3899530.156056133,8513
37,424,3899530.156664638,8513
44,424,3899530.157247113,8513
34,424,3899530.157836308,8513
47,424,3899530.158414893,8513
36,424,3899530.159029178,8513
56,424,3899530.159655834,8513
51,424,3899530.160270749,8513
60,424,3899530.160913246,8513
63,424,3899530.161559522,8513
53,424,3899530.162219639,8513
59,424,3899530.162820354,8513
61,424,3899530.163429339,8513
62,424,3899530.164034204,8513
54,424,3899530.164663940,8513
52,424,3899530.165284136,8513
65,424,3899530.165919862,8513
58,424,3899530.166553968,8513
50,424,3899530.167188044,8513
64,424,3899530.167836041,8513
57,424,3899530.169051551,8513
55,424,3899530.169714868,8513
68,424,3899530.172229172,8513
80,424,3899530.172851747,8513
70,424,3899530.173512694,8513
81,424,3899530.174119659,8513
69,424,3899530.174781846,8513
67,424,3899530.175411052,8513
66,424,3899530.176037578,8513
75,424,3899530.176651094,8513
74,424,3899530.177264989,8513
78,424,3899530.177904835,8513
72,424,3899530.178556472,8513
79,424,3899530.179150657,8513
76,424,3899530.179769653,8513
71,424,3899530.180353057,8513
73,424,3899530.180959472,8513
77,424,3899530.181552467,8513
88,424,3899530.182177813,8513
94,424,3899530.182801959,8513
82,424,3899530.183452955,8513
91,424,3899530.184059261,8513
92,424,3899530.184692357,8513
98,424,3899530.185330033,8513
86,424,3899530.185924298,8513
85,424,3899530.186575174,8513
84,424,3899530.187169880,8513
96,424,3899530.187756584,8513
95,424,3899530.188358730,8513
97,424,3899530.188940324,8513
87,424,3899530.189503868,8513
83,424,3899530.190129334,8513
89,424,3899530.190779441,8513
93,424,3899530.191387986,8513
110,424,3899530.191990302,8513
106,424,3899530.192597677,8513
105,424,3899530.193193702,8513
102,424,3899530.193819218,8513
109,424,3899530.194412743,8513
99,424,3899530.195009648,8513
111,424,3899530.195601513,8513
113,424,3899530.196194998,8513
112,424,3899530.196765882,8513
107,424,3899530.197352217,8513
115,424,3899530.197947342,8513
104,424,3899530.198593809,8513
114,424,3899530.199234225,8513
103,424,3899530.199836030,8513
116,424,3899530.200438985,8513
101,424,3899530.201076791,8513
120,424,3899530.201680967,8513
124,424,3899530.202287252,8513
122,424,3899530.202870986,8513
117,424,3899530.203492402,8513
125,424,3899530.204094317,8513
123,424,3899530.204710473,8513
119,424,3899530.205343629,8513
121,424,3899530.205959475,8513
126,424,3899530.206555330,8513
127,424,3899530.836635200,7809
6,424,3899532.698013442,8577
2,424,3899532.698804742,8577
4,424,3899532.699455819,8577
11,424,3899532.700089995,8577
3,424,3899532.701020248,8577
0,424,3899532.701652124,8577
5,424,3899532.702244769,8577
7,424,3899532.702906516,8577
10,424,3899532.703540382,8577
1,424,3899532.704174088,8577
13,424,3899532.704791263,8577
9,424,3899532.705420859,8577
12,424,3899532.706014994,8577
14,424,3899532.706624120,8577
15,424,3899532.707264916,8577
8,424,3899532.707870821,8577
17,424,3899532.710103138,8577
29,424,3899532.710819136,8577
16,424,3899532.711598306,8577
19,424,3899532.712191511,8577
31,424,3899532.712777976,8577
32,424,3899532.713449693,8577
23,424,3899532.714059528,8577
33,424,3899532.714719735,8577
18,424,3899532.715316660,8577
21,424,3899532.715900844,8577
30,424,3899532.716481699,8577
28,424,3899532.717070454,8577
26,424,3899532.717682200,8577
25,424,3899532.718315485,8577
27,424,3899532.718938151,8577
20,424,3899532.719568937,8577
41,424,3899532.720187553,8577
35,424,3899532.720795748,8577
38,424,3899532.721432034,8577
46,424,3899532.722035159,8577
39,424,3899532.722657385,8577
45,424,3899532.723296771,8577
42,424,3899532.723899827,8577
48,424,3899532.724527462,8577
40,424,3899532.725123488,8577
49,424,3899532.725790014,8577
43,424,3899532.726456511,8577
37,424,3899532.727082727,8577
44,424,3899532.727661232,8577
34,424,3899532.728249027,8577
47,424,3899532.728840192,8577
36,424,3899532.729450957,8577
56,424,3899532.730089453,8577
51,424,3899532.730700309,8577
60,424,3899532.731354985,8577
63,424,3899532.732025532,8577
53,424,3899532.732686009,8577
59,424,3899532.733300064,8577
61,424,3899532.733910870,8577
62,424,3899532.734522675,8577
54,424,3899532.735153861,8577
52,424,3899532.735758986,8577
65,424,3899532.736400843,8577
58,424,3899532.737017878,8577
50,424,3899532.738203618,8577
64,424,3899532.738861775,8577
57,424,3899532.739489151,8577
55,424,3899532.740150628,8577
68,424,3899532.742613920,8577
80,424,3899532.743251606,8577
70,424,3899532.743896052,8577
81,424,3899532.744506758,8577
69,424,3899532.745166824,8577
67,424,3899532.745784600,8577
66,424,3899532.746401906,8577
75,424,3899532.747023421,8577
74,424,3899532.747630087,8577
78,424,3899532.748278483,8577
72,424,3899532.748919239,8577
79,424,3899532.749501914,8577
76,424,3899532.750116589,8577
71,424,3899532.750693064,8577
73,424,3899532.751304830,8577
77,424,3899532.751889714,8577
88,424,3899532.752519930,8577
94,424,3899532.753157197,8577
82,424,3899532.753791642,8577
91,424,3899532.754413988,8577
92,424,3899532.755057494,8577
98,424,3899532.755691701,8577
86,424,3899532.756281625,8577
85,424,3899532.756926082,8577
84,424,3899532.757536077,8577
96,424,3899532.758133022,8577
95,424,3899532.758718297,8577
97,424,3899532.759304702,8577
87,424,3899532.759867866,8577
83,424,3899532.760485742,8577
89,424,3899532.761157229,8577
93,424,3899532.761759494,8577
110,424,3899532.762366639,8577
106,424,3899532.762961694,8577
105,424,3899532.763553499,8577
102,424,3899532.764194305,8577
109,424,3899532.764783100,8577
99,424,3899532.765381895,8577
111,424,3899532.765971750,8577
113,424,3899532.766568636,8577
112,424,3899532.767152660,8577
107,424,3899532.767741315,8577
115,424,3899532.768350691,8577
104,424,3899532.768988967,8577
114,424,3899532.769626013,8577
103,424,3899532.770240188,8577
116,424,3899532.770832803,8577
101,424,3899532.771502950,8577
120,424,3899532.772119536,8577
124,424,3899532.772724331,8577
122,424,3899532.773315936,8577
117,424,3899532.773930332,8577
125,424,3899532.774526067,8577
123,424,3899532.775150162,8577
119,424,3899532.775777748,8577
121,424,3899532.776403414,8577
126,424,3899532.776988319,8577
127,424,3899533.238049496,7873
6,424,3899533.939744277,8641
2,424,3899533.940561298,8641
4,424,3899533.941230855,8641
11,424,3899533.942303452,8641
3,424,3899533.943014780,8641
0,424,3899533.943661336,8641
5,424,3899533.944260691,8641
7,424,3899533.944941828,8641
10,424,3899533.945588895,8641
1,424,3899533.946230821,8641
13,424,3899533.946876167,8641
9,424,3899533.947517883,8641
12,424,3899533.948118109,8641
14,424,3899533.948757675,8641
15,424,3899533.949435502,8641
8,424,3899533.950066818,8641
17,424,3899533.952611422,8641
29,424,3899533.953328841,8641
16,424,3899533.953956946,8641
19,424,3899533.954559441,8641
31,424,3899533.955142946,8641
32,424,3899533.955784523,8641
23,424,3899533.956404858,8641
33,424,3899533.957083875,8641
18,424,3899533.957680871,8641
21,424,3899533.958307626,8641
30,424,3899533.958882251,8641
28,424,3899533.959480156,8641
26,424,3899533.960117202,8641
25,424,3899533.960751118,8641
27,424,3899533.961390224,8641
20,424,3899533.962024620,8641
41,424,3899533.962646146,8641
35,424,3899533.963262382,8641
38,424,3899533.963898878,8641
46,424,3899533.964509733,8641
39,424,3899533.965144999,8641
45,424,3899533.965800156,8641
42,424,3899533.966447842,8641
48,424,3899533.967089678,8641
40,424,3899533.967685613,8641
49,424,3899533.968365261,8641
43,424,3899533.969041768,8641
37,424,3899533.969664734,8641
44,424,3899533.970275909,8641
34,424,3899533.970878434,8641
47,424,3899533.971471039,8641
36,424,3899533.972094865,8641
56,424,3899533.972735021,8641
51,424,3899533.973363287,8641
60,424,3899533.974027134,8641
63,424,3899533.974682060,8641
53,424,3899533.975357198,8641
59,424,3899533.975970933,8641
61,424,3899533.976597149,8641
62,424,3899533.977217814,8641
54,424,3899533.977847110,8641
52,424,3899533.978467176,8641
65,424,3899533.979124983,8641
58,424,3899533.979764079,8641
50,424,3899533.980411895,8641
64,424,3899533.981078832,8641
57,424,3899533.981703558,8641
55,424,3899533.982376325,8641
68,424,3899533.985558275,8641
80,424,3899533.986197621,8641
70,424,3899533.986846748,8641
81,424,3899533.987460273,8641
69,424,3899533.988143371,8641
67,424,3899533.988783117,8641
66,424,3899533.989407863,8641
75,424,3899533.990036619,8641
74,424,3899533.990662614,8641
78,424,3899533.991318871,8641
72,424,3899533.991970578,8641
79,424,3899533.992564133,8641
76,424,3899533.993184998,8641
71,424,3899533.993778443,8641
73,424,3899533.994408429,8641
77,424,3899533.994995744,8641
88,424,3899533.995625750,8641
94,424,3899533.996269986,8641
82,424,3899533.996911612,8641
91,424,3899533.997529358,8641
92,424,3899533.998189935,8641
98,424,3899533.998828201,8641
86,424,3899533.999422486,8641
85,424,3899534.000102513,8641
84,424,3899534.000735359,8641
96,424,3899534.001341784,8641
95,424,3899534.001933449,8641
97,424,3899534.002516414,8641
87,424,3899534.003089939,8641
83,424,3899534.003715104,8641
89,424,3899534.004388432,8641
93,424,3899534.005020997,8641
110,424,3899534.005630263,8641
106,424,3899534.006229988,8641
105,424,3899534.006807602,8641
102,424,3899534.007449789,8641
109,424,3899534.008063354,8641
99,424,3899534.008661529,8641
111,424,3899534.009259664,8641
113,424,3899534.009865360,8641
112,424,3899534.010451705,8641
107,424,3899534.011047750,8641
115,424,3899534.011651935,8641
104,424,3899534.012301401,8641
114,424,3899534.012928587,8641
103,424,3899534.013548523,8641
116,424,3899534.014170639,8641
101,424,3899534.014819215,8641
120,424,3899534.015451291,8641
124,424,3899534.016069047,8641
122,424,3899534.016657382,8641
117,424,3899534.017301138,8641
125,424,3899534.017919723,8641
123,424,3899534.018539069,8641
119,424,3899534.019176795,8641
121,424,3899534.019796741,8641
126,424,3899534.020391866,8641
127,424,3899534.642303030,7937
6,424,3899535.234769739,8705
2,424,3899535.235593840,8705
4,424,3899535.236268967,8705
11,424,3899535.237168610,8705
3,424,3899535.237859327,8705
0,424,3899535.238513214,8705
5,424,3899535.239116909,8705
7,424,3899535.239793666,8705
10,424,3899535.240441832,8705
1,424,3899535.241092349,8705
13,424,3899535.241735005,8705
9,424,3899535.242389342,8705
12,424,3899535.242980727,8705
14,424,3899535.243616433,8705
15,424,3899535.244280569,8705
8,424,3899535.244896305,8705
17,424,3899535.246759542,8705
29,424,3899535.247471920,8705
16,424,3899535.248203559,8705
19,424,3899535.248813864,8705
31,424,3899535.249402979,8705
32,424,3899535.250068376,8705
23,424,3899535.250685431,8705
33,424,3899535.251404680,8705
18,424,3899535.252021795,8705
21,424,3899535.252641201,8705
30,424,3899535.253223426,8705
28,424,3899535.253817221,8705
26,424,3899535.254458967,8705
25,424,3899535.255112333,8705
27,424,3899535.255747919,8705
20,424,3899535.256385715,8705
41,424,3899535.257014471,8705
35,424,3899535.257632077,8705
38,424,3899535.258279923,8705
46,424,3899535.258888049,8705
39,424,3899535.259529805,8705
45,424,3899535.260181462,8705
42,424,3899535.260800257,8705
48,424,3899535.261445923,8705
40,424,3899535.262058279,8705
49,424,3899535.262738516,8705
43,424,3899535.263438984,8705
37,424,3899535.264086850,8705
44,424,3899535.264677585,8705
34,424,3899535.265282131,8705
47,424,3899535.265864005,8705
36,424,3899535.266556133,8705
56,424,3899535.267892706,8705
51,424,3899535.268536373,8705
60,424,3899535.269209850,8705
63,424,3899535.269866166,8705
53,424,3899535.270539493,8705
59,424,3899535.271172569,8705
61,424,3899535.271790685,8705
62,424,3899535.272406000,8705
54,424,3899535.273042987,8705
52,424,3899535.273652992,8705
65,424,3899535.274299339,8705
58,424,3899535.274919774,8705
50,424,3899535.275562700,8705
64,424,3899535.276218067,8705
57,424,3899535.276838483,8705
55,424,3899535.277499999,8705
68,424,3899535.280117375,8705
80,424,3899535.280886605,8705
70,424,3899535.281548232,8705
81,424,3899535.282166797,8705
69,424,3899535.282827804,8705
67,424,3899535.283468120,8705
66,424,3899535.284088646,8705
75,424,3899535.284713302,8705
74,424,3899535.285349458,8705
78,424,3899535.285995544,8705
72,424,3899535.286660151,8705
79,424,3899535.287251096,8705
76,424,3899535.287867682,8705
71,424,3899535.288458797,8705
73,424,3899535.289083112,8705
77,424,3899535.289671297,8705
88,424,3899535.290301633,8705
94,424,3899535.290939399,8705
82,424,3899535.291593986,8705
91,424,3899535.292220981,8705
92,424,3899535.292869018,8705
98,424,3899535.293529635,8705
86,424,3899535.294129420,8705
85,424,3899535.294785646,8705
84,424,3899535.295386052,8705
96,424,3899535.295982977,8705
95,424,3899535.296608892,8705
97,424,3899535.297206858,8705
87,424,3899535.297795533,8705
83,424,3899535.298441039,8705
89,424,3899535.299124416,8705
93,424,3899535.299742952,8705
110,424,3899535.300372648,8705
106,424,3899535.300969983,8705
105,424,3899535.301557437,8705
102,424,3899535.302198654,8705
109,424,3899535.302798549,8705
99,424,3899535.303413764,8705
111,424,3899535.304023810,8705
113,424,3899535.304630425,8705
112,424,3899535.305234590,8705
107,424,3899535.305847296,8705
115,424,3899535.306465192,8705
104,424,3899535.307126228,8705
114,424,3899535.307757774,8705
103,424,3899535.308367730,8705
116,424,3899535.308964315,8705
101,424,3899535.309623021,8705
120,424,3899535.310259437,8705
124,424,3899535.310888073,8705
122,424,3899535.311482008,8705
117,424,3899535.312109344,8705
125,424,3899535.312702049,8705
123,424,3899535.313321295,8705
119,424,3899535.313943581,8705
121,424,3899535.314606818,8705
126,424,3899535.315221313,8705
127,424,3899535.738909245,8001
6,424,3899536.294620675,8769
2,424,3899536.295391254,8769
4,424,3899536.296043021,8769
11,424,3899536.296892372,8769
3,424,3899536.297579520,8769
0,424,3899536.298228736,8769
5,424,3899536.298823031,8769
7,424,3899536.299544629,8769
10,424,3899536.300234587,8769
1,424,3899536.300879273,8769
13,424,3899536.301529659,8769
9,424,3899536.302184796,8769
12,424,3899536.302787981,8769
14,424,3899536.303415947,8769
15,424,3899536.304079344,8769
8,424,3899536.304695360,8769
17,424,3899536.306884905,8769
29,424,3899536.307637684,8769
16,424,3899536.308293461,8769
19,424,3899536.308890686,8769
31,424,3899536.309484401,8769
32,424,3899536.310140207,8769
23,424,3899536.310743832,8769
33,424,3899536.311430120,8769
18,424,3899536.312059856,8769
21,424,3899536.312677752,8769
30,424,3899536.313263336,8769
28,424,3899536.313857241,8769
26,424,3899536.314492787,8769
25,424,3899536.315149634,8769
27,424,3899536.315789000,8769
20,424,3899536.316425616,8769
41,424,3899536.317081953,8769
35,424,3899536.317726689,8769
38,424,3899536.318376525,8769
46,424,3899536.319058733,8769
39,424,3899536.319703199,8769
45,424,3899536.320359536,8769
42,424,3899536.320980591,8769
48,424,3899536.321628148,8769
40,424,3899536.322243293,8769
49,424,3899536.322916230,8769
43,424,3899536.323602388,8769
37,424,3899536.324240834,8769
44,424,3899536.324838439,8769
34,424,3899536.325443324,8769
47,424,3899536.326057250,8769
36,424,3899536.326674575,8769
56,424,3899536.327325412,8769
51,424,3899536.327951338,8769
60,424,3899536.328618044,8769
63,424,3899536.329288372,8769
53,424,3899536.329958808,8769
59,424,3899536.330585314,8769
61,424,3899536.331220460,8769
62,424,3899536.331834356,8769
54,424,3899536.332472232,8769
52,424,3899536.333094568,8769
65,424,3899536.333734244,8769
58,424,3899536.334378310,8769
50,424,3899536.335684173,8769
64,424,3899536.336366670,8769
57,424,3899536.336998696,8769
55,424,3899536.337676333,8769
68,424,3899536.340282009,8769
80,424,3899536.341067279,8769
70,424,3899536.341743076,8769
81,424,3899536.342365442,8769
69,424,3899536.343043929,8769
67,424,3899536.343685976,8769
66,424,3899536.344329462,8769
75,424,3899536.344964748,8769
74,424,3899536.345598544,8769
78,424,3899536.346263021,8769
72,424,3899536.346929527,8769
79,424,3899536.347532263,8769
76,424,3899536.348165379,8769
71,424,3899536.348755714,8769
73,424,3899536.349385389,8769
77,424,3899536.349992315,8769
88,424,3899536.350645931,8769
94,424,3899536.351298198,8769
82,424,3899536.351977265,8769
91,424,3899536.352630642,8769
92,424,3899536.353297208,8769
98,424,3899536.353946585,8769
86,424,3899536.354573861,8769
85,424,3899536.355255618,8769
84,424,3899536.355851153,8769
96,424,3899536.356457878,8769
95,424,3899536.357076494,8769
97,424,3899536.357662749,8769
87,424,3899536.358244113,8769
83,424,3899536.358870149,8769
89,424,3899536.359558277,8769
93,424,3899536.360191373,8769
110,424,3899536.360811038,8769
106,424,3899536.361428564,8769
105,424,3899536.362019289,8769
102,424,3899536.362656245,8769
109,424,3899536.363258120,8769
99,424,3899536.363862115,8769
111,424,3899536.364475601,8769
113,424,3899536.365093137,8769
112,424,3899536.365688722,8769
107,424,3899536.366303887,8769
115,424,3899536.366922883,8769
104,424,3899536.367591940,8769
114,424,3899536.368237976,8769
103,424,3899536.368846532,8769
116,424,3899536.369484468,8769
101,424,3899536.370162945,8769
120,424,3899536.370801161,8769
124,424,3899536.371440877,8769
122,424,3899536.372060453,8769
117,424,3899536.372691289,8769
125,424,3899536.373294534,8769
123,424,3899536.373910189,8769
119,424,3899536.374547046,8769
121,424,3899536.375173452,8769
126,424,3899536.375764626,8769
127,424,3899536.800890845,8065
6,424,3899537.355639340,8833
2,424,3899537.356433760,8833
4,424,3899537.357133908,8833
11,424,3899537.358042931,8833
3,424,3899537.358738288,8833
0,424,3899537.359403325,8833
5,424,3899537.360023511,8833
7,424,3899537.360700628,8833
10,424,3899537.361352665,8833
1,424,3899537.362009871,8833
13,424,3899537.362657638,8833
9,424,3899537.363315614,8833
12,424,3899537.363927180,8833
14,424,3899537.364569136,8833
15,424,3899537.365234093,8833
8,424,3899537.365851518,8833
17,424,3899537.368268849,8833
29,424,3899537.368987298,8833
16,424,3899537.369635354,8833
19,424,3899537.370234319,8833
31,424,3899537.370810174,8833
32,424,3899537.371482531,8833
23,424,3899537.372091276,8833
33,424,3899537.372768303,8833
18,424,3899537.373380729,8833
21,424,3899537.374041755,8833
30,424,3899537.374654301,8833
28,424,3899537.375260566,8833
26,424,3899537.375898592,8833
25,424,3899537.376571769,8833
27,424,3899537.377224586,8833
20,424,3899537.377867292,8833
41,424,3899537.378502048,8833
35,424,3899537.379130504,8833
38,424,3899537.379773950,8833
46,424,3899537.380454657,8833
39,424,3899537.381105144,8833
45,424,3899537.381752540,8833
42,424,3899537.382381156,8833
48,424,3899537.383029113,8833
40,424,3899537.383639208,8833
49,424,3899537.384324785,8833
43,424,3899537.385009083,8833
37,424,3899537.385637548,8833
44,424,3899537.386240614,8833
34,424,3899537.386857299,8833
47,424,3899537.387458905,8833
36,424,3899537.388090831,8833
56,424,3899537.388737327,8833
51,424,3899537.389373353,8833
60,424,3899537.390056980,8833
63,424,3899537.390718227,8833
53,424,3899537.391430785,8833
59,424,3899537.392081542,8833
61,424,3899537.392712447,8833
62,424,3899537.393358474,8833
54,424,3899537.394007610,8833
52,424,3899537.394629106,8833
65,424,3899537.395287303,8833
58,424,3899537.395914179,8833
50,424,3899537.396574535,8833
64,424,3899537.397258742,8833
57,424,3899537.397894098,8833
55,424,3899537.398572756,8833
68,424,3899537.401765636,8833
80,424,3899537.402547636,8833
70,424,3899537.403225173,8833
81,424,3899537.403843419,8833
69,424,3899537.404524316,8833
67,424,3899537.405171153,8833
66,424,3899537.405786678,8833
75,424,3899537.406434254,8833
74,424,3899537.407070381,8833
78,424,3899537.407734277,8833
72,424,3899537.408406584,8833
79,424,3899537.409060281,8833
76,424,3899537.409696597,8833
71,424,3899537.410321193,8833
73,424,3899537.410951988,8833
77,424,3899537.411566654,8833
82,424,3899537.412239611,8833
88,424,3899537.412876597,8833
94,424,3899537.413526324,8833
91,424,3899537.414165900,8833
92,424,3899537.414828867,8833
98,424,3899537.415496903,8833
85,424,3899537.416164980,8833
86,424,3899537.416766375,8833
84,424,3899537.417381751,8833
96,424,3899537.417985606,8833
95,424,3899537.418593402,8833
97,424,3899537.419186707,8833
87,424,3899537.419775432,8833
83,424,3899537.420408358,8833
89,424,3899537.421089835,8833
93,424,3899537.421722161,8833
110,424,3899537.422356787,8833
106,424,3899537.422965652,8833
105,424,3899537.423572668,8833
102,424,3899537.424217684,8833
109,424,3899537.424809219,8833
99,424,3899537.425409914,8833
111,424,3899537.426039120,8833
113,424,3899537.426685856,8833
112,424,3899537.427292482,8833
107,424,3899537.427903907,8833
115,424,3899537.428542193,8833
104,424,3899537.429222741,8833
114,424,3899537.429860427,8833
103,424,3899537.430486313,8833
116,424,3899537.431094078,8833
101,424,3899537.431746814,8833
120,424,3899537.432381660,8833
124,424,3899537.433019297,8833
122,424,3899537.433628332,8833
117,424,3899537.434284549,8833
125,424,3899537.434884764,8833
123,424,3899537.435511909,8833
119,424,3899537.436160436,8833
121,424,3899537.436785032,8833
126,424,3899537.437387587,8833
127,424,3899537.864104445,8129
6,424,3899538.420100542,8897
2,424,3899538.420863772,8897
4,424,3899538.421533689,8897
11,424,3899538.422401691,8897
3,424,3899538.423078137,8897
0,424,3899538.423733404,8897
5,424,3899538.424346129,8897
7,424,3899538.425048157,8897
10,424,3899538.425693544,8897
1,424,3899538.426351470,8897
13,424,3899538.426995687,8897
9,424,3899538.427695914,8897
12,424,3899538.428386742,8897
14,424,3899538.429029618,8897
15,424,3899538.429696785,8897
8,424,3899538.430324301,8897
17,424,3899538.432063165,8897
29,424,3899538.432803214,8897
16,424,3899538.433476170,8897
19,424,3899538.434091346,8897
31,424,3899538.434679511,8897
32,424,3899538.435337367,8897
23,424,3899538.435947713,8897
33,424,3899538.436686252,8897
18,424,3899538.437307997,8897
21,424,3899538.437930143,8897
30,424,3899538.438546408,8897
28,424,3899538.439159664,8897
26,424,3899538.439796190,8897
25,424,3899538.440457287,8897
27,424,3899538.441103983,8897
20,424,3899538.441743969,8897
40,424,3899538.442369405,8897
41,424,3899538.442999711,8897
35,424,3899538.443631937,8897
38,424,3899538.444289784,8897
46,424,3899538.444964921,8897
39,424,3899538.445619867,8897
45,424,3899538.446279624,8897
42,424,3899538.446899590,8897
48,424,3899538.447563536,8897
49,424,3899538.448245294,8897
43,424,3899538.448922671,8897
37,424,3899538.449562337,8897
44,424,3899538.450167553,8897
34,424,3899538.450775028,8897
47,424,3899538.451456795,8897
36,424,3899538.452089331,8897
56,424,3899538.453407074,8897
51,424,3899538.454109652,8897
60,424,3899538.454783809,8897
63,424,3899538.455465846,8897
53,424,3899538.456152274,8897
59,424,3899538.456781800,8897
61,424,3899538.457424426,8897
62,424,3899538.458056552,8897
54,424,3899538.458702488,8897
52,424,3899538.459327954,8897
65,424,3899538.459978650,8897
58,424,3899538.460616737,8897
50,424,3899538.461268193,8897
64,424,3899538.461934530,8897
57,424,3899538.462577666,8897
55,424,3899538.463257323,8897
77,424,3899538.465806958,8897
68,424,3899538.466488915,8897
80,424,3899538.467128481,8897
70,424,3899538.467805288,8897
81,424,3899538.468475195,8897
69,424,3899538.469201954,8897
67,424,3899538.469855620,8897
66,424,3899538.470483046,8897
75,424,3899538.471149423,8897
74,424,3899538.471814580,8897
78,424,3899538.472489437,8897
72,424,3899538.473163854,8897
79,424,3899538.473777949,8897
76,424,3899538.474419166,8897
71,424,3899538.475025241,8897
73,424,3899538.475650817,8897
82,424,3899538.476310253,8897
88,424,3899538.476945059,8897
94,424,3899538.477610446,8897
91,424,3899538.478260273,8897
92,424,3899538.478926540,8897
98,424,3899538.479597706,8897
85,424,3899538.480270663,8897
86,424,3899538.480870339,8897
84,424,3899538.481476054,8897
96,424,3899538.482100640,8897
95,424,3899538.482702735,8897
97,424,3899538.483295750,8897
87,424,3899538.483877485,8897
83,424,3899538.484511241,8897
89,424,3899538.485193338,8897
93,424,3899538.485817784,8897
110,424,3899538.486458530,8897
106,424,3899538.487091096,8897
105,424,3899538.487685821,8897
102,424,3899538.488347178,8897
109,424,3899538.488986544,8897
99,424,3899538.489601069,8897
111,424,3899538.490212555,8897
113,424,3899538.490831170,8897
112,424,3899538.491454766,8897
107,424,3899538.492078982,8897
115,424,3899538.492713878,8897
104,424,3899538.493384725,8897
114,424,3899538.494037131,8897
103,424,3899538.494656847,8897
116,424,3899538.495273053,8897
101,424,3899538.495926349,8897
120,424,3899538.496561845,8897
124,424,3899538.497194971,8897
122,424,3899538.497810627,8897
117,424,3899538.498466323,8897
125,424,3899538.499107790,8897
123,424,3899538.499740036,8897
119,424,3899538.500387602,8897
121,424,3899538.501022898,8897
126,424,3899538.501615613,8897
127,424,3899539.052824139,8193
6,424,3899539.603230464,8961
2,424,3899539.604027445,8961
4,424,3899539.604691071,8961
11,424,3899539.605601694,8961
3,424,3899539.606338783,8961
0,424,3899539.607017980,8961
5,424,3899539.607632386,8961
7,424,3899539.608336603,8961
10,424,3899539.608989000,8961
1,424,3899539.609656047,8961
13,424,3899539.610326784,8961
9,424,3899539.610991910,8961
12,424,3899539.611702968,8961
14,424,3899539.612357705,8961
15,424,3899539.613041533,8961
8,424,3899539.613680589,8961
17,424,3899539.615844203,8961
29,424,3899539.616570431,8961
16,424,3899539.617236548,8961
19,424,3899539.617861454,8961
31,424,3899539.618470330,8961
32,424,3899539.619135447,8961
23,424,3899539.619749622,8961
33,424,3899539.620459260,8961
18,424,3899539.621084306,8961
21,424,3899539.621712132,8961
30,424,3899539.622307397,8961
28,424,3899539.622916452,8961
26,424,3899539.623598839,8961
25,424,3899539.624296917,8961
27,424,3899539.624951163,8961
20,424,3899539.625629021,8961
40,424,3899539.626287907,8961
41,424,3899539.626930753,8961
35,424,3899539.627575000,8961
38,424,3899539.628236497,8961
46,424,3899539.628915494,8961
39,424,3899539.629568520,8961
45,424,3899539.630233387,8961
42,424,3899539.630860233,8961
48,424,3899539.631516260,8961
49,424,3899539.632222767,8961
43,424,3899539.632909075,8961
37,424,3899539.633561111,8961
44,424,3899539.634174147,8961
34,424,3899539.634785252,8961
47,424,3899539.635396108,8961
36,424,3899539.636059774,8961
56,424,3899539.636719861,8961
51,424,3899539.637365007,8961
60,424,3899539.638048665,8961
63,424,3899539.638722432,8961
53,424,3899539.639415329,8961
59,424,3899539.640157158,8961
61,424,3899539.640793354,8961
62,424,3899539.641461101,8961
54,424,3899539.642125328,8961
52,424,3899539.643350409,8961
65,424,3899539.644038146,8961
58,424,3899539.644705323,8961
50,424,3899539.645375950,8961
64,424,3899539.646059777,8961
57,424,3899539.646708013,8961
55,424,3899539.647392781,8961
77,424,3899539.650087029,8961
68,424,3899539.650895099,8961
80,424,3899539.651554516,8961
70,424,3899539.652276984,8961
81,424,3899539.652912410,8961
69,424,3899539.653609128,8961
67,424,3899539.654269125,8961
66,424,3899539.654895651,8961
75,424,3899539.655544547,8961
74,424,3899539.656182873,8961
78,424,3899539.656857530,8961
72,424,3899539.657546847,8961
79,424,3899539.658178074,8961
76,424,3899539.658852931,8961
71,424,3899539.659482927,8961
73,424,3899539.660125773,8961
82,424,3899539.660788060,8961
88,424,3899539.661451966,8961
94,424,3899539.662117093,8961
91,424,3899539.662746269,8961
92,424,3899539.663424506,8961
98,424,3899539.664092133,8961
85,424,3899539.664765280,8961
86,424,3899539.665395426,8961
84,424,3899539.666010812,8961
96,424,3899539.666625347,8961
95,424,3899539.667250833,8961
97,424,3899539.667845878,8961
87,424,3899539.668427683,8961
83,424,3899539.669068889,8961
89,424,3899539.669769367,8961
93,424,3899539.670405963,8961
110,424,3899539.671038629,8961
106,424,3899539.671667795,8961
105,424,3899539.672279730,8961
102,424,3899539.672931987,8961
109,424,3899539.673549542,8961
99,424,3899539.674159738,8961
111,424,3899539.674764433,8961
113,424,3899539.675383169,8961
112,424,3899539.675993694,8961
107,424,3899539.676657841,8961
115,424,3899539.677307057,8961
104,424,3899539.677987735,8961
114,424,3899539.678667792,8961
103,424,3899539.679302378,8961
116,424,3899539.679911763,8961
101,424,3899539.680578090,8961
120,424,3899539.681222636,8961
124,424,3899539.681857832,8961
122,424,3899539.682484748,8961
117,424,3899539.683153005,8961
125,424,3899539.683774281,8961
123,424,3899539.684427577,8961
119,424,3899539.685078774,8961
121,424,3899539.685713530,8961
126,424,3899539.686312295,8961
127,424,3899540.122953014,8257
6,424,3899540.678259903,9025
2,424,3899540.679077594,9025
4,424,3899540.679757521,9025
11,424,3899540.680709085,9025
3,424,3899540.681416993,9025
0,424,3899540.682094920,9025
5,424,3899540.682699616,9025
7,424,3899540.683408363,9025
10,424,3899540.684078680,9025
1,424,3899540.684742117,9025
13,424,3899540.685408174,9025
9,424,3899540.686126062,9025
12,424,3899540.686828370,9025
14,424,3899540.687487747,9025
15,424,3899540.688176144,9025
8,424,3899540.688819650,9025
17,424,3899540.691409226,9025
29,424,3899540.692169525,9025
16,424,3899540.692827202,9025
19,424,3899540.693453557,9025
31,424,3899540.694062763,9025
32,424,3899540.694742990,9025
23,424,3899540.695375286,9025
33,424,3899540.696077364,9025
18,424,3899540.696707030,9025
21,424,3899540.697353386,9025
30,424,3899540.697952721,9025
28,424,3899540.698576507,9025
26,424,3899540.699256354,9025
25,424,3899540.699928601,9025
27,424,3899540.700591348,9025
20,424,3899540.701247834,9025
40,424,3899540.701886741,9025
41,424,3899540.702545267,9025
35,424,3899540.703193354,9025
38,424,3899540.703865771,9025
46,424,3899540.704559688,9025
39,424,3899540.705218365,9025
45,424,3899540.705883932,9025
42,424,3899540.706526258,9025
48,424,3899540.707191745,9025
49,424,3899540.707878472,9025
43,424,3899540.708579560,9025
37,424,3899540.709284418,9025
44,424,3899540.709899213,9025
34,424,3899540.710522629,9025
47,424,3899540.711133655,9025
36,424,3899540.711774291,9025
56,424,3899540.712447748,9025
51,424,3899540.713105384,9025
60,424,3899540.713786902,9025
63,424,3899540.714472459,9025
53,424,3899540.715168586,9025
59,424,3899540.715809833,9025
61,424,3899540.716463309,9025
62,424,3899540.717108286,9025
54,424,3899540.717760682,9025
52,424,3899540.718401338,9025
65,424,3899540.719073665,9025
58,424,3899540.719717732,9025
50,424,3899540.720384588,9025
64,424,3899540.721069586,9025
57,424,3899540.721712422,9025
55,424,3899540.722404639,9025
77,424,3899540.725777015,9025
68,424,3899540.726500693,9025
80,424,3899540.727199730,9025
70,424,3899540.727882408,9025
81,424,3899540.728534804,9025
69,424,3899540.729252842,9025
67,424,3899540.729915549,9025
66,424,3899540.730557115,9025
75,424,3899540.731215812,9025
74,424,3899540.731855738,9025
78,424,3899540.732541145,9025
72,424,3899540.733244453,9025
79,424,3899540.733864489,9025
76,424,3899540.734516786,9025
71,424,3899540.735155492,9025
73,424,3899540.735801618,9025
82,424,3899540.736483775,9025
88,424,3899540.737148102,9025
94,424,3899540.737815299,9025
91,424,3899540.738464715,9025
92,424,3899540.739144263,9025
98,424,3899540.739822770,9025
85,424,3899540.740507617,9025
86,424,3899540.741134923,9025
84,424,3899540.741751849,9025
96,424,3899540.742379984,9025
95,424,3899540.742999340,9025
97,424,3899540.743621036,9025
87,424,3899540.744247101,9025
83,424,3899540.744905888,9025
89,424,3899540.745609006,9025
93,424,3899540.746257063,9025
110,424,3899540.746890488,9025
106,424,3899540.747521564,9025
105,424,3899540.748149520,9025
102,424,3899540.748814187,9025
109,424,3899540.749432773,9025
99,424,3899540.750066929,9025
111,424,3899540.750679704,9025
113,424,3899540.751303310,9025
112,424,3899540.751911715,9025
107,424,3899540.752548391,9025
115,424,3899540.753202948,9025
104,424,3899540.753893616,9025
114,424,3899540.754565942,9025
103,424,3899540.755210609,9025
116,424,3899540.755829365,9025
101,424,3899540.756500302,9025
120,424,3899540.757151878,9025
124,424,3899540.757787484,9025
122,424,3899540.758409340,9025
117,424,3899540.759069726,9025
125,424,3899540.759700872,9025
123,424,3899540.760355779,9025
119,424,3899540.761030866,9025
121,424,3899540.761705433,9025
126,424,3899540.762328539,9025
127,424,3899541.200302231,8321
7,424,3899541.834368242,9089
15,424,3899541.835866330,9089
6,424,3899541.836839004,9089
2,424,3899541.837532372,9089
4,424,3899541.838208839,9089
11,424,3899541.838870976,9089
3,424,3899541.839565243,9089
0,424,3899541.840237750,9089
5,424,3899541.840838625,9089
10,424,3899541.841488622,9089
14,424,3899541.842148069,9089
1,424,3899541.842815926,9089
13,424,3899541.843492923,9089
9,424,3899541.844172140,9089
12,424,3899541.844879258,9089
8,424,3899541.845526754,9089
17,424,3899541.847459093,9089
29,424,3899541.848239163,9089
16,424,3899541.848902869,9089
19,424,3899541.849543756,9089
31,424,3899541.850209032,9089
32,424,3899541.850910860,9089
23,424,3899541.851555886,9089
33,424,3899541.852256154,9089
18,424,3899541.852878170,9089
21,424,3899541.853535517,9089
30,424,3899541.854144012,9089
28,424,3899541.854766277,9089
26,424,3899541.855427344,9089
25,424,3899541.856100801,9089
27,424,3899541.856766088,9089
20,424,3899541.857427335,9089
34,424,3899541.858054151,9089
40,424,3899541.858769399,9089
41,424,3899541.859439206,9089
35,424,3899541.860088402,9089
38,424,3899541.860755989,9089
46,424,3899541.861451526,9089
39,424,3899541.862135634,9089
45,424,3899541.862803701,9089
42,424,3899541.863450317,9089
48,424,3899541.864116484,9089
49,424,3899541.864801251,9089
43,424,3899541.865502259,9089
37,424,3899541.866162246,9089
44,424,3899541.866777121,9089
47,424,3899541.867407127,9089
36,424,3899541.868083204,9089
55,424,3899541.868784102,9089
56,424,3899541.870129866,9089
51,424,3899541.870798943,9089
60,424,3899541.871491400,9089
63,424,3899541.872180838,9089
53,424,3899541.872867675,9089
59,424,3899541.873511191,9089
61,424,3899541.874161428,9089
62,424,3899541.874796644,9089
54,424,3899541.875457020,9089
52,424,3899541.876103377,9089
65,424,3899541.876803155,9089
58,424,3899541.877469271,9089
50,424,3899541.878137638,9089
64,424,3899541.881171165,9089
57,424,3899541.881834962,9089
77,424,3899541.882462028,9089
68,424,3899541.883138675,9089
80,424,3899541.883788461,9089
70,424,3899541.884472079,9089
81,424,3899541.885136595,9089
69,424,3899541.885868994,9089
67,424,3899541.886535691,9089
66,424,3899541.887185107,9089
75,424,3899541.887836984,9089
74,424,3899541.888484080,9089
78,424,3899541.889171087,9089
72,424,3899541.889857695,9089
79,424,3899541.890483360,9089
76,424,3899541.891132917,9089
71,424,3899541.891749872,9089
73,424,3899541.892396429,9089
82,424,3899541.893069456,9089
88,424,3899541.893716392,9089
94,424,3899541.894385219,9089
91,424,3899541.895034055,9089
92,424,3899541.895723663,9089
98,424,3899541.896404720,9089
85,424,3899541.897091918,9089
86,424,3899541.897703623,9089
84,424,3899541.898325449,9089
96,424,3899541.898950085,9089
95,424,3899541.899576080,9089
97,424,3899541.900209946,9089
87,424,3899541.900802432,9089
83,424,3899541.901455518,9089
89,424,3899541.902155346,9089
93,424,3899541.902821242,9089
107,424,3899541.903471779,9089
110,424,3899541.904127365,9089
113,424,3899541.904753581,9089
106,424,3899541.905383747,9089
105,424,3899541.905988872,9089
102,424,3899541.906661929,9089
109,424,3899541.907291425,9089
99,424,3899541.907910491,9089
111,424,3899541.908553787,9089
112,424,3899541.909169653,9089
115,424,3899541.909823760,9089
104,424,3899541.910521497,9089
114,424,3899541.911196394,9089
103,424,3899541.911837040,9089
116,424,3899541.912475576,9089
101,424,3899541.913154924,9089
125,424,3899541.913771269,9089
120,424,3899541.914438216,9089
124,424,3899541.915087042,9089
122,424,3899541.915704798,9089
117,424,3899541.916363315,9089
123,424,3899541.916997481,9089
119,424,3899541.917669178,9089
121,424,3899541.918335145,9089
126,424,3899541.918947130,9089
127,424,3899542.355234150,8385
3,424,3899542.909374570,9153
7,424,3899542.910184490,9153
9,424,3899542.910925459,9153
15,424,3899542.911709369,9153
6,424,3899542.912610801,9153
2,424,3899542.913306279,9153
4,424,3899542.913972116,9153
11,424,3899542.914676824,9153
0,424,3899542.915348051,9153
5,424,3899542.915963876,9153
10,424,3899542.916634343,9153
14,424,3899542.917284240,9153
1,424,3899542.917954417,9153
13,424,3899542.918633834,9153
12,424,3899542.919361492,9153
8,424,3899542.920021509,9153
17,424,3899542.921916487,9153
29,424,3899542.922695227,9153
16,424,3899542.923363393,9153
19,424,3899542.923993539,9153
31,424,3899542.924614545,9153
32,424,3899542.925295302,9153
23,424,3899542.925926688,9153
33,424,3899542.926641056,9153
18,424,3899542.927269242,9153
21,424,3899542.927904008,9153
30,424,3899542.928510903,9153
28,424,3899542.930580206,9153
26,424,3899542.932191207,9153
25,424,3899542.933022988,9153
27,424,3899542.933786217,9153
20,424,3899542.934541126,9153
34,424,3899542.935330646,9153
40,424,3899542.936161747,9153
41,424,3899542.936885325,9153
35,424,3899542.937581783,9153
38,424,3899542.938295821,9153
46,424,3899542.939037690,9153
39,424,3899542.939751848,9153
45,424,3899542.940489016,9153
42,424,3899542.941172714,9153
48,424,3899542.941882812,9153
49,424,3899542.942608870,9153
43,424,3899542.943329808,9153
37,424,3899542.944010045,9153
44,424,3899542.944654232,9153
47,424,3899542.945541864,9153
36,424,3899542.946764495,9153
55,424,3899542.948100139,9153
56,424,3899542.955076045,9153
51,424,3899542.956317946,9153
60,424,3899542.957599059,9153
63,424,3899542.958896832,9153
53,424,3899542.960204585,9153
59,424,3899542.961403675,9153
61,424,3899542.962616686,9153
62,424,3899542.963812896,9153
54,424,3899542.965051937,9153
52,424,3899542.966259498,9153
65,424,3899542.967511100,9153
58,424,3899542.968745161,9153
50,424,3899542.969997652,9153
64,424,3899542.971322556,9153
57,424,3899542.972552967,9153
77,424,3899542.973653865,9153
68,424,3899542.974941267,9153
80,424,3899542.976137628,9153
70,424,3899542.976845996,9153
81,424,3899542.977523123,9153
69,424,3899542.978228300,9153
67,424,3899542.978906348,9153
66,424,3899542.979575714,9153
75,424,3899542.980243962,9153
74,424,3899542.980891778,9153
78,424,3899542.981583445,9153
72,424,3899542.982277043,9153
79,424,3899542.982891328,9153
76,424,3899542.983545045,9153
71,424,3899542.984169201,9153
73,424,3899542.984809947,9153
82,424,3899542.985482604,9153
96,424,3899542.986134440,9153
88,424,3899542.986901520,9153
94,424,3899542.987601088,9153
91,424,3899542.988257594,9153
92,424,3899542.988954012,9153
98,424,3899542.989638279,9153
85,424,3899542.990324656,9153
86,424,3899542.990953732,9153
84,424,3899542.991588228,9153
95,424,3899542.992228254,9153
97,424,3899542.992867650,9153
87,424,3899542.993460116,9153
83,424,3899542.994125642,9153
89,424,3899542.994836540,9153
93,424,3899542.995499997,9153
106,424,3899542.996153673,9153
107,424,3899542.996786900,9153
110,424,3899542.997453646,9153
113,424,3899542.998108213,9153
105,424,3899542.998726549,9153
102,424,3899542.999392206,9153
109,424,3899543.000025991,9153
99,424,3899543.000653817,9153
111,424,3899543.001280163,9153
112,424,3899543.001902309,9153
115,424,3899543.002542565,9153
104,424,3899543.003232973,9153
114,424,3899543.003907690,9153
103,424,3899543.004657289,9153
116,424,3899543.005324236,9153
101,424,3899543.006014213,9153
125,424,3899543.006652709,9153
120,424,3899543.007323266,9153
124,424,3899543.007985923,9153
122,424,3899543.008613259,9153
117,424,3899543.009312726,9153
123,424,3899543.009953482,9153
119,424,3899543.010617599,9153
121,424,3899543.011288616,9153
126,424,3899543.011920452,9153
127,424,3899543.468057454,8449
3,424,3899544.073793358,9217
7,424,3899544.074718371,9217
9,424,3899544.075427429,9217
15,424,3899544.076728452,9217
6,424,3899544.077422320,9217
2,424,3899544.078120767,9217
4,424,3899544.078787504,9217
11,424,3899544.079434431,9217
0,424,3899544.080105617,9217
5,424,3899544.080729893,9217
10,424,3899544.081394440,9217
14,424,3899544.082045537,9217
1,424,3899544.082700013,9217
13,424,3899544.083390600,9217
12,424,3899544.084108319,9217
8,424,3899544.084834797,9217
17,424,3899544.087307330,9217
29,424,3899544.088060729,9217
16,424,3899544.088736696,9217
19,424,3899544.089375252,9217
31,424,3899544.089982507,9217
32,424,3899544.090657474,9217
23,424,3899544.091303321,9217
33,424,3899544.091995598,9217
18,424,3899544.092635644,9217
21,424,3899544.093274461,9217
30,424,3899544.093874796,9217
28,424,3899544.094513962,9217
26,424,3899544.095171829,9217
25,424,3899544.095837535,9217
27,424,3899544.096509372,9217
20,424,3899544.097169639,9217
34,424,3899544.097802325,9217
40,424,3899544.098518093,9217
41,424,3899544.099169730,9217
35,424,3899544.099805866,9217
38,424,3899544.100491393,9217
46,424,3899544.101188810,9217
39,424,3899544.101845767,9217
45,424,3899544.102518114,9217
42,424,3899544.103161651,9217
48,424,3899544.103809657,9217
49,424,3899544.104599347,9217
43,424,3899544.105327865,9217
37,424,3899544.105985912,9217
44,424,3899544.106618198,9217
47,424,3899544.107236014,9217
36,424,3899544.107879270,9217
50,424,3899544.108565257,9217
53,424,3899544.109268655,9217
55,424,3899544.109967492,9217
64,424,3899544.111590904,9217
56,424,3899544.112415224,9217
51,424,3899544.113081601,9217
60,424,3899544.113768959,9217
63,424,3899544.114461536,9217
59,424,3899544.115106522,9217
61,424,3899544.115751809,9217
62,424,3899544.116393015,9217
54,424,3899544.117057842,9217
52,424,3899544.117690128,9217
65,424,3899544.118364975,9217
58,424,3899544.119018671,9217
57,424,3899544.119670588,9217
69,424,3899544.123014862,9217
77,424,3899544.123656269,9217
68,424,3899544.124339026,9217
80,424,3899544.124993122,9217
70,424,3899544.125686270,9217
81,424,3899544.126337926,9217
67,424,3899544.126996013,9217
66,424,3899544.127655680,9217
75,424,3899544.128324497,9217
74,424,3899544.128968543,9217
78,424,3899544.129659280,9217
72,424,3899544.130351058,9217
79,424,3899544.130963613,9217
76,424,3899544.131618630,9217
71,424,3899544.132251116,9217
73,424,3899544.132914203,9217
82,424,3899544.133591850,9217
89,424,3899544.134721968,9217
93,424,3899544.135869027,9217
96,424,3899544.136978365,9217
88,424,3899544.138202546,9217
94,424,3899544.139430697,9217
91,424,3899544.140645548,9217
92,424,3899544.141904280,9217
98,424,3899544.143160011,9217
85,424,3899544.144432264,9217
86,424,3899544.145539752,9217
84,424,3899544.146612279,9217
95,424,3899544.147730017,9217
97,424,3899544.148866686,9217
87,424,3899544.149899472,9217
83,424,3899544.151124753,9217
106,424,3899544.152265392,9217
107,424,3899544.153383890,9217
109,424,3899544.154473358,9217
110,424,3899544.155644537,9217
113,424,3899544.156762946,9217
105,424,3899544.157859433,9217
102,424,3899544.159123935,9217
99,424,3899544.160229123,9217
111,424,3899544.161350062,9217
112,424,3899544.162452269,9217
115,424,3899544.163685090,9217
104,424,3899544.164842220,9217
114,424,3899544.165546968,9217
103,424,3899544.166217325,9217
116,424,3899544.166861521,9217
101,424,3899544.167604810,9217
125,424,3899544.168272817,9217
120,424,3899544.168942314,9217
124,424,3899544.169600760,9217
122,424,3899544.170242336,9217
117,424,3899544.170904833,9217
123,424,3899544.171554420,9217
119,424,3899544.172279738,9217
121,424,3899544.172952925,9217
126,424,3899544.173592901,9217
127,424,3899544.608612309,8513
3,424,3899545.385281624,9281
7,424,3899545.386164556,9281
9,424,3899545.386925706,9281
15,424,3899545.387740706,9281
6,424,3899545.388442854,9281
2,424,3899545.389264835,9281
4,424,3899545.389947872,9281
11,424,3899545.390627929,9281
0,424,3899545.391604614,9281
5,424,3899545.392250780,9281
10,424,3899545.392937278,9281
14,424,3899545.393606784,9281
1,424,3899545.394299222,9281
13,424,3899545.394967289,9281
12,424,3899545.395704617,9281
8,424,3899545.396371754,9281
17,424,3899545.397426711,9281
29,424,3899545.398334434,9281
16,424,3899545.399115454,9281
19,424,3899545.399751880,9281
31,424,3899545.400377996,9281
32,424,3899545.401072503,9281
23,424,3899545.403026733,9281
33,424,3899545.403824813,9281
18,424,3899545.404481950,9281
21,424,3899545.405145016,9281
30,424,3899545.405754702,9281
28,424,3899545.406394508,9281
26,424,3899545.407064565,9281
25,424,3899545.407754742,9281
27,424,3899545.408437850,9281
20,424,3899545.409108847,9281
34,424,3899545.409743243,9281
40,424,3899545.410477041,9281
41,424,3899545.411143958,9281
35,424,3899545.411793844,9281
38,424,3899545.412476361,9281
46,424,3899545.413181250,9281
39,424,3899545.413851576,9281
45,424,3899545.414536354,9281
42,424,3899545.415197540,9281
48,424,3899545.415858767,9281
49,424,3899545.416566585,9281
43,424,3899545.417278073,9281
37,424,3899545.417934130,9281
44,424,3899545.418565766,9281
47,424,3899545.419186951,9281
36,424,3899545.419833398,9281
50,424,3899545.420522415,9281
53,424,3899545.421233553,9281
55,424,3899545.421940691,9281
63,424,3899545.424141347,9281
64,424,3899545.424850734,9281
56,424,3899545.425537032,9281
51,424,3899545.426202879,9281
60,424,3899545.426907066,9281
59,424,3899545.427558873,9281
61,424,3899545.428217670,9281
62,424,3899545.428855966,9281
54,424,3899545.429523523,9281
52,424,3899545.430175739,9281
65,424,3899545.430849486,9281
58,424,3899545.431511083,9281
57,424,3899545.432166650,9281
69,424,3899545.432857597,9281
77,424,3899545.433493603,9281
68,424,3899545.434168260,9281
80,424,3899545.434817806,9281
70,424,3899545.435502704,9281
81,424,3899545.436163331,9281
67,424,3899545.436822607,9281
66,424,3899545.437467004,9281
75,424,3899545.438131180,9281
74,424,3899545.438771206,9281
78,424,3899545.439463874,9281
72,424,3899545.440153861,9281
79,424,3899545.440773387,9281
76,424,3899545.441428824,9281
71,424,3899545.444141832,9281
73,424,3899545.444809539,9281
82,424,3899545.445520257,9281
89,424,3899545.446235595,9281
93,424,3899545.446899512,9281
96,424,3899545.447547238,9281
88,424,3899545.448221455,9281
94,424,3899545.448895512,9281
91,424,3899545.449551129,9281
92,424,3899545.450247096,9281
98,424,3899545.450924033,9281
85,424,3899545.451616051,9281
86,424,3899545.452244917,9281
84,424,3899545.452869903,9281
95,424,3899545.453513339,9281
97,424,3899545.454164495,9281
87,424,3899545.454764641,9281
83,424,3899545.455429367,9281
106,424,3899545.456072104,9281
107,424,3899545.456715020,9281
109,424,3899545.457341596,9281
110,424,3899545.457982042,9281
113,424,3899545.458637559,9281
105,424,3899545.459274765,9281
102,424,3899545.459948412,9281
99,424,3899545.460579358,9281
111,424,3899545.461214794,9281
112,424,3899545.461843300,9281
115,424,3899545.462494656,9281
104,424,3899545.463203004,9281
114,424,3899545.463870881,9281
103,424,3899545.464535528,9281
116,424,3899545.465185464,9281
101,424,3899545.465872062,9281
125,424,3899545.466517218,9281
120,424,3899545.467182255,9281
124,424,3899545.467834911,9281
122,424,3899545.468463517,9281
117,424,3899545.469146354,9281
123,424,3899545.469789510,9281
119,424,3899545.470455777,9281
121,424,3899545.471116934,9281
126,424,3899545.471736490,9281
127,424,3899545.924439635,8577
3,424,3899546.639637416,9345
7,424,3899546.640486617,9345
9,424,3899546.641234286,9345
15,424,3899546.641998815,9345
6,424,3899546.643104393,9345
2,424,3899546.643804991,9345
4,424,3899546.644484868,9345
11,424,3899546.645173296,9345
0,424,3899546.645848173,9345
5,424,3899546.646467108,9345
10,424,3899546.647154326,9345
14,424,3899546.647817903,9345
1,424,3899546.648501320,9345
13,424,3899546.649184927,9345
12,424,3899546.649903505,9345
8,424,3899546.650665464,9345
28,424,3899546.653076545,9345
29,424,3899546.653874885,9345
17,424,3899546.654565623,9345
16,424,3899546.655248410,9345
19,424,3899546.655889687,9345
31,424,3899546.656518662,9345
32,424,3899546.657221540,9345
23,424,3899546.657863476,9345
33,424,3899546.658579535,9345
18,424,3899546.659229181,9345
21,424,3899546.659877127,9345
30,424,3899546.660499093,9345
26,424,3899546.661172710,9345
25,424,3899546.661862647,9345
27,424,3899546.662548785,9345
20,424,3899546.663231092,9345
34,424,3899546.664016332,9345
40,424,3899546.665891549,9345
43,424,3899546.667262844,9345
41,424,3899546.667948271,9345
35,424,3899546.668644249,9345
38,424,3899546.669337947,9345
46,424,3899546.670070395,9345
39,424,3899546.670764703,9345
45,424,3899546.671460430,9345
42,424,3899546.672125457,9345
48,424,3899546.672796124,9345
49,424,3899546.673536513,9345
44,424,3899546.674175109,9345
37,424,3899546.674837126,9345
47,424,3899546.675471851,9345
36,424,3899546.676140248,9345
50,424,3899546.676830056,9345
53,424,3899546.677543234,9345
55,424,3899546.678361164,9345
63,424,3899546.679921684,9345
64,424,3899546.680650022,9345
56,424,3899546.684728825,9345
51,424,3899546.685557797,9345
60,424,3899546.686265134,9345
59,424,3899546.686918261,9345
61,424,3899546.687586188,9345
62,424,3899546.688240144,9345
54,424,3899546.688910451,9345
52,424,3899546.689570228,9345
65,424,3899546.690262925,9345
58,424,3899546.690927262,9345
57,424,3899546.691599889,9345
66,424,3899546.692251326,9345
67,424,3899546.692923193,9345
69,424,3899546.693637921,9345
77,424,3899546.694284617,9345
68,424,3899546.694970204,9345
80,424,3899546.695639081,9345
70,424,3899546.696332239,9345
81,424,3899546.697064748,9345
75,424,3899546.697774525,9345
74,424,3899546.698452752,9345
78,424,3899546.699164021,9345
72,424,3899546.699860938,9345
79,424,3899546.700492694,9345
76,424,3899546.701158861,9345
71,424,3899546.701786437,9345
73,424,3899546.702450264,9345
82,424,3899546.703155651,9345
84,424,3899546.703808018,9345
89,424,3899546.704522006,9345
92,424,3899546.705224244,9345
93,424,3899546.705878790,9345
96,424,3899546.706527977,9345
88,424,3899546.707202534,9345
94,424,3899546.707879341,9345
91,424,3899546.708538538,9345
98,424,3899546.709223165,9345
86,424,3899546.709849541,9345
85,424,3899546.710560258,9345
95,424,3899546.711196715,9345
97,424,3899546.711853451,9345
87,424,3899546.712456426,9345
83,424,3899546.713123953,9345
106,424,3899546.713762319,9345
107,424,3899546.714410376,9345
109,424,3899546.715054672,9345
110,424,3899546.715701528,9345
111,424,3899546.716340085,9345
113,424,3899546.716981431,9345
116,424,3899546.717634407,9345
105,424,3899546.718280754,9345
102,424,3899546.718953161,9345
99,424,3899546.719603757,9345
112,424,3899546.720328585,9345
115,424,3899546.721013543,9345
104,424,3899546.721719351,9345
114,424,3899546.722416828,9345
103,424,3899546.723069555,9345
101,424,3899546.723748222,9345
124,424,3899546.724479181,9345
125,424,3899546.725132017,9345
120,424,3899546.725804304,9345
122,424,3899546.726444680,9345
117,424,3899546.727119907,9345
123,424,3899546.727779894,9345
119,424,3899546.728451661,9345
121,424,3899546.729116068,9345
126,424,3899546.729745614,9345
127,424,3899547.202321661,8641
3,424,3899547.853396870,9409
7,424,3899547.854633582,9409
9,424,3899547.855351830,9409
15,424,3899547.856669603,9409
6,424,3899547.857541705,9409
2,424,3899547.858269044,9409
4,424,3899547.858947191,9409
11,424,3899547.859635258,9409
0,424,3899547.860329296,9409
5,424,3899547.860968642,9409
10,424,3899547.861659129,9409
14,424,3899547.862342817,9409
1,424,3899547.863042054,9409
13,424,3899547.863724722,9409
12,424,3899547.864814139,9409
8,424,3899547.865484396,9409
20,424,3899547.867743653,9409
28,424,3899547.868519713,9409
29,424,3899547.869280122,9409
33,424,3899547.869997150,9409
17,424,3899547.870673877,9409
16,424,3899547.871350235,9409
19,424,3899547.871993611,9409
31,424,3899547.872617976,9409
32,424,3899547.873319514,9409
18,424,3899547.873966581,9409
21,424,3899547.874629157,9409
30,424,3899547.875247883,9409
26,424,3899547.875909630,9409
25,424,3899547.876603237,9409
27,424,3899547.877290994,9409
23,424,3899547.877940511,9409
34,424,3899547.878603218,9409
40,424,3899547.879349567,9409
43,424,3899547.880077485,9409
46,424,3899547.880795663,9409
41,424,3899547.881461720,9409
35,424,3899547.882124597,9409
38,424,3899547.882802324,9409
39,424,3899547.883478531,9409
45,424,3899547.884164658,9409
42,424,3899547.884817175,9409
48,424,3899547.885492572,9409
49,424,3899547.886209540,9409
44,424,3899547.886837946,9409
37,424,3899547.887509293,9409
47,424,3899547.888138029,9409
36,424,3899547.888885648,9409
50,424,3899547.890294813,9409
53,424,3899547.891166805,9409
55,424,3899547.891888854,9409
60,424,3899547.892603902,9409
63,424,3899547.893311579,9409
64,424,3899547.897107215,9409
56,424,3899547.897949107,9409
51,424,3899547.898631494,9409
59,424,3899547.899293891,9409
61,424,3899547.899959428,9409
62,424,3899547.900615394,9409
54,424,3899547.901296892,9409
52,424,3899547.901949098,9409
65,424,3899547.902639395,9409
58,424,3899547.903316312,9409
57,424,3899547.903972859,9409
66,424,3899547.904665337,9409
67,424,3899547.905359324,9409
69,424,3899547.906075282,9409
72,424,3899547.906777970,9409
77,424,3899547.907425427,9409
68,424,3899547.908117394,9409
80,424,3899547.908775081,9409
70,424,3899547.909469618,9409
81,424,3899547.910127625,9409
75,424,3899547.910796072,9409
74,424,3899547.911461238,9409
78,424,3899547.912159436,9409
79,424,3899547.912784142,9409
76,424,3899547.913455399,9409
71,424,3899547.914103505,9409
73,424,3899547.914761882,9409
82,424,3899547.915447339,9409
84,424,3899547.916089075,9409
85,424,3899547.916780343,9409
86,424,3899547.917412199,9409
89,424,3899547.918123717,9409
92,424,3899547.918829155,9409
93,424,3899547.919490111,9409
96,424,3899547.920147778,9409
88,424,3899547.920834295,9409
94,424,3899547.921526753,9409
91,424,3899547.922221630,9409
98,424,3899547.922919598,9409
95,424,3899547.923560814,9409
97,424,3899547.924220111,9409
87,424,3899547.924832176,9409
83,424,3899547.925497933,9409
99,424,3899547.926142529,9409
106,424,3899547.926794436,9409
107,424,3899547.927446562,9409
109,424,3899547.928081579,9409
110,424,3899547.928738035,9409
111,424,3899547.929385051,9409
113,424,3899547.930035088,9409
116,424,3899547.930670724,9409
102,424,3899547.931374572,9409
103,424,3899547.932028768,9409
112,424,3899547.932649834,9409
115,424,3899547.933300681,9409
104,424,3899547.934016619,9409
114,424,3899547.934699266,9409
105,424,3899547.935336282,9409
101,424,3899547.936031230,9409
124,424,3899547.936691156,9409
125,424,3899547.937345273,9409
120,424,3899547.938026000,9409
122,424,3899547.938666636,9409
117,424,3899547.939346613,9409
123,424,3899547.939996460,9409
119,424,3899547.940683787,9409
121,424,3899547.941349474,9409
126,424,3899547.941972720,9409
127,424,3899548.450381593,8705
3,424,3899549.213882044,9473
7,424,3899549.215702621,9473
9,424,3899549.217506066,9473
12,424,3899549.219153128,9473
13,424,3899549.220644526,9473
15,424,3899549.223366614,9473
6,424,3899549.225103938,9473
2,424,3899549.226689928,9473
4,424,3899549.228188246,9473
11,424,3899549.229641913,9473
0,424,3899549.231134861,9473
5,424,3899549.232514635,9473
10,424,3899549.233990923,9473
14,424,3899549.235454610,9473
1,424,3899549.236949198,9473
8,424,3899549.238408895,9473
20,424,3899549.239861081,9473
25,424,3899549.241382590,9473
28,424,3899549.243311108,9473
29,424,3899549.249666759,9473
32,424,3899549.251253509,9473
33,424,3899549.252852280,9473
17,424,3899549.254014569,9473
16,424,3899549.255093496,9473
19,424,3899549.256151683,9473
31,424,3899549.257169009,9473
18,424,3899549.258217105,9473
21,424,3899549.259295892,9473
30,424,3899549.260312228,9473
26,424,3899549.261389565,9473
27,424,3899549.262498793,9473
23,424,3899549.263536240,9473
34,424,3899549.264604817,9473
39,424,3899549.265727155,9473
40,424,3899549.266597417,9473
43,424,3899549.267322826,9473
46,424,3899549.268041784,9473
41,424,3899549.268720061,9473
35,424,3899549.269389248,9473
38,424,3899549.270079095,9473
49,424,3899549.270790713,9473
45,424,3899549.271486951,9473
42,424,3899549.272163348,9473
48,424,3899549.272834615,9473
44,424,3899549.273467601,9473
37,424,3899549.274157808,9473
47,424,3899549.274782474,9473
36,424,3899549.275457771,9473
50,424,3899549.276159429,9473
53,424,3899549.276874977,9473
55,424,3899549.277598905,9473
60,424,3899549.278301053,9473
63,424,3899549.279010961,9473
64,424,3899549.279719259,9473
56,424,3899549.280415857,9473
51,424,3899549.281091983,9473
59,424,3899549.281767011,9473
61,424,3899549.282436657,9473
62,424,3899549.283111295,9473
54,424,3899549.283788962,9473
52,424,3899549.284459089,9473
65,424,3899549.285158276,9473
58,424,3899549.285825543,9473
57,424,3899549.286505320,9473
66,424,3899549.287167537,9473
67,424,3899549.287843674,9473
69,424,3899549.288563523,9473
72,424,3899549.289276601,9473
75,424,3899549.289946418,9473
77,424,3899549.290599144,9473
68,424,3899549.292667006,9473
80,424,3899549.293354584,9473
70,424,3899549.294074142,9473
81,424,3899549.294725278,9473
74,424,3899549.295393325,9473
78,424,3899549.296101933,9473
79,424,3899549.296729709,9473
76,424,3899549.297404556,9473
71,424,3899549.298045412,9473
73,424,3899549.298704479,9473
82,424,3899549.299394876,9473
84,424,3899549.300042233,9473
85,424,3899549.300756481,9473
86,424,3899549.301393027,9473
89,424,3899549.302126546,9473
92,424,3899549.302830813,9473
93,424,3899549.303503690,9473
96,424,3899549.305564892,9473
88,424,3899549.306274960,9473
94,424,3899549.306960468,9473
91,424,3899549.307636255,9473
98,424,3899549.308329552,9473
95,424,3899549.308967318,9473
97,424,3899549.309624275,9473
87,424,3899549.310233010,9473
83,424,3899549.310906197,9473
99,424,3899549.311556664,9473
106,424,3899549.312216341,9473
107,424,3899549.312876057,9473
109,424,3899549.313542214,9473
110,424,3899549.314206441,9473
111,424,3899549.314859627,9473
113,424,3899549.315511024,9473
116,424,3899549.316185861,9473
102,424,3899549.316871688,9473
103,424,3899549.317540115,9473
112,424,3899549.318174571,9473
115,424,3899549.318825117,9473
104,424,3899549.319538095,9473
114,424,3899549.320241653,9473
105,424,3899549.320864499,9473
101,424,3899549.321569117,9473
124,424,3899549.322253624,9473
125,424,3899549.322896991,9473
120,424,3899549.323592818,9473
122,424,3899549.324240114,9473
117,424,3899549.324927772,9473
123,424,3899549.325634260,9473
119,424,3899549.326315487,9473
121,424,3899549.326991364,9473
126,424,3899549.327635440,9473
127,424,3899549.756470192,8769
0,424,3899550.325559288,9537
3,424,3899550.326363868,9537
7,424,3899550.327158779,9537
9,424,3899550.327915378,9537
12,424,3899550.328745289,9537
13,424,3899550.329445826,9537
15,424,3899550.330247607,9537
6,424,3899550.331244132,9537
2,424,3899550.331986491,9537
4,424,3899550.332678918,9537
11,424,3899550.333365756,9537
5,424,3899550.333985881,9537
10,424,3899550.334674069,9537
14,424,3899550.335357566,9537
1,424,3899550.336056584,9537
8,424,3899550.336723341,9537
20,424,3899550.337413578,9537
25,424,3899550.338244869,9537
28,424,3899550.340242259,9537
29,424,3899550.340997038,9537
32,424,3899550.341708627,9537
33,424,3899550.342449455,9537
17,424,3899550.343138803,9537
16,424,3899550.343802549,9537
19,424,3899550.344439336,9537
31,424,3899550.345082302,9537
18,424,3899550.345728968,9537
21,424,3899550.346402275,9537
30,424,3899550.347040411,9537
26,424,3899550.347710358,9537
27,424,3899550.348409696,9537
23,424,3899550.349061442,9537
34,424,3899550.349712409,9537
39,424,3899550.350419777,9537
40,424,3899550.351190026,9537
43,424,3899550.351914434,9537
44,424,3899550.352565491,9537
46,424,3899550.353296040,9537
41,424,3899550.353968566,9537
35,424,3899550.354659664,9537
38,424,3899550.355351912,9537
49,424,3899550.356076380,9537
45,424,3899550.356767997,9537
42,424,3899550.357438004,9537
48,424,3899550.358181803,9537
37,424,3899550.358865760,9537
47,424,3899550.359505306,9537
36,424,3899550.360184834,9537
50,424,3899550.360882581,9537
53,424,3899550.361606370,9537
55,424,3899550.362352798,9537
60,424,3899550.363663382,9537
63,424,3899550.364385800,9537
64,424,3899550.365111388,9537
56,424,3899550.368743020,9537
51,424,3899550.369436137,9537
59,424,3899550.370109254,9537
61,424,3899550.370789152,9537
62,424,3899550.371460489,9537
54,424,3899550.372157976,9537
52,424,3899550.372822023,9537
65,424,3899550.373523701,9537
58,424,3899550.374205148,9537
57,424,3899550.374876655,9537
66,424,3899550.375546072,9537
67,424,3899550.376240169,9537
69,424,3899550.376959498,9537
72,424,3899550.377682586,9537
75,424,3899550.378367713,9537
77,424,3899550.379020640,9537
68,424,3899550.379706557,9537
80,424,3899550.380385014,9537
70,424,3899550.381090682,9537
81,424,3899550.381750559,9537
74,424,3899550.382416225,9537
78,424,3899550.383127194,9537
79,424,3899550.383779760,9537
76,424,3899550.384458227,9537
71,424,3899550.385131234,9537
73,424,3899550.385842412,9537
82,424,3899550.386566270,9537
84,424,3899550.387224417,9537
85,424,3899550.387931535,9537
86,424,3899550.388580572,9537
89,424,3899550.389313660,9537
92,424,3899550.390038548,9537
93,424,3899550.390703585,9537
96,424,3899550.391364112,9537
88,424,3899550.392052849,9537
94,424,3899550.392742897,9537
91,424,3899550.393452785,9537
98,424,3899550.394155742,9537
95,424,3899550.394793749,9537
97,424,3899550.395494556,9537
87,424,3899550.396109052,9537
83,424,3899550.396780899,9537
99,424,3899550.397450606,9537
106,424,3899550.398114533,9537
107,424,3899550.398772689,9537
109,424,3899550.399431746,9537
110,424,3899550.400114163,9537
111,424,3899550.400779130,9537
112,424,3899550.401452497,9537
113,424,3899550.402124264,9537
116,424,3899550.402773200,9537
102,424,3899550.403466658,9537
103,424,3899550.404125425,9537
115,424,3899550.404790631,9537
104,424,3899550.405525690,9537
114,424,3899550.406223518,9537
105,424,3899550.406862104,9537
101,424,3899550.407561711,9537
120,424,3899550.408274799,9537
122,424,3899550.408931576,9537
124,424,3899550.409610513,9537
125,424,3899550.410277150,9537
117,424,3899550.410977738,9537
123,424,3899550.411667065,9537
119,424,3899550.412355753,9537
121,424,3899550.413035920,9537
126,424,3899550.413691736,9537
127,424,3899550.872202918,8833
0,424,3899551.441633283,9601
1,424,3899551.442446043,9601
3,424,3899551.443165022,9601
7,424,3899551.443991533,9601
9,424,3899551.444692310,9601
12,424,3899551.445788238,9601
13,424,3899551.446630719,9601
15,424,3899551.447366278,9601
6,424,3899551.448070876,9601
2,424,3899551.448776954,9601
4,424,3899551.449460231,9601
11,424,3899551.450156849,9601
5,424,3899551.450798885,9601
10,424,3899551.451480242,9601
14,424,3899551.452173049,9601
8,424,3899551.452843686,9601
20,424,3899551.454999431,9601
25,424,3899551.455730990,9601
28,424,3899551.456392436,9601
29,424,3899551.457141965,9601
32,424,3899551.457843463,9601
33,424,3899551.458588962,9601
17,424,3899551.459286929,9601
16,424,3899551.459969717,9601
19,424,3899551.460623303,9601
31,424,3899551.461251549,9601
18,424,3899551.461907595,9601
21,424,3899551.462580992,9601
30,424,3899551.463218909,9601
26,424,3899551.463906736,9601
27,424,3899551.464616864,9601
23,424,3899551.465278831,9601
34,424,3899551.465934167,9601
37,424,3899551.466633875,9601
39,424,3899551.467336543,9601
40,424,3899551.468091422,9601
43,424,3899551.468824461,9601
44,424,3899551.469474037,9601
46,424,3899551.470199075,9601
47,424,3899551.470839821,9601
49,424,3899551.471574970,9601
41,424,3899551.472266717,9601
35,424,3899551.472939594,9601
38,424,3899551.473638772,9601
45,424,3899551.474337970,9601
42,424,3899551.475011967,9601
48,424,3899551.475698514,9601
36,424,3899551.476381501,9601
50,424,3899551.477092579,9601
53,424,3899551.478626608,9601
55,424,3899551.479373207,9601
60,424,3899551.483312077,9601
63,424,3899551.484169778,9601
64,424,3899551.484894857,9601
56,424,3899551.485606285,9601
51,424,3899551.486292672,9601
59,424,3899551.486994600,9601
61,424,3899551.487700307,9601
62,424,3899551.488377345,9601
54,424,3899551.489071632,9601
52,424,3899551.489741549,9601
65,424,3899551.490447707,9601
58,424,3899551.491134414,9601
57,424,3899551.491810251,9601
66,424,3899551.492481539,9601
67,424,3899551.493175016,9601
68,424,3899551.493863594,9601
69,424,3899551.494597582,9601
72,424,3899551.495322110,9601
75,424,3899551.496012898,9601
77,424,3899551.496666354,9601
80,424,3899551.497349482,9601
70,424,3899551.498079340,9601
81,424,3899551.498743307,9601
74,424,3899551.499416244,9601
78,424,3899551.500128592,9601
79,424,3899551.500772768,9601
76,424,3899551.501454645,9601
71,424,3899551.502117492,9601
73,424,3899551.502792719,9601
82,424,3899551.503495157,9601
84,424,3899551.504148243,9601
85,424,3899551.504856431,9601
86,424,3899551.505503288,9601
89,424,3899551.506231776,9601
92,424,3899551.506966605,9601
93,424,3899551.507648132,9601
96,424,3899551.508310168,9601
88,424,3899551.508989986,9601
94,424,3899551.509705264,9601
91,424,3899551.510384511,9601
98,424,3899551.511087969,9601
95,424,3899551.511730315,9601
97,424,3899551.512401532,9601
87,424,3899551.513022558,9601
83,424,3899551.513733476,9601
99,424,3899551.514387402,9601
104,424,3899551.515116581,9601
106,424,3899551.515764557,9601
107,424,3899551.516421394,9601
109,424,3899551.517066620,9601
110,424,3899551.517737167,9601
111,424,3899551.518392754,9601
112,424,3899551.519035130,9601
113,424,3899551.519693346,9601
116,424,3899551.520355683,9601
102,424,3899551.521054051,9601
103,424,3899551.521714547,9601
115,424,3899551.522377854,9601
114,424,3899551.523090972,9601
105,424,3899551.523724568,9601
101,424,3899551.524437356,9601
120,424,3899551.525121644,9601
122,424,3899551.525778790,9601
124,424,3899551.526474818,9601
125,424,3899551.527138224,9601
117,424,3899551.527874293,9601
123,424,3899551.528552920,9601
119,424,3899551.529254808,9601
121,424,3899551.529933425,9601
126,424,3899551.530580891,9601
127,424,3899551.990311634,8897
0,424,3899552.561575155,9665
1,424,3899552.562407816,9665
3,424,3899552.563144675,9665
7,424,3899552.564029857,9665
9,424,3899552.564739365,9665
12,424,3899552.565545226,9665
13,424,3899552.566643643,9665
15,424,3899552.567562857,9665
6,424,3899552.568354337,9665
2,424,3899552.569105486,9665
4,424,3899552.569802133,9665
11,424,3899552.570490911,9665
5,424,3899552.571126197,9665
10,424,3899552.571816924,9665
14,424,3899552.572497022,9665
8,424,3899552.573253730,9665
19,424,3899552.574076021,9665
20,424,3899552.574827710,9665
23,424,3899552.576962494,9665
25,424,3899552.577719254,9665
28,424,3899552.578478473,9665
29,424,3899552.579250942,9665
32,424,3899552.579971050,9665
33,424,3899552.580705179,9665
17,424,3899552.581385796,9665
16,424,3899552.582078184,9665
31,424,3899552.582708289,9665
18,424,3899552.583356256,9665
21,424,3899552.584039793,9665
30,424,3899552.584673329,9665
26,424,3899552.585374187,9665
27,424,3899552.586085615,9665
34,424,3899552.586746262,9665
37,424,3899552.587444279,9665
39,424,3899552.588143437,9665
40,424,3899552.588896536,9665
43,424,3899552.589652645,9665
44,424,3899552.590305272,9665
46,424,3899552.591035100,9665
47,424,3899552.591672086,9665
49,424,3899552.592409465,9665
41,424,3899552.593095982,9665
35,424,3899552.593765969,9665
38,424,3899552.594464277,9665
45,424,3899552.595163255,9665
42,424,3899552.595835112,9665
48,424,3899552.596523449,9665
36,424,3899552.597209756,9665
50,424,3899552.597912744,9665
53,424,3899552.598649392,9665
55,424,3899552.600685644,9665
60,424,3899552.601566206,9665
63,424,3899552.602397907,9665
64,424,3899552.603129886,9665
65,424,3899552.603834424,9665
56,424,3899552.604540012,9665
51,424,3899552.605219238,9665
59,424,3899552.605894646,9665
61,424,3899552.606575753,9665
62,424,3899552.607240630,9665
54,424,3899552.607928577,9665
52,424,3899552.608602814,9665
58,424,3899552.609280191,9665
57,424,3899552.609955708,9665
66,424,3899552.613441246,9665
67,424,3899552.614181825,9665
68,424,3899552.614883203,9665
69,424,3899552.615623932,9665
71,424,3899552.616279588,9665
72,424,3899552.616995166,9665
75,424,3899552.617729695,9665
77,424,3899552.618402952,9665
81,424,3899552.619079409,9665
80,424,3899552.619756816,9665
70,424,3899552.620475294,9665
74,424,3899552.621170822,9665
78,424,3899552.621887030,9665
79,424,3899552.622542147,9665
76,424,3899552.623231124,9665
73,424,3899552.623903751,9665
82,424,3899552.624612199,9665
84,424,3899552.625277596,9665
85,424,3899552.625985283,9665
86,424,3899552.626631090,9665
89,424,3899552.627363569,9665
92,424,3899552.628092107,9665
93,424,3899552.628765554,9665
96,424,3899552.629433881,9665
88,424,3899552.630129488,9665
94,424,3899552.630825626,9665
91,424,3899552.631516714,9665
98,424,3899552.632227161,9665
95,424,3899552.632890498,9665
97,424,3899552.633560095,9665
87,424,3899552.634183011,9665
83,424,3899552.634874588,9665
99,424,3899552.635530605,9665
104,424,3899552.636267363,9665
106,424,3899552.636927400,9665
107,424,3899552.637594017,9665
109,424,3899552.638244444,9665
110,424,3899552.638974982,9665
111,424,3899552.639647499,9665
112,424,3899552.640291795,9665
113,424,3899552.640951782,9665
116,424,3899552.641627469,9665
102,424,3899552.642335387,9665
103,424,3899552.642995934,9665
115,424,3899552.643666601,9665
114,424,3899552.644376699,9665
105,424,3899552.645033785,9665
101,424,3899552.645749843,9665
117,424,3899552.646459751,9665
119,424,3899552.647172909,9665
120,424,3899552.647871567,9665
122,424,3899552.648531484,9665
124,424,3899552.649228921,9665
125,424,3899552.649891678,9665
121,424,3899552.650671968,9665
123,424,3899552.651347605,9665
126,424,3899552.651992911,9665
127,424,3899553.111102917,8961
0,424,3899553.682834231,9729
1,424,3899553.683651361,9729
3,424,3899553.684386410,9729
7,424,3899553.685229881,9729
9,424,3899553.685949890,9729
12,424,3899553.687180721,9729
13,424,3899553.688056083,9729
15,424,3899553.688900154,9729
6,424,3899553.689625203,9729
2,424,3899553.690351361,9729
4,424,3899553.691054988,9729
11,424,3899553.691744726,9729
5,424,3899553.692379642,9729
10,424,3899553.693083190,9729
14,424,3899553.693816078,9729
8,424,3899553.694494606,9729
19,424,3899553.696727722,9729
20,424,3899553.697481061,9729
23,424,3899553.698218789,9729
25,424,3899553.698958588,9729
28,424,3899553.699621965,9729
29,424,3899553.700369784,9729
32,424,3899553.701082642,9729
33,424,3899553.701821611,9729
17,424,3899553.702507838,9729
16,424,3899553.703205056,9729
31,424,3899553.703846182,9729
18,424,3899553.704516829,9729
21,424,3899553.705195606,9729
30,424,3899553.705837452,9729
26,424,3899553.706540870,9729
27,424,3899553.707257918,9729
34,424,3899553.707929745,9729
36,424,3899553.708629373,9729
37,424,3899553.709328730,9729
38,424,3899553.710061599,9729
39,424,3899553.710760477,9729
40,424,3899553.711519846,9729
43,424,3899553.712279985,9729
44,424,3899553.712926601,9729
46,424,3899553.713659430,9729
47,424,3899553.714310367,9729
49,424,3899553.715051735,9729
41,424,3899553.715739783,9729
35,424,3899553.716422240,9729
45,424,3899553.717126667,9729
48,424,3899553.717820685,9729
42,424,3899553.718493972,9729
50,424,3899553.719198890,9729
53,424,3899553.719933969,9729
55,424,3899553.721366805,9729
60,424,3899553.722145165,9729
63,424,3899553.726150136,9729
64,424,3899553.726894014,9729
65,424,3899553.727623893,9729
56,424,3899553.728336671,9729
51,424,3899553.729024919,9729
59,424,3899553.729696155,9729
61,424,3899553.730382023,9729
62,424,3899553.731063210,9729
54,424,3899553.731756897,9729
52,424,3899553.732441345,9729
58,424,3899553.733131812,9729
57,424,3899553.733819050,9729
66,424,3899553.734493337,9729
67,424,3899553.735196064,9729
68,424,3899553.735894232,9729
69,424,3899553.736634611,9729
71,424,3899553.737291057,9729
72,424,3899553.738020956,9729
75,424,3899553.738722753,9729
77,424,3899553.739393270,9729
80,424,3899553.740090468,9729
81,424,3899553.740750705,9729
70,424,3899553.741472693,9729
74,424,3899553.742171761,9729
78,424,3899553.742897489,9729
79,424,3899553.743559846,9729
76,424,3899553.744250813,9729
73,424,3899553.744930630,9729
82,424,3899553.745647759,9729
84,424,3899553.746312816,9729
85,424,3899553.747046234,9729
86,424,3899553.747690700,9729
88,424,3899553.748383828,9729
89,424,3899553.749118567,9729
92,424,3899553.749842785,9729
93,424,3899553.750521792,9729
94,424,3899553.751238060,9729
96,424,3899553.751898127,9729
91,424,3899553.752590144,9729
98,424,3899553.753300432,9729
95,424,3899553.753946198,9729
97,424,3899553.754626546,9729
87,424,3899553.755252502,9729
83,424,3899553.755929708,9729
99,424,3899553.756589905,9729
104,424,3899553.757317454,9729
105,424,3899553.757956880,9729
106,424,3899553.758634587,9729
107,424,3899553.759310314,9729
109,424,3899553.759956750,9729
110,424,3899553.760710059,9729
111,424,3899553.761375056,9729
112,424,3899553.762035643,9729
113,424,3899553.762692299,9729
116,424,3899553.763352986,9729
102,424,3899553.764083315,9729
115,424,3899553.764753102,9729
114,424,3899553.765454029,9729
103,424,3899553.766124316,9729
101,424,3899553.766823704,9729
117,424,3899553.767521542,9729
119,424,3899553.768232979,9729
120,424,3899553.768926987,9729
122,424,3899553.769603074,9729
124,424,3899553.770294882,9729
125,424,3899553.770962699,9729
121,424,3899553.771740158,9729
123,424,3899553.772419165,9729
126,424,3899553.773076612,9729
127,424,3899554.363076737,9025
0,424,3899554.934785300,9793
1,424,3899554.935724874,9793
3,424,3899554.936511393,9793
7,424,3899554.937450137,9793
9,424,3899554.938187876,9793
12,424,3899554.939522260,9793
13,424,3899554.940464184,9793
15,424,3899554.941336335,9793
6,424,3899554.942074864,9793
2,424,3899554.942803123,9793
4,424,3899554.943507640,9793
11,424,3899554.944217328,9793
5,424,3899554.944864035,9793
10,424,3899554.945572913,9793
14,424,3899554.946307011,9793
8,424,3899554.947000029,9793
18,424,3899554.948780044,9793
19,424,3899554.949480521,9793
20,424,3899554.950235271,9793
21,424,3899554.950931278,9793
23,424,3899554.951599875,9793
25,424,3899554.952318433,9793
28,424,3899554.952992280,9793
29,424,3899554.953746189,9793
32,424,3899554.954483968,9793
33,424,3899554.955232497,9793
17,424,3899554.955931874,9793
16,424,3899554.956617272,9793
31,424,3899554.957255958,9793
30,424,3899554.957899354,9793
26,424,3899554.958610582,9793
27,424,3899554.959343811,9793
34,424,3899554.960042778,9793
36,424,3899554.960752656,9793
37,424,3899554.961458494,9793
38,424,3899554.962175222,9793
39,424,3899554.963349352,9793
40,424,3899554.964133782,9793
43,424,3899554.966804529,9793
44,424,3899554.967576889,9793
45,424,3899554.968352969,9793
46,424,3899554.969120338,9793
47,424,3899554.969786515,9793
49,424,3899554.970536994,9793
41,424,3899554.971244211,9793
48,424,3899554.971946089,9793
35,424,3899554.972636237,9793
42,424,3899554.973320424,9793
50,424,3899554.974038962,9793
53,424,3899554.974786231,9793
55,424,3899554.975538790,9793
60,424,3899554.976279049,9793
63,424,3899554.977019468,9793
64,424,3899554.977755576,9793
65,424,3899554.978493245,9793
56,424,3899554.979233024,9793
51,424,3899554.979930621,9793
59,424,3899554.980625569,9793
61,424,3899554.981318256,9793
62,424,3899554.982019994,9793
54,424,3899554.982739232,9793
52,424,3899554.983511012,9793
58,424,3899554.984209009,9793
57,424,3899554.984907087,9793
66,424,3899554.985600025,9793
67,424,3899554.986309082,9793
68,424,3899554.987017820,9793
69,424,3899554.987758589,9793
70,424,3899554.988487827,9793
71,424,3899554.989159575,9793
72,424,3899554.989891513,9793
75,424,3899554.991551445,9793
77,424,3899554.992356215,9793
78,424,3899554.993139765,9793
80,424,3899554.993844133,9793
81,424,3899554.994523850,9793
74,424,3899554.995207697,9793
73,424,3899554.995882705,9793
79,424,3899554.996545711,9793
76,424,3899554.997242969,9793
82,424,3899555.000374808,9793
84,424,3899555.001161958,9793
85,424,3899555.001924137,9793
86,424,3899555.002595894,9793
88,424,3899555.003303972,9793
89,424,3899555.004055931,9793
92,424,3899555.004791870,9793
93,424,3899555.005502337,9793
94,424,3899555.006224336,9793
96,424,3899555.006898183,9793
91,424,3899555.007597441,9793
98,424,3899555.008317009,9793
95,424,3899555.008972895,9793
97,424,3899555.009667843,9793
87,424,3899555.010321569,9793
83,424,3899555.011020317,9793
99,424,3899555.011686404,9793
104,424,3899555.012424863,9793
105,424,3899555.013083399,9793
106,424,3899555.013749176,9793
107,424,3899555.014441154,9793
109,424,3899555.015103310,9793
110,424,3899555.015844669,9793
111,424,3899555.016519036,9793
112,424,3899555.017186553,9793
113,424,3899555.017863170,9793
116,424,3899555.018542667,9793
102,424,3899555.019257265,9793
115,424,3899555.019958753,9793
114,424,3899555.020675291,9793
103,424,3899555.021357058,9793
101,424,3899555.022074107,9793
117,424,3899555.022768014,9793
119,424,3899555.023473172,9793
120,424,3899555.024181930,9793
122,424,3899555.024860137,9793
124,424,3899555.025567795,9793
125,424,3899555.026240502,9793
121,424,3899555.027020081,9793
123,424,3899555.027711479,9793
126,424,3899555.028377516,9793
127,424,3899555.490160160,9089
0,424,3899556.070793288,9857
1,424,3899556.071660520,9857
3,424,3899556.072437109,9857
6,424,3899556.073311991,9857
7,424,3899556.074135672,9857
9,424,3899556.074848750,9857
12,424,3899556.075692852,9857
13,424,3899556.077038245,9857
15,424,3899556.077996890,9857
2,424,3899556.078821001,9857
4,424,3899556.079540849,9857
11,424,3899556.080240817,9857
10,424,3899556.080937544,9857
5,424,3899556.081586831,9857
14,424,3899556.082290778,9857
8,424,3899556.082971326,9857
18,424,3899556.083649383,9857
19,424,3899556.084321730,9857
20,424,3899556.085526140,9857
21,424,3899556.086298890,9857
23,424,3899556.086971477,9857
25,424,3899556.087725366,9857
28,424,3899556.089984563,9857
29,424,3899556.090793313,9857
32,424,3899556.091534502,9857
33,424,3899556.092299962,9857
17,424,3899556.092992149,9857
16,424,3899556.093698897,9857
31,424,3899556.094335933,9857
30,424,3899556.094990770,9857
26,424,3899556.095702057,9857
27,424,3899556.096429566,9857
34,424,3899556.097133753,9857
36,424,3899556.097844902,9857
37,424,3899556.098562700,9857
38,424,3899556.099312539,9857
39,424,3899556.100034197,9857
40,424,3899556.100814997,9857
43,424,3899556.101574646,9857
44,424,3899556.102243963,9857
45,424,3899556.102985952,9857
46,424,3899556.103733591,9857
47,424,3899556.104396107,9857
49,424,3899556.105146806,9857
41,424,3899556.105837944,9857
48,424,3899556.106559912,9857
35,424,3899556.107250569,9857
42,424,3899556.107928926,9857
50,424,3899556.108652045,9857
53,424,3899556.109405734,9857
55,424,3899556.110161833,9857
57,424,3899556.110985124,9857
60,424,3899556.113472507,9857
61,424,3899556.114345209,9857
63,424,3899556.115088778,9857
64,424,3899556.115829526,9857
65,424,3899556.116574945,9857
56,424,3899556.117300593,9857
51,424,3899556.117996531,9857
59,424,3899556.118684308,9857
62,424,3899556.119372086,9857
54,424,3899556.120078484,9857
52,424,3899556.120760011,9857
58,424,3899556.121456688,9857
66,424,3899556.122145346,9857
67,424,3899556.122851554,9857
68,424,3899556.123563362,9857
69,424,3899556.124313271,9857
70,424,3899556.125045119,9857
71,424,3899556.125708156,9857
72,424,3899556.126449835,9857
75,424,3899556.127154483,9857
76,424,3899556.127845100,9857
77,424,3899556.131229095,9857
78,424,3899556.131980034,9857
80,424,3899556.132696263,9857
81,424,3899556.133387060,9857
74,424,3899556.134080888,9857
73,424,3899556.134761045,9857
79,424,3899556.135419761,9857
82,424,3899556.136149890,9857
84,424,3899556.136818697,9857
85,424,3899556.137559835,9857
86,424,3899556.138225392,9857
88,424,3899556.138936270,9857
89,424,3899556.139684519,9857
92,424,3899556.140453179,9857
93,424,3899556.141146446,9857
94,424,3899556.141863534,9857
96,424,3899556.142546812,9857
97,424,3899556.143243709,9857
98,424,3899556.143962077,9857
91,424,3899556.144669805,9857
83,424,3899556.145376623,9857
95,424,3899556.146049750,9857
87,424,3899556.146684056,9857
99,424,3899556.147351883,9857
104,424,3899556.148097842,9857
105,424,3899556.148754789,9857
106,424,3899556.149427275,9857
107,424,3899556.150100743,9857
109,424,3899556.150770860,9857
110,424,3899556.151530599,9857
111,424,3899556.152204676,9857
112,424,3899556.152857612,9857
113,424,3899556.153532879,9857
114,424,3899556.154266618,9857
116,424,3899556.154928325,9857
103,424,3899556.155623402,9857
102,424,3899556.156349630,9857
101,424,3899556.157076179,9857
115,424,3899556.157762506,9857
117,424,3899556.158484395,9857
119,424,3899556.159197022,9857
120,424,3899556.159892120,9857
122,424,3899556.160571147,9857
124,424,3899556.161282335,9857
125,424,3899556.161955802,9857
121,424,3899556.162730022,9857
123,424,3899556.163426920,9857
126,424,3899556.164101937,9857
127,424,3899556.624774382,9153
0,424,3899557.205556164,9921
1,424,3899557.206670402,9921
3,424,3899557.207500293,9921
6,424,3899557.208272653,9921
7,424,3899557.209471113,9921
9,424,3899557.210441437,9921
12,424,3899557.211386351,9921
13,424,3899557.212127080,9921
15,424,3899557.212881609,9921
2,424,3899557.213627918,9921
4,424,3899557.214687435,9921
11,424,3899557.215573367,9921
10,424,3899557.216331846,9921
5,424,3899557.217014074,9921
14,424,3899557.217726961,9921
8,424,3899557.218884271,9921
18,424,3899557.219559658,9921
19,424,3899557.220255385,9921
20,424,3899557.220988554,9921
21,424,3899557.221692042,9921
23,424,3899557.222376449,9921
25,424,3899557.223120448,9921
28,424,3899557.223790775,9921
29,424,3899557.224547224,9921
32,424,3899557.226203806,9921
33,424,3899557.227163390,9921
17,424,3899557.227968280,9921
16,424,3899557.228674548,9921
31,424,3899557.229332765,9921
30,424,3899557.229971961,9921
26,424,3899557.230674069,9921
27,424,3899557.231407307,9921
34,424,3899557.232101295,9921
36,424,3899557.232826883,9921
37,424,3899557.233559992,9921
38,424,3899557.234297091,9921
39,424,3899557.236239990,9921
40,424,3899557.237218884,9921
43,424,3899557.238127037,9921
44,424,3899557.238792264,9921
45,424,3899557.239532973,9921
46,424,3899557.240297392,9921
47,424,3899557.240959099,9921
49,424,3899557.241707568,9921
41,424,3899557.242419236,9921
48,424,3899557.243145304,9921
35,424,3899557.243837982,9921
42,424,3899557.244529229,9921
50,424,3899557.245255368,9921
53,424,3899557.246030947,9921
55,424,3899557.246783876,9921
56,424,3899557.247552975,9921
57,424,3899557.250074129,9921
60,424,3899557.250853699,9921
61,424,3899557.251578167,9921
63,424,3899557.252330926,9921
64,424,3899557.253097886,9921
65,424,3899557.253836034,9921
51,424,3899557.254550732,9921
59,424,3899557.255253660,9921
62,424,3899557.255946308,9921
54,424,3899557.256669906,9921
52,424,3899557.257388464,9921
58,424,3899557.258106722,9921
66,424,3899557.258790190,9921
67,424,3899557.259507888,9921
68,424,3899557.260233616,9921
69,424,3899557.260981405,9921
70,424,3899557.261720114,9921
71,424,3899557.262397351,9921
72,424,3899557.263157850,9921
73,424,3899557.263855688,9921
75,424,3899557.264566685,9921
76,424,3899557.265275263,9921
77,424,3899557.265973341,9921
78,424,3899557.266729860,9921
79,424,3899557.267406728,9921
80,424,3899557.270633459,9921
81,424,3899557.271358457,9921
74,424,3899557.272069885,9921
82,424,3899557.272794834,9921
83,424,3899557.273526552,9921
84,424,3899557.274215949,9921
85,424,3899557.274949298,9921
86,424,3899557.275624525,9921
88,424,3899557.276340963,9921
89,424,3899557.277097642,9921
92,424,3899557.277839421,9921
93,424,3899557.278539989,9921
94,424,3899557.279266487,9921
96,424,3899557.279941704,9921
97,424,3899557.280642762,9921
98,424,3899557.281371490,9921
91,424,3899557.282072818,9921
95,424,3899557.282739055,9921
87,424,3899557.283395212,9921
99,424,3899557.284068029,9921
101,424,3899557.284796877,9921
102,424,3899557.285540136,9921
104,424,3899557.286279874,9921
105,424,3899557.286940821,9921
106,424,3899557.287620768,9921
107,424,3899557.288307616,9921
109,424,3899557.288972913,9921
110,424,3899557.289743232,9921
111,424,3899557.290426039,9921
112,424,3899557.291115477,9921
113,424,3899557.291788044,9921
114,424,3899557.292524282,9921
116,424,3899557.293225120,9921
103,424,3899557.293915338,9921
115,424,3899557.294599555,9921
117,424,3899557.295320163,9921
119,424,3899557.296055932,9921
120,424,3899557.296760570,9921
121,424,3899557.298150134,9921
122,424,3899557.298829402,9921
124,424,3899557.299554210,9921
125,424,3899557.300249118,9921
126,424,3899557.300929445,9921
123,424,3899557.301681884,9921
127,424,3899557.806939976,9217
0,424,3899558.391013101,9985
1,424,3899558.392032357,9985
3,424,3899558.392813017,9985
4,424,3899558.393550705,9985
6,424,3899558.394648163,9985
7,424,3899558.395658539,9985
9,424,3899558.396544181,9985
10,424,3899558.397291130,9985
12,424,3899558.398063590,9985
13,424,3899558.398785968,9985
14,424,3899558.399614829,9985
15,424,3899558.400489381,9985
8,424,3899558.402329627,9985
11,424,3899558.403072226,9985
2,424,3899558.403803805,9985
5,424,3899558.404475432,9985
18,424,3899558.405156629,9985
19,424,3899558.405832146,9985
20,424,3899558.406566585,9985
21,424,3899558.407252782,9985
23,424,3899558.407930859,9985
25,424,3899558.408668698,9985
26,424,3899558.409390086,9985
27,424,3899558.410128695,9985
28,424,3899558.410808672,9985
29,424,3899558.411571631,9985
32,424,3899558.412323950,9985
33,424,3899558.413092410,9985
17,424,3899558.413797247,9985
30,424,3899558.414458144,9985
31,424,3899558.415104090,9985
16,424,3899558.415804548,9985
34,424,3899558.416493645,9985
36,424,3899558.417251315,9985
37,424,3899558.417978623,9985
38,424,3899558.419592764,9985
39,424,3899558.420372854,9985
40,424,3899558.421154123,9985
43,424,3899558.421950414,9985
44,424,3899558.422633331,9985
45,424,3899558.423351479,9985
46,424,3899558.428084838,9985
47,424,3899558.428870658,9985
49,424,3899558.429658948,9985
41,424,3899558.430370786,9985
48,424,3899558.431088624,9985
35,424,3899558.431774152,9985
42,424,3899558.432472269,9985
50,424,3899558.433207928,9985
51,424,3899558.433909626,9985
53,424,3899558.434664075,9985
55,424,3899558.435422464,9985
56,424,3899558.436155053,9985
57,424,3899558.436859530,9985
60,424,3899558.437606039,9985
61,424,3899558.438309037,9985
63,424,3899558.439060316,9985
64,424,3899558.439816675,9985
65,424,3899558.440556424,9985
59,424,3899558.441256611,9985
62,424,3899558.441947579,9985
54,424,3899558.442668037,9985
52,424,3899558.443369125,9985
58,424,3899558.444068953,9985
66,424,3899558.444751370,9985
67,424,3899558.445467318,9985
68,424,3899558.446195586,9985
69,424,3899558.446945325,9985
70,424,3899558.447689544,9985
71,424,3899558.448370741,9985
72,424,3899558.449120920,9985
73,424,3899558.449812918,9985
75,424,3899558.450519976,9985
76,424,3899558.451228734,9985
77,424,3899558.451904841,9985
78,424,3899558.452659290,9985
79,424,3899558.453323167,9985
80,424,3899558.454045165,9985
81,424,3899558.454724432,9985
74,424,3899558.455426160,9985
82,424,3899558.456157318,9985
83,424,3899558.456863466,9985
84,424,3899558.457550803,9985
85,424,3899558.458295662,9985
86,424,3899558.458958639,9985
88,424,3899558.459676107,9985
89,424,3899558.460443387,9985
92,424,3899558.461220286,9985
93,424,3899558.461914354,9985
94,424,3899558.462647422,9985
96,424,3899558.463330749,9985
97,424,3899558.464030947,9985
98,424,3899558.464755956,9985
91,424,3899558.465462683,9985
95,424,3899558.466131270,9985
87,424,3899558.466766726,9985
99,424,3899558.467437743,9985
101,424,3899558.468177352,9985
102,424,3899558.468899760,9985
104,424,3899558.469643279,9985
105,424,3899558.470308316,9985
106,424,3899558.470975503,9985
107,424,3899558.471660180,9985
109,424,3899558.472326967,9985
110,424,3899558.473080946,9985
111,424,3899558.473766593,9985
112,424,3899558.474442970,9985
113,424,3899558.475121707,9985
114,424,3899558.475845596,9985
116,424,3899558.476526063,9985
103,424,3899558.478331689,9985
115,424,3899558.479055167,9985
117,424,3899558.479769625,9985
119,424,3899558.480485413,9985
120,424,3899558.481211501,9985
121,424,3899558.481906839,9985
122,424,3899558.482572716,9985
124,424,3899558.483277614,9985
125,424,3899558.483958141,9985
126,424,3899558.484700540,9985
123,424,3899558.485405167,9985
127,424,3899558.954837754,9281
0,424,3899559.879740395,10049
1,424,3899559.880630388,10049
2,424,3899559.881379476,10049
3,424,3899559.882133846,10049
4,424,3899559.882921565,10049
6,424,3899559.883873279,10049
7,424,3899559.884717651,10049
9,424,3899559.885654335,10049
10,424,3899559.886394083,10049
12,424,3899559.887170603,10049
13,424,3899559.887885531,10049
14,424,3899559.888926977,10049
15,424,3899559.889672936,10049
11,424,3899559.890391984,10049
8,424,3899559.891095662,10049
5,424,3899559.891748929,10049
18,424,3899559.893339739,10049
19,424,3899559.894038707,10049
20,424,3899559.894824166,10049
21,424,3899559.895539554,10049
23,424,3899559.896238222,10049
25,424,3899559.896974101,10049
26,424,3899559.897704839,10049
27,424,3899559.898445888,10049
28,424,3899559.899124585,10049
29,424,3899559.899894684,10049
31,424,3899559.900556411,10049
32,424,3899559.901289120,10049
33,424,3899559.902053899,10049
17,424,3899559.902768607,10049
30,424,3899559.903426644,10049
16,424,3899559.904143182,10049
34,424,3899559.904843469,10049
36,424,3899559.905570258,10049
37,424,3899559.906307226,10049
38,424,3899559.908435500,10049
39,424,3899559.909193099,10049
40,424,3899559.910011950,10049
41,424,3899559.910726408,10049
43,424,3899559.911491908,10049
44,424,3899559.912170475,10049
45,424,3899559.912891553,10049
46,424,3899559.913645752,10049
47,424,3899559.914314799,10049
49,424,3899559.915076158,10049
48,424,3899559.915791146,10049
35,424,3899559.916492164,10049
42,424,3899559.917186012,10049
50,424,3899559.917913220,10049
51,424,3899559.918627098,10049
52,424,3899559.919339886,10049
53,424,3899559.920090695,10049
55,424,3899559.924330552,10049
56,424,3899559.925220205,10049
57,424,3899559.925946933,10049
58,424,3899559.926661551,10049
60,424,3899559.927423280,10049
61,424,3899559.928155009,10049
63,424,3899559.928896758,10049
64,424,3899559.929653777,10049
65,424,3899559.930393775,10049
59,424,3899559.931098383,10049
54,424,3899559.931814611,10049
62,424,3899559.932514879,10049
66,424,3899559.933217367,10049
67,424,3899559.933951556,10049
68,424,3899559.934687714,10049
69,424,3899559.935451353,10049
70,424,3899559.936197782,10049
71,424,3899559.936870449,10049
72,424,3899559.937625758,10049
73,424,3899559.938345236,10049
75,424,3899559.939068775,10049
76,424,3899559.939777303,10049
77,424,3899559.940462130,10049
78,424,3899559.941216839,10049
79,424,3899559.941907146,10049
80,424,3899559.942620664,10049
81,424,3899559.943312982,10049
74,424,3899559.944034930,10049
82,424,3899559.944788359,10049
83,424,3899559.945514898,10049
84,424,3899559.946205015,10049
85,424,3899559.946947224,10049
86,424,3899559.947625231,10049
88,424,3899559.948344529,10049
89,424,3899559.949111079,10049
92,424,3899559.949862038,10049
93,424,3899559.950574786,10049
94,424,3899559.951307534,10049
95,424,3899559.951977271,10049
96,424,3899559.952664838,10049
97,424,3899559.953365426,10049
98,424,3899559.954103265,10049
91,424,3899559.954829493,10049
87,424,3899559.955480200,10049
99,424,3899559.956156387,10049
101,424,3899559.956891415,10049
102,424,3899559.957628114,10049
104,424,3899559.958373113,10049
105,424,3899559.959046820,10049
106,424,3899559.959718457,10049
107,424,3899559.960407104,10049
109,424,3899559.961079591,10049
110,424,3899559.961831810,10049
111,424,3899559.962513377,10049
112,424,3899559.963197305,10049
113,424,3899559.963872472,10049
114,424,3899559.964607330,10049
116,424,3899559.965290117,10049
103,424,3899559.966130159,10049
115,424,3899559.966840717,10049
117,424,3899559.968399216,10049
119,424,3899559.969277898,10049
120,424,3899559.970121510,10049
121,424,3899559.970841338,10049
122,424,3899559.971520295,10049
124,424,3899559.972236153,10049
125,424,3899559.972918180,10049
126,424,3899559.973640059,10049
123,424,3899559.974364817,10049
127,424,3899560.453880809,9345
102,424,3899561.024843202,10104
0,424,3899561.601177311,10113
1,424,3899561.602083854,10113
2,424,3899561.602837403,10113
3,424,3899561.603617412,10113
4,424,3899561.604690770,10113
6,424,3899561.605438258,10113
7,424,3899561.606207128,10113
9,424,3899561.606952337,10113
10,424,3899561.607687925,10113
12,424,3899561.608456045,10113
13,424,3899561.609199144,10113
14,424,3899561.610029165,10113
15,424,3899561.611758558,10113
11,424,3899561.612654171,10113
8,424,3899561.613360329,10113
5,424,3899561.614034846,10113
18,424,3899561.614725753,10113
19,424,3899561.615425881,10113
20,424,3899561.616164890,10113
21,424,3899561.616862327,10113
23,424,3899561.617572185,10113
25,424,3899561.618330975,10113
26,424,3899561.619074273,10113
27,424,3899561.619815402,10113
28,424,3899561.620516540,10113
29,424,3899561.621289459,10113
31,424,3899561.621963386,10113
32,424,3899561.622702985,10113
33,424,3899561.623468424,10113
17,424,3899561.624198323,10113
30,424,3899561.624865020,10113
16,424,3899561.625580378,10113
34,424,3899561.626281136,10113
36,424,3899561.627014874,10113
37,424,3899561.628287206,10113
38,424,3899561.629047905,10113
39,424,3899561.629780684,10113
40,424,3899561.630577264,10113
41,424,3899561.631322983,10113
43,424,3899561.635748585,10113
44,424,3899561.636578906,10113
45,424,3899561.637352005,10113
46,424,3899561.638128845,10113
47,424,3899561.638806562,10113
49,424,3899561.639581312,10113
48,424,3899561.640311530,10113
35,424,3899561.641024078,10113
42,424,3899561.641723906,10113
50,424,3899561.642464314,10113
51,424,3899561.643189013,10113
52,424,3899561.643898411,10113
53,424,3899561.644666220,10113
55,424,3899561.645435960,10113
56,424,3899561.646176659,10113
57,424,3899561.646891526,10113
58,424,3899561.647610415,10113
60,424,3899561.648361023,10113
61,424,3899561.649077552,10113
63,424,3899561.649822251,10113
64,424,3899561.650579240,10113
65,424,3899561.651324009,10113
59,424,3899561.652051447,10113
54,424,3899561.652775225,10113
62,424,3899561.653478353,10113
66,424,3899561.654214112,10113
67,424,3899561.654969561,10113
68,424,3899561.655704689,10113
69,424,3899561.656471809,10113
70,424,3899561.657223888,10113
71,424,3899561.657903445,10113
72,424,3899561.658660344,10113
73,424,3899561.659372302,10113
75,424,3899561.660093470,10113
76,424,3899561.660807998,10113
77,424,3899561.661503416,10113
78,424,3899561.662259405,10113
79,424,3899561.662937642,10113
80,424,3899561.663662170,10113
81,424,3899561.664361218,10113
74,424,3899561.665086117,10113
82,424,3899561.665819665,10113
83,424,3899561.666544873,10113
84,424,3899561.667236101,10113
85,424,3899561.667983510,10113
86,424,3899561.668669387,10113
88,424,3899561.669388555,10113
89,424,3899561.670157485,10113
91,424,3899561.670874393,10113
92,424,3899561.671631212,10113
93,424,3899561.672346670,10113
94,424,3899561.673095039,10113
95,424,3899561.673769626,10113
96,424,3899561.674459713,10113
97,424,3899561.675162191,10113
98,424,3899561.675892319,10113
87,424,3899561.676546206,10113
99,424,3899561.677223413,10113
101,424,3899561.677960132,10113
104,424,3899561.678713641,10113
105,424,3899561.679392138,10113
106,424,3899561.680070865,10113
107,424,3899561.680752842,10113
109,424,3899561.681423219,10113
110,424,3899561.682184038,10113
111,424,3899561.682864416,10113
112,424,3899561.683545583,10113
113,424,3899561.685545924,10113
114,424,3899561.686314493,10113
116,424,3899561.686997460,10113
117,424,3899561.687729109,10113
103,424,3899561.688438347,10113
115,424,3899561.689146365,10113
119,424,3899561.689885023,10113
120,424,3899561.690605942,10113
121,424,3899561.691322069,10113
122,424,3899561.692019117,10113
124,424,3899561.692724065,10113
125,424,3899561.693409822,10113
126,424,3899561.694152841,10113
123,424,3899561.694868259,10113
127,424,3899562.287852629,9409
0,424,3899563.084075577,10177
1,424,3899563.084964789,10177
2,424,3899563.085721689,10177
3,424,3899563.086476717,10177
4,424,3899563.087483063,10177
6,424,3899563.088371245,10177
7,424,3899563.089169716,10177
9,424,3899563.089901834,10177
10,424,3899563.090631093,10177
11,424,3899563.091353481,10177
12,424,3899563.092123440,10177
13,424,3899563.092961101,10177
14,424,3899563.094732426,10177
15,424,3899563.095675590,10177
8,424,3899563.096494811,10177
5,424,3899563.097175048,10177
17,424,3899563.097959608,10177
18,424,3899563.098651215,10177
19,424,3899563.099353053,10177
20,424,3899563.100101202,10177
21,424,3899563.100800479,10177
23,424,3899563.101487687,10177
25,424,3899563.102261907,10177
26,424,3899563.102978985,10177
27,424,3899563.103726473,10177
28,424,3899563.104425791,10177
29,424,3899563.105208021,10177
31,424,3899563.105871398,10177
32,424,3899563.106625247,10177
33,424,3899563.107392326,10177
30,424,3899563.108059083,10177
16,424,3899563.108768151,10177
34,424,3899563.109539771,10177
36,424,3899563.110337211,10177
37,424,3899563.111404548,10177
38,424,3899563.112156147,10177
39,424,3899563.112897865,10177
40,424,3899563.113702826,10177
41,424,3899563.114442204,10177
42,424,3899563.115165923,10177
43,424,3899563.119121183,10177
44,424,3899563.119943034,10177
45,424,3899563.120714413,10177
46,424,3899563.121501823,10177
47,424,3899563.122186260,10177
49,424,3899563.122950119,10177
35,424,3899563.123673058,10177
48,424,3899563.124408336,10177
50,424,3899563.125159455,10177
51,424,3899563.125877913,10177
52,424,3899563.126602722,10177
53,424,3899563.127378391,10177
55,424,3899563.128159691,10177
56,424,3899563.128901250,10177
57,424,3899563.129646659,10177
58,424,3899563.130372317,10177
59,424,3899563.131082525,10177
60,424,3899563.131835554,10177
61,424,3899563.132560072,10177
63,424,3899563.133322222,10177
64,424,3899563.134110442,10177
65,424,3899563.134858291,10177
54,424,3899563.135594069,10177
62,424,3899563.136300647,10177
66,424,3899563.137020245,10177
67,424,3899563.137746944,10177
68,424,3899563.138490772,10177
69,424,3899563.139261002,10177
70,424,3899563.140018441,10177
71,424,3899563.140697498,10177
72,424,3899563.141458407,10177
73,424,3899563.142178776,10177
75,424,3899563.142894934,10177
76,424,3899563.143616872,10177
77,424,3899563.144309089,10177
78,424,3899563.145071489,10177
79,424,3899563.145743806,10177
80,424,3899563.146464694,10177
81,424,3899563.147170872,10177
74,424,3899563.147874200,10177
82,424,3899563.148622619,10177
83,424,3899563.149373878,10177
84,424,3899563.150086756,10177
85,424,3899563.150840544,10177
86,424,3899563.151522912,10177
88,424,3899563.152248390,10177
89,424,3899563.153022350,10177
91,424,3899563.153740088,10177
92,424,3899563.154507197,10177
93,424,3899563.155219915,10177
94,424,3899563.155954324,10177
95,424,3899563.156641681,10177
96,424,3899563.157325208,10177
97,424,3899563.158032906,10177
98,424,3899563.158766185,10177
87,424,3899563.159421741,10177
99,424,3899563.160102578,10177
101,424,3899563.160842807,10177
104,424,3899563.161597116,10177
105,424,3899563.162274933,10177
106,424,3899563.162952251,10177
107,424,3899563.163645558,10177
109,424,3899563.164323825,10177
110,424,3899563.165093565,10177
111,424,3899563.165777652,10177
112,424,3899563.166458059,10177
113,424,3899563.167789063,10177
114,424,3899563.168563263,10177
116,424,3899563.169254630,10177
117,424,3899563.169980138,10177
103,424,3899563.170693296,10177
115,424,3899563.171400614,10177
119,424,3899563.172133373,10177
120,424,3899563.172865191,10177
121,424,3899563.173586010,10177
122,424,3899563.174265117,10177
123,424,3899563.174985775,10177
124,424,3899563.175706573,10177
125,424,3899563.176393730,10177
126,424,3899563.177077728,10177
127,424,3899563.650854064,9473
0,424,3899564.242114450,10241
1,424,3899564.243339821,10241
2,424,3899564.244315436,10241
3,424,3899564.245165337,10241
4,424,3899564.245946517,10241
6,424,3899564.246817219,10241
7,424,3899564.248301517,10241
9,424,3899564.249266791,10241
10,424,3899564.250110042,10241
11,424,3899564.250838991,10241
12,424,3899564.251652881,10241
13,424,3899564.252408640,10241
14,424,3899564.253150659,10241
15,424,3899564.253911638,10241
8,424,3899564.254632657,10241
5,424,3899564.255299643,10241
16,424,3899564.256025242,10241
17,424,3899564.257129660,10241
18,424,3899564.257837187,10241
19,424,3899564.258533895,10241
20,424,3899564.260462964,10241
21,424,3899564.261201053,10241
23,424,3899564.261889640,10241
25,424,3899564.262637069,10241
26,424,3899564.263381518,10241
27,424,3899564.264123237,10241
28,424,3899564.264821434,10241
29,424,3899564.265612514,10241
31,424,3899564.266311812,10241
32,424,3899564.267060571,10241
33,424,3899564.267842180,10241
30,424,3899564.268511897,10241
34,424,3899564.269214375,10241
35,424,3899564.269932723,10241
36,424,3899564.270664022,10241
37,424,3899564.271406030,10241
38,424,3899564.272169960,10241
39,424,3899564.272896468,10241
40,424,3899564.273734529,10241
41,424,3899564.274563690,10241
42,424,3899564.275993577,10241
43,424,3899564.276813617,10241
44,424,3899564.277586997,10241
45,424,3899564.278367857,10241
46,424,3899564.279158486,10241
47,424,3899564.279840644,10241
48,424,3899564.280574472,10241
49,424,3899564.281342082,10241
50,424,3899564.284436010,10241
51,424,3899564.285295562,10241
52,424,3899564.286037190,10241
53,424,3899564.286826220,10241
54,424,3899564.287578779,10241
55,424,3899564.288351459,10241
56,424,3899564.289101998,10241
57,424,3899564.289829866,10241
58,424,3899564.290558005,10241
59,424,3899564.291278613,10241
60,424,3899564.292042532,10241
61,424,3899564.292773141,10241
62,424,3899564.293487639,10241
63,424,3899564.294249418,10241
64,424,3899564.295017758,10241
65,424,3899564.295768866,10241
66,424,3899564.296490945,10241
67,424,3899564.297229963,10241
68,424,3899564.297963512,10241
69,424,3899564.298739101,10241
70,424,3899564.299490840,10241
71,424,3899564.300183018,10241
72,424,3899564.300939137,10241
73,424,3899564.301662995,10241
75,424,3899564.302389304,10241
76,424,3899564.303122352,10241
77,424,3899564.303808870,10241
78,424,3899564.304579069,10241
79,424,3899564.305263566,10241
80,424,3899564.305976515,10241
81,424,3899564.306695003,10241
74,424,3899564.307410361,10241
82,424,3899564.308163900,10241
83,424,3899564.308895098,10241
84,424,3899564.309597076,10241
85,424,3899564.310366155,10241
86,424,3899564.311055283,10241
87,424,3899564.313375531,10241
88,424,3899564.314177812,10241
89,424,3899564.315093555,10241
91,424,3899564.315817853,10241
92,424,3899564.316604863,10241
93,424,3899564.317340032,10241
94,424,3899564.318097331,10241
95,424,3899564.318794319,10241
96,424,3899564.319509206,10241
97,424,3899564.320225715,10241
98,424,3899564.320966983,10241
99,424,3899564.321669021,10241
101,424,3899564.322427700,10241
104,424,3899564.323194500,10241
105,424,3899564.323876897,10241
106,424,3899564.324577325,10241
107,424,3899564.325281632,10241
109,424,3899564.325964430,10241
110,424,3899564.326769660,10241
111,424,3899564.327485758,10241
112,424,3899564.328178076,10241
113,424,3899564.328867393,10241
114,424,3899564.329655953,10241
116,424,3899564.330370731,10241
117,424,3899564.331554951,10241
103,424,3899564.332288089,10241
115,424,3899564.332994398,10241
119,424,3899564.333732826,10241
120,424,3899564.334487395,10241
121,424,3899564.335231944,10241
122,424,3899564.335914181,10241
123,424,3899564.336652070,10241
124,424,3899564.337388798,10241
125,424,3899564.338102677,10241
126,424,3899564.338847095,10241
127,424,3899564.875941452,9537
0,424,3899565.472082232,10305
1,424,3899565.473216700,10305
2,424,3899565.474201645,10305
3,424,3899565.475032106,10305
4,424,3899565.475782295,10305
6,424,3899565.476649567,10305
7,424,3899565.478326639,10305
9,424,3899565.479304364,10305
10,424,3899565.480176486,10305
11,424,3899565.480897174,10305
12,424,3899565.481682434,10305
13,424,3899565.482444643,10305
14,424,3899565.483185272,10305
15,424,3899565.483954132,10305
8,424,3899565.484688950,10305
5,424,3899565.485359417,10305
16,424,3899565.486080385,10305
17,424,3899565.486798344,10305
18,424,3899565.487501151,10305
19,424,3899565.488668211,10305
20,424,3899565.489447251,10305
21,424,3899565.490213740,10305
23,424,3899565.490917138,10305
25,424,3899565.491719598,10305
26,424,3899565.494638722,10305
27,424,3899565.495539945,10305
28,424,3899565.496244152,10305
29,424,3899565.497039682,10305
31,424,3899565.497726020,10305
32,424,3899565.498483909,10305
33,424,3899565.499265519,10305
30,424,3899565.499951716,10305
34,424,3899565.500655234,10305
35,424,3899565.501402073,10305
36,424,3899565.502135691,10305
37,424,3899565.502859110,10305
38,424,3899565.503623069,10305
39,424,3899565.504371838,10305
40,424,3899565.505169968,10305
41,424,3899565.505905827,10305
42,424,3899565.506642725,10305
43,424,3899565.507424285,10305
44,424,3899565.508123692,10305
45,424,3899565.508863661,10305
46,424,3899565.509637641,10305
47,424,3899565.510322778,10305
48,424,3899565.511064447,10305
49,424,3899565.511830666,10305
50,424,3899565.512594385,10305
51,424,3899565.513326824,10305
52,424,3899565.514052902,10305
53,424,3899565.514822632,10305
54,424,3899565.515568101,10305
55,424,3899565.516344810,10305
56,424,3899565.517088979,10305
57,424,3899565.517838808,10305
58,424,3899565.518561106,10305
59,424,3899565.519282745,10305
60,424,3899565.520100005,10305
61,424,3899565.521331437,10305
62,424,3899565.522405254,10305
63,424,3899565.523191633,10305
64,424,3899565.523959863,10305
65,424,3899565.524727822,10305
66,424,3899565.526953748,10305
67,424,3899565.527764219,10305
68,424,3899565.528649222,10305
69,424,3899565.529433771,10305
70,424,3899565.530215091,10305
71,424,3899565.530906979,10305
72,424,3899565.531679138,10305
73,424,3899565.532412257,10305
74,424,3899565.533132485,10305
75,424,3899565.533856943,10305
76,424,3899565.534585412,10305
77,424,3899565.535284439,10305
78,424,3899565.536059409,10305
79,424,3899565.536742916,10305
80,424,3899565.537467894,10305
81,424,3899565.538174392,10305
82,424,3899565.538925351,10305
83,424,3899565.539661610,10305
84,424,3899565.540366098,10305
85,424,3899565.541142427,10305
86,424,3899565.541883406,10305
87,424,3899565.544184664,10305
88,424,3899565.544973084,10305
89,424,3899565.545762564,10305
91,424,3899565.546506913,10305
92,424,3899565.547286862,10305
93,424,3899565.548008811,10305
94,424,3899565.548766120,10305
95,424,3899565.549464818,10305
96,424,3899565.550174355,10305
97,424,3899565.550892084,10305
98,424,3899565.551650563,10305
99,424,3899565.552353471,10305
101,424,3899565.553120840,10305
104,424,3899565.553880449,10305
105,424,3899565.554573057,10305
106,424,3899565.555281045,10305
107,424,3899565.555976992,10305
109,424,3899565.556667870,10305
110,424,3899565.557447190,10305
111,424,3899565.558154347,10305
112,424,3899565.558841934,10305
113,424,3899565.559549123,10305
114,424,3899565.560308032,10305
116,424,3899565.561008069,10305
117,424,3899565.561760398,10305
103,424,3899565.562483707,10305
115,424,3899565.563203525,10305
119,424,3899565.563943083,10305
120,424,3899565.564681202,10305
121,424,3899565.565422601,10305
122,424,3899565.566142039,10305
123,424,3899565.566867408,10305
124,424,3899565.567594356,10305
125,424,3899565.568306504,10305
126,424,3899565.569061103,10305
127,424,3899566.044817299,9601
0,424,3899566.657930367,10369
1,424,3899566.659092337,10369
2,424,3899566.659973159,10369
3,424,3899566.660762939,10369
4,424,3899566.661519638,10369
6,424,3899566.662367529,10369
7,424,3899566.663857607,10369
9,424,3899566.664822542,10369
10,424,3899566.665685804,10369
11,424,3899566.666430572,10369
12,424,3899566.667224842,10369
13,424,3899566.667977441,10369
14,424,3899566.668738290,10369
15,424,3899566.669506090,10369
8,424,3899566.670233879,10369
5,424,3899566.670913065,10369
16,424,3899566.671635704,10369
17,424,3899566.672365222,10369
18,424,3899566.673454930,10369
19,424,3899566.674185238,10369
20,424,3899566.674966328,10369
21,424,3899566.675689636,10369
23,424,3899566.676404394,10369
25,424,3899566.679171774,10369
26,424,3899566.680113048,10369
27,424,3899566.680993451,10369
28,424,3899566.681718489,10369
29,424,3899566.682506179,10369
31,424,3899566.683205096,10369
32,424,3899566.683965306,10369
33,424,3899566.684770676,10369
30,424,3899566.685459033,10369
34,424,3899566.686177102,10369
35,424,3899566.686905920,10369
36,424,3899566.687645848,10369
37,424,3899566.688389587,10369
38,424,3899566.689165017,10369
39,424,3899566.689918946,10369
40,424,3899566.690737257,10369
41,424,3899566.691472615,10369
42,424,3899566.692213664,10369
43,424,3899566.692998764,10369
44,424,3899566.693705252,10369
45,424,3899566.694478661,10369
46,424,3899566.695261141,10369
47,424,3899566.695951169,10369
48,424,3899566.696695057,10369
49,424,3899566.697475457,10369
50,424,3899566.698247276,10369
51,424,3899566.698981905,10369
52,424,3899566.699716934,10369
53,424,3899566.700501164,10369
54,424,3899566.701248312,10369
55,424,3899566.702026682,10369
56,424,3899566.702781501,10369
57,424,3899566.703517840,10369
58,424,3899566.704253378,10369
59,424,3899566.704972297,10369
60,424,3899566.705744576,10369
61,424,3899566.706533806,10369
62,424,3899566.707258804,10369
63,424,3899566.708970878,10369
64,424,3899566.709942022,10369
65,424,3899566.710842915,10369
66,424,3899566.711572493,10369
67,424,3899566.712322852,10369
68,424,3899566.713069421,10369
69,424,3899566.713843631,10369
70,424,3899566.714609050,10369
71,424,3899566.715312868,10369
72,424,3899566.716097198,10369
73,424,3899566.716819386,10369
74,424,3899566.717540904,10369
75,424,3899566.718278183,10369
76,424,3899566.719009531,10369
77,424,3899566.719703449,10369
78,424,3899566.720473068,10369
79,424,3899566.721227357,10369
80,424,3899566.721947166,10369
81,424,3899566.722660674,10369
82,424,3899566.723417513,10369
83,424,3899566.725480775,10369
84,424,3899566.726193733,10369
85,424,3899566.726960032,10369
86,424,3899566.727658050,10369
87,424,3899566.728331837,10369
88,424,3899566.729064915,10369
89,424,3899566.729842685,10369
91,424,3899566.730580134,10369
92,424,3899566.731359793,10369
93,424,3899566.732085452,10369
94,424,3899566.732838281,10369
95,424,3899566.733537908,10369
96,424,3899566.734241586,10369
97,424,3899566.734962055,10369
98,424,3899566.735741344,10369
99,424,3899566.736441072,10369
101,424,3899566.737207532,10369
104,424,3899566.737976831,10369
105,424,3899566.738668428,10369
106,424,3899566.739362536,10369
107,424,3899566.740069084,10369
109,424,3899566.740754521,10369
110,424,3899566.741535171,10369
111,424,3899566.742237539,10369
112,424,3899566.742922866,10369
113,424,3899566.743628714,10369
114,424,3899566.744393273,10369
116,424,3899566.745095471,10369
117,424,3899566.745829179,10369
103,424,3899566.746571788,10369
115,424,3899566.747303767,10369
119,424,3899566.748052095,10369
120,424,3899566.748784884,10369
121,424,3899566.749523203,10369
122,424,3899566.750222480,10369
123,424,3899566.750965459,10369
124,424,3899566.751685587,10369
125,424,3899566.752383625,10369
126,424,3899566.753168405,10369
127,424,3899567.230731517,9665
0,424,3899567.827194124,10433
1,424,3899567.828105697,10433
2,424,3899567.828885047,10433
3,424,3899567.829674196,10433
4,424,3899567.831328018,10433
5,424,3899567.832097658,10433
6,424,3899567.832930809,10433
7,424,3899567.833726309,10433
9,424,3899567.834541510,10433
10,424,3899567.835290318,10433
11,424,3899567.836043828,10433
12,424,3899567.836829577,10433
13,424,3899567.837582856,10433
14,424,3899567.838451358,10433
15,424,3899567.839475594,10433
8,424,3899567.840216013,10433
16,424,3899567.842622894,10433
17,424,3899567.843530297,10433
18,424,3899567.844287766,10433
19,424,3899567.844986914,10433
20,424,3899567.845830285,10433
21,424,3899567.846568334,10433
23,424,3899567.847273572,10433
25,424,3899567.848038281,10433
26,424,3899567.848785460,10433
27,424,3899567.849550589,10433
28,424,3899567.850256337,10433
29,424,3899567.851068157,10433
31,424,3899567.851743594,10433
32,424,3899567.852512114,10433
33,424,3899567.853310914,10433
30,424,3899567.853998982,10433
34,424,3899567.854706789,10433
35,424,3899567.855462099,10433
36,424,3899567.856208107,10433
37,424,3899567.856944646,10433
38,424,3899567.857711405,10433
39,424,3899567.858462504,10433
40,424,3899567.859289465,10433
41,424,3899567.860046724,10433
42,424,3899567.860774373,10433
43,424,3899567.861576713,10433
44,424,3899567.862286401,10433
45,424,3899567.863063171,10433
46,424,3899567.863851631,10433
47,424,3899567.864541238,10433
48,424,3899567.865294397,10433
49,424,3899567.867157524,10433
50,424,3899567.868079747,10433
51,424,3899567.868827206,10433
52,424,3899567.869564335,10433
53,424,3899567.870398736,10433
54,424,3899567.871162765,10433
55,424,3899567.871935535,10433
56,424,3899567.872699634,10433
57,424,3899567.873447833,10433
58,424,3899567.874183012,10433
59,424,3899567.874901200,10433
60,424,3899567.879192818,10433
61,424,3899567.879939037,10433
62,424,3899567.880673046,10433
63,424,3899567.881448245,10433
64,424,3899567.882239075,10433
65,424,3899567.883017185,10433
66,424,3899567.883734813,10433
67,424,3899567.884487162,10433
68,424,3899567.885253712,10433
69,424,3899567.886054132,10433
70,424,3899567.886837112,10433
71,424,3899567.887541229,10433
72,424,3899567.888318919,10433
73,424,3899567.889049228,10433
74,424,3899567.889770366,10433
75,424,3899567.890505474,10433
76,424,3899567.891246453,10433
77,424,3899567.891942850,10433
78,424,3899567.892728160,10433
79,424,3899567.893491000,10433
80,424,3899567.894222098,10433
81,424,3899567.894949577,10433
82,424,3899567.895763797,10433
83,424,3899567.896512426,10433
84,424,3899567.897222974,10433
85,424,3899567.897990623,10433
86,424,3899567.898687191,10433
87,424,3899567.899360878,10433
88,424,3899567.900160578,10433
89,424,3899567.900965849,10433
91,424,3899567.901715428,10433
92,424,3899567.902504848,10433
93,424,3899567.903231086,10433
94,424,3899567.903983965,10433
95,424,3899567.904682633,10433
96,424,3899567.905395161,10433
97,424,3899567.906123599,10433
98,424,3899567.906885158,10433
99,424,3899567.907594066,10433
101,424,3899567.908375436,10433
103,424,3899567.909129975,10433
104,424,3899567.909915565,10433
105,424,3899567.910614482,10433
106,424,3899567.911320690,10433
107,424,3899567.912049379,10433
109,424,3899567.912738626,10433
110,424,3899567.913531346,10433
111,424,3899567.914243314,10433
112,424,3899567.914932492,10433
113,424,3899567.915644270,10433
114,424,3899567.916408269,10433
116,424,3899567.917113287,10433
117,424,3899567.917848515,10433
115,424,3899567.918577374,10433
119,424,3899567.919324323,10433
120,424,3899567.920069052,10433
121,424,3899567.920804680,10433
122,424,3899567.921509908,10433
123,424,3899567.922256437,10433
124,424,3899567.922995426,10433
125,424,3899567.923705153,10433
126,424,3899567.924500724,10433
127,424,3899568.475578764,9729
0,424,3899569.079336556,10497
1,424,3899569.080453474,10497
2,424,3899569.081385177,10497
3,424,3899569.082196518,10497
4,424,3899569.082953027,10497
5,424,3899569.083881180,10497
6,424,3899569.085296506,10497
7,424,3899569.086309812,10497
9,424,3899569.087231005,10497
10,424,3899569.088012535,10497
11,424,3899569.088770994,10497
12,424,3899569.089587315,10497
13,424,3899569.090350164,10497
14,424,3899569.091100143,10497
15,424,3899569.091864362,10497
8,424,3899569.092611151,10497
16,424,3899569.093333619,10497
17,424,3899569.094073038,10497
18,424,3899569.095144225,10497
19,424,3899569.095859403,10497
20,424,3899569.096639673,10497
21,424,3899569.097383361,10497
23,424,3899569.100225273,10497
25,424,3899569.101039274,10497
26,424,3899569.101805953,10497
27,424,3899569.102588793,10497
28,424,3899569.103302361,10497
29,424,3899569.104102371,10497
31,424,3899569.104805329,10497
32,424,3899569.105573799,10497
33,424,3899569.106384209,10497
30,424,3899569.107089427,10497
34,424,3899569.107808305,10497
35,424,3899569.108562914,10497
36,424,3899569.109326163,10497
37,424,3899569.110077673,10497
38,424,3899569.110838562,10497
39,424,3899569.111600991,10497
40,424,3899569.112440412,10497
41,424,3899569.113198331,10497
42,424,3899569.113950460,10497
43,424,3899569.114739290,10497
44,424,3899569.115466539,10497
45,424,3899569.116273329,10497
46,424,3899569.117078609,10497
47,424,3899569.117791228,10497
48,424,3899569.118553577,10497
49,424,3899569.119346537,10497
50,424,3899569.120124456,10497
51,424,3899569.120872175,10497
52,424,3899569.121612134,10497
53,424,3899569.122404164,10497
54,424,3899569.123164913,10497
55,424,3899569.123945763,10497
56,424,3899569.124745733,10497
57,424,3899569.125502142,10497
58,424,3899569.126252501,10497
59,424,3899569.126978050,10497
60,424,3899569.127757669,10497
61,424,3899569.130111589,10497
62,424,3899569.130981571,10497
63,424,3899569.131769671,10497
64,424,3899569.132558111,10497
65,424,3899569.133336170,10497
66,424,3899569.134069659,10497
67,424,3899569.134811988,10497
68,424,3899569.135588017,10497
69,424,3899569.136381527,10497
70,424,3899569.137159577,10497
71,424,3899569.137862175,10497
72,424,3899569.138658255,10497
73,424,3899569.139401234,10497
74,424,3899569.140126942,10497
75,424,3899569.140861680,10497
76,424,3899569.141605059,10497
77,424,3899569.142315937,10497
78,424,3899569.143098707,10497
79,424,3899569.143855376,10497
80,424,3899569.146868212,10497
81,424,3899569.147599231,10497
82,424,3899569.148430392,10497
83,424,3899569.149183341,10497
84,424,3899569.149914689,10497
85,424,3899569.150695039,10497
86,424,3899569.151417167,10497
87,424,3899569.152101605,10497
88,424,3899569.152840143,10497
89,424,3899569.153639544,10497
91,424,3899569.154392993,10497
92,424,3899569.155177042,10497
93,424,3899569.155895721,10497
94,424,3899569.156677040,10497
95,424,3899569.157386928,10497
96,424,3899569.158139957,10497
97,424,3899569.158874686,10497
98,424,3899569.159645306,10497
99,424,3899569.160368814,10497
101,424,3899569.161169494,10497
103,424,3899569.161903103,10497
104,424,3899569.162682882,10497
105,424,3899569.163412641,10497
106,424,3899569.164123089,10497
107,424,3899569.164834947,10497
109,424,3899569.165540344,10497
110,424,3899569.166337944,10497
111,424,3899569.167083803,10497
112,424,3899569.167785401,10497
113,424,3899569.168504219,10497
114,424,3899569.169319950,10497
116,424,3899569.170035008,10497
117,424,3899569.170780267,10497
115,424,3899569.171540966,10497
119,424,3899569.172305275,10497
120,424,3899569.173073715,10497
121,424,3899569.173819984,10497
122,424,3899569.174553722,10497
123,424,3899569.175299621,10497
124,424,3899569.176038430,10497
125,424,3899569.176756838,10497
126,424,3899569.177541008,10497
127,424,3899569.711238888,9793
0,424,3899570.317598956,10561
1,424,3899570.318817816,10561
2,424,3899570.319814752,10561
3,424,3899570.320653163,10561
4,424,3899570.321437613,10561
5,424,3899570.322267194,10561
6,424,3899570.323894895,10561
7,424,3899570.324931231,10561
9,424,3899570.325868635,10561
10,424,3899570.326645994,10561
11,424,3899570.327417264,10561
12,424,3899570.328220764,10561
13,424,3899570.329007884,10561
14,424,3899570.329765563,10561
15,424,3899570.330547713,10561
8,424,3899570.331385904,10561
16,424,3899570.332135033,10561
17,424,3899570.333362734,10561
18,424,3899570.334223286,10561
19,424,3899570.334945224,10561
20,424,3899570.335741114,10561
21,424,3899570.336477023,10561
23,424,3899570.337207871,10561
25,424,3899570.339330365,10561
26,424,3899570.340261109,10561
27,424,3899570.341161691,10561
28,424,3899570.341887650,10561
29,424,3899570.342707610,10561
31,424,3899570.343409328,10561
32,424,3899570.344195038,10561
33,424,3899570.344988798,10561
30,424,3899570.345694016,10561
34,424,3899570.346424884,10561
35,424,3899570.347181633,10561
36,424,3899570.347920132,10561
37,424,3899570.348688222,10561
38,424,3899570.349449831,10561
39,424,3899570.350202950,10561
40,424,3899570.351021030,10561
41,424,3899570.351755909,10561
42,424,3899570.352511148,10561
43,424,3899570.353326219,10561
44,424,3899570.354039547,10561
45,424,3899570.354818046,10561
46,424,3899570.355617447,10561
47,424,3899570.356375696,10561
48,424,3899570.358047048,10561
49,424,3899570.358916520,10561
50,424,3899570.359846644,10561
51,424,3899570.360610603,10561
52,424,3899570.361368122,10561
53,424,3899570.362164842,10561
54,424,3899570.362925641,10561
55,424,3899570.363715501,10561
56,424,3899570.364491571,10561
57,424,3899570.365242970,10561
58,424,3899570.365982348,10561
59,424,3899570.366717847,10561
60,424,3899570.370420451,10561
61,424,3899570.371299223,10561
62,424,3899570.372044452,10561
63,424,3899570.372866803,10561
64,424,3899570.373664813,10561
65,424,3899570.374442982,10561
66,424,3899570.375179981,10561
67,424,3899570.375924570,10561
68,424,3899570.376684679,10561
69,424,3899570.377480399,10561
70,424,3899570.378279719,10561
71,424,3899570.378982427,10561
72,424,3899570.379769877,10561
73,424,3899570.380515686,10561
74,424,3899570.381247894,10561
75,424,3899570.381989103,10561
76,424,3899570.382739712,10561
77,424,3899570.383469101,10561
78,424,3899570.384269441,10561
79,424,3899570.385041410,10561
80,424,3899570.385772979,10561
81,424,3899570.386494637,10561
82,424,3899570.387270527,10561
83,424,3899570.388028506,10561
84,424,3899570.388736014,10561
85,424,3899570.389512294,10561
86,424,3899570.390210681,10561
87,424,3899570.390882478,10561
88,424,3899570.391631117,10561
89,424,3899570.392429067,10561
91,424,3899570.393195356,10561
92,424,3899570.393981807,10561
93,424,3899570.394719255,10561
94,424,3899570.395493174,10561
95,424,3899570.396204112,10561
96,424,3899570.396915021,10561
97,424,3899570.397650859,10561
98,424,3899570.398426099,10561
99,424,3899570.399138867,10561
101,424,3899570.399909656,10561
103,424,3899570.400648855,10561
104,424,3899570.401426155,10561
105,424,3899570.402129322,10561
106,424,3899570.402847880,10561
107,424,3899570.403573219,10561
109,424,3899570.404346458,10561
110,424,3899570.406101383,10561
111,424,3899570.406825831,10561
112,424,3899570.407538779,10561
113,424,3899570.408259967,10561
114,424,3899570.409033807,10561
115,424,3899570.409762915,10561
116,424,3899570.410481453,10561
117,424,3899570.411235103,10561
119,424,3899570.411979131,10561
120,424,3899570.412730210,10561
121,424,3899570.413498810,10561
122,424,3899570.414212878,10561
123,424,3899570.414949486,10561
124,424,3899570.415683765,10561
125,424,3899570.416427544,10561
126,424,3899570.417222314,10561
127,424,3899570.891549513,9857
0,424,3899571.533600553,10625
1,424,3899571.534719421,10625
2,424,3899571.535554872,10625
3,424,3899571.536375443,10625
4,424,3899571.537152212,10625
5,424,3899571.537858241,10625
6,424,3899571.538736173,10625
7,424,3899571.540518098,10625
9,424,3899571.541524253,10625
10,424,3899571.542474257,10625
11,424,3899571.543247307,10625
12,424,3899571.544073318,10625
13,424,3899571.544853387,10625
14,424,3899571.545629397,10625
15,424,3899571.546421207,10625
8,424,3899571.547184856,10625
16,424,3899571.547911735,10625
17,424,3899571.548665484,10625
18,424,3899571.549428443,10625
19,424,3899571.550594632,10625
20,424,3899571.551647549,10625
21,424,3899571.552417109,10625
23,424,3899571.553149397,10625
25,424,3899571.554579403,10625
26,424,3899571.555509287,10625
27,424,3899571.556401829,10625
28,424,3899571.557134028,10625
29,424,3899571.557944108,10625
31,424,3899571.558640216,10625
32,424,3899571.562541174,10625
33,424,3899571.563514839,10625
30,424,3899571.564226777,10625
34,424,3899571.564962686,10625
35,424,3899571.565732325,10625
36,424,3899571.566522305,10625
37,424,3899571.567284404,10625
38,424,3899571.568094465,10625
39,424,3899571.568843704,10625
40,424,3899571.569664045,10625
41,424,3899571.570412663,10625
42,424,3899571.571170983,10625
43,424,3899571.571984043,10625
44,424,3899571.572702291,10625
45,424,3899571.573470881,10625
46,424,3899571.574281231,10625
47,424,3899571.574994239,10625
48,424,3899571.575774569,10625
49,424,3899571.576589249,10625
50,424,3899571.577373209,10625
51,424,3899571.578129919,10625
52,424,3899571.578868257,10625
53,424,3899571.579663027,10625
54,424,3899571.580425257,10625
55,424,3899571.581215566,10625
56,424,3899571.581980306,10625
57,424,3899571.582743915,10625
58,424,3899571.583497734,10625
59,424,3899571.584237913,10625
60,424,3899571.585023373,10625
61,424,3899571.585760101,10625
62,424,3899571.586505730,10625
63,424,3899571.587287210,10625
64,424,3899571.588077380,10625
65,424,3899571.588857259,10625
66,424,3899571.589587908,10625
67,424,3899571.590340017,10625
68,424,3899571.591103016,10625
69,424,3899571.591896596,10625
70,424,3899571.592685836,10625
71,424,3899571.593415685,10625
72,424,3899571.594205685,10625
73,424,3899571.594949304,10625
74,424,3899571.595686322,10625
75,424,3899571.596442951,10625
76,424,3899571.597195580,10625
77,424,3899571.597908498,10625
78,424,3899571.598713069,10625
79,424,3899571.599494368,10625
80,424,3899571.600241067,10625
81,424,3899571.600962606,10625
82,424,3899571.601741395,10625
83,424,3899571.604223808,10625
84,424,3899571.605104740,10625
85,424,3899571.605889920,10625
86,424,3899571.606598708,10625
87,424,3899571.607283865,10625
88,424,3899571.608033834,10625
89,424,3899571.608825764,10625
91,424,3899571.609580553,10625
92,424,3899571.610370443,10625
93,424,3899571.611108562,10625
94,424,3899571.611870941,10625
95,424,3899571.612581489,10625
96,424,3899571.613302137,10625
97,424,3899571.614035126,10625
98,424,3899571.614798365,10625
99,424,3899571.615510393,10625
101,424,3899571.616282403,10625
103,424,3899571.617025782,10625
104,424,3899571.617815111,10625
105,424,3899571.618518289,10625
106,424,3899571.619229177,10625
107,424,3899571.619961876,10625
109,424,3899571.620667434,10625
110,424,3899571.621468204,10625
111,424,3899571.622185062,10625
112,424,3899571.622885480,10625
113,424,3899571.623602738,10625
114,424,3899571.624375107,10625
115,424,3899571.625399923,10625
116,424,3899571.626126072,10625
117,424,3899571.626873311,10625
119,424,3899571.627633380,10625
120,424,3899571.628390739,10625
121,424,3899571.629144598,10625
122,424,3899571.629852116,10625
123,424,3899571.630598125,10625
124,424,3899571.631335023,10625
125,424,3899571.632051502,10625
126,424,3899571.632757319,10625
127,424,3899572.104407061,9921
0,424,3899572.712050701,10689
1,424,3899572.713211420,10689
2,424,3899572.714063412,10689
3,424,3899572.714890182,10689
4,424,3899572.715687603,10689
5,424,3899572.716409981,10689
6,424,3899572.717295903,10689
7,424,3899572.718727899,10689
9,424,3899572.719542060,10689
10,424,3899572.720321250,10689
11,424,3899572.721105510,10689
12,424,3899572.721910520,10689
13,424,3899572.722698220,10689
14,424,3899572.723469229,10689
15,424,3899572.724274790,10689
8,424,3899572.725024399,10689
16,424,3899572.725760407,10689
17,424,3899572.726513976,10689
18,424,3899572.727245475,10689
19,424,3899572.727966383,10689
20,424,3899572.728732202,10689
21,424,3899572.729463391,10689
23,424,3899572.730183329,10689
25,424,3899572.731358959,10689
26,424,3899572.732134989,10689
27,424,3899572.732911068,10689
28,424,3899572.733626436,10689
29,424,3899572.734435347,10689
31,424,3899572.737784941,10689
32,424,3899572.738724325,10689
33,424,3899572.739727020,10689
30,424,3899572.740458889,10689
34,424,3899572.741188497,10689
35,424,3899572.741951277,10689
36,424,3899572.742726936,10689
37,424,3899572.743504286,10689
38,424,3899572.744283916,10689
39,424,3899572.745067125,10689
40,424,3899572.745887746,10689
41,424,3899572.746649075,10689
42,424,3899572.747406474,10689
43,424,3899572.748206935,10689
44,424,3899572.748927463,10689
45,424,3899572.749721023,10689
46,424,3899572.750530293,10689
47,424,3899572.751264562,10689
48,424,3899572.752043652,10689
49,424,3899572.752857352,10689
50,424,3899572.753659273,10689
51,424,3899572.754421792,10689
52,424,3899572.755180221,10689
53,424,3899572.755980211,10689
54,424,3899572.756756051,10689
55,424,3899572.757554951,10689
56,424,3899572.758338621,10689
57,424,3899572.759106520,10689
58,424,3899572.759866729,10689
59,424,3899572.760618988,10689
60,424,3899572.761415878,10689
61,424,3899572.762175148,10689
62,424,3899572.762920236,10689
63,424,3899572.763716777,10689
64,424,3899572.764523067,10689
65,424,3899572.765317287,10689
66,424,3899572.766055806,10689
67,424,3899572.766816165,10689
68,424,3899572.767584965,10689
69,424,3899572.768395145,10689
70,424,3899572.769188695,10689
71,424,3899572.769905983,10689
72,424,3899572.770708393,10689
73,424,3899572.771468943,10689
74,424,3899572.772215091,10689
75,424,3899572.772957640,10689
76,424,3899572.773721260,10689
77,424,3899572.774440828,10689
78,424,3899572.775244968,10689
79,424,3899572.776027918,10689
80,424,3899572.776774847,10689
81,424,3899572.777497445,10689
82,424,3899572.778277105,10689
83,424,3899572.779101205,10689
84,424,3899572.779812174,10689
85,424,3899572.782517852,10689
86,424,3899572.783360833,10689
87,424,3899572.784065611,10689
88,424,3899572.784820550,10689
89,424,3899572.785627561,10689
91,424,3899572.786391590,10689
92,424,3899572.787189290,10689
93,424,3899572.787926539,10689
94,424,3899572.788701048,10689
95,424,3899572.789411896,10689
96,424,3899572.790131174,10689
97,424,3899572.790864343,10689
98,424,3899572.791642153,10689
99,424,3899572.792359271,10689
101,424,3899572.793144140,10689
103,424,3899572.793878089,10689
104,424,3899572.794666949,10689
105,424,3899572.795379187,10689
106,424,3899572.796102665,10689
107,424,3899572.796821953,10689
109,424,3899572.797553722,10689
110,424,3899572.798354642,10689
111,424,3899572.799076970,10689
112,424,3899572.799798109,10689
113,424,3899572.800516077,10689
114,424,3899572.801291826,10689
115,424,3899572.802037465,10689
116,424,3899572.802755263,10689
117,424,3899572.803509002,10689
119,424,3899572.804898168,10689
120,424,3899572.805822521,10689
121,424,3899572.806585810,10689
122,424,3899572.807300638,10689
123,424,3899572.808081998,10689
124,424,3899572.808818157,10689
125,424,3899572.809536115,10689
126,424,3899572.810293704,10689
127,424,3899573.292411720,9985
0,424,3899573.900938002,10753
1,424,3899573.902052810,10753
2,424,3899573.903023845,10753
3,424,3899573.903848696,10753
4,424,3899573.904638666,10753
5,424,3899573.905446096,10753
6,424,3899573.906895053,10753
7,424,3899573.907938259,10753
9,424,3899573.908881613,10753
10,424,3899573.909659762,10753
11,424,3899573.910425552,10753
12,424,3899573.911250183,10753
13,424,3899573.912044503,10753
14,424,3899573.912819432,10753
15,424,3899573.913623613,10753
8,424,3899573.914385612,10753
16,424,3899573.915125511,10753
17,424,3899573.915883630,10753
18,424,3899573.916987408,10753
19,424,3899573.917742547,10753
20,424,3899573.918533557,10753
21,424,3899573.919275476,10753
23,424,3899573.922131798,10753
25,424,3899573.922960759,10753
26,424,3899573.923736838,10753
27,424,3899573.924536979,10753
28,424,3899573.925270507,10753
29,424,3899573.926079377,10753
31,424,3899573.926788395,10753
32,424,3899573.927586016,10753
33,424,3899573.928405816,10753
30,424,3899573.929109224,10753
34,424,3899573.929857583,10753
35,424,3899573.930623523,10753
36,424,3899573.931403462,10753
37,424,3899573.932189302,10753
38,424,3899573.932974742,10753
39,424,3899573.933750851,10753
40,424,3899573.934601743,10753
41,424,3899573.935360452,10753
42,424,3899573.936118651,10753
43,424,3899573.936914671,10753
44,424,3899573.937648640,10753
45,424,3899573.938443470,10753
46,424,3899573.939261911,10753
47,424,3899573.939978169,10753
48,424,3899573.940756648,10753
49,424,3899573.941573579,10753
50,424,3899573.942371209,10753
51,424,3899573.943150179,10753
52,424,3899573.943893148,10753
53,424,3899573.944700698,10753
54,424,3899573.945474908,10753
55,424,3899573.946275088,10753
56,424,3899573.947059518,10753
57,424,3899573.947819497,10753
58,424,3899573.948579736,10753
59,424,3899573.949325925,10753
60,424,3899573.950113025,10753
61,424,3899573.952707641,10753
62,424,3899573.953606724,10753
63,424,3899573.954399304,10753
64,424,3899573.955201694,10753
65,424,3899573.955984773,10753
66,424,3899573.956723532,10753
67,424,3899573.957493562,10753
68,424,3899573.958261271,10753
69,424,3899573.959068451,10753
70,424,3899573.959854831,10753
71,424,3899573.960577250,10753
72,424,3899573.961387290,10753
73,424,3899573.962148189,10753
74,424,3899573.962884398,10753
75,424,3899573.963639747,10753
76,424,3899573.964397426,10753
77,424,3899573.965131415,10753
78,424,3899573.965924665,10753
79,424,3899573.966715055,10753
80,424,3899573.969684300,10753
81,424,3899573.970435489,10753
82,424,3899573.971258119,10753
83,424,3899573.972035589,10753
84,424,3899573.972763258,10753
85,424,3899573.973559448,10753
86,424,3899573.974275106,10753
87,424,3899573.974961483,10753
88,424,3899573.975722072,10753
89,424,3899573.976526693,10753
91,424,3899573.977290542,10753
92,424,3899573.978093522,10753
93,424,3899573.978830851,10753
94,424,3899573.979616401,10753
95,424,3899573.980347149,10753
96,424,3899573.981078728,10753
97,424,3899573.981821017,10753
98,424,3899573.982613287,10753
99,424,3899573.983342415,10753
101,424,3899573.984133025,10753
103,424,3899573.984903564,10753
104,424,3899573.985697624,10753
105,424,3899573.986415553,10753
106,424,3899573.987160641,10753
107,424,3899573.987886480,10753
109,424,3899573.988604558,10753
110,424,3899573.989429719,10753
111,424,3899573.990156197,10753
112,424,3899573.990863625,10753
113,424,3899573.991590013,10753
114,424,3899573.992366153,10753
115,424,3899573.993108352,10753
116,424,3899573.993826710,10753
117,424,3899573.994604190,10753
119,424,3899573.995372689,10753
120,424,3899573.996135878,10753
121,424,3899573.996888438,10753
122,424,3899573.997610176,10753
123,424,3899573.998364995,10753
124,424,3899573.999111763,10753
125,424,3899573.999827552,10753
126,424,3899574.000665123,10753
127,424,3899574.482701987,10049
0,424,3899575.577316155,10817
1,424,3899575.578294800,10817
2,424,3899575.579121861,10817
3,424,3899575.579928861,10817
4,424,3899575.580797934,10817
5,424,3899575.581776148,10817
6,424,3899575.582575788,10817
7,424,3899575.583417270,10817
9,424,3899575.584215090,10817
10,424,3899575.585010720,10817
11,424,3899575.585763049,10817
12,424,3899575.586579680,10817
13,424,3899575.587371440,10817
14,424,3899575.588300493,10817
15,424,3899575.589116934,10817
8,424,3899575.589867863,10817
16,424,3899575.590626762,10817
17,424,3899575.592563601,10817
18,424,3899575.593418793,10817
19,424,3899575.594154711,10817
20,424,3899575.594961972,10817
21,424,3899575.595723671,10817
23,424,3899575.596445049,10817
25,424,3899575.597223749,10817
26,424,3899575.597982858,10817
27,424,3899575.598765188,10817
28,424,3899575.599498556,10817
29,424,3899575.600323367,10817
30,424,3899575.601028715,10817
31,424,3899575.601715882,10817
32,424,3899575.602500922,10817
33,424,3899575.603331013,10817
34,424,3899575.604067322,10817
35,424,3899575.604834511,10817
36,424,3899575.605608801,10817
37,424,3899575.606395861,10817
38,424,3899575.607191761,10817
39,424,3899575.607969800,10817
40,424,3899575.608810282,10817
41,424,3899575.609588781,10817
42,424,3899575.610343410,10817
43,424,3899575.612197977,10817
44,424,3899575.613091030,10817
45,424,3899575.613878480,10817
46,424,3899575.614740801,10817
47,424,3899575.615474950,10817
48,424,3899575.616248430,10817
49,424,3899575.617069730,10817
50,424,3899575.617868411,10817
51,424,3899575.618655110,10817
52,424,3899575.619421990,10817
53,424,3899575.620233520,10817
54,424,3899575.621008130,10817
55,424,3899575.621800230,10817
56,424,3899575.622580530,10817
57,424,3899575.623345649,10817
58,424,3899575.627432182,10817
59,424,3899575.628204912,10817
60,424,3899575.629013152,10817
61,424,3899575.629776412,10817
62,424,3899575.630536151,10817
63,424,3899575.631339101,10817
64,424,3899575.632146781,10817
65,424,3899575.632944232,10817
66,424,3899575.633695451,10817
67,424,3899575.634471300,10817
68,424,3899575.635264530,10817
69,424,3899575.636078981,10817
70,424,3899575.636872341,10817
71,424,3899575.637601199,10817
72,424,3899575.638407519,10817
73,424,3899575.639176599,10817
74,424,3899575.639922368,10817
75,424,3899575.640687487,10817
76,424,3899575.641457247,10817
77,424,3899575.642189875,10817
78,424,3899575.643006226,10817
79,424,3899575.643816907,10817
80,424,3899575.644589446,10817
81,424,3899575.645334385,10817
82,424,3899575.646126055,10817
83,424,3899575.646886564,10817
84,424,3899575.647622763,10817
85,424,3899575.648416672,10817
86,424,3899575.649136371,10817
87,424,3899575.649846629,10817
88,424,3899575.650612398,10817
89,424,3899575.651424969,10817
91,424,3899575.652229589,10817
92,424,3899575.653041400,10817
93,424,3899575.653803669,10817
94,424,3899575.654593289,10817
95,424,3899575.655319147,10817
96,424,3899575.656059216,10817
97,424,3899575.656802175,10817
98,424,3899575.657591564,10817
99,424,3899575.658325123,10817
101,424,3899575.659118043,10817
103,424,3899575.659858902,10817
104,424,3899575.660659262,10817
105,424,3899575.661379050,10817
106,424,3899575.662108879,10817
107,424,3899575.662864348,10817
109,424,3899575.663587106,10817
110,424,3899575.664400707,10817
111,424,3899575.665156006,10817
112,424,3899575.665869854,10817
113,424,3899575.666605592,10817
114,424,3899575.667397923,10817
115,424,3899575.668149531,10817
116,424,3899575.668873850,10817
117,424,3899575.669638619,10817
119,424,3899575.670407328,10817
120,424,3899575.671173338,10817
121,424,3899575.671949267,10817
122,424,3899575.672676296,10817
123,424,3899575.673439245,10817
124,424,3899575.674196114,10817
125,424,3899575.675665271,10817
126,424,3899575.676434961,10817
127,424,3899576.191412268,10113
0,424,3899577.423526881,10881
1,424,3899577.424521846,10881
2,424,3899577.425346217,10881
3,424,3899577.426150527,10881
4,424,3899577.427347558,10881
5,424,3899577.428148748,10881
6,424,3899577.429029200,10881
7,424,3899577.429852751,10881
9,424,3899577.430648051,10881
10,424,3899577.431427051,10881
11,424,3899577.432193140,10881
12,424,3899577.432999671,10881
13,424,3899577.434086838,10881
14,424,3899577.436212572,10881
15,424,3899577.437229367,10881
8,424,3899577.438101820,10881
16,424,3899577.438880689,10881
17,424,3899577.439709150,10881
18,424,3899577.440446779,10881
19,424,3899577.441213028,10881
20,424,3899577.442075790,10881
21,424,3899577.442829659,10881
23,424,3899577.443550017,10881
25,424,3899577.444332797,10881
26,424,3899577.445107426,10881
27,424,3899577.445903067,10881
28,424,3899577.446623315,10881
29,424,3899577.447448056,10881
30,424,3899577.448171334,10881
31,424,3899577.448859311,10881
32,424,3899577.449637361,10881
33,424,3899577.450477442,10881
34,424,3899577.451233412,10881
35,424,3899577.451988371,10881
36,424,3899577.452813361,10881
37,424,3899577.454453243,10881
38,424,3899577.455363796,10881
39,424,3899577.456165926,10881
40,424,3899577.457029808,10881
41,424,3899577.457796137,10881
42,424,3899577.458572557,10881
43,424,3899577.459376217,10881
44,424,3899577.463802259,10881
45,424,3899577.464646951,10881
46,424,3899577.465500712,10881
47,424,3899577.466271301,10881
48,424,3899577.467067462,10881
49,424,3899577.467875482,10881
50,424,3899577.468695583,10881
51,424,3899577.469485943,10881
52,424,3899577.470257472,10881
53,424,3899577.471092213,10881
54,424,3899577.471867463,10881
55,424,3899577.472684034,10881
56,424,3899577.473482874,10881
57,424,3899577.474263043,10881
58,424,3899577.475031163,10881
59,424,3899577.475782952,10881
60,424,3899577.476588272,10881
61,424,3899577.477359982,10881
62,424,3899577.478120791,10881
63,424,3899577.478915721,10881
64,424,3899577.479727522,10881
65,424,3899577.480530462,10881
66,424,3899577.481282561,10881
67,424,3899577.482060581,10881
68,424,3899577.482837750,10881
69,424,3899577.483657721,10881
70,424,3899577.484465952,10881
71,424,3899577.485199690,10881
72,424,3899577.486013200,10881
73,424,3899577.486769750,10881
74,424,3899577.487524809,10881
75,424,3899577.488294968,10881
76,424,3899577.489069968,10881
77,424,3899577.489795566,10881
78,424,3899577.490616587,10881
79,424,3899577.491426297,10881
80,424,3899577.492196637,10881
81,424,3899577.492930965,10881
82,424,3899577.493735706,10881
83,424,3899577.494509875,10881
84,424,3899577.495244104,10881
85,424,3899577.496047924,10881
86,424,3899577.496760592,10881
87,424,3899577.497463710,10881
88,424,3899577.498238669,10881
89,424,3899577.499066781,10881
91,424,3899577.499842040,10881
92,424,3899577.500660401,10881
93,424,3899577.501415630,10881
94,424,3899577.502219480,10881
95,424,3899577.502942359,10881
96,424,3899577.503690247,10881
97,424,3899577.504449857,10881
98,424,3899577.505249127,10881
99,424,3899577.505977915,10881
101,424,3899577.506783956,10881
103,424,3899577.507543965,10881
104,424,3899577.508353645,10881
105,424,3899577.509096334,10881
106,424,3899577.509821492,10881
107,424,3899577.510568051,10881
109,424,3899577.511288210,10881
110,424,3899577.512108530,10881
111,424,3899577.514092160,10881
112,424,3899577.514842309,10881
113,424,3899577.515592398,10881
114,424,3899577.516397028,10881
115,424,3899577.517156278,10881
116,424,3899577.517883626,10881
117,424,3899577.518654836,10881
119,424,3899577.519432975,10881
120,424,3899577.520204985,10881
121,424,3899577.520971804,10881
122,424,3899577.521703313,10881
123,424,3899577.522467212,10881
124,424,3899577.523250702,10881
125,424,3899577.523974030,10881
126,424,3899577.524755830,10881
127,424,3899578.025531748,10177
0,424,3899578.666726395,10945
1,424,3899578.667715809,10945
2,424,3899578.668526850,10945
3,424,3899578.669347121,10945
4,424,3899578.670581752,10945
5,424,3899578.671307780,10945
6,424,3899578.672133541,10945
7,424,3899578.672973593,10945
9,424,3899578.673766993,10945
10,424,3899578.674548342,10945
11,424,3899578.675328822,10945
12,424,3899578.676172053,10945
13,424,3899578.676945653,10945
14,424,3899578.679467806,10945
15,424,3899578.680318768,10945
8,424,3899578.681091568,10945
16,424,3899578.681863117,10945
17,424,3899578.682635237,10945
18,424,3899578.683381876,10945
19,424,3899578.684120804,10945
20,424,3899578.684896064,10945
21,424,3899578.685639642,10945
23,424,3899578.686378181,10945
25,424,3899578.687177672,10945
26,424,3899578.687943161,10945
27,424,3899578.688751951,10945
28,424,3899578.689481980,10945
29,424,3899578.690297430,10945
30,424,3899578.691029689,10945
31,424,3899578.691740877,10945
32,424,3899578.692526447,10945
33,424,3899578.693344927,10945
34,424,3899578.694089956,10945
35,424,3899578.694868956,10945
36,424,3899578.695648526,10945
37,424,3899578.696450526,10945
38,424,3899578.697247406,10945
39,424,3899578.698038976,10945
40,424,3899578.698892857,10945
41,424,3899578.699800531,10945
42,424,3899578.701307159,10945
43,424,3899578.702300414,10945
44,424,3899578.703114254,10945
45,424,3899578.703961256,10945
46,424,3899578.704782326,10945
47,424,3899578.709660480,10945
48,424,3899578.710495431,10945
49,424,3899578.711356172,10945
50,424,3899578.712175633,10945
51,424,3899578.712971164,10945
52,424,3899578.713754513,10945
53,424,3899578.714603015,10945
54,424,3899578.715406715,10945
55,424,3899578.716227936,10945
56,424,3899578.717029796,10945
57,424,3899578.717807786,10945
58,424,3899578.718587525,10945
59,424,3899578.719351885,10945
60,424,3899578.720159445,10945
61,424,3899578.720928974,10945
62,424,3899578.721700794,10945
63,424,3899578.722507565,10945
64,424,3899578.723328375,10945
65,424,3899578.724150256,10945
66,424,3899578.724904415,10945
67,424,3899578.725711186,10945
68,424,3899578.726516276,10945
69,424,3899578.727350357,10945
70,424,3899578.728163217,10945
71,424,3899578.728895296,10945
72,424,3899578.729716007,10945
73,424,3899578.730493886,10945
74,424,3899578.731252666,10945
75,424,3899578.732030385,10945
76,424,3899578.732805885,10945
77,424,3899578.733543584,10945
78,424,3899578.734364484,10945
79,424,3899578.735158984,10945
80,424,3899578.735927334,10945
81,424,3899578.736673192,10945
82,424,3899578.737470193,10945
83,424,3899578.738250472,10945
84,424,3899578.738982971,10945
85,424,3899578.739786941,10945
86,424,3899578.740509289,10945
87,424,3899578.741213997,10945
88,424,3899578.742056579,10945
89,424,3899578.742904970,10945
91,424,3899578.743694770,10945
92,424,3899578.744516711,10945
93,424,3899578.745278710,10945
94,424,3899578.746077660,10945
95,424,3899578.746826319,10945
96,424,3899578.747570348,10945
97,424,3899578.748378008,10945
98,424,3899578.749201249,10945
99,424,3899578.749936498,10945
101,424,3899578.750747078,10945
103,424,3899578.751511347,10945
104,424,3899578.752321588,10945
105,424,3899578.753051386,10945
106,424,3899578.753781985,10945
107,424,3899578.754522434,10945
109,424,3899578.755248622,10945
110,424,3899578.756072773,10945
111,424,3899578.756809532,10945
112,424,3899578.757545510,10945
113,424,3899578.758306619,10945
114,424,3899578.759111890,10945
115,424,3899578.759865639,10945
116,424,3899578.760607988,10945
117,424,3899578.761383717,10945
119,424,3899578.762167457,10945
120,424,3899578.762937506,10945
121,424,3899578.763717116,10945
122,424,3899578.764452965,10945
123,424,3899578.765243915,10945
124,424,3899578.765994424,10945
125,424,3899578.766773993,10945
126,424,3899578.767574824,10945
127,424,3899579.250396548,10241
0,424,3899579.872719037,11009
1,424,3899579.873695592,11009
2,424,3899579.874507372,11009
3,424,3899579.875318483,11009
4,424,3899579.876192295,11009
5,424,3899579.877307803,11009
6,424,3899579.878246367,11009
7,424,3899579.879116519,11009
8,424,3899579.879890619,11009
9,424,3899579.880687809,11009
10,424,3899579.881477619,11009
11,424,3899579.882268379,11009
12,424,3899579.883098660,11009
13,424,3899579.883885749,11009
14,424,3899579.885092730,11009
15,424,3899579.885929361,11009
16,424,3899579.886729952,11009
17,424,3899579.889138912,11009
18,424,3899579.889987104,11009
19,424,3899579.890750433,11009
20,424,3899579.891591274,11009
21,424,3899579.892367974,11009
23,424,3899579.893116103,11009
25,424,3899579.893915213,11009
26,424,3899579.894698293,11009
27,424,3899579.895492413,11009
28,424,3899579.896220511,11009
29,424,3899579.897058693,11009
30,424,3899579.897773591,11009
31,424,3899579.898492899,11009
32,424,3899579.899299919,11009
33,424,3899579.900123020,11009
34,424,3899579.900863779,11009
35,424,3899579.901658429,11009
36,424,3899579.902447029,11009
37,424,3899579.903231258,11009
38,424,3899579.904044289,11009
39,424,3899579.904836069,11009
40,424,3899579.905700551,11009
41,424,3899579.906490181,11009
42,424,3899579.907271951,11009
43,424,3899579.908089081,11009
44,424,3899579.908827090,11009
45,424,3899579.909619900,11009
46,424,3899579.910460271,11009
47,424,3899579.911191690,11009
48,424,3899579.913267872,11009
49,424,3899579.914273868,11009
50,424,3899579.915199371,11009
51,424,3899579.915971380,11009
52,424,3899579.916753600,11009
53,424,3899579.917593781,11009
54,424,3899579.918403422,11009
55,424,3899579.919233933,11009
56,424,3899579.920028513,11009
57,424,3899579.920840994,11009
58,424,3899579.921604383,11009
59,424,3899579.922360802,11009
60,424,3899579.923161452,11009
61,424,3899579.923924152,11009
62,424,3899579.928112927,11009
63,424,3899579.928971739,11009
64,424,3899579.929793140,11009
65,424,3899579.930602310,11009
66,424,3899579.931366330,11009
67,424,3899579.932152260,11009
68,424,3899579.932935019,11009
69,424,3899579.933767870,11009
70,424,3899579.934583561,11009
71,424,3899579.935324210,11009
72,424,3899579.936144570,11009
73,424,3899579.936905470,11009
74,424,3899579.937666339,11009
75,424,3899579.938439528,11009
76,424,3899579.939217078,11009
77,424,3899579.939950557,11009
78,424,3899579.940807238,11009
79,424,3899579.941611889,11009
80,424,3899579.942389888,11009
81,424,3899579.943144887,11009
82,424,3899579.943936367,11009
83,424,3899579.944716087,11009
84,424,3899579.945464316,11009
85,424,3899579.946272746,11009
86,424,3899579.946991035,11009
87,424,3899579.947710313,11009
88,424,3899579.948490362,11009
89,424,3899579.949319123,11009
91,424,3899579.950106073,11009
92,424,3899579.950915534,11009
93,424,3899579.951674253,11009
94,424,3899579.952477663,11009
95,424,3899579.953211292,11009
96,424,3899579.953946970,11009
97,424,3899579.954703039,11009
98,424,3899579.955501220,11009
99,424,3899579.956248458,11009
101,424,3899579.957058399,11009
103,424,3899579.957819818,11009
104,424,3899579.958633989,11009
105,424,3899579.959369857,11009
106,424,3899579.960108766,11009
107,424,3899579.960851575,11009
109,424,3899579.961579963,11009
110,424,3899579.962412274,11009
111,424,3899579.963158443,11009
112,424,3899579.963884362,11009
113,424,3899579.964626390,11009
114,424,3899579.965436381,11009
115,424,3899579.966201740,11009
116,424,3899579.966939259,11009
117,424,3899579.967726369,11009
119,424,3899579.968514028,11009
120,424,3899579.969298108,11009
121,424,3899579.970080328,11009
122,424,3899579.970810437,11009
123,424,3899579.971581586,11009
124,424,3899579.972379326,11009
125,424,3899579.973119325,11009
126,424,3899579.973925275,11009
127,424,3899580.519679160,10305
0,424,3899581.148502814,11073
1,424,3899581.149449908,11073
2,424,3899581.150265818,11073
3,424,3899581.151083009,11073
4,424,3899581.151949551,11073
5,424,3899581.152917255,11073
6,424,3899581.153720106,11073
7,424,3899581.154561697,11073
8,424,3899581.155345107,11073
9,424,3899581.156132387,11073
10,424,3899581.156910846,11073
11,424,3899581.157700486,11073
12,424,3899581.158525367,11073
13,424,3899581.159333138,11073
14,424,3899581.160279202,11073
15,424,3899581.161093962,11073
16,424,3899581.162532999,11073
17,424,3899581.163331499,11073
18,424,3899581.164088028,11073
19,424,3899581.164815576,11073
20,424,3899581.165618777,11073
21,424,3899581.166374676,11073
23,424,3899581.167109714,11073
25,424,3899581.167894794,11073
26,424,3899581.168690984,11073
27,424,3899581.169501595,11073
28,424,3899581.170230443,11073
29,424,3899581.171062674,11073
30,424,3899581.171782352,11073
31,424,3899581.172489170,11073
32,424,3899581.173290320,11073
33,424,3899581.174131162,11073
34,424,3899581.174888531,11073
35,424,3899581.175664470,11073
36,424,3899581.176448050,11073
37,424,3899581.177245180,11073
38,424,3899581.178042071,11073
39,424,3899581.178839951,11073
40,424,3899581.179686582,11073
41,424,3899581.180476982,11073
42,424,3899581.181257952,11073
43,424,3899581.182094103,11073
44,424,3899581.182838882,11073
45,424,3899581.184074113,11073
46,424,3899581.184896594,11073
47,424,3899581.185648003,11073
48,424,3899581.186435672,11073
49,424,3899581.187252523,11073
50,424,3899581.188073174,11073
51,424,3899581.188856874,11073
52,424,3899581.192196848,11073
53,424,3899581.193069460,11073
54,424,3899581.193874401,11073
55,424,3899581.194714852,11073
56,424,3899581.195536193,11073
57,424,3899581.196324013,11073
58,424,3899581.197110693,11073
59,424,3899581.197871822,11073
60,424,3899581.198700323,11073
61,424,3899581.199482962,11073
62,424,3899581.200252072,11073
63,424,3899581.201057482,11073
64,424,3899581.201873933,11073
65,424,3899581.202681903,11073
66,424,3899581.203448353,11073
67,424,3899581.204245853,11073
68,424,3899581.205082964,11073
69,424,3899581.205907745,11073
70,424,3899581.206718885,11073
71,424,3899581.207456034,11073
72,424,3899581.208281545,11073
73,424,3899581.209053824,11073
74,424,3899581.209806203,11073
75,424,3899581.210575863,11073
76,424,3899581.211354262,11073
77,424,3899581.212108641,11073
78,424,3899581.212928082,11073
79,424,3899581.213735803,11073
80,424,3899581.214524942,11073
81,424,3899581.215277481,11073
82,424,3899581.216084672,11073
83,424,3899581.216861892,11073
84,424,3899581.217608391,11073
85,424,3899581.218420261,11073
86,424,3899581.219149970,11073
87,424,3899581.219850787,11073
88,424,3899581.220667988,11073
89,424,3899581.221500529,11073
91,424,3899581.222289559,11073
92,424,3899581.223127590,11073
93,424,3899581.223884009,11073
94,424,3899581.224691299,11073
95,424,3899581.225429778,11073
96,424,3899581.226176097,11073
97,424,3899581.226947457,11073
98,424,3899581.227754847,11073
99,424,3899581.228500386,11073
101,424,3899581.229316656,11073
103,424,3899581.230086596,11073
104,424,3899581.230894556,11073
105,424,3899581.231632835,11073
106,424,3899581.232380024,11073
107,424,3899581.233129223,11073
109,424,3899581.233861701,11073
110,424,3899581.234696032,11073
111,424,3899581.235447421,11073
112,424,3899581.236191590,11073
113,424,3899581.236929749,11073
114,424,3899581.237738969,11073
115,424,3899581.238521669,11073
116,424,3899581.239266638,11073
117,424,3899581.240048428,11073
119,424,3899581.240833178,11073
120,424,3899581.241621758,11073
121,424,3899581.242405907,11073
122,424,3899581.243146126,11073
123,424,3899581.243914936,11073
124,424,3899581.244680935,11073
125,424,3899581.245426904,11073
126,424,3899581.246259645,11073
127,424,3899581.739544033,10369
0,424,3899582.365844193,11137
1,424,3899582.366845218,11137
2,424,3899582.367669059,11137
3,424,3899582.368491570,11137
4,424,3899582.369359972,11137
5,424,3899582.370474200,11137
6,424,3899582.371385373,11137
7,424,3899582.372272685,11137
8,424,3899582.373051615,11137
9,424,3899582.373847555,11137
10,424,3899582.374655566,11137
11,424,3899582.375435585,11137
12,424,3899582.376274397,11137
13,424,3899582.377091827,11137
14,424,3899582.378110543,11137
15,424,3899582.378920273,11137
16,424,3899582.381035447,11137
17,424,3899582.382009562,11137
18,424,3899582.382813782,11137
19,424,3899582.383565011,11137
20,424,3899582.384426713,11137
21,424,3899582.385201602,11137
23,424,3899582.385932541,11137
25,424,3899582.386730981,11137
26,424,3899582.387533281,11137
27,424,3899582.388345302,11137
28,424,3899582.389080890,11137
29,424,3899582.389896691,11137
30,424,3899582.390626089,11137
31,424,3899582.391350628,11137
32,424,3899582.392144838,11137
33,424,3899582.392979919,11137
34,424,3899582.393750448,11137
35,424,3899582.394532288,11137
36,424,3899582.395328918,11137
37,424,3899582.396131508,11137
38,424,3899582.396934469,11137
39,424,3899582.397729729,11137
40,424,3899582.398599531,11137
41,424,3899582.399399541,11137
42,424,3899582.400186321,11137
43,424,3899582.401984316,11137
44,424,3899582.402840588,11137
45,424,3899582.403712680,11137
46,424,3899582.404581592,11137
47,424,3899582.405332201,11137
48,424,3899582.406124101,11137
49,424,3899582.406943742,11137
50,424,3899582.407773453,11137
51,424,3899582.408687186,11137
52,424,3899582.413501687,11137
53,424,3899582.414362129,11137
54,424,3899582.415187730,11137
55,424,3899582.416035822,11137
56,424,3899582.416850952,11137
57,424,3899582.417658092,11137
58,424,3899582.418444823,11137
59,424,3899582.419220172,11137
60,424,3899582.420041243,11137
61,424,3899582.420819483,11137
62,424,3899582.421594892,11137
63,424,3899582.422411133,11137
64,424,3899582.423251644,11137
65,424,3899582.424067575,11137
66,424,3899582.424827964,11137
67,424,3899582.425628064,11137
68,424,3899582.426436334,11137
69,424,3899582.427281086,11137
70,424,3899582.428106797,11137
71,424,3899582.428845305,11137
72,424,3899582.429677136,11137
73,424,3899582.430461586,11137
74,424,3899582.431232546,11137
75,424,3899582.432018636,11137
76,424,3899582.432797285,11137
77,424,3899582.433548454,11137
78,424,3899582.434383635,11137
79,424,3899582.435236557,11137
80,424,3899582.436034407,11137
81,424,3899582.436790816,11137
82,424,3899582.437603337,11137
83,424,3899582.438397827,11137
84,424,3899582.439149556,11137
85,424,3899582.439958266,11137
86,424,3899582.440694455,11137
87,424,3899582.441455764,11137
88,424,3899582.442257344,11137
89,424,3899582.443093835,11137
91,424,3899582.443879575,11137
92,424,3899582.444713447,11137
93,424,3899582.445485146,11137
94,424,3899582.446293876,11137
95,424,3899582.447038015,11137
96,424,3899582.447787024,11137
97,424,3899582.448555284,11137
98,424,3899582.449366174,11137
99,424,3899582.450115013,11137
101,424,3899582.450924923,11137
103,424,3899582.451703803,11137
104,424,3899582.452523364,11137
105,424,3899582.453264452,11137
106,424,3899582.454011011,11137
107,424,3899582.454761070,11137
109,424,3899582.455499759,11137
110,424,3899582.456335920,11137
111,424,3899582.457087979,11137
112,424,3899582.457827678,11137
113,424,3899582.458582197,11137
114,424,3899582.459388217,11137
115,424,3899582.460157647,11137
116,424,3899582.460915456,11137
117,424,3899582.461702306,11137
119,424,3899582.462494586,11137
120,424,3899582.463292806,11137
121,424,3899582.464081086,11137
122,424,3899582.464816744,11137
123,424,3899582.465636065,11137
124,424,3899582.466413555,11137
125,424,3899582.467160164,11137
126,424,3899582.467976454,11137
127,424,3899583.039597812,10433
0,424,3899583.672849708,11201
1,424,3899583.674089329,11201
2,424,3899583.675107825,11201
3,424,3899583.675958997,11201
4,424,3899583.676756767,11201
5,424,3899583.677608358,11201
6,424,3899583.679018184,11201
7,424,3899583.679982368,11201
8,424,3899583.680863141,11201
9,424,3899583.681682221,11201
10,424,3899583.682497492,11201
11,424,3899583.683298932,11201
12,424,3899583.684140934,11201
13,424,3899583.684950234,11201
14,424,3899583.685752824,11201
15,424,3899583.686580385,11201
16,424,3899583.687522879,11201
17,424,3899583.688553675,11201
18,424,3899583.689323765,11201
19,424,3899583.690087104,11201
20,424,3899583.690887814,11201
21,424,3899583.693553131,11201
23,424,3899583.694338871,11201
25,424,3899583.695208383,11201
26,424,3899583.696011694,11201
27,424,3899583.696815964,11201
28,424,3899583.697575503,11201
29,424,3899583.698439025,11201
30,424,3899583.699177674,11201
31,424,3899583.699897602,11201
32,424,3899583.700703132,11201
33,424,3899583.701548474,11201
34,424,3899583.702330823,11201
35,424,3899583.703137414,11201
36,424,3899583.703915963,11201
37,424,3899583.704714474,11201
38,424,3899583.705527644,11201
39,424,3899583.706341735,11201
40,424,3899583.707207597,11201
41,424,3899583.708013147,11201
42,424,3899583.708794427,11201
43,424,3899583.709641318,11201
44,424,3899583.710403487,11201
45,424,3899583.711239698,11201
46,424,3899583.712103710,11201
47,424,3899583.712850399,11201
48,424,3899583.713649989,11201
49,424,3899583.714508651,11201
50,424,3899583.715333512,11201
51,424,3899583.716175683,11201
52,424,3899583.716967613,11201
53,424,3899583.717817655,11201
54,424,3899583.718626955,11201
55,424,3899583.719473876,11201
56,424,3899583.720292377,11201
57,424,3899583.721100358,11201
58,424,3899583.723418516,11201
59,424,3899583.724361200,11201
60,424,3899583.725320584,11201
61,424,3899583.726112464,11201
62,424,3899583.726889084,11201
63,424,3899583.727710685,11201
64,424,3899583.728532965,11201
65,424,3899583.729348556,11201
66,424,3899583.730123116,11201
67,424,3899583.730902065,11201
68,424,3899583.731701476,11201
69,424,3899583.732542207,11201
70,424,3899583.733362787,11201
71,424,3899583.734124247,11201
72,424,3899583.734937977,11201
73,424,3899583.735761148,11201
74,424,3899583.736526587,11201
75,424,3899583.739988475,11201
76,424,3899583.740799386,11201
77,424,3899583.741558655,11201
78,424,3899583.742446517,11201
79,424,3899583.743276338,11201
80,424,3899583.744082369,11201
81,424,3899583.744843098,11201
82,424,3899583.745658158,11201
83,424,3899583.746450058,11201
84,424,3899583.747210217,11201
85,424,3899583.748034358,11201
86,424,3899583.748792477,11201
87,424,3899583.749522386,11201
88,424,3899583.750319016,11201
89,424,3899583.751160397,11201
91,424,3899583.751950808,11201
92,424,3899583.752781768,11201
93,424,3899583.753559348,11201
94,424,3899583.754391269,11201
95,424,3899583.755140538,11201
96,424,3899583.755889607,11201
97,424,3899583.756666557,11201
98,424,3899583.757479687,11201
99,424,3899583.758234706,11201
101,424,3899583.759059527,11201
103,424,3899583.759830987,11201
104,424,3899583.760660068,11201
105,424,3899583.761402756,11201
106,424,3899583.762153655,11201
107,424,3899583.762904114,11201
109,424,3899583.763651083,11201
110,424,3899583.764489314,11201
111,424,3899583.765245413,11201
112,424,3899583.765979892,11201
113,424,3899583.766737361,11201
114,424,3899583.767553192,11201
115,424,3899583.768324651,11201
116,424,3899583.769081000,11201
117,424,3899583.769885751,11201
119,424,3899583.770709951,11201
120,424,3899583.771504122,11201
121,424,3899583.772324672,11201
122,424,3899583.773074761,11201
123,424,3899583.773851291,11201
124,424,3899583.774623981,11201
125,424,3899583.775377280,11201
126,424,3899583.776188360,11201
127,424,3899584.266862132,10497
0,424,3899584.894527326,11265
1,424,3899584.895625074,11265
2,424,3899584.896563598,11265
3,424,3899584.897398309,11265
4,424,3899584.898193939,11265
5,424,3899584.899058451,11265
6,424,3899584.900451526,11265
7,424,3899584.901419650,11265
8,424,3899584.902316913,11265
9,424,3899584.903149084,11265
10,424,3899584.903941484,11265
11,424,3899584.904745895,11265
12,424,3899584.905608146,11265
13,424,3899584.906415837,11265
14,424,3899584.907218017,11265
15,424,3899584.908041918,11265
16,424,3899584.908974752,11265
17,424,3899584.910026788,11265
18,424,3899584.910785987,11265
19,424,3899584.911552177,11265
20,424,3899584.912364487,11265
21,424,3899584.915051355,11265
23,424,3899584.915806664,11265
25,424,3899584.916688476,11265
26,424,3899584.917487727,11265
27,424,3899584.918303567,11265
28,424,3899584.919064716,11265
29,424,3899584.919908608,11265
30,424,3899584.920652827,11265
31,424,3899584.921373935,11265
32,424,3899584.922176865,11265
33,424,3899584.923013786,11265
34,424,3899584.923789956,11265
35,424,3899584.924599076,11265
36,424,3899584.925407757,11265
37,424,3899584.926211127,11265
38,424,3899584.927022828,11265
39,424,3899584.927834958,11265
40,424,3899584.928723301,11265
41,424,3899584.929525821,11265
42,424,3899584.930329111,11265
43,424,3899584.931185803,11265
44,424,3899584.931944832,11265
45,424,3899584.932781813,11265
46,424,3899584.933645445,11265
47,424,3899584.934398504,11265
48,424,3899584.935217495,11265
49,424,3899584.936057126,11265
50,424,3899584.936873917,11265
51,424,3899584.937677587,11265
52,424,3899584.938480667,11265
53,424,3899584.939332839,11265
54,424,3899584.940152000,11265
55,424,3899584.940970970,11265
56,424,3899584.941802441,11265
57,424,3899584.942663063,11265
58,424,3899584.945086994,11265
59,424,3899584.946019418,11265
60,424,3899584.946854879,11265
61,424,3899584.947647529,11265
62,424,3899584.948425609,11265
63,424,3899584.949258040,11265
64,424,3899584.950092961,11265
65,424,3899584.950904721,11265
66,424,3899584.951673161,11265
67,424,3899584.952467921,11265
68,424,3899584.953271121,11265
69,424,3899584.954111982,11265
70,424,3899584.954924583,11265
71,424,3899584.955675652,11265
72,424,3899584.956500543,11265
73,424,3899584.957281222,11265
74,424,3899584.958047272,11265
75,424,3899584.958820541,11265
76,424,3899584.962299749,11265
77,424,3899584.963076579,11265
78,424,3899584.963915920,11265
79,424,3899584.964745201,11265
80,424,3899584.965546511,11265
81,424,3899584.966317081,11265
82,424,3899584.967162192,11265
83,424,3899584.967952062,11265
84,424,3899584.968708121,11265
85,424,3899584.969531732,11265
86,424,3899584.970277031,11265
87,424,3899584.970994569,11265
88,424,3899584.971798649,11265
89,424,3899584.972659361,11265
91,424,3899584.973465291,11265
92,424,3899584.974303683,11265
93,424,3899584.975080982,11265
94,424,3899584.975891473,11265
95,424,3899584.976641792,11265
96,424,3899584.977399141,11265
97,424,3899584.978171490,11265
98,424,3899584.978986861,11265
99,424,3899584.979745990,11265
101,424,3899584.980575441,11265
103,424,3899584.981356401,11265
104,424,3899584.982187062,11265
105,424,3899584.982928591,11265
106,424,3899584.983680820,11265
107,424,3899584.984439839,11265
109,424,3899584.985191618,11265
110,424,3899584.986035829,11265
111,424,3899584.986787208,11265
112,424,3899584.987535427,11265
113,424,3899584.988293636,11265
114,424,3899584.989116567,11265
115,424,3899584.989887566,11265
116,424,3899584.990649686,11265
117,424,3899584.991449616,11265
119,424,3899584.992271297,11265
120,424,3899584.993101448,11265
121,424,3899584.993893658,11265
122,424,3899584.994670807,11265
123,424,3899584.995475708,11265
124,424,3899584.996253718,11265
125,424,3899584.996998796,11265
126,424,3899584.997817607,11265
127,424,3899585.558049067,10561
0,424,3899586.221635149,11329
1,424,3899586.222782408,11329
2,424,3899586.223730802,11329
3,424,3899586.224572973,11329
4,424,3899586.225371993,11329
5,424,3899586.226763999,11329
6,424,3899586.227617920,11329
7,424,3899586.228550514,11329
8,424,3899586.229448887,11329
9,424,3899586.230282248,11329
10,424,3899586.231089818,11329
11,424,3899586.231875788,11329
12,424,3899586.232741060,11329
13,424,3899586.233563671,11329
14,424,3899586.234364491,11329
15,424,3899586.235200962,11329
16,424,3899586.236041223,11329
17,424,3899586.237017378,11329
18,424,3899586.239699086,11329
19,424,3899586.240479675,11329
20,424,3899586.241316187,11329
21,424,3899586.242109236,11329
23,424,3899586.242856255,11329
25,424,3899586.243683376,11329
26,424,3899586.244506287,11329
27,424,3899586.245320498,11329
28,424,3899586.246090637,11329
29,424,3899586.246929809,11329
30,424,3899586.247692368,11329
31,424,3899586.248434887,11329
32,424,3899586.249244507,11329
33,424,3899586.250110049,11329
34,424,3899586.250873498,11329
35,424,3899586.251671718,11329
36,424,3899586.252481949,11329
37,424,3899586.253296399,11329
38,424,3899586.254120930,11329
39,424,3899586.254918300,11329
40,424,3899586.255789242,11329
41,424,3899586.256599583,11329
42,424,3899586.257396143,11329
43,424,3899586.258255505,11329
44,424,3899586.259013124,11329
45,424,3899586.259839235,11329
46,424,3899586.260704527,11329
47,424,3899586.261481106,11329
48,424,3899586.262309797,11329
49,424,3899586.263170249,11329
50,424,3899586.263988330,11329
51,424,3899586.264812781,11329
52,424,3899586.265602681,11329
53,424,3899586.266450702,11329
54,424,3899586.267271812,11329
55,424,3899586.268120314,11329
56,424,3899586.270151445,11329
57,424,3899586.271092729,11329
58,424,3899586.271895900,11329
59,424,3899586.272692009,11329
60,424,3899586.273532741,11329
61,424,3899586.274328351,11329
62,424,3899586.275120961,11329
63,424,3899586.275943002,11329
64,424,3899586.276777683,11329
65,424,3899586.277599334,11329
66,424,3899586.281466471,11329
67,424,3899586.282348784,11329
68,424,3899586.283180055,11329
69,424,3899586.284052357,11329
70,424,3899586.284888198,11329
71,424,3899586.285655177,11329
72,424,3899586.286493278,11329
73,424,3899586.287307839,11329
74,424,3899586.288102109,11329
75,424,3899586.288885459,11329
76,424,3899586.289692449,11329
77,424,3899586.290462879,11329
78,424,3899586.291311090,11329
79,424,3899586.292141731,11329
80,424,3899586.292933121,11329
81,424,3899586.293712921,11329
82,424,3899586.294535662,11329
83,424,3899586.295341522,11329
84,424,3899586.296104681,11329
85,424,3899586.296922492,11329
86,424,3899586.297672471,11329
87,424,3899586.298401429,11329
88,424,3899586.299199970,11329
89,424,3899586.300051511,11329
91,424,3899586.300847991,11329
92,424,3899586.301688402,11329
93,424,3899586.302474112,11329
94,424,3899586.303294713,11329
95,424,3899586.304052632,11329
96,424,3899586.304827382,11329
97,424,3899586.305610902,11329
98,424,3899586.306430872,11329
99,424,3899586.307197372,11329
101,424,3899586.308027473,11329
103,424,3899586.308805292,11329
104,424,3899586.309638603,11329
105,424,3899586.310393333,11329
106,424,3899586.311149741,11329
107,424,3899586.311908731,11329
109,424,3899586.312659850,11329
110,424,3899586.313505791,11329
111,424,3899586.314271600,11329
112,424,3899586.315029560,11329
113,424,3899586.315793479,11329
114,424,3899586.316616730,11329
115,424,3899586.317397679,11329
116,424,3899586.318162529,11329
117,424,3899586.318953989,11329
119,424,3899586.319769159,11329
120,424,3899586.320590940,11329
121,424,3899586.321429632,11329
122,424,3899586.322188471,11329
123,424,3899586.322975360,11329
124,424,3899586.323763591,11329
125,424,3899586.324526760,11329
126,424,3899586.325363181,11329
127,424,3899586.826674922,10625
0,424,3899587.465557589,11393
1,424,3899587.466644447,11393
2,424,3899587.467640602,11393
3,424,3899587.468498293,11393
4,424,3899587.469305284,11393
5,424,3899587.470680649,11393
6,424,3899587.471545570,11393
7,424,3899587.472472264,11393
8,424,3899587.473392267,11393
9,424,3899587.474229518,11393
10,424,3899587.475054769,11393
11,424,3899587.475863930,11393
12,424,3899587.476718401,11393
13,424,3899587.477545002,11393
14,424,3899587.478359283,11393
15,424,3899587.479182774,11393
16,424,3899587.480052785,11393
17,424,3899587.481036150,11393
18,424,3899587.481797110,11393
19,424,3899587.484656062,11393
20,424,3899587.485529884,11393
21,424,3899587.486397686,11393
23,424,3899587.487174756,11393
25,424,3899587.488089919,11393
26,424,3899587.488888699,11393
27,424,3899587.489722830,11393
28,424,3899587.490485759,11393
29,424,3899587.491340891,11393
30,424,3899587.492107850,11393
31,424,3899587.492843889,11393
32,424,3899587.493661700,11393
33,424,3899587.494507501,11393
34,424,3899587.495280970,11393
35,424,3899587.496086941,11393
36,424,3899587.496894811,11393
37,424,3899587.497714212,11393
38,424,3899587.498548023,11393
39,424,3899587.499358704,11393
40,424,3899587.500250696,11393
41,424,3899587.501073147,11393
42,424,3899587.501869817,11393
43,424,3899587.502717269,11393
44,424,3899587.503493558,11393
45,424,3899587.504333599,11393
46,424,3899587.505191981,11393
47,424,3899587.505951810,11393
48,424,3899587.506778391,11393
49,424,3899587.507630533,11393
50,424,3899587.508475734,11393
51,424,3899587.509281834,11393
52,424,3899587.510076514,11393
53,424,3899587.510918126,11393
54,424,3899587.511755227,11393
55,424,3899587.512613468,11393
56,424,3899587.513445529,11393
57,424,3899587.514254210,11393
58,424,3899587.516378634,11393
59,424,3899587.517327058,11393
60,424,3899587.518175289,11393
61,424,3899587.518978389,11393
62,424,3899587.519766299,11393
63,424,3899587.520593130,11393
64,424,3899587.521427291,11393
65,424,3899587.522253362,11393
66,424,3899587.523032602,11393
67,424,3899587.523828632,11393
68,424,3899587.524638892,11393
69,424,3899587.525487854,11393
70,424,3899587.529487465,11393
71,424,3899587.530261685,11393
72,424,3899587.531113486,11393
73,424,3899587.531905956,11393
74,424,3899587.532702326,11393
75,424,3899587.533504756,11393
76,424,3899587.534315987,11393
77,424,3899587.535092467,11393
78,424,3899587.535954098,11393
79,424,3899587.536794630,11393
80,424,3899587.537603580,11393
81,424,3899587.538386340,11393
82,424,3899587.539219261,11393
83,424,3899587.540035052,11393
84,424,3899587.540798731,11393
85,424,3899587.541635522,11393
86,424,3899587.542384451,11393
87,424,3899587.543117130,11393
88,424,3899587.543922930,11393
89,424,3899587.545062309,11393
91,424,3899587.546324971,11393
92,424,3899587.547590163,11393
93,424,3899587.548742912,11393
94,424,3899587.550021824,11393
95,424,3899587.550967988,11393
96,424,3899587.552140407,11393
97,424,3899587.553270896,11393
98,424,3899587.554511227,11393
99,424,3899587.555566734,11393
101,424,3899587.556782315,11393
103,424,3899587.557923624,11393
104,424,3899587.559181276,11393
105,424,3899587.560168781,11393
106,424,3899587.561279629,11393
107,424,3899587.562390917,11393
109,424,3899587.563405062,11393
110,424,3899587.564530091,11393
111,424,3899587.565312060,11393
112,424,3899587.566141112,11393
113,424,3899587.567292150,11393
114,424,3899587.568398449,11393
115,424,3899587.569590929,11393
116,424,3899587.570655246,11393
117,424,3899587.571913857,11393
119,424,3899587.573173239,11393
120,424,3899587.574407670,11393
121,424,3899587.575640552,11393
122,424,3899587.576773120,11393
123,424,3899587.577989251,11393
124,424,3899587.579129980,11393
125,424,3899587.580207877,11393
126,424,3899587.581289294,11393
127,424,3899588.075592808,10689
0,424,3899588.720518968,11457
1,424,3899588.721547754,11457
2,424,3899588.722391685,11457
3,424,3899588.723485513,11457
4,424,3899588.724479358,11457
5,424,3899588.725233817,11457
6,424,3899588.726055178,11457
7,424,3899588.727456944,11457
8,424,3899588.728419808,11457
9,424,3899588.729271569,11457
10,424,3899588.730086260,11457
11,424,3899588.730896031,11457
12,424,3899588.731757132,11457
13,424,3899588.732572923,11457
14,424,3899588.733544037,11457
15,424,3899588.734511562,11457
16,424,3899588.736220185,11457
17,424,3899588.737046906,11457
18,424,3899588.737800455,11457
19,424,3899588.738591885,11457
20,424,3899588.739416726,11457
21,424,3899588.740195735,11457
23,424,3899588.740946584,11457
25,424,3899588.741783195,11457
26,424,3899588.742589256,11457
27,424,3899588.743426447,11457
28,424,3899588.744201757,11457
29,424,3899588.745056608,11457
30,424,3899588.745820388,11457
31,424,3899588.746553246,11457
32,424,3899588.747382607,11457
33,424,3899588.748235718,11457
34,424,3899588.749594933,11457
35,424,3899588.750433044,11457
36,424,3899588.751236025,11457
37,424,3899588.752040365,11457
38,424,3899588.754793815,11457
39,424,3899588.755676627,11457
40,424,3899588.756561069,11457
41,424,3899588.757365389,11457
42,424,3899588.758164309,11457
43,424,3899588.759024701,11457
44,424,3899588.759782181,11457
45,424,3899588.760627092,11457
46,424,3899588.761486784,11457
47,424,3899588.762259663,11457
48,424,3899588.763086994,11457
49,424,3899588.763945996,11457
50,424,3899588.764800937,11457
51,424,3899588.765627698,11457
52,424,3899588.766424508,11457
53,424,3899588.767274550,11457
54,424,3899588.768095871,11457
55,424,3899588.768930722,11457
56,424,3899588.769773503,11457
57,424,3899588.770596424,11457
58,424,3899588.771399444,11457
59,424,3899588.772208684,11457
60,424,3899588.773055166,11457
61,424,3899588.773863066,11457
62,424,3899588.774666207,11457
63,424,3899588.775495768,11457
64,424,3899588.776338329,11457
65,424,3899588.777174970,11457
66,424,3899588.777953020,11457
67,424,3899588.778770430,11457
68,424,3899588.779582181,11457
69,424,3899588.780435752,11457
70,424,3899588.781272014,11457
71,424,3899588.782035533,11457
72,424,3899588.784264089,11457
73,424,3899588.785212983,11457
74,424,3899588.785993413,11457
75,424,3899588.786811664,11457
76,424,3899588.787616624,11457
77,424,3899588.788382253,11457
78,424,3899588.789230785,11457
79,424,3899588.790065006,11457
80,424,3899588.790856536,11457
81,424,3899588.791627895,11457
82,424,3899588.792450566,11457
83,424,3899588.793309978,11457
84,424,3899588.794079827,11457
85,424,3899588.794901028,11457
86,424,3899588.795642967,11457
87,424,3899588.798419307,11457
88,424,3899588.799245288,11457
89,424,3899588.800104580,11457
91,424,3899588.800904020,11457
92,424,3899588.801748961,11457
93,424,3899588.802539001,11457
94,424,3899588.803368392,11457
95,424,3899588.804129191,11457
96,424,3899588.804890741,11457
97,424,3899588.805675901,11457
98,424,3899588.806521232,11457
99,424,3899588.807289621,11457
101,424,3899588.808124562,11457
103,424,3899588.808907912,11457
104,424,3899588.809742363,11457
105,424,3899588.810502772,11457
106,424,3899588.811261571,11457
107,424,3899588.812031321,11457
109,424,3899588.812776190,11457
110,424,3899588.813624661,11457
111,424,3899588.814392931,11457
112,424,3899588.815156450,11457
113,424,3899588.815914609,11457
114,424,3899588.816737820,11457
115,424,3899588.817525100,11457
116,424,3899588.818285799,11457
117,424,3899588.819111670,11457
119,424,3899588.819959121,11457
120,424,3899588.820765242,11457
121,424,3899588.821571752,11457
122,424,3899588.822349032,11457
123,424,3899588.823142172,11457
124,424,3899588.823916411,11457
125,424,3899588.824674590,11457
126,424,3899588.825497082,11457
127,424,3899589.415927254,10753
0,424,3899590.540924698,11521
1,424,3899590.542062587,11521
2,424,3899590.543059542,11521
3,424,3899590.543934884,11521
4,424,3899590.544752525,11521
5,424,3899590.546151310,11521
6,424,3899590.547023012,11521
7,424,3899590.547968126,11521
8,424,3899590.548894200,11521
9,424,3899590.549731391,11521
10,424,3899590.550555142,11521
11,424,3899590.551360932,11521
12,424,3899590.552239664,11521
13,424,3899590.553070225,11521
14,424,3899590.553878115,11521
15,424,3899590.554729297,11521
16,424,3899590.555624019,11521
17,424,3899590.556601084,11521
18,424,3899590.559328933,11521
19,424,3899590.560116363,11521
20,424,3899590.560956204,11521
21,424,3899590.561760645,11521
23,424,3899590.562546765,11521
25,424,3899590.563386396,11521
26,424,3899590.564219607,11521
27,424,3899590.565055988,11521
28,424,3899590.565810407,11521
29,424,3899590.566682719,11521
30,424,3899590.567444178,11521
31,424,3899590.568210838,11521
32,424,3899590.569038369,11521
33,424,3899590.569899400,11521
34,424,3899590.570691571,11521
35,424,3899590.571499491,11521
36,424,3899590.572306321,11521
37,424,3899590.573114682,11521
38,424,3899590.573949263,11521
39,424,3899590.574781474,11521
40,424,3899590.575678366,11521
41,424,3899590.576484457,11521
42,424,3899590.577282727,11521
43,424,3899590.578151229,11521
44,424,3899590.578917448,11521
45,424,3899590.579751079,11521
46,424,3899590.580637632,11521
47,424,3899590.581417371,11521
48,424,3899590.582250163,11521
49,424,3899590.583118545,11521
50,424,3899590.583964866,11521
51,424,3899590.584787497,11521
52,424,3899590.585609888,11521
53,424,3899590.586474119,11521
54,424,3899590.587295030,11521
55,424,3899590.588150222,11521
56,424,3899590.590198143,11521
57,424,3899590.591148417,11521
58,424,3899590.591963958,11521
59,424,3899590.592756418,11521
60,424,3899590.593611860,11521
61,424,3899590.594426510,11521
62,424,3899590.595229811,11521
63,424,3899590.596078562,11521
64,424,3899590.596911413,11521
65,424,3899590.597748844,11521
66,424,3899590.601633542,11521
67,424,3899590.602526995,11521
68,424,3899590.603364876,11521
69,424,3899590.604237738,11521
70,424,3899590.605080600,11521
71,424,3899590.605844689,11521
72,424,3899590.606698501,11521
73,424,3899590.607507441,11521
74,424,3899590.608304351,11521
75,424,3899590.609105971,11521
76,424,3899590.609914072,11521
77,424,3899590.610687381,11521
78,424,3899590.611544943,11521
79,424,3899590.612385284,11521
80,424,3899590.613209365,11521
81,424,3899590.613988165,11521
82,424,3899590.614822206,11521
83,424,3899590.615638236,11521
84,424,3899590.616413686,11521
85,424,3899590.617265468,11521
86,424,3899590.618024387,11521
87,424,3899590.618839357,11521
88,424,3899590.619904804,11521
89,424,3899590.621241828,11521
91,424,3899590.622457959,11521
92,424,3899590.623508355,11521
93,424,3899590.624326396,11521
94,424,3899590.625192308,11521
95,424,3899590.625955377,11521
96,424,3899590.626735437,11521
97,424,3899590.627530277,11521
98,424,3899590.628368018,11521
99,424,3899590.629144808,11521
101,424,3899590.629974359,11521
103,424,3899590.630770499,11521
104,424,3899590.631616030,11521
105,424,3899590.632379570,11521
106,424,3899590.633563609,11521
107,424,3899590.634771420,11521
109,424,3899590.635563540,11521
110,424,3899590.636436392,11521
111,424,3899590.637222482,11521
112,424,3899590.637989911,11521
113,424,3899590.638771641,11521
114,424,3899590.639606752,11521
115,424,3899590.640431053,11521
116,424,3899590.641211833,11521
117,424,3899590.642031173,11521
119,424,3899590.642848004,11521
120,424,3899590.643669765,11521
121,424,3899590.644483435,11521
122,424,3899590.645274175,11521
123,424,3899590.646103946,11521
124,424,3899590.646894736,11521
125,424,3899590.647668206,11521
126,424,3899590.648524787,11521
127,424,3899591.457858613,10817
0,424,3899592.571385006,11585
1,424,3899592.572925015,11585
2,424,3899592.574376322,11585
3,424,3899592.575630144,11585
4,424,3899592.577103631,11585
5,424,3899592.578443975,11585
6,424,3899592.579507612,11585
7,424,3899592.581763769,11585
8,424,3899592.582718733,11585
9,424,3899592.583620786,11585
10,424,3899592.584561859,11585
11,424,3899592.585390620,11585
12,424,3899592.586273173,11585
13,424,3899592.587125784,11585
14,424,3899592.587941385,11585
15,424,3899592.588792906,11585
16,424,3899592.589631758,11585
17,424,3899592.590455188,11585
18,424,3899592.591237618,11585
19,424,3899592.592019978,11585
20,424,3899592.592833219,11585
21,424,3899592.593641059,11585
23,424,3899592.594406988,11585
25,424,3899592.595240929,11585
26,424,3899592.596058030,11585
27,424,3899592.596895271,11585
28,424,3899592.597664741,11585
29,424,3899592.598530452,11585
30,424,3899592.599378434,11585
31,424,3899592.600148784,11585
32,424,3899592.601748264,11585
33,424,3899592.602792010,11585
34,424,3899592.603691773,11585
35,424,3899592.604525824,11585
36,424,3899592.605362755,11585
37,424,3899592.606188506,11585
38,424,3899592.611178002,11585
39,424,3899592.612029664,11585
40,424,3899592.612944717,11585
41,424,3899592.613776528,11585
42,424,3899592.614585718,11585
43,424,3899592.615450340,11585
44,424,3899592.616233420,11585
45,424,3899592.617093522,11585
46,424,3899592.617958503,11585
47,424,3899592.618752504,11585
48,424,3899592.619579475,11585
49,424,3899592.620461327,11585
50,424,3899592.621325839,11585
51,424,3899592.622159960,11585
52,424,3899592.622957360,11585
53,424,3899592.623843672,11585
54,424,3899592.624679063,11585
55,424,3899592.625538725,11585
56,424,3899592.626386196,11585
57,424,3899592.627214257,11585
58,424,3899592.628048178,11585
59,424,3899592.628855679,11585
60,424,3899592.629706140,11585
61,424,3899592.630540612,11585
62,424,3899592.631355992,11585
63,424,3899592.632227214,11585
64,424,3899592.633102536,11585
65,424,3899592.633948578,11585
66,424,3899592.634752168,11585
67,424,3899592.635575809,11585
68,424,3899592.636414560,11585
69,424,3899592.637288372,11585
70,424,3899592.638145204,11585
71,424,3899592.638915393,11585
72,424,3899592.639779965,11585
73,424,3899592.640591475,11585
74,424,3899592.641428167,11585
75,424,3899592.642787591,11585
76,424,3899592.644031093,11585
77,424,3899592.644858343,11585
78,424,3899592.645734896,11585
79,424,3899592.646587077,11585
80,424,3899592.647407408,11585
81,424,3899592.648197718,11585
82,424,3899592.649037319,11585
83,424,3899592.649845220,11585
84,424,3899592.650624869,11585
85,424,3899592.651471901,11585
86,424,3899592.652277911,11585
87,424,3899592.653111932,11585
88,424,3899592.653918542,11585
89,424,3899592.654806345,11585
91,424,3899592.655629896,11585
92,424,3899592.656493477,11585
93,424,3899592.657289998,11585
94,424,3899592.658132889,11585
95,424,3899592.658895968,11585
96,424,3899592.659680788,11585
97,424,3899592.660485918,11585
98,424,3899592.661327730,11585
99,424,3899592.662107769,11585
101,424,3899592.662962821,11585
103,424,3899592.663765211,11585
104,424,3899592.664613903,11585
105,424,3899592.665380382,11585
106,424,3899592.666149821,11585
107,424,3899592.666925911,11585
109,424,3899592.667688860,11585
110,424,3899592.668549482,11585
111,424,3899592.669330152,11585
112,424,3899592.671366533,11585
113,424,3899592.672226915,11585
114,424,3899592.673075037,11585
115,424,3899592.673868437,11585
116,424,3899592.674646186,11585
117,424,3899592.675467507,11585
119,424,3899592.676285558,11585
120,424,3899592.677103648,11585
121,424,3899592.677911219,11585
122,424,3899592.678684578,11585
123,424,3899592.679491819,11585
124,424,3899592.680304119,11585
125,424,3899592.681079599,11585
126,424,3899592.681892930,11585
127,424,3899593.184256756,10881
0,424,3899593.823175964,11649
1,424,3899593.824174580,11649
2,424,3899593.825023831,11649
3,424,3899593.825862222,11649
4,424,3899593.826756665,11649
5,424,3899593.827896934,11649
6,424,3899593.828833427,11649
7,424,3899593.829724320,11649
8,424,3899593.830524980,11649
9,424,3899593.831349571,11649
10,424,3899593.832175252,11649
11,424,3899593.832973032,11649
12,424,3899593.833838104,11649
13,424,3899593.834664005,11649
14,424,3899593.835731622,11649
15,424,3899593.836579633,11649
16,424,3899593.837393134,11649
17,424,3899593.839632850,11649
18,424,3899593.840494902,11649
19,424,3899593.841276872,11649
20,424,3899593.842159834,11649
21,424,3899593.842939224,11649
23,424,3899593.843708553,11649
25,424,3899593.844555755,11649
26,424,3899593.845394296,11649
27,424,3899593.846230697,11649
28,424,3899593.847022967,11649
29,424,3899593.847875828,11649
30,424,3899593.848634988,11649
31,424,3899593.849422528,11649
32,424,3899593.850258659,11649
33,424,3899593.851125911,11649
34,424,3899593.851907360,11649
35,424,3899593.852742722,11649
36,424,3899593.853561042,11649
37,424,3899593.854388323,11649
38,424,3899593.855226034,11649
39,424,3899593.856059015,11649
40,424,3899593.856944008,11649
41,424,3899593.857768298,11649
42,424,3899593.858584579,11649
43,424,3899593.859446271,11649
44,424,3899593.860214490,11649
45,424,3899593.861730369,11649
46,424,3899593.862623451,11649
47,424,3899593.863398391,11649
48,424,3899593.864241222,11649
49,424,3899593.865129155,11649
50,424,3899593.865975156,11649
51,424,3899593.866808867,11649
52,424,3899593.867629238,11649
53,424,3899593.868500590,11649
54,424,3899593.869352461,11649
55,424,3899593.870211803,11649
56,424,3899593.871102446,11649
57,424,3899593.871925806,11649
58,424,3899593.875965569,11649
59,424,3899593.876806590,11649
60,424,3899593.877675922,11649
61,424,3899593.878500142,11649
62,424,3899593.879320803,11649
63,424,3899593.880184385,11649
64,424,3899593.881064877,11649
65,424,3899593.881920659,11649
66,424,3899593.882721869,11649
67,424,3899593.883555660,11649
68,424,3899593.884386761,11649
69,424,3899593.885261524,11649
70,424,3899593.886118095,11649
71,424,3899593.886891974,11649
72,424,3899593.887753027,11649
73,424,3899593.888572197,11649
74,424,3899593.889380088,11649
75,424,3899593.890193228,11649
76,424,3899593.891018899,11649
77,424,3899593.891794929,11649
78,424,3899593.892666440,11649
79,424,3899593.894453286,11649
80,424,3899593.895578694,11649
81,424,3899593.896495817,11649
82,424,3899593.897407320,11649
83,424,3899593.898270032,11649
84,424,3899593.899094283,11649
85,424,3899593.899964785,11649
86,424,3899593.900802196,11649
87,424,3899593.901672998,11649
88,424,3899593.902512040,11649
89,424,3899593.903393422,11649
91,424,3899593.904246593,11649
92,424,3899593.905128206,11649
93,424,3899593.905943446,11649
94,424,3899593.906800448,11649
95,424,3899593.907625549,11649
96,424,3899593.908446239,11649
97,424,3899593.909261220,11649
98,424,3899593.910120072,11649
99,424,3899593.910915642,11649
101,424,3899593.911790854,11649
103,424,3899593.912610415,11649
104,424,3899593.913478847,11649
105,424,3899593.914269017,11649
106,424,3899593.915057086,11649
107,424,3899593.915855547,11649
109,424,3899593.916660567,11649
110,424,3899593.917587001,11649
111,424,3899593.918385341,11649
112,424,3899593.919173590,11649
113,424,3899593.919964001,11649
114,424,3899593.920862873,11649
115,424,3899593.921670424,11649
116,424,3899593.922478894,11649
117,424,3899593.923313865,11649
119,424,3899593.924150216,11649
120,424,3899593.924971697,11649
121,424,3899593.925801178,11649
122,424,3899593.926583438,11649
123,424,3899593.927408279,11649
124,424,3899593.928218009,11649
125,424,3899593.929018519,11649
126,424,3899593.929940573,11649
127,424,3899594.438823874,10945
0,424,3899595.079322852,11713
1,424,3899595.080496142,11713
2,424,3899595.081393054,11713
3,424,3899595.082281297,11713
4,424,3899595.083131178,11713
5,424,3899595.084276277,11713
6,424,3899595.085146659,11713
7,424,3899595.086076213,11713
8,424,3899595.086905314,11713
9,424,3899595.087752215,11713
10,424,3899595.088588466,11713
11,424,3899595.089425177,11713
12,424,3899595.090305829,11713
13,424,3899595.091159041,11713
14,424,3899595.091979732,11713
15,424,3899595.092852364,11713
16,424,3899595.093839129,11713
17,424,3899595.095691336,11713
18,424,3899595.096498306,11713
19,424,3899595.097316507,11713
20,424,3899595.098155998,11713
21,424,3899595.098944428,11713
23,424,3899595.099717687,11713
25,424,3899595.100559769,11713
26,424,3899595.101382760,11713
27,424,3899595.102220901,11713
28,424,3899595.102995560,11713
29,424,3899595.103886353,11713
30,424,3899595.104652292,11713
31,424,3899595.105444942,11713
32,424,3899595.106307634,11713
33,424,3899595.107181216,11713
34,424,3899595.107963646,11713
35,424,3899595.108792767,11713
36,424,3899595.109628758,11713
37,424,3899595.110462379,11713
38,424,3899595.111320601,11713
39,424,3899595.112166742,11713
40,424,3899595.113072895,11713
41,424,3899595.113890396,11713
42,424,3899595.114719297,11713
43,424,3899595.115605489,11713
44,424,3899595.116383729,11713
45,424,3899595.117234190,11713
46,424,3899595.118121852,11713
47,424,3899595.118908172,11713
48,424,3899595.119744904,11713
49,424,3899595.120629746,11713
50,424,3899595.121480957,11713
51,424,3899595.122761130,11713
52,424,3899595.123589151,11713
53,424,3899595.124482273,11713
54,424,3899595.125331495,11713
55,424,3899595.126213077,11713
56,424,3899595.127054548,11713
57,424,3899595.127879809,11713
58,424,3899595.131560742,11713
59,424,3899595.132389303,11713
60,424,3899595.133271475,11713
61,424,3899595.134114697,11713
62,424,3899595.134916487,11713
63,424,3899595.135788299,11713
64,424,3899595.136664241,11713
65,424,3899595.137535673,11713
66,424,3899595.138355384,11713
67,424,3899595.139192565,11713
68,424,3899595.140033857,11713
69,424,3899595.140902328,11713
70,424,3899595.141766290,11713
71,424,3899595.142549090,11713
72,424,3899595.143416302,11713
73,424,3899595.144239273,11713
74,424,3899595.145054503,11713
75,424,3899595.145861744,11713
76,424,3899595.146693925,11713
77,424,3899595.147479505,11713
78,424,3899595.148353477,11713
79,424,3899595.149205678,11713
80,424,3899595.150031109,11713
81,424,3899595.150819099,11713
82,424,3899595.151670771,11713
83,424,3899595.152498712,11713
84,424,3899595.153290581,11713
85,424,3899595.154147413,11713
86,424,3899595.154957303,11713
87,424,3899595.155794375,11713
88,424,3899595.156627176,11713
89,424,3899595.157502888,11713
91,424,3899595.158335489,11713
92,424,3899595.159227982,11713
93,424,3899595.160039622,11713
94,424,3899595.160883333,11713
95,424,3899595.161659973,11713
96,424,3899595.162451143,11713
97,424,3899595.163252453,11713
98,424,3899595.164104755,11713
99,424,3899595.164881674,11713
101,424,3899595.165733616,11713
103,424,3899595.166539456,11713
104,424,3899595.167426239,11713
105,424,3899595.168202018,11713
106,424,3899595.168965838,11713
107,424,3899595.169755397,11713
109,424,3899595.170528517,11713
110,424,3899595.171403479,11713
111,424,3899595.172189899,11713
112,424,3899595.172961538,11713
113,424,3899595.173781449,11713
114,424,3899595.174623841,11713
115,424,3899595.175430391,11713
116,424,3899595.176217931,11713
117,424,3899595.177047732,11713
119,424,3899595.177870663,11713
120,424,3899595.178734504,11713
121,424,3899595.179567425,11713
122,424,3899595.180371396,11713
123,424,3899595.181201997,11713
124,424,3899595.181997347,11713
125,424,3899595.182780927,11713
126,424,3899595.183695000,11713
127,424,3899595.769425013,11009
0,424,3899596.411121462,11777
1,424,3899596.412149557,11777
2,424,3899596.413018429,11777
3,424,3899596.413877831,11777
4,424,3899596.414812335,11777
5,424,3899596.415892012,11777
6,424,3899596.416774404,11777
7,424,3899596.417753489,11777
8,424,3899596.418708833,11777
9,424,3899596.419562625,11777
10,424,3899596.420403186,11777
11,424,3899596.421230127,11777
12,424,3899596.422111539,11777
13,424,3899596.423345870,11777
14,424,3899596.424308755,11777
15,424,3899596.425184687,11777
16,424,3899596.427435674,11777
17,424,3899596.428444239,11777
18,424,3899596.429230919,11777
19,424,3899596.430041309,11777
20,424,3899596.430882641,11777
21,424,3899596.431677981,11777
23,424,3899596.432452981,11777
25,424,3899596.433293092,11777
26,424,3899596.434116783,11777
27,424,3899596.434966164,11777
28,424,3899596.435758254,11777
29,424,3899596.436627386,11777
30,424,3899596.437407116,11777
31,424,3899596.438185746,11777
32,424,3899596.439034727,11777
33,424,3899596.439928270,11777
34,424,3899596.440736430,11777
35,424,3899596.441575051,11777
36,424,3899596.442400362,11777
37,424,3899596.443249983,11777
38,424,3899596.444099365,11777
39,424,3899596.444924216,11777
40,424,3899596.445830389,11777
41,424,3899596.446773923,11777
42,424,3899596.448809004,11777
43,424,3899596.449888531,11777
44,424,3899596.450783404,11777
45,424,3899596.451700237,11777
46,424,3899596.452600620,11777
47,424,3899596.453404170,11777
48,424,3899596.454251972,11777
49,424,3899596.455125564,11777
50,424,3899596.455986945,11777
51,424,3899596.456831437,11777
52,424,3899596.457656538,11777
53,424,3899596.458541990,11777
54,424,3899596.459448183,11777
55,424,3899596.464469050,11777
56,424,3899596.465476525,11777
57,424,3899596.466332547,11777
58,424,3899596.467171658,11777
59,424,3899596.468016999,11777
60,424,3899596.468883341,11777
61,424,3899596.469725172,11777
62,424,3899596.470556744,11777
63,424,3899596.471430596,11777
64,424,3899596.472321698,11777
65,424,3899596.473198600,11777
66,424,3899596.474021291,11777
67,424,3899596.474864492,11777
68,424,3899596.475708474,11777
69,424,3899596.476649158,11777
70,424,3899596.477522769,11777
71,424,3899596.478313640,11777
72,424,3899596.479189512,11777
73,424,3899596.480016063,11777
74,424,3899596.480821593,11777
75,424,3899596.481646714,11777
76,424,3899596.482481635,11777
77,424,3899596.483281125,11777
78,424,3899596.484166877,11777
79,424,3899596.485027899,11777
80,424,3899596.485850920,11777
81,424,3899596.486653890,11777
82,424,3899596.487506562,11777
83,424,3899596.488336533,11777
84,424,3899596.489130853,11777
85,424,3899596.489983884,11777
86,424,3899596.490800095,11777
87,424,3899596.491644457,11777
88,424,3899596.492476967,11777
89,424,3899596.493362020,11777
91,424,3899596.494202161,11777
92,424,3899596.495084824,11777
93,424,3899596.495897424,11777
94,424,3899596.496748686,11777
95,424,3899596.497533805,11777
96,424,3899596.498326295,11777
97,424,3899596.499157156,11777
98,424,3899596.500017838,11777
99,424,3899596.500803608,11777
101,424,3899596.501665750,11777
103,424,3899596.502478640,11777
104,424,3899596.503338092,11777
105,424,3899596.504115602,11777
106,424,3899596.504889231,11777
107,424,3899596.505680911,11777
109,424,3899596.506458881,11777
110,424,3899596.507331103,11777
111,424,3899596.508132853,11777
112,424,3899596.508909893,11777
113,424,3899596.509706713,11777
114,424,3899596.510590475,11777
115,424,3899596.511404116,11777
116,424,3899596.512195346,11777
117,424,3899596.513033037,11777
119,424,3899596.513863078,11777
120,424,3899596.514696569,11777
121,424,3899596.515527700,11777
122,424,3899596.516313140,11777
123,424,3899596.517134411,11777
124,424,3899596.517937351,11777
125,424,3899596.518728641,11777
126,424,3899596.519596363,11777
127,424,3899597.032115016,11073
0,424,3899597.752958904,11841
1,424,3899597.754054822,11841
2,424,3899597.755106829,11841
3,424,3899597.755965990,11841
4,424,3899597.756912504,11841
5,424,3899597.758162296,11841
6,424,3899597.759059918,11841
7,424,3899597.760048343,11841
8,424,3899597.760985527,11841
9,424,3899597.761858919,11841
10,424,3899597.762702710,11841
11,424,3899597.763532751,11841
12,424,3899597.764417394,11841
13,424,3899597.765274795,11841
14,424,3899597.766255560,11841
15,424,3899597.767507572,11841
16,424,3899597.768458446,11841
17,424,3899597.769297927,11841
18,424,3899597.771941224,11841
19,424,3899597.772797886,11841
20,424,3899597.773691818,11841
21,424,3899597.774517999,11841
23,424,3899597.775305879,11841
25,424,3899597.776166031,11841
26,424,3899597.777009342,11841
27,424,3899597.777867364,11841
28,424,3899597.778658374,11841
29,424,3899597.779550976,11841
30,424,3899597.780334866,11841
31,424,3899597.781141227,11841
32,424,3899597.781989668,11841
33,424,3899597.782879731,11841
34,424,3899597.783712092,11841
35,424,3899597.784550863,11841
36,424,3899597.785388974,11841
37,424,3899597.786228095,11841
38,424,3899597.787097957,11841
39,424,3899597.787930038,11841
40,424,3899597.788835471,11841
41,424,3899597.789712903,11841
42,424,3899597.790543214,11841
43,424,3899597.791419386,11841
44,424,3899597.792231047,11841
45,424,3899597.793104099,11841
46,424,3899597.794014042,11841
47,424,3899597.794791172,11841
48,424,3899597.795639213,11841
49,424,3899597.796535956,11841
50,424,3899597.797395947,11841
51,424,3899597.799845869,11841
52,424,3899597.800828264,11841
53,424,3899597.801751637,11841
54,424,3899597.802619759,11841
55,424,3899597.803507002,11841
56,424,3899597.804368983,11841
57,424,3899597.805245856,11841
58,424,3899597.806082627,11841
59,424,3899597.806893867,11841
60,424,3899597.807759409,11841
61,424,3899597.808584000,11841
62,424,3899597.809408931,11841
63,424,3899597.810281603,11841
64,424,3899597.811158175,11841
65,424,3899597.812037077,11841
66,424,3899597.816168512,11841
67,424,3899597.817097005,11841
68,424,3899597.817968607,11841
69,424,3899597.818873530,11841
70,424,3899597.819751442,11841
71,424,3899597.820544782,11841
72,424,3899597.821422134,11841
73,424,3899597.822257176,11841
74,424,3899597.823073726,11841
75,424,3899597.823902837,11841
76,424,3899597.824753799,11841
77,424,3899597.825553579,11841
78,424,3899597.826447461,11841
79,424,3899597.827319694,11841
80,424,3899597.828158105,11841
81,424,3899597.828953765,11841
82,424,3899597.829808926,11841
83,424,3899597.830644678,11841
84,424,3899597.831445008,11841
85,424,3899597.832320310,11841
86,424,3899597.833141701,11841
87,424,3899597.833995312,11841
88,424,3899597.834837274,11841
89,424,3899597.835733936,11841
91,424,3899597.836581138,11841
92,424,3899597.837471690,11841
93,424,3899597.838293191,11841
94,424,3899597.839156953,11841
95,424,3899597.839941923,11841
96,424,3899597.840750913,11841
97,424,3899597.841567494,11841
98,424,3899597.842432045,11841
99,424,3899597.843228126,11841
101,424,3899597.844093867,11841
103,424,3899597.844908698,11841
104,424,3899597.845784860,11841
105,424,3899597.846573310,11841
106,424,3899597.847365550,11841
107,424,3899597.848164081,11841
109,424,3899597.848939270,11841
110,424,3899597.849824603,11841
111,424,3899597.850625663,11841
112,424,3899597.851419973,11841
113,424,3899597.852251344,11841
114,424,3899597.853111875,11841
115,424,3899597.853931706,11841
116,424,3899597.854727506,11841
117,424,3899597.855572338,11841
119,424,3899597.856419809,11841
120,424,3899597.857263490,11841
121,424,3899597.858102142,11841
122,424,3899597.858889172,11841
123,424,3899597.859725673,11841
124,424,3899597.860552303,11841
125,424,3899597.861353914,11841
126,424,3899597.862231726,11841
127,424,3899598.377279413,11137
0,424,3899599.025493936,11905
1,424,3899599.026548492,11905
2,424,3899599.027481236,11905
3,424,3899599.028354248,11905
4,424,3899599.029303752,11905
5,424,3899599.030397729,11905
6,424,3899599.031329673,11905
7,424,3899599.032422581,11905
8,424,3899599.033361214,11905
9,424,3899599.034227136,11905
10,424,3899599.035073368,11905
11,424,3899599.035898348,11905
12,424,3899599.036785081,11905
13,424,3899599.037631212,11905
14,424,3899599.038666609,11905
15,424,3899599.039535990,11905
16,424,3899599.040368192,11905
17,424,3899599.042781832,11905
18,424,3899599.043601683,11905
19,424,3899599.044412734,11905
20,424,3899599.045263395,11905
21,424,3899599.046087976,11905
23,424,3899599.046882836,11905
25,424,3899599.047729878,11905
26,424,3899599.048567849,11905
27,424,3899599.049424440,11905
28,424,3899599.050217650,11905
29,424,3899599.051124753,11905
30,424,3899599.051914983,11905
31,424,3899599.052707753,11905
32,424,3899599.053587506,11905
33,424,3899599.054483378,11905
34,424,3899599.055298149,11905
35,424,3899599.056159331,11905
36,424,3899599.056994212,11905
37,424,3899599.057845353,11905
38,424,3899599.058707805,11905
39,424,3899599.059577277,11905
40,424,3899599.060494460,11905
41,424,3899599.061334811,11905
42,424,3899599.062164922,11905
43,424,3899599.063051055,11905
44,424,3899599.063854125,11905
45,424,3899599.064731857,11905
46,424,3899599.065639630,11905
47,424,3899599.067651211,11905
48,424,3899599.068665877,11905
49,424,3899599.069584530,11905
50,424,3899599.070488203,11905
51,424,3899599.071331684,11905
52,424,3899599.072171255,11905
53,424,3899599.073079628,11905
54,424,3899599.073940140,11905
55,424,3899599.074832012,11905
56,424,3899599.075710965,11905
57,424,3899599.076669209,11905
58,424,3899599.077589352,11905
59,424,3899599.078415613,11905
60,424,3899599.083420149,11905
61,424,3899599.084425795,11905
62,424,3899599.085265936,11905
63,424,3899599.086175129,11905
64,424,3899599.087075782,11905
65,424,3899599.087943304,11905
66,424,3899599.088786655,11905
67,424,3899599.089658237,11905
68,424,3899599.090530089,11905
69,424,3899599.091439812,11905
70,424,3899599.092317124,11905
71,424,3899599.093113754,11905
72,424,3899599.093985347,11905
73,424,3899599.094824438,11905
74,424,3899599.095646629,11905
75,424,3899599.096472869,11905
76,424,3899599.097316141,11905
77,424,3899599.098122601,11905
78,424,3899599.099013934,11905
79,424,3899599.099877945,11905
80,424,3899599.100719707,11905
81,424,3899599.101527817,11905
82,424,3899599.102391709,11905
83,424,3899599.103231440,11905
84,424,3899599.104028810,11905
85,424,3899599.104892782,11905
86,424,3899599.105717273,11905
87,424,3899599.106573135,11905
88,424,3899599.107410916,11905
89,424,3899599.108312969,11905
91,424,3899599.109164450,11905
92,424,3899599.110053353,11905
93,424,3899599.110870373,11905
94,424,3899599.111734835,11905
95,424,3899599.112526775,11905
96,424,3899599.113333245,11905
97,424,3899599.114158886,11905
98,424,3899599.115024308,11905
99,424,3899599.115834069,11905
101,424,3899599.116713411,11905
103,424,3899599.117544822,11905
104,424,3899599.118417304,11905
105,424,3899599.119206764,11905
106,424,3899599.119985444,11905
107,424,3899599.120795314,11905
109,424,3899599.121583654,11905
110,424,3899599.122466356,11905
111,424,3899599.123271096,11905
112,424,3899599.124057687,11905
113,424,3899599.124862757,11905
114,424,3899599.125756670,11905
115,424,3899599.126576870,11905
116,424,3899599.127373240,11905
117,424,3899599.128219172,11905
119,424,3899599.129065353,11905
120,424,3899599.129905074,11905
121,424,3899599.130739796,11905
122,424,3899599.131531585,11905
123,424,3899599.132369337,11905
124,424,3899599.133187937,11905
125,424,3899599.133975147,11905
126,424,3899599.134845429,11905
127,424,3899599.651469406,11201
0,424,3899600.301510444,11969
1,424,3899600.302597072,11969
2,424,3899600.303641788,11969
3,424,3899600.304539671,11969
4,424,3899600.305491905,11969
5,424,3899600.306720216,11969
6,424,3899600.307632599,11969
7,424,3899600.308595324,11969
8,424,3899600.309537387,11969
9,424,3899600.310398409,11969
10,424,3899600.311246900,11969
11,424,3899600.312084252,11969
12,424,3899600.312968664,11969
13,424,3899600.313827836,11969
14,424,3899600.314743529,11969
15,424,3899600.315814766,11969
16,424,3899600.316655737,11969
17,424,3899600.317505439,11969
18,424,3899600.319942520,11969
19,424,3899600.320825113,11969
20,424,3899600.321693764,11969
21,424,3899600.322501575,11969
23,424,3899600.323307745,11969
25,424,3899600.324187418,11969
26,424,3899600.325032379,11969
27,424,3899600.325883370,11969
28,424,3899600.326680970,11969
29,424,3899600.327579923,11969
30,424,3899600.328363213,11969
31,424,3899600.329156133,11969
32,424,3899600.330024515,11969
33,424,3899600.330925608,11969
34,424,3899600.331749449,11969
35,424,3899600.332593050,11969
36,424,3899600.333452582,11969
37,424,3899600.334297743,11969
38,424,3899600.335156775,11969
39,424,3899600.335994856,11969
40,424,3899600.336928049,11969
41,424,3899600.337771031,11969
42,424,3899600.338596892,11969
43,424,3899600.339496785,11969
44,424,3899600.340300805,11969
45,424,3899600.341162727,11969
46,424,3899600.342070579,11969
47,424,3899600.342871140,11969
48,424,3899600.343723221,11969
49,424,3899600.344606794,11969
50,424,3899600.346803769,11969
51,424,3899600.347840865,11969
52,424,3899600.348808380,11969
53,424,3899600.349719143,11969
54,424,3899600.350574985,11969
55,424,3899600.351467847,11969
56,424,3899600.352343129,11969
57,424,3899600.353207601,11969
58,424,3899600.354043022,11969
59,424,3899600.354876453,11969
60,424,3899600.355745625,11969
61,424,3899600.356587486,11969
62,424,3899600.357424538,11969
63,424,3899600.358296029,11969
64,424,3899600.359227003,11969
65,424,3899600.363816619,11969
66,424,3899600.364682371,11969
67,424,3899600.365634035,11969
68,424,3899600.366520908,11969
69,424,3899600.367491982,11969
70,424,3899600.368384144,11969
71,424,3899600.369186095,11969
72,424,3899600.370069947,11969
73,424,3899600.370898688,11969
74,424,3899600.371718719,11969
75,424,3899600.372557390,11969
76,424,3899600.373402411,11969
77,424,3899600.374203402,11969
78,424,3899600.375094854,11969
79,424,3899600.375961126,11969
80,424,3899600.376803887,11969
81,424,3899600.377621588,11969
82,424,3899600.378478620,11969
83,424,3899600.379326011,11969
84,424,3899600.380129881,11969
85,424,3899600.380989313,11969
86,424,3899600.381817484,11969
87,424,3899600.382678466,11969
88,424,3899600.383577088,11969
89,424,3899600.384477331,11969
91,424,3899600.385326633,11969
92,424,3899600.386220975,11969
93,424,3899600.387044606,11969
94,424,3899600.387901328,11969
95,424,3899600.388690878,11969
96,424,3899600.389493398,11969
97,424,3899600.390311149,11969
98,424,3899600.391174720,11969
99,424,3899600.391964071,11969
101,424,3899600.392836553,11969
103,424,3899600.393661093,11969
104,424,3899600.394535065,11969
105,424,3899600.395324616,11969
106,424,3899600.396113445,11969
107,424,3899600.396913065,11969
109,424,3899600.397702885,11969
110,424,3899600.398587108,11969
111,424,3899600.399391648,11969
112,424,3899600.400187598,11969
113,424,3899600.400984579,11969
114,424,3899600.401884831,11969
115,424,3899600.402705672,11969
116,424,3899600.403508642,11969
117,424,3899600.404357854,11969
119,424,3899600.405200905,11969
120,424,3899600.406049386,11969
121,424,3899600.406885137,11969
122,424,3899600.407682068,11969
123,424,3899600.408519639,11969
124,424,3899600.409349830,11969
125,424,3899600.410152230,11969
126,424,3899600.411016272,11969
127,424,3899600.991544164,11265
0,424,3899601.641863099,12033
1,424,3899601.642933416,12033
2,424,3899601.643839309,12033
3,424,3899601.644719521,12033
4,424,3899601.646110726,12033
5,424,3899601.647043680,12033
6,424,3899601.647945543,12033
7,424,3899601.648897277,12033
8,424,3899601.649735588,12033
9,424,3899601.650585809,12033
10,424,3899601.651446481,12033
11,424,3899601.652296763,12033
12,424,3899601.653203026,12033
13,424,3899601.654229812,12033
14,424,3899601.656636202,12033
15,424,3899601.657745130,12033
16,424,3899601.658739655,12033
17,424,3899601.659573647,12033
18,424,3899601.660370337,12033
19,424,3899601.661180777,12033
20,424,3899601.662048049,12033
21,424,3899601.662846839,12033
23,424,3899601.663634339,12033
25,424,3899601.664505121,12033
26,424,3899601.665364933,12033
27,424,3899601.666219815,12033
28,424,3899601.667011935,12033
29,424,3899601.667902147,12033
30,424,3899601.668685777,12033
31,424,3899601.669504047,12033
32,424,3899601.670389260,12033
33,424,3899601.671291513,12033
34,424,3899601.672119174,12033
35,424,3899601.672958325,12033
36,424,3899601.673806896,12033
37,424,3899601.674677798,12033
38,424,3899601.675543160,12033
39,424,3899601.676393192,12033
40,424,3899601.677316235,12033
41,424,3899601.678402683,12033
42,424,3899601.679259084,12033
43,424,3899601.680168207,12033
44,424,3899601.681851360,12033
45,424,3899601.682734102,12033
46,424,3899601.683627995,12033
47,424,3899601.684467636,12033
48,424,3899601.685335218,12033
49,424,3899601.686228630,12033
50,424,3899601.687096162,12033
51,424,3899601.692509709,12033
52,424,3899601.693376741,12033
53,424,3899601.694286644,12033
54,424,3899601.695174307,12033
55,424,3899601.696088530,12033
56,424,3899601.696969412,12033
57,424,3899601.697898615,12033
58,424,3899601.698766937,12033
59,424,3899601.699627049,12033
60,424,3899601.700562793,12033
61,424,3899601.701419874,12033
62,424,3899601.702259875,12033
63,424,3899601.703165138,12033
64,424,3899601.704080041,12033
65,424,3899601.704965474,12033
66,424,3899601.705817385,12033
67,424,3899601.706673897,12033
68,424,3899601.707550269,12033
69,424,3899601.708465882,12033
70,424,3899601.709366035,12033
71,424,3899601.710185946,12033
72,424,3899601.711078368,12033
73,424,3899601.711913210,12033
74,424,3899601.712788972,12033
75,424,3899601.713629733,12033
76,424,3899601.714479024,12033
77,424,3899601.715286815,12033
78,424,3899601.716180517,12033
79,424,3899601.717064200,12033
80,424,3899601.717904791,12033
81,424,3899601.718728522,12033
82,424,3899601.719599054,12033
83,424,3899601.720449395,12033
84,424,3899601.721256406,12033
85,424,3899601.722131358,12033
86,424,3899601.722953198,12033
87,424,3899601.723822231,12033
88,424,3899601.724673692,12033
89,424,3899601.725577165,12033
91,424,3899601.726428676,12033
92,424,3899601.727323779,12033
93,424,3899601.728171540,12033
94,424,3899601.729045863,12033
95,424,3899601.729836903,12033
96,424,3899601.730645433,12033
97,424,3899601.731465213,12033
98,424,3899601.732341016,12033
99,424,3899601.733157987,12033
101,424,3899601.734036749,12033
103,424,3899601.734884510,12033
104,424,3899601.735767222,12033
105,424,3899601.736559242,12033
106,424,3899601.737354282,12033
107,424,3899601.738164693,12033
109,424,3899601.738944373,12033
110,424,3899601.739862156,12033
111,424,3899601.740671046,12033
112,424,3899601.741495877,12033
113,424,3899601.742311568,12033
114,424,3899601.743178900,12033
115,424,3899601.743997350,12033
116,424,3899601.744799141,12033
117,424,3899601.745654052,12033
119,424,3899601.746509224,12033
120,424,3899601.747361415,12033
121,424,3899601.748205867,12033
122,424,3899601.749014017,12033
123,424,3899601.749877599,12033
124,424,3899601.750719170,12033
125,424,3899601.751527191,12033
126,424,3899601.752430174,12033
127,424,3899602.273583905,11329
0,424,3899602.931595174,12097
1,424,3899602.932742813,12097
2,424,3899602.933779429,12097
3,424,3899602.934691392,12097
4,424,3899602.935566055,12097
5,424,3899602.937044752,12097
6,424,3899602.937960165,12097
7,424,3899602.938954450,12097
8,424,3899602.939941405,12097
9,424,3899602.940814177,12097
10,424,3899602.941671379,12097
11,424,3899602.942522980,12097
12,424,3899602.943426213,12097
13,424,3899602.944293225,12097
14,424,3899602.945150817,12097
15,424,3899602.946024509,12097
16,424,3899602.946946692,12097
17,424,3899602.948124072,12097
18,424,3899602.948916702,12097
19,424,3899602.951983230,12097
20,424,3899602.953024396,12097
21,424,3899602.953892148,12097
23,424,3899602.954692698,12097
25,424,3899602.955637592,12097
26,424,3899602.956502544,12097
27,424,3899602.957374076,12097
28,424,3899602.958215317,12097
29,424,3899602.959119520,12097
30,424,3899602.959898339,12097
31,424,3899602.960703040,12097
32,424,3899602.961568252,12097
33,424,3899602.962466304,12097
34,424,3899602.963280915,12097
35,424,3899602.964154787,12097
36,424,3899602.965009039,12097
37,424,3899602.965859020,12097
38,424,3899602.966751293,12097
39,424,3899602.967621455,12097
40,424,3899602.968586649,12097
41,424,3899602.969442091,12097
42,424,3899602.970303172,12097
43,424,3899602.971207585,12097
44,424,3899602.972012866,12097
45,424,3899602.972904328,12097
46,424,3899602.973813351,12097
47,424,3899602.974621531,12097
48,424,3899602.975496804,12097
49,424,3899602.976418707,12097
50,424,3899602.977297929,12097
51,424,3899602.978142800,12097
52,424,3899602.978967751,12097
53,424,3899602.979880864,12097
54,424,3899602.980752477,12097
55,424,3899602.981654749,12097
56,424,3899602.982528371,12097
57,424,3899602.983399653,12097
58,424,3899602.984344577,12097
59,424,3899602.985528877,12097
60,424,3899602.986422220,12097
61,424,3899602.987285142,12097
62,424,3899602.990800680,12097
63,424,3899602.991701893,12097
64,424,3899602.992623406,12097
65,424,3899602.993516579,12097
66,424,3899602.994361501,12097
67,424,3899602.995233352,12097
68,424,3899602.996102165,12097
69,424,3899602.997026278,12097
70,424,3899602.997927691,12097
71,424,3899602.998758292,12097
72,424,3899602.999669055,12097
73,424,3899603.000523636,12097
74,424,3899603.001361937,12097
75,424,3899603.002206469,12097
76,424,3899603.003071470,12097
77,424,3899603.003882571,12097
78,424,3899603.004789624,12097
79,424,3899603.005675846,12097
80,424,3899603.006537468,12097
81,424,3899603.007357609,12097
82,424,3899603.008243471,12097
83,424,3899603.009107323,12097
84,424,3899603.009913883,12097
85,424,3899603.010799756,12097
86,424,3899603.011635357,12097
87,424,3899603.012507739,12097
88,424,3899603.013370631,12097
89,424,3899603.014280694,12097
91,424,3899603.015146226,12097
92,424,3899603.016045729,12097
93,424,3899603.016870469,12097
94,424,3899603.017752292,12097
95,424,3899603.018558282,12097
96,424,3899603.019373862,12097
97,424,3899603.020197994,12097
98,424,3899603.021077286,12097
99,424,3899603.021880696,12097
101,424,3899603.022817970,12097
103,424,3899603.023649421,12097
104,424,3899603.024537303,12097
105,424,3899603.025338313,12097
106,424,3899603.026143834,12097
107,424,3899603.026950134,12097
109,424,3899603.027749214,12097
110,424,3899603.028645737,12097
111,424,3899603.029466838,12097
112,424,3899603.030266608,12097
113,424,3899603.031123559,12097
114,424,3899603.031990772,12097
115,424,3899603.032822893,12097
116,424,3899603.033632913,12097
117,424,3899603.034488175,12097
119,424,3899603.035348246,12097
120,424,3899603.036206208,12097
121,424,3899603.037053439,12097
122,424,3899603.037847240,12097
123,424,3899603.038692361,12097
124,424,3899603.039522212,12097
125,424,3899603.040326192,12097
126,424,3899603.041192454,12097
127,424,3899603.562473939,11393
0,424,3899604.297508675,12161
1,424,3899604.298536931,12161
2,424,3899604.299444274,12161
3,424,3899604.300349087,12161
4,424,3899604.301508606,12161
5,424,3899604.302310206,12161
6,424,3899604.303196799,12161
7,424,3899604.304119332,12161
8,424,3899604.304968064,12161
9,424,3899604.305823075,12161
10,424,3899604.306683797,12161
11,424,3899604.307521728,12161
12,424,3899604.308444192,12161
13,424,3899604.310041252,12161
14,424,3899604.310911384,12161
15,424,3899604.311810237,12161
16,424,3899604.312661938,12161
17,424,3899604.313504969,12161
18,424,3899604.314301949,12161
19,424,3899604.315115590,12161
20,424,3899604.315973932,12161
21,424,3899604.316800953,12161
23,424,3899604.317619053,12161
25,424,3899604.318494626,12161
26,424,3899604.319354827,12161
27,424,3899604.320241480,12161
28,424,3899604.321108932,12161
29,424,3899604.322008704,12161
30,424,3899604.322805775,12161
31,424,3899604.323607835,12161
32,424,3899604.324484207,12161
33,424,3899604.325408400,12161
34,424,3899604.326226511,12161
35,424,3899604.327083303,12161
36,424,3899604.327945924,12161
37,424,3899604.328805806,12161
38,424,3899604.329673418,12161
39,424,3899604.330891179,12161
40,424,3899604.331833923,12161
41,424,3899604.335418193,12161
42,424,3899604.336451409,12161
43,424,3899604.337393733,12161
44,424,3899604.338209314,12161
45,424,3899604.339089426,12161
46,424,3899604.339993309,12161
47,424,3899604.340810789,12161
48,424,3899604.341685212,12161
49,424,3899604.342615495,12161
50,424,3899604.343518848,12161
51,424,3899604.344381970,12161
52,424,3899604.345235221,12161
53,424,3899604.346172105,12161
54,424,3899604.347061977,12161
55,424,3899604.347986691,12161
56,424,3899604.348891063,12161
57,424,3899604.349768446,12161
58,424,3899604.350637008,12161
59,424,3899604.351488319,12161
60,424,3899604.352447904,12161
61,424,3899604.353327986,12161
62,424,3899604.354186857,12161
63,424,3899604.355081950,12161
64,424,3899604.355974642,12161
65,424,3899604.356880236,12161
66,424,3899604.357722717,12161
67,424,3899604.358597959,12161
68,424,3899604.359485591,12161
69,424,3899604.360397025,12161
70,424,3899604.361302997,12161
71,424,3899604.362136488,12161
72,424,3899604.363045761,12161
73,424,3899604.363901613,12161
74,424,3899604.364741564,12161
75,424,3899604.365599646,12161
76,424,3899604.366459318,12161
77,424,3899604.367278148,12161
78,424,3899604.368184281,12161
79,424,3899604.369069224,12161
80,424,3899604.369915455,12161
81,424,3899604.370745186,12161
82,424,3899604.371626368,12161
83,424,3899604.372488900,12161
84,424,3899604.373312171,12161
85,424,3899604.374200133,12161
86,424,3899604.375037795,12161
87,424,3899604.375903426,12161
88,424,3899604.376763038,12161
89,424,3899604.377670631,12161
91,424,3899604.378529123,12161
92,424,3899604.379434906,12161
93,424,3899604.380270867,12161
94,424,3899604.381149449,12161
95,424,3899604.381966799,12161
96,424,3899604.382814731,12161
97,424,3899604.383647372,12161
98,424,3899604.384525094,12161
99,424,3899604.385335455,12161
101,424,3899604.386249388,12161
103,424,3899604.387111920,12161
104,424,3899604.387991382,12161
105,424,3899604.388812643,12161
106,424,3899604.389615913,12161
107,424,3899604.390429383,12161
109,424,3899604.391228013,12161
110,424,3899604.392128566,12161
111,424,3899604.392936657,12161
112,424,3899604.393760808,12161
113,424,3899604.394585528,12161
114,424,3899604.395455320,12161
115,424,3899604.396286431,12161
116,424,3899604.397120022,12161
117,424,3899604.399059731,12161
119,424,3899604.400084727,12161
120,424,3899604.401071562,12161
121,424,3899604.401921224,12161
122,424,3899604.402735454,12161
123,424,3899604.403580756,12161
124,424,3899604.404416387,12161
125,424,3899604.405222447,12161
126,424,3899604.406078529,12161
127,424,3899605.157586891,11457
0,424,3899606.124748094,12225
1,424,3899606.125807150,12225
2,424,3899606.126702343,12225
3,424,3899606.127593106,12225
4,424,3899606.128552000,12225
5,424,3899606.129774471,12225
6,424,3899606.130780256,12225
7,424,3899606.131916645,12225
8,424,3899606.132944111,12225
9,424,3899606.133825913,12225
10,424,3899606.134701635,12225
11,424,3899606.135560187,12225
12,424,3899606.136477920,12225
13,424,3899606.137341032,12225
14,424,3899606.138484581,12225
15,424,3899606.139383684,12225
16,424,3899606.140239085,12225
17,424,3899606.142869672,12225
18,424,3899606.143801515,12225
19,424,3899606.144629596,12225
20,424,3899606.145527809,12225
21,424,3899606.146371870,12225
23,424,3899606.147173290,12225
25,424,3899606.148061173,12225
26,424,3899606.148913024,12225
27,424,3899606.149778756,12225
28,424,3899606.150652528,12225
29,424,3899606.151579232,12225
30,424,3899606.152372352,12225
31,424,3899606.153178342,12225
32,424,3899606.154054644,12225
33,424,3899606.154957517,12225
34,424,3899606.155781598,12225
35,424,3899606.156644850,12225
36,424,3899606.157504042,12225
37,424,3899606.158381644,12225
38,424,3899606.159257056,12225
39,424,3899606.160120657,12225
40,424,3899606.161071652,12225
41,424,3899606.161922593,12225
42,424,3899606.162770155,12225
43,424,3899606.163668937,12225
44,424,3899606.164490718,12225
45,424,3899606.165369800,12225
46,424,3899606.166276143,12225
47,424,3899606.167164655,12225
48,424,3899606.169333901,12225
49,424,3899606.170408858,12225
50,424,3899606.171432323,12225
51,424,3899606.172306676,12225
52,424,3899606.173148887,12225
53,424,3899606.174051440,12225
54,424,3899606.174935782,12225
55,424,3899606.175846735,12225
56,424,3899606.176725357,12225
57,424,3899606.177609080,12225
58,424,3899606.178455351,12225
59,424,3899606.179303612,12225
60,424,3899606.180201265,12225
61,424,3899606.184936185,12225
62,424,3899606.185932810,12225
63,424,3899606.186873474,12225
64,424,3899606.187785617,12225
65,424,3899606.188682049,12225
66,424,3899606.189516331,12225
67,424,3899606.190383282,12225
68,424,3899606.192732372,12225
69,424,3899606.195121082,12225
70,424,3899606.196113147,12225
71,424,3899606.197032981,12225
72,424,3899606.198022926,12225
73,424,3899606.198912108,12225
74,424,3899606.199787890,12225
75,424,3899606.200690533,12225
76,424,3899606.201587685,12225
77,424,3899606.202450047,12225
78,424,3899606.203399301,12225
79,424,3899606.204327745,12225
80,424,3899606.205213487,12225
81,424,3899606.206083299,12225
82,424,3899606.207008982,12225
83,424,3899606.207898905,12225
84,424,3899606.208744777,12225
85,424,3899606.209657809,12225
86,424,3899606.210527951,12225
87,424,3899606.211429594,12225
88,424,3899606.212314627,12225
89,424,3899606.213279481,12225
91,424,3899606.214184464,12225
92,424,3899606.215119778,12225
93,424,3899606.215987209,12225
94,424,3899606.216902083,12225
95,424,3899606.217738394,12225
96,424,3899606.218586535,12225
97,424,3899606.219466577,12225
98,424,3899606.220358760,12225
99,424,3899606.221199111,12225
101,424,3899606.222105974,12225
103,424,3899606.222965116,12225
104,424,3899606.223865259,12225
105,424,3899606.224808052,12225
106,424,3899606.225628463,12225
107,424,3899606.226479075,12225
109,424,3899606.227322886,12225
110,424,3899606.228239729,12225
111,424,3899606.229068580,12225
112,424,3899606.229884641,12225
113,424,3899606.230728192,12225
114,424,3899606.231618315,12225
115,424,3899606.232464046,12225
116,424,3899606.233296877,12225
117,424,3899606.234193849,12225
119,424,3899606.235091732,12225
120,424,3899606.235956954,12225
121,424,3899606.236836106,12225
122,424,3899606.237662077,12225
123,424,3899606.238519789,12225
124,424,3899606.239374631,12225
125,424,3899606.240215262,12225
126,424,3899606.241176026,12225
127,424,3899606.787181365,11521
0,424,3899607.446854406,12289
1,424,3899607.448315723,12289
2,424,3899607.449416801,12289
3,424,3899607.450400526,12289
4,424,3899607.451304088,12289
5,424,3899607.452124939,12289
6,424,3899607.453798982,12289
7,424,3899607.454967151,12289
8,424,3899607.455980277,12289
9,424,3899607.456854079,12289
10,424,3899607.457745121,12289
11,424,3899607.458601043,12289
12,424,3899607.459519156,12289
13,424,3899607.460414379,12289
14,424,3899607.461310261,12289
15,424,3899607.462215494,12289
16,424,3899607.463134918,12289
17,424,3899607.464190204,12289
18,424,3899607.466562484,12289
19,424,3899607.467467537,12289
20,424,3899607.468340459,12289
21,424,3899607.469164620,12289
23,424,3899607.469975770,12289
25,424,3899607.470870343,12289
26,424,3899607.471754165,12289
27,424,3899607.472630858,12289
28,424,3899607.473483209,12289
29,424,3899607.474412963,12289
30,424,3899607.475269264,12289
31,424,3899607.476104335,12289
32,424,3899607.476999958,12289
33,424,3899607.477904601,12289
34,424,3899607.478736882,12289
35,424,3899607.479624874,12289
36,424,3899607.480489646,12289
37,424,3899607.481357868,12289
38,424,3899607.482261191,12289
39,424,3899607.483143463,12289
40,424,3899607.484084087,12289
41,424,3899607.484972819,12289
42,424,3899607.485840241,12289
43,424,3899607.486770905,12289
44,424,3899607.487585205,12289
45,424,3899607.489144195,12289
46,424,3899607.490123850,12289
47,424,3899607.490970701,12289
48,424,3899607.491874244,12289
49,424,3899607.492794387,12289
50,424,3899607.497144877,12289
51,424,3899607.498169773,12289
52,424,3899607.499034805,12289
53,424,3899607.499965578,12289
54,424,3899607.500843180,12289
55,424,3899607.501767054,12289
56,424,3899607.502671257,12289
57,424,3899607.503544199,12289
58,424,3899607.504415641,12289
59,424,3899607.505274012,12289
60,424,3899607.506194806,12289
61,424,3899607.507075738,12289
62,424,3899607.507931050,12289
63,424,3899607.508825442,12289
64,424,3899607.509837448,12289
65,424,3899607.511781467,12289
66,424,3899607.512945736,12289
67,424,3899607.513903501,12289
68,424,3899607.514810424,12289
69,424,3899607.515768728,12289
70,424,3899607.516701181,12289
71,424,3899607.517548773,12289
72,424,3899607.518486646,12289
73,424,3899607.519369189,12289
74,424,3899607.520230370,12289
75,424,3899607.521105692,12289
76,424,3899607.521973474,12289
77,424,3899607.522812806,12289
78,424,3899607.523735289,12289
79,424,3899607.524639412,12289
80,424,3899607.525509234,12289
81,424,3899607.526349205,12289
82,424,3899607.527246128,12289
83,424,3899607.528118720,12289
84,424,3899607.529015272,12289
85,424,3899607.529915205,12289
86,424,3899607.530772947,12289
87,424,3899607.531664219,12289
88,424,3899607.532530221,12289
89,424,3899607.533445224,12289
91,424,3899607.534319906,12289
92,424,3899607.535236480,12289
93,424,3899607.536090901,12289
94,424,3899607.536966213,12289
95,424,3899607.537783384,12289
96,424,3899607.538618165,12289
97,424,3899607.539481527,12289
98,424,3899607.540385770,12289
99,424,3899607.541210961,12289
101,424,3899607.543519049,12289
103,424,3899607.544520864,12289
104,424,3899607.545435638,12289
105,424,3899607.546371901,12289
106,424,3899607.547187912,12289
107,424,3899607.548030583,12289
109,424,3899607.548826453,12289
110,424,3899607.549735986,12289
111,424,3899607.550558577,12289
112,424,3899607.551370937,12289
113,424,3899607.552194028,12289
114,424,3899607.553084161,12289
115,424,3899607.553919842,12289
116,424,3899607.554743143,12289
117,424,3899607.555613015,12289
119,424,3899607.556478366,12289
120,424,3899607.557350208,12289
121,424,3899607.558215081,12289
122,424,3899607.559028161,12289
123,424,3899607.559939384,12289
124,424,3899607.561080413,12289
125,424,3899607.561895663,12289
126,424,3899607.562709354,12289
127,424,3899608.086316247,11585
0,424,3899608.750891632,12353
1,424,3899608.751950569,12353
2,424,3899608.752850191,12353
3,424,3899608.753763504,12353
4,424,3899608.755329894,12353
5,424,3899608.756207416,12353
6,424,3899608.757198251,12353
7,424,3899608.758158045,12353
8,424,3899608.759031327,12353
9,424,3899608.759903559,12353
10,424,3899608.760791372,12353
11,424,3899608.761650443,12353
12,424,3899608.762568147,12353
13,424,3899608.763443009,12353
14,424,3899608.764628319,12353
15,424,3899608.767513552,12353
16,424,3899608.768606659,12353
17,424,3899608.769633625,12353
18,424,3899608.770453196,12353
19,424,3899608.771282417,12353
20,424,3899608.772157389,12353
21,424,3899608.772968420,12353
23,424,3899608.773774840,12353
25,424,3899608.774673193,12353
26,424,3899608.775539965,12353
27,424,3899608.776510279,12353
28,424,3899608.777368351,12353
29,424,3899608.778284164,12353
30,424,3899608.779104815,12353
31,424,3899608.779927256,12353
32,424,3899608.780810768,12353
33,424,3899608.781728731,12353
34,424,3899608.782566342,12353
35,424,3899608.783439054,12353
36,424,3899608.784304196,12353
37,424,3899608.785174458,12353
38,424,3899608.786066781,12353
39,424,3899608.786948663,12353
40,424,3899608.787906747,12353
41,424,3899608.788775539,12353
42,424,3899608.789650431,12353
43,424,3899608.790564054,12353
44,424,3899608.791378625,12353
45,424,3899608.792266587,12353
46,424,3899608.793201791,12353
47,424,3899608.794103164,12353
48,424,3899608.795965921,12353
49,424,3899608.797076529,12353
50,424,3899608.798093884,12353
51,424,3899608.798952386,12353
52,424,3899608.799820208,12353
53,424,3899608.800748872,12353
54,424,3899608.801637094,12353
55,424,3899608.802543817,12353
56,424,3899608.807798680,12353
57,424,3899608.808870607,12353
58,424,3899608.809859662,12353
59,424,3899608.810747274,12353
60,424,3899608.811669348,12353
61,424,3899608.812556780,12353
62,424,3899608.813424192,12353
63,424,3899608.814346615,12353
64,424,3899608.815256658,12353
65,424,3899608.816178362,12353
66,424,3899608.817028753,12353
67,424,3899608.817895115,12353
68,424,3899608.818791888,12353
69,424,3899608.819724141,12353
70,424,3899608.820643674,12353
71,424,3899608.821494756,12353
72,424,3899608.822406759,12353
73,424,3899608.823293881,12353
74,424,3899608.824161373,12353
75,424,3899608.825037965,12353
76,424,3899608.825917598,12353
77,424,3899608.826748649,12353
78,424,3899608.827672372,12353
79,424,3899608.828574455,12353
80,424,3899608.829445787,12353
81,424,3899608.830291568,12353
82,424,3899608.831185021,12353
83,424,3899608.832053473,12353
84,424,3899608.832880644,12353
85,424,3899608.833777646,12353
86,424,3899608.834691129,12353
87,424,3899608.835573132,12353
88,424,3899608.836438664,12353
89,424,3899608.837359347,12353
91,424,3899608.838231879,12353
92,424,3899608.839149682,12353
93,424,3899608.839991223,12353
94,424,3899608.840889206,12353
95,424,3899608.841713597,12353
96,424,3899608.842539988,12353
97,424,3899608.843377129,12353
98,424,3899608.844272391,12353
99,424,3899608.845102292,12353
101,424,3899608.845998525,12353
103,424,3899608.846850167,12353
104,424,3899608.847748779,12353
105,424,3899608.848666393,12353
106,424,3899608.849483813,12353
107,424,3899608.850340175,12353
109,424,3899608.851149185,12353
110,424,3899608.852079669,12353
111,424,3899608.852906470,12353
112,424,3899608.853722850,12353
113,424,3899608.854554022,12353
114,424,3899608.855457324,12353
115,424,3899608.856313636,12353
116,424,3899608.857140107,12353
117,424,3899608.858011959,12353
119,424,3899608.858884091,12353
120,424,3899608.859764853,12353
121,424,3899608.860639905,12353
122,424,3899608.861458636,12353
123,424,3899608.862319818,12353
124,424,3899608.863182669,12353
125,424,3899608.864008990,12353
126,424,3899608.864894433,12353
127,424,3899609.393562093,11649
0,424,3899610.059834171,12417
1,424,3899610.060934719,12417
2,424,3899610.062038517,12417
3,424,3899610.063085053,12417
4,424,3899610.064049208,12417
5,424,3899610.065331110,12417
6,424,3899610.066269624,12417
7,424,3899610.067276129,12417
8,424,3899610.068280095,12417
9,424,3899610.069171617,12417
10,424,3899610.070050849,12417
11,424,3899610.070906571,12417
12,424,3899610.071847594,12417
13,424,3899610.072731057,12417
14,424,3899610.073683301,12417
15,424,3899610.075012845,12417
16,424,3899610.076038360,12417
17,424,3899610.076911833,12417
18,424,3899610.077730213,12417
19,424,3899610.080563375,12417
20,424,3899610.081453867,12417
21,424,3899610.082296038,12417
23,424,3899610.083116979,12417
25,424,3899610.083993981,12417
26,424,3899610.084876704,12417
27,424,3899610.085763036,12417
28,424,3899610.086644539,12417
29,424,3899610.087563802,12417
30,424,3899610.088371872,12417
31,424,3899610.089206103,12417
32,424,3899610.090120426,12417
33,424,3899610.091058760,12417
34,424,3899610.091910622,12417
35,424,3899610.092786424,12417
36,424,3899610.093655576,12417
37,424,3899610.094552888,12417
38,424,3899610.095439811,12417
39,424,3899610.096314753,12417
40,424,3899610.097274467,12417
41,424,3899610.098155770,12417
42,424,3899610.099013571,12417
43,424,3899610.099939415,12417
44,424,3899610.100771985,12417
45,424,3899610.101689689,12417
46,424,3899610.102611992,12417
47,424,3899610.103448123,12417
48,424,3899610.104330506,12417
49,424,3899610.105243078,12417
50,424,3899610.106132051,12417
51,424,3899610.107115196,12417
52,424,3899610.109767903,12417
53,424,3899610.110930842,12417
54,424,3899610.112009880,12417
55,424,3899610.113034655,12417
56,424,3899610.113926228,12417
57,424,3899610.114808350,12417
58,424,3899610.115680662,12417
59,424,3899610.116535694,12417
60,424,3899610.117454207,12417
61,424,3899610.118323529,12417
62,424,3899610.119194761,12417
63,424,3899610.120105284,12417
64,424,3899610.121024427,12417
65,424,3899610.121917070,12417
66,424,3899610.122776672,12417
67,424,3899610.123644443,12417
68,424,3899610.124522976,12417
69,424,3899610.125442109,12417
70,424,3899610.126379093,12417
71,424,3899610.130360373,12417
72,424,3899610.131334028,12417
73,424,3899610.132202370,12417
74,424,3899610.133070702,12417
75,424,3899610.133944664,12417
76,424,3899610.134844257,12417
77,424,3899610.135689588,12417
78,424,3899610.136603421,12417
79,424,3899610.137509884,12417
80,424,3899610.138379306,12417
81,424,3899610.139218717,12417
82,424,3899610.140107979,12417
83,424,3899610.140972212,12417
84,424,3899610.141795882,12417
85,424,3899610.142697635,12417
86,424,3899610.143631929,12417
87,424,3899610.144524801,12417
88,424,3899610.145400133,12417
89,424,3899610.146323367,12417
91,424,3899610.147195729,12417
92,424,3899610.148109052,12417
93,424,3899610.148943943,12417
94,424,3899610.149839356,12417
95,424,3899610.150654426,12417
96,424,3899610.151483657,12417
97,424,3899610.152325158,12417
98,424,3899610.153215771,12417
99,424,3899610.154069123,12417
101,424,3899610.154970945,12417
103,424,3899610.155821817,12417
104,424,3899610.156723150,12417
105,424,3899610.157642943,12417
106,424,3899610.158462463,12417
107,424,3899610.159328285,12417
109,424,3899610.160140066,12417
110,424,3899610.161076069,12417
111,424,3899610.161899970,12417
112,424,3899610.162714811,12417
113,424,3899610.163550072,12417
114,424,3899610.164443535,12417
115,424,3899610.165292196,12417
116,424,3899610.166115617,12417
117,424,3899610.166980539,12417
119,424,3899610.167855011,12417
120,424,3899610.168723223,12417
121,424,3899610.169588675,12417
122,424,3899610.170412905,12417
123,424,3899610.171273887,12417
124,424,3899610.172120969,12417
125,424,3899610.172934459,12417
126,424,3899610.173848462,12417
127,424,3899610.883696561,11713
0,424,3899611.550883082,12481
1,424,3899611.552026141,12481
2,424,3899611.553107688,12481
3,424,3899611.554047312,12481
4,424,3899611.554940605,12481
5,424,3899611.556516605,12481
6,424,3899611.557470079,12481
7,424,3899611.558577246,12481
8,424,3899611.559571632,12481
9,424,3899611.560477915,12481
10,424,3899611.561364547,12481
11,424,3899611.562294671,12481
12,424,3899611.563251755,12481
13,424,3899611.564140057,12481
14,424,3899611.565024909,12481
15,424,3899611.565928742,12481
16,424,3899611.566855256,12481
17,424,3899611.567721228,12481
18,424,3899611.568861757,12481
19,424,3899611.569700658,12481
20,424,3899611.573467123,12481
21,424,3899611.574420847,12481
23,424,3899611.575246258,12481
25,424,3899611.576203652,12481
26,424,3899611.577075224,12481
27,424,3899611.577968836,12481
28,424,3899611.578839619,12481
29,424,3899611.579784073,12481
30,424,3899611.580619334,12481
31,424,3899611.581439734,12481
32,424,3899611.582349437,12481
33,424,3899611.583289671,12481
34,424,3899611.584130932,12481
35,424,3899611.585011605,12481
36,424,3899611.585882397,12481
37,424,3899611.586759939,12481
38,424,3899611.587650621,12481
39,424,3899611.588527603,12481
40,424,3899611.589483958,12481
41,424,3899611.590380240,12481
42,424,3899611.591243912,12481
43,424,3899611.592159725,12481
44,424,3899611.592997316,12481
45,424,3899611.593893129,12481
46,424,3899611.594823122,12481
47,424,3899611.595642783,12481
48,424,3899611.596539596,12481
49,424,3899611.597462819,12481
50,424,3899611.598378432,12481
51,424,3899611.599275505,12481
52,424,3899611.600139767,12481
53,424,3899611.601064140,12481
54,424,3899611.601982703,12481
55,424,3899611.602906867,12481
56,424,3899611.603809440,12481
57,424,3899611.604705812,12481
58,424,3899611.605578674,12481
59,424,3899611.606449676,12481
60,424,3899611.607367739,12481
61,424,3899611.608252812,12481
62,424,3899611.609108923,12481
63,424,3899611.610028557,12481
64,424,3899611.612605472,12481
65,424,3899611.613702450,12481
66,424,3899611.614589922,12481
67,424,3899611.615566927,12481
68,424,3899611.616462789,12481
69,424,3899611.617382813,12481
70,424,3899611.618283775,12481
71,424,3899611.619113687,12481
72,424,3899611.620040850,12481
73,424,3899611.620908132,12481
74,424,3899611.621755923,12481
75,424,3899611.622629315,12481
76,424,3899611.623516748,12481
77,424,3899611.624352189,12481
78,424,3899611.627868148,12481
79,424,3899611.628785721,12481
80,424,3899611.629670123,12481
81,424,3899611.630534235,12481
82,424,3899611.631445938,12481
83,424,3899611.632321630,12481
84,424,3899611.633152631,12481
85,424,3899611.634052614,12481
86,424,3899611.634969917,12481
87,424,3899611.635857970,12481
88,424,3899611.636736562,12481
89,424,3899611.637660785,12481
91,424,3899611.638540077,12481
92,424,3899611.639453481,12481
93,424,3899611.640305842,12481
94,424,3899611.641195614,12481
95,424,3899611.642019715,12481
96,424,3899611.642844986,12481
97,424,3899611.643696798,12481
98,424,3899611.644591630,12481
99,424,3899611.645423041,12481
101,424,3899611.646326714,12481
103,424,3899611.647213257,12481
104,424,3899611.648127590,12481
105,424,3899611.649055353,12481
106,424,3899611.649865424,12481
107,424,3899611.650743046,12481
109,424,3899611.651563087,12481
110,424,3899611.652481610,12481
111,424,3899611.653317501,12481
112,424,3899611.654135721,12481
113,424,3899611.654966802,12481
114,424,3899611.655856785,12481
115,424,3899611.656750918,12481
116,424,3899611.657577068,12481
117,424,3899611.658452621,12481
119,424,3899611.659329703,12481
120,424,3899611.660206555,12481
121,424,3899611.661077047,12481
122,424,3899611.661890168,12481
123,424,3899611.662757079,12481
124,424,3899611.663606021,12481
125,424,3899611.664429812,12481
126,424,3899611.665354425,12481
127,424,3899612.252991815,11777
0,424,3899612.926131527,12545
1,424,3899612.927256775,12545
2,424,3899612.928356323,12545
3,424,3899612.929395619,12545
4,424,3899612.930398535,12545
5,424,3899612.931735078,12545
6,424,3899612.932671072,12545
7,424,3899612.933731579,12545
8,424,3899612.934762535,12545
9,424,3899612.935679388,12545
10,424,3899612.936642572,12545
11,424,3899612.937525265,12545
12,424,3899612.938459638,12545
13,424,3899612.939350031,12545
14,424,3899612.940344936,12545
15,424,3899612.941585757,12545
16,424,3899612.942469440,12545
17,424,3899612.945398914,12545
18,424,3899612.946321417,12545
19,424,3899612.947219980,12545
20,424,3899612.948147953,12545
21,424,3899612.949018965,12545
23,424,3899612.949840686,12545
25,424,3899612.950734379,12545
26,424,3899612.951625001,12545
27,424,3899612.952524484,12545
28,424,3899612.953397156,12545
29,424,3899612.954337370,12545
30,424,3899612.955168121,12545
31,424,3899612.955988471,12545
32,424,3899612.956892004,12545
33,424,3899612.957844848,12545
34,424,3899612.958707000,12545
35,424,3899612.959605823,12545
36,424,3899612.960506626,12545
37,424,3899612.961399418,12545
38,424,3899612.962312751,12545
39,424,3899612.963207894,12545
40,424,3899612.964206909,12545
41,424,3899612.965091661,12545
42,424,3899612.965974174,12545
43,424,3899612.966913888,12545
44,424,3899612.967750519,12545
45,424,3899612.968681512,12545
46,424,3899612.969627356,12545
47,424,3899612.970479147,12545
48,424,3899612.971378110,12545
49,424,3899612.972325784,12545
50,424,3899612.974592222,12545
51,424,3899612.975641278,12545
52,424,3899612.976623603,12545
53,424,3899612.977568287,12545
54,424,3899612.978468459,12545
55,424,3899612.979397363,12545
56,424,3899612.980311916,12545
57,424,3899612.981203689,12545
58,424,3899612.982126522,12545
59,424,3899612.982987234,12545
60,424,3899612.983907607,12545
61,424,3899612.988955205,12545
62,424,3899612.990054232,12545
63,424,3899612.991100659,12545
64,424,3899612.992047193,12545
65,424,3899612.992961936,12545
66,424,3899612.993826028,12545
67,424,3899612.994709320,12545
68,424,3899612.995620763,12545
69,424,3899612.996548806,12545
70,424,3899612.997458409,12545
71,424,3899612.998288510,12545
72,424,3899612.999203204,12545
73,424,3899613.000083546,12545
74,424,3899613.000950788,12545
75,424,3899613.001810329,12545
76,424,3899613.002713062,12545
77,424,3899613.003565814,12545
78,424,3899613.004503638,12545
79,424,3899613.005420590,12545
80,424,3899613.006298923,12545
81,424,3899613.007139454,12545
82,424,3899613.008038887,12545
83,424,3899613.008911479,12545
84,424,3899613.009747490,12545
85,424,3899613.010649613,12545
86,424,3899613.011570726,12545
87,424,3899613.012463999,12545
88,424,3899613.013344621,12545
89,424,3899613.014273044,12545
91,424,3899613.015150316,12545
92,424,3899613.016066170,12545
93,424,3899613.016908171,12545
94,424,3899613.017803674,12545
95,424,3899613.018629874,12545
96,424,3899613.019462175,12545
97,424,3899613.020313337,12545
98,424,3899613.021212770,12545
99,424,3899613.022054801,12545
101,424,3899613.022964694,12545
103,424,3899613.023843386,12545
104,424,3899613.024754649,12545
105,424,3899613.025718394,12545
106,424,3899613.026541734,12545
107,424,3899613.027380845,12545
109,424,3899613.028204296,12545
110,424,3899613.029131770,12545
111,424,3899613.029959381,12545
112,424,3899613.030814202,12545
113,424,3899613.031668314,12545
114,424,3899613.032571457,12545
115,424,3899613.033428958,12545
116,424,3899613.034265430,12545
117,424,3899613.035148012,12545
119,424,3899613.036039554,12545
120,424,3899613.036914506,12545
121,424,3899613.037792459,12545
122,424,3899613.038624480,12545
123,424,3899613.039494452,12545
124,424,3899613.040355603,12545
125,424,3899613.041240396,12545
126,424,3899613.042070717,12545
127,424,3899613.570818379,11841
0,424,3899614.244122944,12609
1,424,3899614.245194241,12609
2,424,3899614.246272128,12609
3,424,3899614.247304194,12609
4,424,3899614.248290429,12609
5,424,3899614.249621123,12609
6,424,3899614.250553116,12609
7,424,3899614.251662755,12609
8,424,3899614.252692490,12609
9,424,3899614.253584953,12609
10,424,3899614.254488476,12609
11,424,3899614.255376518,12609
12,424,3899614.256302772,12609
13,424,3899614.257189694,12609
14,424,3899614.258169149,12609
15,424,3899614.259452861,12609
16,424,3899614.260450766,12609
17,424,3899614.261340109,12609
18,424,3899614.264082918,12609
19,424,3899614.264976361,12609
20,424,3899614.265908384,12609
21,424,3899614.266833338,12609
23,424,3899614.267657349,12609
25,424,3899614.268546871,12609
26,424,3899614.269432004,12609
27,424,3899614.270374457,12609
28,424,3899614.271244099,12609
29,424,3899614.272192763,12609
30,424,3899614.273023144,12609
31,424,3899614.273853755,12609
32,424,3899614.274753128,12609
33,424,3899614.275682682,12609
34,424,3899614.276538643,12609
35,424,3899614.277439416,12609
36,424,3899614.278316928,12609
37,424,3899614.279206911,12609
38,424,3899614.280106353,12609
39,424,3899614.280987986,12609
40,424,3899614.281944190,12609
41,424,3899614.282825702,12609
42,424,3899614.283719765,12609
43,424,3899614.284662129,12609
44,424,3899614.285492470,12609
45,424,3899614.286396392,12609
46,424,3899614.287355397,12609
47,424,3899614.288193708,12609
48,424,3899614.289088330,12609
49,424,3899614.290010314,12609
50,424,3899614.290917276,12609
51,424,3899614.293364898,12609
52,424,3899614.294238400,12609
53,424,3899614.295204305,12609
54,424,3899614.296088917,12609
55,424,3899614.297152594,12609
56,424,3899614.298072327,12609
57,424,3899614.298968110,12609
58,424,3899614.299845732,12609
59,424,3899614.300711554,12609
60,424,3899614.301627127,12609
61,424,3899614.302508989,12609
62,424,3899614.303372541,12609
63,424,3899614.304294025,12609
64,424,3899614.305202728,12609
65,424,3899614.306122721,12609
66,424,3899614.310619404,12609
67,424,3899614.311602269,12609
68,424,3899614.312511672,12609
69,424,3899614.313476857,12609
70,424,3899614.314391500,12609
71,424,3899614.315230641,12609
72,424,3899614.316156034,12609
73,424,3899614.317034656,12609
74,424,3899614.317901558,12609
75,424,3899614.318794461,12609
76,424,3899614.319682523,12609
77,424,3899614.320548665,12609
78,424,3899614.321494459,12609
79,424,3899614.322423703,12609
80,424,3899614.323317435,12609
81,424,3899614.324167287,12609
82,424,3899614.325081770,12609
83,424,3899614.325955132,12609
84,424,3899614.326801143,12609
85,424,3899614.327737617,12609
86,424,3899614.328673601,12609
87,424,3899614.329568323,12609
88,424,3899614.330457376,12609
89,424,3899614.331394130,12609
91,424,3899614.332286572,12609
92,424,3899614.333221765,12609
93,424,3899614.334082878,12609
94,424,3899614.334978050,12609
95,424,3899614.335805031,12609
96,424,3899614.336641592,12609
97,424,3899614.337504404,12609
98,424,3899614.338407277,12609
99,424,3899614.339243078,12609
101,424,3899614.340161081,12609
103,424,3899614.341025733,12609
104,424,3899614.341933066,12609
105,424,3899614.342864549,12609
106,424,3899614.343717711,12609
107,424,3899614.344563562,12609
109,424,3899614.345382943,12609
110,424,3899614.346314867,12609
111,424,3899614.347160618,12609
112,424,3899614.347977949,12609
113,424,3899614.348823500,12609
114,424,3899614.349728433,12609
115,424,3899614.350590164,12609
116,424,3899614.351425276,12609
117,424,3899614.352308628,12609
119,424,3899614.353193310,12609
120,424,3899614.354082123,12609
121,424,3899614.354949035,12609
122,424,3899614.355838537,12609
123,424,3899614.357174031,12609
124,424,3899614.358222777,12609
125,424,3899614.359072759,12609
126,424,3899614.360014033,12609
127,424,3899614.910517805,11905
0,424,3899615.583922832,12673
1,424,3899615.584968938,12673
2,424,3899615.585909932,12673
3,424,3899615.586863397,12673
4,424,3899615.587865312,12673
5,424,3899615.588955899,12673
6,424,3899615.589866002,12673
7,424,3899615.590825277,12673
8,424,3899615.591696239,12673
9,424,3899615.592576721,12673
10,424,3899615.593492964,12673
11,424,3899615.594387456,12673
12,424,3899615.595340541,12673
13,424,3899615.596232823,12673
14,424,3899615.597303660,12673
15,424,3899615.598213833,12673
16,424,3899615.599112476,12673
17,424,3899615.600721556,12673
18,424,3899615.601561408,12673
19,424,3899615.602411979,12673
20,424,3899615.603307772,12673
21,424,3899615.604250176,12673
23,424,3899615.605079957,12673
25,424,3899615.605966719,12673
26,424,3899615.606853662,12673
27,424,3899615.607752014,12673
28,424,3899615.608625056,12673
29,424,3899615.609553350,12673
30,424,3899615.610373591,12673
31,424,3899615.611201381,12673
32,424,3899615.612116035,12673
33,424,3899615.613050968,12673
34,424,3899615.613883899,12673
35,424,3899615.614789272,12673
36,424,3899615.615694035,12673
37,424,3899615.616594718,12673
38,424,3899615.617516001,12673
39,424,3899615.618405154,12673
40,424,3899615.619370498,12673
41,424,3899615.620277521,12673
42,424,3899615.621145553,12673
43,424,3899615.622075196,12673
44,424,3899615.622920868,12673
45,424,3899615.624366044,12673
46,424,3899615.625314328,12673
47,424,3899615.626171960,12673
48,424,3899615.627073993,12673
49,424,3899615.628034137,12673
50,424,3899615.628931969,12673
51,424,3899615.629828412,12673
52,424,3899615.630693594,12673
53,424,3899615.631622828,12673
54,424,3899615.632519870,12673
55,424,3899615.636771508,12673
56,424,3899615.637931587,12673
57,424,3899615.638986584,12673
58,424,3899615.639886056,12673
59,424,3899615.640761219,12673
60,424,3899615.641681462,12673
61,424,3899615.642566214,12673
62,424,3899615.643448136,12673
63,424,3899615.644397380,12673
64,424,3899615.645360965,12673
65,424,3899615.646276048,12673
66,424,3899615.647177121,12673
67,424,3899615.648090744,12673
68,424,3899615.649008527,12673
69,424,3899615.649949581,12673
70,424,3899615.650889814,12673
71,424,3899615.651732886,12673
72,424,3899615.652666819,12673
73,424,3899615.653541161,12673
74,424,3899615.654402833,12673
75,424,3899615.655295566,12673
76,424,3899615.656205699,12673
77,424,3899615.657057640,12673
78,424,3899615.658011944,12673
79,424,3899615.658940558,12673
80,424,3899615.659841041,12673
81,424,3899615.660705392,12673
82,424,3899615.661617606,12673
83,424,3899615.662511358,12673
84,424,3899615.663358330,12673
85,424,3899615.664284463,12673
86,424,3899615.665231167,12673
87,424,3899615.666141750,12673
88,424,3899615.667030472,12673
89,424,3899615.667984416,12673
91,424,3899615.668883599,12673
92,424,3899615.669824853,12673
93,424,3899615.670698285,12673
94,424,3899615.671610548,12673
95,424,3899615.672444809,12673
96,424,3899615.673301421,12673
97,424,3899615.674154982,12673
98,424,3899615.675062865,12673
99,424,3899615.675896106,12673
101,424,3899615.676818860,12673
103,424,3899615.677686152,12673
104,424,3899615.678606945,12673
105,424,3899615.679565649,12673
106,424,3899615.680399830,12673
107,424,3899615.681254432,12673
109,424,3899615.682077003,12673
110,424,3899615.683035457,12673
111,424,3899615.683875588,12673
112,424,3899615.684707529,12673
113,424,3899615.685553680,12673
114,424,3899615.686457923,12673
115,424,3899615.687321425,12673
116,424,3899615.688156876,12673
117,424,3899615.689045659,12673
119,424,3899615.689928811,12673
120,424,3899615.690819504,12673
121,424,3899615.691702546,12673
122,424,3899615.692536347,12673
123,424,3899615.693414199,12673
124,424,3899615.694311212,12673
125,424,3899615.695196394,12673
126,424,3899615.696028655,12673
127,424,3899616.325047381,11969
0,424,3899617.007265411,12737
1,424,3899617.008380219,12737
2,424,3899617.009478847,12737
3,424,3899617.010527174,12737
4,424,3899617.011513888,12737
5,424,3899617.012827672,12737
6,424,3899617.013790836,12737
7,424,3899617.014919634,12737
8,424,3899617.015955141,12737
9,424,3899617.016893364,12737
10,424,3899617.017802198,12737
11,424,3899617.018691290,12737
12,424,3899617.019652454,12737
13,424,3899617.020566797,12737
14,424,3899617.021551332,12737
15,424,3899617.022831685,12737
16,424,3899617.023857120,12737
17,424,3899617.024812795,12737
18,424,3899617.027694257,12737
19,424,3899617.028577760,12737
20,424,3899617.029528904,12737
21,424,3899617.030453957,12737
23,424,3899617.031287088,12737
25,424,3899617.032184171,12737
26,424,3899617.033095284,12737
27,424,3899617.034011337,12737
28,424,3899617.034880539,12737
29,424,3899617.035819103,12737
30,424,3899617.036639494,12737
31,424,3899617.037487445,12737
32,424,3899617.038412868,12737
33,424,3899617.039369592,12737
34,424,3899617.040228944,12737
35,424,3899617.041176258,12737
36,424,3899617.042089911,12737
37,424,3899617.042995664,12737
38,424,3899617.043908537,12737
39,424,3899617.044803780,12737
40,424,3899617.045772044,12737
41,424,3899617.046669967,12737
42,424,3899617.047557879,12737
43,424,3899617.048491213,12737
44,424,3899617.049335624,12737
45,424,3899617.050269738,12737
46,424,3899617.051230662,12737
47,424,3899617.052068823,12737
48,424,3899617.052978506,12737
49,424,3899617.053917970,12737
50,424,3899617.054833283,12737
51,424,3899617.055813248,12737
52,424,3899617.058196578,12737
53,424,3899617.059352137,12737
54,424,3899617.060390874,12737
55,424,3899617.061353388,12737
56,424,3899617.062266691,12737
57,424,3899617.063164024,12737
58,424,3899617.064060096,12737
59,424,3899617.064939118,12737
60,424,3899617.065871962,12737
61,424,3899617.066766375,12737
62,424,3899617.067643197,12737
63,424,3899617.068581821,12737
64,424,3899617.069509204,12737
65,424,3899617.070441138,12737
66,424,3899617.071298759,12737
67,424,3899617.075835924,12737
68,424,3899617.076984653,12737
69,424,3899617.078121972,12737
70,424,3899617.079178518,12737
71,424,3899617.080045590,12737
72,424,3899617.080972584,12737
73,424,3899617.081852756,12737
74,424,3899617.082720318,12737
75,424,3899617.083598510,12737
76,424,3899617.084511663,12737
77,424,3899617.085384515,12737
78,424,3899617.086322069,12737
79,424,3899617.087267333,12737
80,424,3899617.088172396,12737
81,424,3899617.089040058,12737
82,424,3899617.089965531,12737
83,424,3899617.090860434,12737
84,424,3899617.091711225,12737
85,424,3899617.092629628,12737
86,424,3899617.093573582,12737
87,424,3899617.094483925,12737
88,424,3899617.095374628,12737
89,424,3899617.096319531,12737
91,424,3899617.097213994,12737
92,424,3899617.098148288,12737
93,424,3899617.099013320,12737
94,424,3899617.099918382,12737
95,424,3899617.100757774,12737
96,424,3899617.101606155,12737
97,424,3899617.102462637,12737
98,424,3899617.103370770,12737
99,424,3899617.104212081,12737
101,424,3899617.105132724,12737
103,424,3899617.105992026,12737
104,424,3899617.106952960,12737
105,424,3899617.107887084,12737
106,424,3899617.108719255,12737
107,424,3899617.109567046,12737
109,424,3899617.110397858,12737
110,424,3899617.111334061,12737
111,424,3899617.112180752,12737
112,424,3899617.113042104,12737
113,424,3899617.113928117,12737
114,424,3899617.114838699,12737
115,424,3899617.115731172,12737
116,424,3899617.116574803,12737
117,424,3899617.117466716,12737
119,424,3899617.118361988,12737
120,424,3899617.119250691,12737
121,424,3899617.120131813,12737
122,424,3899617.120983555,12737
123,424,3899617.121866917,12737
124,424,3899617.122739639,12737
125,424,3899617.123626082,12737
126,424,3899617.124461003,12737
127,424,3899617.658952070,12033
17,424,3899618.138371905,12792
0,424,3899618.444579583,12801
1,424,3899618.446274786,12801
2,424,3899618.447450415,12801
3,424,3899618.448559023,12801
4,424,3899618.449474097,12801
5,424,3899618.450324428,12801
6,424,3899618.451252062,12801
7,424,3899618.452224446,12801
8,424,3899618.453419406,12801
9,424,3899618.456166506,12801
10,424,3899618.457265423,12801
11,424,3899618.458172977,12801
12,424,3899618.459148031,12801
13,424,3899618.460078395,12801
14,424,3899618.460988908,12801
15,424,3899618.461917191,12801
16,424,3899618.462814184,12801
18,424,3899618.463658205,12801
19,424,3899618.464529817,12801
20,424,3899618.465435410,12801
21,424,3899618.466367333,12801
23,424,3899618.467198045,12801
25,424,3899618.468121108,12801
26,424,3899618.469016111,12801
27,424,3899618.469911133,12801
28,424,3899618.470789125,12801
29,424,3899618.471726139,12801
30,424,3899618.472550620,12801
31,424,3899618.473385301,12801
32,424,3899618.474299084,12801
33,424,3899618.475245588,12801
34,424,3899618.476118990,12801
35,424,3899618.477979217,12801
36,424,3899618.479107035,12801
37,424,3899618.480187593,12801
38,424,3899618.481283530,12801
39,424,3899618.482319727,12801
40,424,3899618.483327322,12801
41,424,3899618.484346308,12801
42,424,3899618.490622266,12801
43,424,3899618.491819547,12801
44,424,3899618.492792341,12801
45,424,3899618.493922150,12801
46,424,3899618.495585162,12801
47,424,3899618.496803373,12801
48,424,3899618.498194308,12801
49,424,3899618.499639284,12801
50,424,3899618.500773753,12801
51,424,3899618.501912192,12801
52,424,3899618.503291937,12801
53,424,3899618.504291352,12801
54,424,3899618.505219675,12801
55,424,3899618.506209911,12801
56,424,3899618.507132094,12801
57,424,3899618.508051847,12801
58,424,3899618.508941989,12801
59,424,3899618.509841482,12801
60,424,3899618.510796026,12801
61,424,3899618.511698309,12801
62,424,3899618.512580281,12801
63,424,3899618.513510375,12801
64,424,3899618.514464819,12801
65,424,3899618.515400303,12801
66,424,3899618.516295895,12801
67,424,3899618.517195878,12801
68,424,3899618.518148192,12801
69,424,3899618.519118507,12801
70,424,3899618.520068081,12801
71,424,3899618.520915872,12801
72,424,3899618.521877406,12801
73,424,3899618.522776239,12801
74,424,3899618.523654381,12801
75,424,3899618.524542924,12801
76,424,3899618.525446706,12801
77,424,3899618.526325719,12801
78,424,3899618.527291933,12801
79,424,3899618.528226667,12801
80,424,3899618.529147770,12801
81,424,3899618.530034282,12801
82,424,3899618.530967826,12801
83,424,3899618.531883239,12801
84,424,3899618.532742031,12801
85,424,3899618.533673734,12801
86,424,3899618.534619878,12801
87,424,3899618.535533632,12801
88,424,3899618.536436064,12801
89,424,3899618.537391468,12801
91,424,3899618.538291071,12801
92,424,3899618.539236405,12801
93,424,3899618.540109977,12801
94,424,3899618.541036340,12801
95,424,3899618.541880142,12801
96,424,3899618.542742654,12801
97,424,3899618.543640576,12801
98,424,3899618.544558300,12801
99,424,3899618.545413051,12801
101,424,3899618.546349175,12801
103,424,3899618.547225897,12801
104,424,3899618.548148510,12801
105,424,3899618.549092294,12801
106,424,3899618.549923875,12801
107,424,3899618.550807447,12801
109,424,3899618.551649349,12801
110,424,3899618.552598483,12801
111,424,3899618.553480535,12801
112,424,3899618.554330747,12801
113,424,3899618.555194678,12801
114,424,3899618.556115072,12801
115,424,3899618.556986594,12801
116,424,3899618.557840055,12801
117,424,3899618.558795799,12801
119,424,3899618.561097258,12801
120,424,3899618.562266977,12801
121,424,3899618.563323824,12801
122,424,3899618.564277148,12801
123,424,3899618.565192891,12801
124,424,3899618.566076943,12801
125,424,3899618.566926025,12801
126,424,3899618.567773876,12801
76,424,3899618.568941156,12805
127,424,3899619.569956132,12097
0,424,3899620.448503503,12865
1,424,3899620.450309008,12865
2,424,3899620.451517829,12865
3,424,3899620.452560785,12865
4,424,3899620.453482519,12865
5,424,3899620.454439713,12865
6,424,3899620.456289550,12865
7,424,3899620.457558442,12865
8,424,3899620.458597048,12865
9,424,3899620.459571363,12865
10,424,3899620.460476976,12865
11,424,3899620.461369448,12865
12,424,3899620.462341603,12865
13,424,3899620.463251006,12865
14,424,3899620.464168639,12865
15,424,3899620.465091932,12865
16,424,3899620.465973495,12865
18,424,3899620.466823856,12865
19,424,3899620.467686368,12865
20,424,3899620.468648332,12865
21,424,3899620.470196041,12865
23,424,3899620.471162166,12865
25,424,3899620.472099859,12865
26,424,3899620.472985852,12865
27,424,3899620.473894095,12865
28,424,3899620.474779947,12865
29,424,3899620.478861090,12865
30,424,3899620.479771233,12865
31,424,3899620.480611964,12865
32,424,3899620.481657841,12865
33,424,3899620.482769329,12865
34,424,3899620.483629001,12865
35,424,3899620.484551214,12865
36,424,3899620.485445507,12865
37,424,3899620.486340819,12865
38,424,3899620.487280573,12865
39,424,3899620.488231427,12865
40,424,3899620.489217992,12865
41,424,3899620.490121254,12865
42,424,3899620.491008247,12865
43,424,3899620.491948091,12865
44,424,3899620.492803372,12865
45,424,3899620.493729906,12865
46,424,3899620.494711281,12865
47,424,3899620.495581863,12865
48,424,3899620.496496296,12865
49,424,3899620.497448830,12865
50,424,3899620.498397554,12865
51,424,3899620.499297666,12865
52,424,3899620.500188629,12865
53,424,3899620.501139683,12865
54,424,3899620.502071856,12865
55,424,3899620.502998100,12865
56,424,3899620.503922083,12865
57,424,3899620.504827446,12865
58,424,3899620.505719509,12865
59,424,3899620.506596121,12865
60,424,3899620.507543415,12865
61,424,3899620.508450338,12865
62,424,3899620.509333420,12865
63,424,3899620.510268724,12865
64,424,3899620.511210698,12865
65,424,3899620.512150261,12865
66,424,3899620.513019093,12865
67,424,3899620.513927566,12865
68,424,3899620.514846339,12865
69,424,3899620.515816334,12865
70,424,3899620.516762948,12865
71,424,3899620.517647990,12865
72,424,3899620.520807300,12865
73,424,3899620.521905748,12865
74,424,3899620.522935694,12865
75,424,3899620.523950260,12865
77,424,3899620.524809351,12865
78,424,3899620.525775096,12865
79,424,3899620.526729670,12865
80,424,3899620.527629362,12865
81,424,3899620.528508165,12865
82,424,3899620.529449668,12865
83,424,3899620.530367642,12865
84,424,3899620.531246494,12865
85,424,3899620.532176557,12865
86,424,3899620.533130932,12865
87,424,3899620.534043915,12865
88,424,3899620.534943547,12865
89,424,3899620.535902751,12865
91,424,3899620.536811774,12865
92,424,3899620.537779039,12865
93,424,3899620.538691792,12865
94,424,3899620.539614975,12865
95,424,3899620.540458157,12865
96,424,3899620.541314318,12865
97,424,3899620.542177020,12865
98,424,3899620.543091243,12865
99,424,3899620.543944725,12865
101,424,3899620.544929180,12865
103,424,3899620.547418542,12865
104,424,3899620.548545201,12865
105,424,3899620.549635118,12865
106,424,3899620.550477360,12865
107,424,3899620.551350472,12865
109,424,3899620.552205974,12865
110,424,3899620.553214719,12865
111,424,3899620.554102351,12865
112,424,3899620.554939123,12865
113,424,3899620.555805565,12865
114,424,3899620.556756238,12865
115,424,3899620.557638211,12865
116,424,3899620.558482942,12865
117,424,3899620.559382955,12865
119,424,3899620.560322529,12865
120,424,3899620.561240422,12865
121,424,3899620.562135534,12865
122,424,3899620.562979176,12865
123,424,3899620.563867208,12865
124,424,3899620.564752120,12865
125,424,3899620.565665834,12865
126,424,3899620.566516015,12865
127,424,3899621.564589857,12161
0,424,3899622.241014670,12929
1,424,3899622.242250311,12929
2,424,3899622.243390660,12929
3,424,3899622.244372655,12929
4,424,3899622.245295448,12929
5,424,3899622.246818017,12929
6,424,3899622.247791881,12929
7,424,3899622.248956691,12929
8,424,3899622.250037568,12929
9,424,3899622.250960371,12929
10,424,3899622.251883885,12929
11,424,3899622.252806618,12929
12,424,3899622.253783822,12929
13,424,3899622.254700236,12929
14,424,3899622.255607959,12929
15,424,3899622.256536232,12929
16,424,3899622.257529317,12929
18,424,3899622.258612825,12929
19,424,3899622.259484877,12929
20,424,3899622.263114909,12929
21,424,3899622.264284208,12929
23,424,3899622.265246492,12929
25,424,3899622.266196526,12929
26,424,3899622.267102509,12929
27,424,3899622.268022173,12929
28,424,3899622.268905275,12929
29,424,3899622.269865419,12929
30,424,3899622.270700680,12929
31,424,3899622.271566652,12929
32,424,3899622.272494475,12929
33,424,3899622.273452460,12929
34,424,3899622.274318041,12929
35,424,3899622.275225575,12929
36,424,3899622.276134627,12929
37,424,3899622.277066421,12929
38,424,3899622.277977674,12929
39,424,3899622.278907117,12929
40,424,3899622.279915933,12929
41,424,3899622.280827676,12929
42,424,3899622.281719688,12929
43,424,3899622.282666703,12929
44,424,3899622.283516004,12929
45,424,3899622.284442357,12929
46,424,3899622.285412422,12929
47,424,3899622.286262173,12929
48,424,3899622.287191407,12929
49,424,3899622.288163991,12929
50,424,3899622.289095975,12929
51,424,3899622.290018928,12929
52,424,3899622.290900440,12929
53,424,3899622.291876445,12929
54,424,3899622.292789818,12929
55,424,3899622.293741903,12929
56,424,3899622.294667186,12929
57,424,3899622.295582579,12929
58,424,3899622.296540063,12929
59,424,3899622.298720648,12929
60,424,3899622.299832976,12929
61,424,3899622.300878063,12929
62,424,3899622.301781386,12929
63,424,3899622.302724899,12929
64,424,3899622.303661143,12929
65,424,3899622.304593466,12929
66,424,3899622.305476259,12929
67,424,3899622.306382072,12929
68,424,3899622.307303795,12929
69,424,3899622.308260799,12929
70,424,3899622.309266435,12929
71,424,3899622.313278676,12929
72,424,3899622.314471996,12929
73,424,3899622.315504302,12929
74,424,3899622.316412455,12929
75,424,3899622.317312448,12929
77,424,3899622.318178800,12929
78,424,3899622.319129424,12929
79,424,3899622.320076868,12929
80,424,3899622.320996931,12929
81,424,3899622.321868413,12929
82,424,3899622.322812667,12929
83,424,3899622.323741221,12929
84,424,3899622.324619703,12929
85,424,3899622.325565596,12929
86,424,3899622.326514160,12929
87,424,3899622.327429274,12929
88,424,3899622.328331977,12929
89,424,3899622.329296411,12929
91,424,3899622.330234625,12929
92,424,3899622.331192789,12929
93,424,3899622.332075791,12929
94,424,3899622.333009675,12929
95,424,3899622.333847836,12929
96,424,3899622.334717038,12929
97,424,3899622.335594870,12929
98,424,3899622.336520823,12929
99,424,3899622.337387875,12929
101,424,3899622.338328029,12929
103,424,3899622.339216512,12929
104,424,3899622.340178986,12929
105,424,3899622.341136120,12929
106,424,3899622.341974391,12929
107,424,3899622.342842793,12929
109,424,3899622.343681594,12929
110,424,3899622.344658749,12929
111,424,3899622.345529011,12929
112,424,3899622.346375673,12929
113,424,3899622.347241524,12929
114,424,3899622.348161147,12929
115,424,3899622.349041880,12929
116,424,3899622.349888551,12929
117,424,3899622.350797164,12929
119,424,3899622.351707797,12929
120,424,3899622.352618580,12929
121,424,3899622.353539094,12929
122,424,3899622.354401975,12929
123,424,3899622.355297258,12929
124,424,3899622.356176930,12929
125,424,3899622.357079653,12929
126,424,3899622.357917474,12929
127,424,3899622.894173265,12225
0,424,3899623.570852845,12993
1,424,3899623.572709792,12993
2,424,3899623.574542678,12993
3,424,3899623.576293092,12993
4,424,3899623.577918813,12993
5,424,3899623.579789101,12993
6,424,3899623.581450303,12993
7,424,3899623.583511905,12993
8,424,3899623.585223108,12993
9,424,3899623.586797908,12993
10,424,3899623.588528351,12993
11,424,3899623.590052960,12993
12,424,3899623.591663071,12993
13,424,3899623.593186929,12993
14,424,3899623.594675167,12993
15,424,3899623.596867852,12993
16,424,3899623.598565135,12993
18,424,3899623.599689724,12993
19,424,3899623.604407853,12993
20,424,3899623.605963632,12993
21,424,3899623.607547212,12993
23,424,3899623.608973468,12993
25,424,3899623.610621760,12993
26,424,3899623.611833780,12993
27,424,3899623.613095172,12993
28,424,3899623.613990535,12993
29,424,3899623.614951769,12993
30,424,3899623.615795300,12993
31,424,3899623.616650962,12993
32,424,3899623.617583646,12993
33,424,3899623.618549720,12993
34,424,3899623.619428842,12993
35,424,3899623.620368636,12993
36,424,3899623.621298450,12993
37,424,3899623.622212423,12993
38,424,3899623.623137606,12993
39,424,3899623.624050179,12993
40,424,3899623.625062225,12993
41,424,3899623.625964628,12993
42,424,3899623.626861840,12993
43,424,3899623.627815814,12993
44,424,3899623.628671456,12993
45,424,3899623.629614840,12993
46,424,3899623.630590105,12993
47,424,3899623.631452056,12993
48,424,3899623.632377470,12993
49,424,3899623.633366355,12993
50,424,3899623.634303588,12993
51,424,3899623.635204701,12993
52,424,3899623.636097073,12993
53,424,3899623.637059828,12993
54,424,3899623.638060873,12993
55,424,3899623.640503105,12993
56,424,3899623.641629283,12993
57,424,3899623.642713241,12993
58,424,3899623.643750027,12993
59,424,3899623.644648330,12993
60,424,3899623.645608234,12993
61,424,3899623.646507087,12993
62,424,3899623.647413250,12993
63,424,3899623.648359394,12993
64,424,3899623.649305687,12993
65,424,3899623.650236701,12993
66,424,3899623.651118733,12993
67,424,3899623.652034776,12993
68,424,3899623.652944879,12993
69,424,3899623.653917444,12993
70,424,3899623.658206242,12993
71,424,3899623.659260519,12993
72,424,3899623.660275695,12993
73,424,3899623.661198548,12993
74,424,3899623.662104151,12993
75,424,3899623.663015844,12993
77,424,3899623.663873626,12993
78,424,3899623.664835360,12993
79,424,3899623.665772463,12993
80,424,3899623.666693687,12993
81,424,3899623.667577999,12993
82,424,3899623.668507323,12993
83,424,3899623.669473587,12993
84,424,3899623.670364410,12993
85,424,3899623.671322854,12993
86,424,3899623.672297608,12993
87,424,3899623.673221132,12993
88,424,3899623.674137675,12993
89,424,3899623.675106859,12993
91,424,3899623.676028653,12993
92,424,3899623.676982797,12993
93,424,3899623.677866199,12993
94,424,3899623.678813833,12993
95,424,3899623.679671605,12993
96,424,3899623.680539357,12993
97,424,3899623.681426769,12993
98,424,3899623.682361313,12993
99,424,3899623.683227155,12993
101,424,3899623.684170308,12993
103,424,3899623.685060801,12993
104,424,3899623.685994254,12993
105,424,3899623.686962159,12993
106,424,3899623.687812391,12993
107,424,3899623.688684462,12993
109,424,3899623.689525474,12993
110,424,3899623.690488768,12993
111,424,3899623.691363040,12993
112,424,3899623.692215192,12993
113,424,3899623.693094074,12993
114,424,3899623.694029257,12993
115,424,3899623.694907090,12993
116,424,3899623.695771721,12993
117,424,3899623.696688575,12993
119,424,3899623.697599428,12993
120,424,3899623.698512811,12993
121,424,3899623.699419914,12993
122,424,3899623.700281535,12993
123,424,3899623.701182378,12993
124,424,3899623.702074331,12993
125,424,3899623.702986394,12993
126,424,3899623.703867396,12993
127,424,3899624.224114813,12289
0,424,3899624.902557517,13057
1,424,3899624.903866030,13057
2,424,3899624.905026339,13057
3,424,3899624.906023174,13057
4,424,3899624.906935257,13057
5,424,3899624.908415635,13057
6,424,3899624.909411930,13057
7,424,3899624.910546099,13057
8,424,3899624.911614746,13057
9,424,3899624.912551509,13057
10,424,3899624.913491553,13057
11,424,3899624.914402526,13057
12,424,3899624.915377391,13057
13,424,3899624.916297844,13057
14,424,3899624.917209087,13057
15,424,3899624.918138870,13057
16,424,3899624.919114085,13057
18,424,3899624.920233093,13057
19,424,3899624.921116416,13057
20,424,3899624.924616274,13057
21,424,3899624.925774983,13057
23,424,3899624.926770659,13057
25,424,3899624.927739653,13057
26,424,3899624.928671087,13057
27,424,3899624.929602570,13057
28,424,3899624.930508293,13057
29,424,3899624.931467817,13057
30,424,3899624.932311868,13057
31,424,3899624.933191171,13057
32,424,3899624.934133395,13057
33,424,3899624.935122860,13057
34,424,3899624.935991201,13057
35,424,3899624.936915655,13057
36,424,3899624.937834318,13057
37,424,3899624.938753461,13057
38,424,3899624.939685645,13057
39,424,3899624.940627389,13057
40,424,3899624.941626374,13057
41,424,3899624.942540537,13057
42,424,3899624.943437970,13057
43,424,3899624.944400854,13057
44,424,3899624.945372909,13057
45,424,3899624.946310852,13057
46,424,3899624.947289357,13057
47,424,3899624.948154769,13057
48,424,3899624.949087452,13057
49,424,3899624.950053497,13057
50,424,3899624.950987091,13057
51,424,3899624.951901054,13057
52,424,3899624.952792866,13057
53,424,3899624.953763431,13057
54,424,3899624.954687394,13057
55,424,3899624.955626568,13057
56,424,3899624.956558801,13057
57,424,3899624.957498025,13057
58,424,3899624.958469970,13057
59,424,3899624.960678096,13057
60,424,3899624.961844855,13057
61,424,3899624.962879671,13057
62,424,3899624.963774094,13057
63,424,3899624.964745278,13057
64,424,3899624.965709063,13057
65,424,3899624.966648826,13057
66,424,3899624.967528049,13057
67,424,3899624.968443552,13057
68,424,3899624.969372855,13057
69,424,3899624.970340400,13057
70,424,3899624.971379916,13057
71,424,3899624.975274474,13057
72,424,3899624.976459304,13057
73,424,3899624.977557202,13057
74,424,3899624.978475795,13057
75,424,3899624.979374408,13057
77,424,3899624.980263690,13057
78,424,3899624.981225244,13057
79,424,3899624.982173309,13057
80,424,3899624.983090682,13057
81,424,3899624.983973344,13057
82,424,3899624.984930308,13057
83,424,3899624.985847341,13057
84,424,3899624.986733614,13057
85,424,3899624.987693668,13057
86,424,3899624.988669403,13057
87,424,3899624.989612067,13057
88,424,3899624.990525500,13057
89,424,3899624.991499604,13057
91,424,3899624.992413237,13057
92,424,3899624.993381572,13057
93,424,3899624.994273894,13057
94,424,3899624.995211668,13057
95,424,3899624.996095540,13057
96,424,3899624.996992263,13057
97,424,3899624.997876625,13057
98,424,3899624.998812309,13057
99,424,3899624.999685521,13057
101,424,3899625.000632235,13057
103,424,3899625.001521628,13057
104,424,3899625.002491972,13057
105,424,3899625.003454456,13057
106,424,3899625.004310768,13057
107,424,3899625.005186250,13057
109,424,3899625.006033222,13057
110,424,3899625.006986775,13057
111,424,3899625.007858218,13057
112,424,3899625.008718319,13057
113,424,3899625.009596592,13057
114,424,3899625.010526125,13057
115,424,3899625.011407507,13057
116,424,3899625.012272719,13057
117,424,3899625.013196283,13057
119,424,3899625.014110936,13057
120,424,3899625.015028469,13057
121,424,3899625.015934882,13057
122,424,3899625.016803574,13057
123,424,3899625.017730927,13057
124,424,3899625.018621800,13057
125,424,3899625.019536903,13057
126,424,3899625.020391214,13057
127,424,3899625.560230406,12353
0,424,3899626.420422163,13121
1,424,3899626.421592342,13121
2,424,3899626.422724701,13121
3,424,3899626.423845299,13121
4,424,3899626.424898216,13121
5,424,3899626.426625019,13121
6,424,3899626.427600914,13121
7,424,3899626.428742233,13121
8,424,3899626.429829700,13121
9,424,3899626.430874177,13121
10,424,3899626.431960444,13121
11,424,3899626.432882747,13121
12,424,3899626.433870312,13121
13,424,3899626.434820826,13121
14,424,3899626.435765840,13121
15,424,3899626.436727615,13121
16,424,3899626.437696709,13121
18,424,3899626.438569731,13121
19,424,3899626.439820023,13121
20,424,3899626.440789457,13121
21,424,3899626.444504071,13121
23,424,3899626.445504566,13121
25,424,3899626.446477371,13121
26,424,3899626.447404084,13121
27,424,3899626.448338648,13121
28,424,3899626.449267452,13121
29,424,3899626.450239926,13121
30,424,3899626.451120648,13121
31,424,3899626.451974150,13121
32,424,3899626.452915424,13121
33,424,3899626.453893338,13121
34,424,3899626.454779531,13121
35,424,3899626.455708974,13121
36,424,3899626.456633787,13121
37,424,3899626.457580151,13121
38,424,3899626.458520025,13121
39,424,3899626.459446889,13121
40,424,3899626.460455214,13121
41,424,3899626.461383398,13121
42,424,3899626.462313541,13121
43,424,3899626.463291526,13121
44,424,3899626.464270111,13121
45,424,3899626.465216275,13121
46,424,3899626.466207469,13121
47,424,3899626.467081031,13121
48,424,3899626.468019165,13121
49,424,3899626.468987380,13121
50,424,3899626.469947124,13121
51,424,3899626.470898538,13121
52,424,3899626.471803121,13121
53,424,3899626.472772585,13121
54,424,3899626.473705839,13121
55,424,3899626.474666523,13121
56,424,3899626.475613247,13121
57,424,3899626.476558841,13121
58,424,3899626.477493895,13121
59,424,3899626.478394408,13121
60,424,3899626.479341151,13121
61,424,3899626.480255424,13121
62,424,3899626.481210949,13121
63,424,3899626.482174153,13121
64,424,3899626.483913527,13121
65,424,3899626.484889641,13121
66,424,3899626.485791474,13121
67,424,3899626.486710227,13121
68,424,3899626.487632201,13121
69,424,3899626.488617976,13121
70,424,3899626.489565620,13121
71,424,3899626.490451132,13121
72,424,3899626.491425597,13121
73,424,3899626.492347620,13121
74,424,3899626.493256063,13121
75,424,3899626.494179236,13121
77,424,3899626.495073939,13121
78,424,3899626.496055714,13121
79,424,3899626.498610468,13121
80,424,3899626.499761017,13121
81,424,3899626.500719052,13121
82,424,3899626.501825709,13121
83,424,3899626.502895627,13121
84,424,3899626.503775519,13121
85,424,3899626.504744643,13121
86,424,3899626.505735398,13121
87,424,3899626.506680662,13121
88,424,3899626.507619336,13121
89,424,3899626.508599361,13121
91,424,3899626.509531364,13121
92,424,3899626.510498349,13121
93,424,3899626.511399091,13121
94,424,3899626.512342995,13121
95,424,3899626.513207497,13121
96,424,3899626.514087089,13121
97,424,3899626.514974992,13121
98,424,3899626.515916196,13121
99,424,3899626.516794838,13121
101,424,3899626.517744172,13121
103,424,3899626.518646875,13121
104,424,3899626.519635150,13121
105,424,3899626.520605954,13121
106,424,3899626.521463756,13121
107,424,3899626.522342358,13121
109,424,3899626.523194269,13121
110,424,3899626.524159444,13121
111,424,3899626.525042646,13121
112,424,3899626.525901448,13121
113,424,3899626.526789560,13121
114,424,3899626.527731564,13121
115,424,3899626.528618586,13121
116,424,3899626.529527529,13121
117,424,3899626.530443993,13121
119,424,3899626.531360606,13121
120,424,3899626.532284189,13121
121,424,3899626.533196272,13121
122,424,3899626.534069704,13121
123,424,3899626.534970677,13121
124,424,3899626.535869950,13121
125,424,3899626.536783283,13121
126,424,3899626.537639234,13121
127,424,3899627.082253187,12417
0,424,3899627.775245378,13185
1,424,3899627.776350306,13185
2,424,3899627.777309990,13185
3,424,3899627.778294865,13185
4,424,3899627.779406923,13185
5,424,3899627.780520271,13185
6,424,3899627.781464445,13185
7,424,3899627.782494251,13185
8,424,3899627.783434615,13185
9,424,3899627.784359598,13185
10,424,3899627.785296642,13185
11,424,3899627.786218775,13185
12,424,3899627.787211521,13185
13,424,3899627.788138814,13185
14,424,3899627.789926859,13185
15,424,3899627.791074098,13185
16,424,3899627.792129225,13185
18,424,3899627.794818063,13185
19,424,3899627.795797227,13185
20,424,3899627.796884725,13185
21,424,3899627.797862700,13185
23,424,3899627.798727701,13185
25,424,3899627.799656385,13185
26,424,3899627.800595949,13185
27,424,3899627.801525402,13185
28,424,3899627.802451566,13185
29,424,3899627.803422580,13185
30,424,3899627.804271332,13185
31,424,3899627.805135193,13185
32,424,3899627.806079577,13185
33,424,3899627.807067882,13185
34,424,3899627.807945045,13185
35,424,3899627.808894748,13185
36,424,3899627.809825922,13185
37,424,3899627.810754696,13185
38,424,3899627.811700359,13185
39,424,3899627.812639183,13185
40,424,3899627.813651689,13185
41,424,3899627.814597353,13185
42,424,3899627.815503895,13185
43,424,3899627.816475330,13185
44,424,3899627.817469245,13185
45,424,3899627.818417009,13185
46,424,3899627.819404184,13185
47,424,3899627.820351808,13185
48,424,3899627.822394910,13185
49,424,3899627.823593990,13185
50,424,3899627.824757899,13185
51,424,3899627.825802516,13185
52,424,3899627.826712919,13185
53,424,3899627.827708104,13185
54,424,3899627.828637237,13185
55,424,3899627.829593881,13185
56,424,3899627.830534915,13185
57,424,3899627.831473089,13185
58,424,3899627.832390282,13185
59,424,3899627.833317275,13185
60,424,3899627.834279280,13185
61,424,3899627.835196193,13185
62,424,3899627.836134237,13185
63,424,3899627.840638831,13185
64,424,3899627.841815280,13185
65,424,3899627.842919368,13185
66,424,3899627.843836541,13185
67,424,3899627.844757615,13185
68,424,3899627.845692328,13185
69,424,3899627.846681453,13185
70,424,3899627.847652718,13185
71,424,3899627.848535030,13185
72,424,3899627.849521085,13185
73,424,3899627.850433598,13185
74,424,3899627.851342291,13185
75,424,3899627.852271045,13185
77,424,3899627.853172647,13185
78,424,3899627.854152732,13185
79,424,3899627.855128537,13185
80,424,3899627.856052380,13185
81,424,3899627.856933452,13185
82,424,3899627.857879386,13185
83,424,3899627.858818910,13185
84,424,3899627.859713353,13185
85,424,3899627.860655136,13185
86,424,3899627.861642761,13185
87,424,3899627.862594925,13185
88,424,3899627.863532879,13185
89,424,3899627.864527234,13185
91,424,3899627.865456768,13185
92,424,3899627.866429312,13185
93,424,3899627.867324265,13185
94,424,3899627.868276569,13185
95,424,3899627.869150271,13185
96,424,3899627.870032373,13185
97,424,3899627.870941726,13185
98,424,3899627.871884260,13185
99,424,3899627.872763662,13185
101,424,3899627.873727847,13185
103,424,3899627.874674011,13185
104,424,3899627.875629755,13185
105,424,3899627.876605649,13185
106,424,3899627.877466021,13185
107,424,3899627.878345573,13185
109,424,3899627.879199495,13185
110,424,3899627.880175030,13185
111,424,3899627.881059682,13185
112,424,3899627.881915924,13185
113,424,3899627.882800736,13185
114,424,3899627.883750980,13185
115,424,3899627.884655343,13185
116,424,3899627.885538185,13185
117,424,3899627.886473729,13185
119,424,3899627.887408002,13185
120,424,3899627.888349426,13185
121,424,3899627.889275909,13185
122,424,3899627.890158412,13185
123,424,3899627.891078915,13185
124,424,3899627.891978388,13185
125,424,3899627.892942472,13185
126,424,3899627.893809794,13185
127,424,3899628.430514476,12481
0,424,3899629.125317923,13249
1,424,3899629.126467752,13249
2,424,3899629.127457397,13249
3,424,3899629.128413181,13249
4,424,3899629.129433487,13249
5,424,3899629.130541015,13249
6,424,3899629.131489289,13249
7,424,3899629.132520765,13249
8,424,3899629.133436548,13249
9,424,3899629.134369372,13249
10,424,3899629.135335887,13249
11,424,3899629.136276690,13249
12,424,3899629.137263605,13249
13,424,3899629.138192729,13249
14,424,3899629.139300917,13249
15,424,3899629.140269661,13249
16,424,3899629.141189855,13249
18,424,3899629.143533414,13249
19,424,3899629.144539779,13249
20,424,3899629.145497323,13249
21,424,3899629.146477428,13249
23,424,3899629.147342140,13249
25,424,3899629.148278323,13249
26,424,3899629.149202247,13249
27,424,3899629.150136460,13249
28,424,3899629.151051744,13249
29,424,3899629.152018818,13249
30,424,3899629.152881660,13249
31,424,3899629.153747152,13249
32,424,3899629.154696166,13249
33,424,3899629.155674490,13249
34,424,3899629.156560543,13249
35,424,3899629.157490576,13249
36,424,3899629.158411790,13249
37,424,3899629.159341923,13249
38,424,3899629.160289877,13249
39,424,3899629.161245841,13249
40,424,3899629.162258907,13249
41,424,3899629.163187310,13249
42,424,3899629.164103254,13249
43,424,3899629.165097508,13249
44,424,3899629.166130645,13249
45,424,3899629.167097319,13249
46,424,3899629.168095894,13249
47,424,3899629.170017903,13249
48,424,3899629.171197693,13249
49,424,3899629.172360922,13249
50,424,3899629.173492311,13249
51,424,3899629.174544997,13249
52,424,3899629.175459320,13249
53,424,3899629.176458635,13249
54,424,3899629.177398009,13249
55,424,3899629.178350813,13249
56,424,3899629.179300167,13249
57,424,3899629.180241431,13249
58,424,3899629.181158164,13249
59,424,3899629.186302324,13249
60,424,3899629.187960126,13249
61,424,3899629.189116385,13249
62,424,3899629.190159932,13249
63,424,3899629.191158827,13249
64,424,3899629.192135522,13249
65,424,3899629.193104996,13249
66,424,3899629.194034690,13249
67,424,3899629.194980674,13249
68,424,3899629.195930608,13249
69,424,3899629.196921663,13249
70,424,3899629.197894367,13249
71,424,3899629.198799640,13249
72,424,3899629.199790775,13249
73,424,3899629.200736369,13249
74,424,3899629.201649622,13249
75,424,3899629.202576906,13249
77,424,3899629.203484058,13249
78,424,3899629.204493114,13249
79,424,3899629.205465408,13249
80,424,3899629.206419763,13249
81,424,3899629.207329396,13249
82,424,3899629.208289210,13249
83,424,3899629.209232394,13249
84,424,3899629.210141107,13249
85,424,3899629.211126982,13249
86,424,3899629.212109327,13249
87,424,3899629.213077301,13249
88,424,3899629.214033165,13249
89,424,3899629.215041041,13249
91,424,3899629.215993275,13249
92,424,3899629.216976110,13249
93,424,3899629.217899893,13249
94,424,3899629.218866277,13249
95,424,3899629.219740479,13249
96,424,3899629.220631292,13249
97,424,3899629.221530545,13249
98,424,3899629.222481949,13249
99,424,3899629.223378711,13249
101,424,3899629.224369246,13249
103,424,3899629.225279449,13249
104,424,3899629.226237853,13249
105,424,3899629.227214448,13249
106,424,3899629.228090130,13249
107,424,3899629.228968813,13249
109,424,3899629.229823904,13249
110,424,3899629.230800649,13249
111,424,3899629.231696091,13249
112,424,3899629.232569744,13249
113,424,3899629.233458496,13249
114,424,3899629.234464661,13249
115,424,3899629.236266447,13249
116,424,3899629.237359545,13249
117,424,3899629.238300588,13249
119,424,3899629.239236902,13249
120,424,3899629.240170025,13249
121,424,3899629.241093519,13249
122,424,3899629.241971271,13249
123,424,3899629.242888954,13249
124,424,3899629.243795057,13249
125,424,3899629.244679179,13249
126,424,3899629.245554432,13249
127,424,3899629.824398028,12545
0,424,3899630.545338966,13313
1,424,3899630.546729771,13313
2,424,3899630.547694385,13313
3,424,3899630.551021389,13313
4,424,3899630.552983169,13313
5,424,3899630.553989984,13313
6,424,3899630.555094052,13313
7,424,3899630.556721424,13313
8,424,3899630.558356815,13313
9,424,3899630.559743290,13313
10,424,3899630.560948150,13313
11,424,3899630.561963676,13313
12,424,3899630.563073524,13313
13,424,3899630.564075779,13313
14,424,3899630.565061724,13313
15,424,3899630.566043479,13313
16,424,3899630.567022374,13313
18,424,3899630.567926176,13313
19,424,3899630.568844530,13313
20,424,3899630.570515532,13313
21,424,3899630.571676731,13313
23,424,3899630.572600245,13313
25,424,3899630.575088697,13313
26,424,3899630.576217236,13313
27,424,3899630.577313764,13313
28,424,3899630.578266228,13313
29,424,3899630.579302204,13313
30,424,3899630.580192077,13313
31,424,3899630.581073169,13313
32,424,3899630.582037313,13313
33,424,3899630.583026188,13313
34,424,3899630.583926241,13313
35,424,3899630.584895785,13313
36,424,3899630.585834049,13313
37,424,3899630.586810274,13313
38,424,3899630.587773478,13313
39,424,3899630.588726082,13313
40,424,3899630.589767288,13313
41,424,3899630.590787544,13313
42,424,3899630.592410105,13313
43,424,3899630.593665937,13313
44,424,3899630.594898208,13313
45,424,3899630.596017257,13313
46,424,3899630.597070323,13313
47,424,3899630.598012017,13313
48,424,3899630.601580457,13313
49,424,3899630.602850929,13313
50,424,3899630.604084340,13313
51,424,3899630.605153517,13313
52,424,3899630.606082321,13313
53,424,3899630.607091006,13313
54,424,3899630.608037130,13313
55,424,3899630.608997434,13313
56,424,3899630.609947369,13313
57,424,3899630.610898462,13313
58,424,3899630.611841826,13313
59,424,3899630.613310423,13313
60,424,3899630.614396711,13313
61,424,3899630.615382816,13313
62,424,3899630.616332280,13313
63,424,3899630.617384856,13313
64,424,3899630.618385622,13313
65,424,3899630.619378687,13313
66,424,3899630.620300810,13313
67,424,3899630.621282905,13313
68,424,3899630.622258640,13313
69,424,3899630.623257325,13313
70,424,3899630.624230739,13313
71,424,3899630.625135842,13313
72,424,3899630.626130007,13313
73,424,3899630.627067421,13313
74,424,3899630.627990204,13313
75,424,3899630.628919048,13313
77,424,3899630.629830781,13313
78,424,3899630.630951429,13313
79,424,3899630.631950374,13313
80,424,3899630.634873288,13313
81,424,3899630.635908465,13313
82,424,3899630.636981401,13313
83,424,3899630.638058049,13313
84,424,3899630.638943061,13313
85,424,3899630.639926706,13313
86,424,3899630.640938161,13313
87,424,3899630.641895626,13313
88,424,3899630.642875850,13313
89,424,3899630.643906707,13313
91,424,3899630.644894992,13313
92,424,3899630.645918887,13313
93,424,3899630.646836241,13313
94,424,3899630.647788155,13313
95,424,3899630.648678007,13313
96,424,3899630.649575290,13313
97,424,3899630.650523494,13313
98,424,3899630.651473948,13313
99,424,3899630.652359150,13313
101,424,3899630.653345775,13313
103,424,3899630.654265488,13313
104,424,3899630.655221113,13313
105,424,3899630.656206177,13313
106,424,3899630.657096250,13313
107,424,3899630.658043294,13313
109,424,3899630.658911266,13313
110,424,3899630.659891171,13313
111,424,3899630.660790933,13313
112,424,3899630.661665255,13313
113,424,3899630.662567348,13313
114,424,3899630.663614834,13313
115,424,3899630.664903137,13313
116,424,3899630.665806100,13313
117,424,3899630.666749834,13313
119,424,3899630.667681267,13313
120,424,3899630.668623941,13313
121,424,3899630.669552164,13313
122,424,3899630.670436127,13313
123,424,3899630.671367810,13313
124,424,3899630.672283613,13313
125,424,3899630.673173156,13313
126,424,3899630.674055498,13313
127,424,3899631.259666036,12609
0,424,3899631.996022243,13377
1,424,3899631.997297305,13377
2,424,3899631.998275160,13377
3,424,3899631.999262115,13377
4,424,3899632.000229409,13377
5,424,3899632.001188893,13377
6,424,3899632.002443865,13377
7,424,3899632.003483971,13377
8,424,3899632.004421305,13377
9,424,3899632.005383899,13377
10,424,3899632.006346984,13377
11,424,3899632.007288098,13377
12,424,3899632.008293333,13377
13,424,3899632.009242347,13377
14,424,3899632.010313214,13377
15,424,3899632.011274748,13377
16,424,3899632.012727005,13377
18,424,3899632.013639768,13377
19,424,3899632.014538931,13377
20,424,3899632.015481755,13377
21,424,3899632.016467959,13377
23,424,3899632.017360222,13377
25,424,3899632.018314786,13377
26,424,3899632.019248600,13377
27,424,3899632.020194364,13377
28,424,3899632.021120897,13377
29,424,3899632.022099852,13377
30,424,3899632.022956383,13377
31,424,3899632.023830956,13377
32,424,3899632.024803380,13377
33,424,3899632.025789635,13377
34,424,3899632.027596331,13377
35,424,3899632.028564555,13377
36,424,3899632.029487948,13377
37,424,3899632.030426142,13377
38,424,3899632.033256994,13377
39,424,3899632.034485645,13377
40,424,3899632.035734536,13377
41,424,3899632.036836564,13377
42,424,3899632.037767948,13377
43,424,3899632.038796664,13377
44,424,3899632.039832410,13377
45,424,3899632.040818615,13377
46,424,3899632.041839091,13377
47,424,3899632.042736933,13377
48,424,3899632.043703288,13377
49,424,3899632.044723953,13377
50,424,3899632.045723859,13377
51,424,3899632.046702214,13377
52,424,3899632.047622377,13377
53,424,3899632.048631282,13377
54,424,3899632.049613717,13377
55,424,3899632.050621822,13377
56,424,3899632.051607607,13377
57,424,3899632.052587782,13377
58,424,3899632.053532446,13377
59,424,3899632.054483350,13377
60,424,3899632.055468115,13377
61,424,3899632.056407249,13377
62,424,3899632.057363203,13377
63,424,3899632.058359118,13377
64,424,3899632.059384564,13377
65,424,3899632.061518928,13377
66,424,3899632.062565384,13377
67,424,3899632.063568270,13377
68,424,3899632.064557805,13377
69,424,3899632.065583460,13377
70,424,3899632.066571465,13377
71,424,3899632.067499289,13377
72,424,3899632.068487864,13377
73,424,3899632.069592872,13377
74,424,3899632.070547876,13377
75,424,3899632.074947997,13377
77,424,3899632.076097256,13377
78,424,3899632.077107652,13377
79,424,3899632.078094217,13377
80,424,3899632.079083212,13377
81,424,3899632.080032876,13377
82,424,3899632.081110593,13377
83,424,3899632.082090078,13377
84,424,3899632.083010841,13377
85,424,3899632.084048497,13377
86,424,3899632.085102424,13377
87,424,3899632.086231652,13377
88,424,3899632.087192007,13377
89,424,3899632.088217992,13377
91,424,3899632.089180577,13377
92,424,3899632.090183712,13377
93,424,3899632.091115356,13377
94,424,3899632.092101301,13377
95,424,3899632.092973013,13377
96,424,3899632.093876146,13377
97,424,3899632.094785038,13377
98,424,3899632.095785504,13377
99,424,3899632.096683426,13377
101,424,3899632.097655171,13377
103,424,3899632.098563224,13377
104,424,3899632.099524768,13377
105,424,3899632.100508783,13377
106,424,3899632.101424066,13377
107,424,3899632.102398191,13377
109,424,3899632.103290363,13377
110,424,3899632.104331200,13377
111,424,3899632.105239963,13377
112,424,3899632.106148196,13377
113,424,3899632.107078849,13377
114,424,3899632.108047164,13377
115,424,3899632.108950906,13377
116,424,3899632.109842809,13377
117,424,3899632.110801623,13377
119,424,3899632.111743257,13377
120,424,3899632.112679981,13377
121,424,3899632.113609784,13377
122,424,3899632.114496807,13377
123,424,3899632.115437940,13377
124,424,3899632.116361794,13377
125,424,3899632.117250266,13377
126,424,3899632.118174269,13377
127,424,3899632.705990203,12673
0,424,3899633.668620547,13441
1,424,3899633.669926460,13441
2,424,3899633.671164431,13441
3,424,3899633.672267649,13441
4,424,3899633.673387758,13441
5,424,3899633.675089461,13441
6,424,3899633.676103906,13441
7,424,3899633.677449900,13441
8,424,3899633.678570458,13441
9,424,3899633.679604665,13441
10,424,3899633.680717163,13441
11,424,3899633.681652896,13441
12,424,3899633.682670472,13441
13,424,3899633.683631446,13441
14,424,3899633.684580710,13441
15,424,3899633.685600746,13441
16,424,3899633.686596091,13441
18,424,3899633.687477384,13441
19,424,3899633.688738726,13441
20,424,3899633.689718050,13441
21,424,3899633.693667750,13441
23,424,3899633.694719157,13441
25,424,3899633.695713552,13441
26,424,3899633.696655026,13441
27,424,3899633.697608399,13441
28,424,3899633.698537863,13441
29,424,3899633.699553709,13441
30,424,3899633.700422301,13441
31,424,3899633.701300403,13441
32,424,3899633.702277597,13441
33,424,3899633.703268893,13441
34,424,3899633.704169915,13441
35,424,3899633.705117149,13441
36,424,3899633.706086144,13441
37,424,3899633.707043628,13441
38,424,3899633.707991032,13441
39,424,3899633.709023118,13441
40,424,3899633.710046994,13441
41,424,3899633.710966847,13441
42,424,3899633.711888180,13441
43,424,3899633.712888826,13441
44,424,3899633.713894421,13441
45,424,3899633.714862186,13441
46,424,3899633.715873251,13441
47,424,3899633.716766044,13441
48,424,3899633.717716828,13441
49,424,3899633.718705023,13441
50,424,3899633.719687057,13441
51,424,3899633.720627751,13441
52,424,3899633.721568975,13441
53,424,3899633.722556810,13441
54,424,3899633.723503814,13441
55,424,3899633.724476958,13441
56,424,3899633.725435493,13441
57,424,3899633.726382097,13441
58,424,3899633.727411513,13441
59,424,3899633.728328276,13441
60,424,3899633.729302540,13441
61,424,3899633.730227674,13441
62,424,3899633.731142407,13441
63,424,3899633.732126322,13441
64,424,3899633.733736983,13441
65,424,3899633.734710347,13441
66,424,3899633.735614210,13441
67,424,3899633.736544494,13441
68,424,3899633.737489837,13441
69,424,3899633.738496503,13441
70,424,3899633.739477628,13441
71,424,3899633.740369690,13441
72,424,3899633.741346615,13441
73,424,3899633.742267998,13441
74,424,3899633.743185771,13441
75,424,3899633.744105965,13441
77,424,3899633.745009277,13441
78,424,3899633.747194232,13441
79,424,3899633.748382113,13441
80,424,3899633.749551722,13441
81,424,3899633.750546907,13441
82,424,3899633.751617754,13441
83,424,3899633.752704422,13441
84,424,3899633.753608485,13441
85,424,3899633.754589259,13441
86,424,3899633.755571674,13441
87,424,3899633.756531599,13441
88,424,3899633.757489613,13441
89,424,3899633.758474288,13441
91,424,3899633.759434222,13441
92,424,3899633.760440847,13441
93,424,3899633.761369961,13441
94,424,3899633.762346335,13441
95,424,3899633.763225238,13441
96,424,3899633.764117310,13441
97,424,3899633.765019183,13441
98,424,3899633.765971047,13441
99,424,3899633.766858420,13441
101,424,3899633.767867915,13441
103,424,3899633.768786348,13441
104,424,3899633.769758543,13441
105,424,3899633.770739598,13441
106,424,3899633.771620330,13441
107,424,3899633.772576634,13441
109,424,3899633.773448836,13441
110,424,3899633.774436241,13441
111,424,3899633.775334124,13441
112,424,3899633.776210466,13441
113,424,3899633.777116549,13441
114,424,3899633.778075033,13441
115,424,3899633.778982256,13441
116,424,3899633.779874638,13441
117,424,3899633.780840523,13441
119,424,3899633.781777366,13441
120,424,3899633.782720810,13441
121,424,3899633.783650744,13441
122,424,3899633.784542286,13441
123,424,3899633.785466260,13441
124,424,3899633.786385083,13441
125,424,3899633.787273665,13441
126,424,3899633.788223189,13441
127,424,3899634.361481705,12737
0,424,3899635.507728489,13505
1,424,3899635.508862527,13505
2,424,3899635.509841532,13505
3,424,3899635.510834457,13505
4,424,3899635.511872863,13505
5,424,3899635.513060903,13505
6,424,3899635.514036578,13505
7,424,3899635.515081694,13505
8,424,3899635.516039658,13505
9,424,3899635.516974272,13505
10,424,3899635.517930746,13505
11,424,3899635.518870450,13505
12,424,3899635.519871865,13505
13,424,3899635.520822009,13505
14,424,3899635.521955378,13505
15,424,3899635.523032645,13505
16,424,3899635.523960799,13505
18,424,3899635.525560089,13505
19,424,3899635.526486212,13505
20,424,3899635.527452617,13505
21,424,3899635.528423441,13505
23,424,3899635.529312614,13505
25,424,3899635.530260508,13505
26,424,3899635.531197562,13505
27,424,3899635.532145305,13505
28,424,3899635.533072919,13505
29,424,3899635.534059094,13505
30,424,3899635.534921716,13505
31,424,3899635.535802588,13505
32,424,3899635.536761572,13505
33,424,3899635.537748787,13505
34,424,3899635.538662520,13505
35,424,3899635.539608524,13505
36,424,3899635.540553928,13505
37,424,3899635.541502582,13505
38,424,3899635.542463196,13505
39,424,3899635.543409280,13505
40,424,3899635.544463327,13505
41,424,3899635.545434841,13505
42,424,3899635.546365155,13505
43,424,3899635.547376590,13505
44,424,3899635.548374236,13505
45,424,3899635.549334230,13505
46,424,3899635.550840388,13505
47,424,3899635.551747641,13505
48,424,3899635.552703485,13505
49,424,3899635.553700000,13505
50,424,3899635.554661594,13505
51,424,3899635.555590138,13505
52,424,3899635.556511581,13505
53,424,3899635.557497966,13505
54,424,3899635.558444020,13505
55,424,3899635.559412664,13505
56,424,3899635.563391575,13505
57,424,3899635.564615736,13505
58,424,3899635.565715734,13505
59,424,3899635.566766800,13505
60,424,3899635.567791806,13505
61,424,3899635.568728770,13505
62,424,3899635.569648293,13505
63,424,3899635.570633178,13505
64,424,3899635.571629983,13505
65,424,3899635.572601537,13505
66,424,3899635.573511261,13505
67,424,3899635.574463515,13505
68,424,3899635.575422419,13505
69,424,3899635.576414384,13505
70,424,3899635.577408459,13505
71,424,3899635.578316252,13505
72,424,3899635.579301807,13505
73,424,3899635.580231870,13505
74,424,3899635.581150684,13505
75,424,3899635.582088897,13505
77,424,3899635.582971399,13505
78,424,3899635.583971185,13505
79,424,3899635.584945260,13505
80,424,3899635.585904064,13505
81,424,3899635.586817627,13505
82,424,3899635.587790232,13505
83,424,3899635.588735195,13505
84,424,3899635.589644408,13505
85,424,3899635.590631153,13505
86,424,3899635.591619828,13505
87,424,3899635.592565852,13505
88,424,3899635.593525046,13505
89,424,3899635.594535702,13505
91,424,3899635.595479736,13505
92,424,3899635.596486521,13505
93,424,3899635.597420125,13505
94,424,3899635.598392819,13505
95,424,3899635.599289012,13505
96,424,3899635.600177744,13505
97,424,3899635.601083487,13505
98,424,3899635.602037852,13505
99,424,3899635.602923294,13505
101,424,3899635.603893598,13505
103,424,3899635.604813431,13505
104,424,3899635.605777846,13505
105,424,3899635.606768781,13505
106,424,3899635.607668154,13505
107,424,3899635.608617028,13505
109,424,3899635.609497630,13505
110,424,3899635.610501965,13505
111,424,3899635.611395778,13505
112,424,3899635.612265660,13505
113,424,3899635.613164953,13505
114,424,3899635.614124827,13505
115,424,3899635.615039310,13505
116,424,3899635.615918982,13505
117,424,3899635.616855386,13505
119,424,3899635.617789050,13505
120,424,3899635.618737113,13505
121,424,3899635.619672797,13505
122,424,3899635.620565890,13505
123,424,3899635.621490823,13505
124,424,3899635.622402706,13505
125,424,3899635.623290369,13505
126,424,3899635.624226842,13505
127,424,3899636.178391975,12801
0,424,3899637.000660102,13569
1,424,3899637.001886303,13569
2,424,3899637.003031162,13569
3,424,3899637.004099469,13569
4,424,3899637.005191196,13569
5,424,3899637.006745396,13569
6,424,3899637.007777012,13569
7,424,3899637.009100025,13569
8,424,3899637.010182943,13569
9,424,3899637.011148717,13569
10,424,3899637.012125082,13569
11,424,3899637.013087516,13569
12,424,3899637.014093172,13569
13,424,3899637.015047865,13569
14,424,3899637.015986139,13569
15,424,3899637.016947113,13569
16,424,3899637.017952079,13569
18,424,3899637.019107658,13569
19,424,3899637.020078413,13569
20,424,3899637.023494039,13569
21,424,3899637.024639178,13569
23,424,3899637.025522450,13569
25,424,3899637.026480465,13569
26,424,3899637.027429038,13569
27,424,3899637.028387613,13569
28,424,3899637.029323666,13569
29,424,3899637.030328742,13569
30,424,3899637.031199624,13569
31,424,3899637.032085966,13569
32,424,3899637.033063681,13569
33,424,3899637.034066366,13569
34,424,3899637.034973399,13569
35,424,3899637.035931873,13569
36,424,3899637.036880067,13569
37,424,3899637.037833651,13569
38,424,3899637.038803436,13569
39,424,3899637.039783390,13569
40,424,3899637.040809916,13569
41,424,3899637.041779561,13569
42,424,3899637.042714595,13569
43,424,3899637.043708650,13569
44,424,3899637.044713965,13569
45,424,3899637.045686120,13569
46,424,3899637.046698525,13569
47,424,3899637.047594958,13569
48,424,3899637.048561152,13569
49,424,3899637.049563208,13569
50,424,3899637.050537732,13569
51,424,3899637.051486356,13569
52,424,3899637.052422590,13569
53,424,3899637.053416015,13569
54,424,3899637.054377710,13569
55,424,3899637.055365724,13569
56,424,3899637.056337989,13569
57,424,3899637.057300253,13569
58,424,3899637.059719484,13569
59,424,3899637.060807542,13569
60,424,3899637.061993052,13569
61,424,3899637.063078289,13569
62,424,3899637.063992952,13569
63,424,3899637.065024948,13569
64,424,3899637.065998533,13569
65,424,3899637.066991838,13569
66,424,3899637.067902691,13569
67,424,3899637.068850745,13569
68,424,3899637.069803849,13569
69,424,3899637.070803445,13569
70,424,3899637.075131854,13569
71,424,3899637.076225691,13569
72,424,3899637.077263548,13569
73,424,3899637.078204352,13569
74,424,3899637.079127075,13569
75,424,3899637.080059778,13569
77,424,3899637.080969201,13569
78,424,3899637.081972927,13569
79,424,3899637.082972902,13569
80,424,3899637.083938956,13569
81,424,3899637.084862370,13569
82,424,3899637.085903956,13569
83,424,3899637.086874260,13569
84,424,3899637.087780934,13569
85,424,3899637.088781499,13569
86,424,3899637.089781704,13569
87,424,3899637.090747088,13569
88,424,3899637.091695912,13569
89,424,3899637.092779760,13569
91,424,3899637.093760354,13569
92,424,3899637.094755880,13569
93,424,3899637.095701683,13569
94,424,3899637.096688379,13569
95,424,3899637.097595351,13569
96,424,3899637.098511205,13569
97,424,3899637.099456248,13569
98,424,3899637.100426833,13569
99,424,3899637.101328946,13569
101,424,3899637.102311561,13569
103,424,3899637.103250134,13569
104,424,3899637.104231669,13569
105,424,3899637.105229904,13569
106,424,3899637.106117067,13569
107,424,3899637.107081001,13569
109,424,3899637.107951883,13569
110,424,3899637.108963219,13569
111,424,3899637.109874481,13569
112,424,3899637.110760694,13569
113,424,3899637.111669247,13569
114,424,3899637.112639791,13569
115,424,3899637.113568825,13569
116,424,3899637.114469238,13569
117,424,3899637.115422302,13569
119,424,3899637.116369096,13569
120,424,3899637.117321330,13569
121,424,3899637.118265634,13569
122,424,3899637.119167076,13569
123,424,3899637.120103340,13569
124,424,3899637.121025674,13569
125,424,3899637.121910356,13569
126,424,3899637.122866740,13569
127,424,3899637.674912139,12865
0,424,3899638.375971343,13633
1,424,3899638.377613895,13633
2,424,3899638.378808835,13633
3,424,3899638.379879592,13633
4,424,3899638.380869837,13633
5,424,3899638.381861762,13633
6,424,3899638.383564785,13633
7,424,3899638.384922159,13633
8,424,3899638.386053698,13633
9,424,3899638.387118955,13633
10,424,3899638.388248463,13633
11,424,3899638.389205758,13633
12,424,3899638.390231214,13633
13,424,3899638.391190068,13633
14,424,3899638.392143732,13633
15,424,3899638.393116346,13633
16,424,3899638.394242625,13633
18,424,3899638.395540678,13633
19,424,3899638.396510672,13633
20,424,3899638.397670032,13633
21,424,3899638.398817301,13633
23,424,3899638.402091393,13633
25,424,3899638.403319214,13633
26,424,3899638.404459403,13633
27,424,3899638.405551941,13633
28,424,3899638.406489904,13633
29,424,3899638.407502650,13633
30,424,3899638.408389172,13633
31,424,3899638.409283525,13633
32,424,3899638.410257210,13633
33,424,3899638.411273715,13633
34,424,3899638.412180528,13633
35,424,3899638.413145543,13633
36,424,3899638.414167069,13633
37,424,3899638.415143913,13633
38,424,3899638.416123418,13633
39,424,3899638.417089582,13633
40,424,3899638.418128898,13633
41,424,3899638.419080993,13633
42,424,3899638.420020726,13633
43,424,3899638.421016842,13633
44,424,3899638.422038217,13633
45,424,3899638.423031582,13633
46,424,3899638.424050068,13633
47,424,3899638.424946461,13633
48,424,3899638.425934226,13633
49,424,3899638.426966732,13633
50,424,3899638.427942606,13633
51,424,3899638.428894101,13633
52,424,3899638.429830914,13633
53,424,3899638.430831759,13633
54,424,3899638.431798714,13633
55,424,3899638.432782369,13633
56,424,3899638.433822775,13633
57,424,3899638.436651367,13633
58,424,3899638.437811486,13633
59,424,3899638.438899683,13633
60,424,3899638.440092624,13633
61,424,3899638.441199992,13633
62,424,3899638.442250718,13633
63,424,3899638.443298765,13633
64,424,3899638.444417493,13633
65,424,3899638.445405878,13633
66,424,3899638.446345722,13633
67,424,3899638.447295846,13633
68,424,3899638.448262300,13633
69,424,3899638.449283126,13633
70,424,3899638.450282791,13633
71,424,3899638.451183254,13633
72,424,3899638.452194799,13633
73,424,3899638.453181984,13633
74,424,3899638.454105508,13633
75,424,3899638.455033471,13633
77,424,3899638.458675053,13633
78,424,3899638.460368976,13633
79,424,3899638.461938416,13633
80,424,3899638.463107135,13633
81,424,3899638.464064369,13633
82,424,3899638.465158757,13633
83,424,3899638.466136412,13633
84,424,3899638.467070335,13633
85,424,3899638.468063210,13633
86,424,3899638.469094546,13633
87,424,3899638.470083871,13633
88,424,3899638.471059476,13633
89,424,3899638.472071912,13633
91,424,3899638.473051016,13633
92,424,3899638.474076062,13633
93,424,3899638.474997726,13633
94,424,3899638.476032132,13633
95,424,3899638.476938895,13633
96,424,3899638.477859758,13633
97,424,3899638.478798982,13633
98,424,3899638.479772816,13633
99,424,3899638.480681049,13633
101,424,3899638.481662484,13633
103,424,3899638.482600198,13633
104,424,3899638.483580152,13633
105,424,3899638.484578208,13633
106,424,3899638.485461370,13633
107,424,3899638.486429315,13633
109,424,3899638.487313627,13633
110,424,3899638.488319042,13633
111,424,3899638.489230975,13633
112,424,3899638.490121868,13633
113,424,3899638.491031981,13633
114,424,3899638.491993895,13633
115,424,3899638.492922128,13633
116,424,3899638.493891093,13633
117,424,3899638.494876058,13633
119,424,3899638.495841862,13633
120,424,3899638.496809637,13633
121,424,3899638.497768331,13633
122,424,3899638.498681004,13633
123,424,3899638.499624288,13633
124,424,3899638.500554931,13633
125,424,3899638.501493545,13633
126,424,3899638.502437289,13633
37,424,3899638.730465551,13650
127,424,3899639.050673852,12929
0,424,3899639.751017448,13697
1,424,3899639.752416663,13697
2,424,3899639.753555972,13697
3,424,3899639.754584918,13697
4,424,3899639.755548892,13697
5,424,3899639.757181844,13697
6,424,3899639.758268581,13697
7,424,3899639.759566104,13697
8,424,3899639.760660961,13697
9,424,3899639.761683477,13697
10,424,3899639.762846837,13697
11,424,3899639.763933524,13697
12,424,3899639.764991741,13697
13,424,3899639.765963115,13697
14,424,3899639.766930200,13697
15,424,3899639.767916365,13697
16,424,3899639.768911990,13697
18,424,3899639.769834563,13697
19,424,3899639.771073864,13697
20,424,3899639.772208153,13697
21,424,3899639.776260376,13697
23,424,3899639.777278831,13697
25,424,3899639.778395060,13697
26,424,3899639.779512028,13697
27,424,3899639.780516143,13697
28,424,3899639.781476547,13697
29,424,3899639.782496483,13697
30,424,3899639.783388866,13697
31,424,3899639.784295349,13697
32,424,3899639.785274973,13697
33,424,3899639.786288819,13697
34,424,3899639.787211552,13697
35,424,3899639.788177137,13697
36,424,3899639.789135491,13697
38,424,3899639.790138526,13697
39,424,3899639.791110121,13697
40,424,3899639.792151607,13697
41,424,3899639.793134512,13697
42,424,3899639.794082006,13697
43,424,3899639.795089871,13697
44,424,3899639.796108527,13697
45,424,3899639.797091972,13697
46,424,3899639.798145208,13697
47,424,3899639.799057362,13697
48,424,3899639.800039747,13697
49,424,3899639.801061882,13697
50,424,3899639.802053717,13697
51,424,3899639.803012111,13697
52,424,3899639.803951225,13697
53,424,3899639.805011032,13697
54,424,3899639.805995697,13697
55,424,3899639.806992852,13697
56,424,3899639.807978587,13697
57,424,3899639.808957292,13697
58,424,3899639.809912286,13697
59,424,3899639.810858540,13697
60,424,3899639.811869295,13697
61,424,3899639.812829380,13697
62,424,3899639.813765423,13697
63,424,3899639.814756578,13697
64,424,3899639.817423656,13697
65,424,3899639.818609526,13697
66,424,3899639.819602331,13697
67,424,3899639.820611086,13697
68,424,3899639.821595861,13697
69,424,3899639.822604217,13697
70,424,3899639.823589731,13697
71,424,3899639.824498445,13697
72,424,3899639.825494360,13697
73,424,3899639.826456214,13697
74,424,3899639.827402418,13697
75,424,3899639.828343091,13697
77,424,3899639.829245494,13697
78,424,3899639.830253150,13697
79,424,3899639.831254815,13697
80,424,3899639.832222809,13697
81,424,3899639.835164054,13697
82,424,3899639.836367014,13697
83,424,3899639.837509123,13697
84,424,3899639.838545389,13697
85,424,3899639.839640347,13697
86,424,3899639.840756175,13697
87,424,3899639.841748920,13697
88,424,3899639.842716525,13697
89,424,3899639.843730060,13697
91,424,3899639.844693555,13697
92,424,3899639.845721421,13697
93,424,3899639.846675805,13697
94,424,3899639.847649329,13697
95,424,3899639.848570713,13697
96,424,3899639.849502296,13697
97,424,3899639.850471031,13697
98,424,3899639.851457015,13697
99,424,3899639.852361558,13697
101,424,3899639.853355414,13697
103,424,3899639.854294827,13697
104,424,3899639.855284362,13697
105,424,3899639.856300458,13697
106,424,3899639.857190311,13697
107,424,3899639.858165145,13697
109,424,3899639.859059848,13697
110,424,3899639.860073653,13697
111,424,3899639.860984206,13697
112,424,3899639.861884809,13697
113,424,3899639.862800292,13697
114,424,3899639.863776127,13697
115,424,3899639.864706020,13697
116,424,3899639.865668415,13697
117,424,3899639.866634629,13697
119,424,3899639.867593453,13697
120,424,3899639.868558878,13697
121,424,3899639.869514972,13697
122,424,3899639.870433315,13697
123,424,3899639.871382689,13697
124,424,3899639.872322563,13697
125,424,3899639.873235506,13697
126,424,3899639.874184820,13697
127,424,3899640.424043083,12993
0,424,3899641.183162075,13761
1,424,3899641.184380115,13761
2,424,3899641.185403971,13761
3,424,3899641.186636783,13761
4,424,3899641.187624568,13761
5,424,3899641.188525230,13761
6,424,3899641.189610298,13761
7,424,3899641.191141646,13761
8,424,3899641.192145792,13761
9,424,3899641.193146397,13761
10,424,3899641.194146412,13761
11,424,3899641.195122887,13761
12,424,3899641.196158103,13761
13,424,3899641.197134588,13761
14,424,3899641.198106232,13761
15,424,3899641.200022461,13761
16,424,3899641.201229451,13761
18,424,3899641.202210516,13761
19,424,3899641.203177610,13761
20,424,3899641.204234557,13761
21,424,3899641.205260273,13761
23,424,3899641.206169466,13761
25,424,3899641.207147971,13761
26,424,3899641.208119415,13761
27,424,3899641.209103550,13761
28,424,3899641.210062984,13761
29,424,3899641.211154972,13761
30,424,3899641.212067545,13761
31,424,3899641.212992888,13761
32,424,3899641.213982034,13761
33,424,3899641.215219605,13761
34,424,3899641.217873662,13761
35,424,3899641.219089883,13761
36,424,3899641.220244021,13761
38,424,3899641.221423651,13761
39,424,3899641.222537019,13761
40,424,3899641.223599346,13761
41,424,3899641.224567581,13761
42,424,3899641.225529345,13761
43,424,3899641.226567801,13761
44,424,3899641.227633328,13761
45,424,3899641.228627813,13761
46,424,3899641.229660450,13761
47,424,3899641.230582663,13761
48,424,3899641.231565238,13761
49,424,3899641.232652565,13761
50,424,3899641.233682251,13761
51,424,3899641.234670366,13761
52,424,3899641.235626050,13761
53,424,3899641.236652916,13761
54,424,3899641.237639661,13761
55,424,3899641.238645817,13761
56,424,3899641.239631742,13761
57,424,3899641.240616426,13761
58,424,3899641.241573320,13761
59,424,3899641.242528405,13761
60,424,3899641.243552290,13761
61,424,3899641.244577736,13761
62,424,3899641.245919930,13761
63,424,3899641.246914175,13761
64,424,3899641.247913111,13761
65,424,3899641.248928346,13761
66,424,3899641.253840790,13761
67,424,3899641.255072872,13761
68,424,3899641.256282162,13761
69,424,3899641.257484822,13761
70,424,3899641.258616451,13761
71,424,3899641.259559795,13761
72,424,3899641.260595311,13761
73,424,3899641.261553716,13761
74,424,3899641.262511089,13761
75,424,3899641.263471104,13761
77,424,3899641.264393437,13761
78,424,3899641.265424583,13761
79,424,3899641.266426888,13761
80,424,3899641.267415633,13761
81,424,3899641.268338277,13761
82,424,3899641.269337412,13761
83,424,3899641.270312297,13761
84,424,3899641.271272401,13761
85,424,3899641.272298907,13761
86,424,3899641.273333373,13761
87,424,3899641.274312078,13761
88,424,3899641.275306673,13761
89,424,3899641.276396920,13761
91,424,3899641.277380355,13761
92,424,3899641.278397471,13761
93,424,3899641.279858408,13761
94,424,3899641.281447528,13761
95,424,3899641.282458194,13761
96,424,3899641.283450539,13761
97,424,3899641.284451974,13761
98,424,3899641.285483240,13761
99,424,3899641.286461595,13761
101,424,3899641.287492661,13761
103,424,3899641.288476126,13761
104,424,3899641.289486461,13761
105,424,3899641.290540278,13761
106,424,3899641.291458611,13761
107,424,3899641.292460076,13761
109,424,3899641.293370769,13761
110,424,3899641.294410086,13761
111,424,3899641.295357330,13761
112,424,3899641.296314944,13761
113,424,3899641.297305979,13761
114,424,3899641.298430757,13761
115,424,3899641.299476004,13761
116,424,3899641.300481779,13761
117,424,3899641.301471024,13761
119,424,3899641.302451429,13761
120,424,3899641.303441644,13761
121,424,3899641.304427079,13761
122,424,3899641.305382453,13761
123,424,3899641.306353687,13761
124,424,3899641.307308872,13761
125,424,3899641.308233875,13761
126,424,3899641.309248130,13761
68,424,3899641.845727106,13790
127,424,3899641.909010655,13057
0,424,3899642.607137495,13825
1,424,3899642.608406587,13825
2,424,3899642.609447953,13825
3,424,3899642.610472459,13825
4,424,3899642.611453424,13825
5,424,3899642.612455519,13825
6,424,3899642.613800663,13825
7,424,3899642.614847370,13825
8,424,3899642.615819284,13825
9,424,3899642.616777168,13825
10,424,3899642.617746133,13825
11,424,3899642.618698677,13825
12,424,3899642.619721023,13825
13,424,3899642.620719738,13825
14,424,3899642.621690613,13825
15,424,3899642.622677457,13825
16,424,3899642.623635302,13825
18,424,3899642.624712979,13825
19,424,3899642.625648772,13825
20,424,3899642.626640948,13825
21,424,3899642.629319175,13825
23,424,3899642.630385162,13825
25,424,3899642.631434279,13825
26,424,3899642.632537617,13825
27,424,3899642.633537022,13825
28,424,3899642.634491636,13825
29,424,3899642.635532492,13825
30,424,3899642.636433915,13825
31,424,3899642.637334298,13825
32,424,3899642.638317643,13825
33,424,3899642.639347409,13825
34,424,3899642.640275472,13825
35,424,3899642.641252787,13825
36,424,3899642.642235042,13825
38,424,3899642.643230407,13825
39,424,3899642.644219922,13825
40,424,3899642.645302599,13825
41,424,3899642.646278604,13825
42,424,3899642.647244888,13825
43,424,3899642.648279775,13825
44,424,3899642.649306100,13825
45,424,3899642.650302266,13825
46,424,3899642.651334601,13825
47,424,3899642.652254935,13825
48,424,3899642.653263620,13825
49,424,3899642.654309737,13825
50,424,3899642.655309792,13825
51,424,3899642.656281257,13825
52,424,3899642.657243951,13825
53,424,3899642.658267957,13825
54,424,3899642.659249842,13825
55,424,3899642.660255157,13825
56,424,3899642.661955220,13825
57,424,3899642.662948315,13825
58,424,3899642.663908249,13825
59,424,3899642.664858483,13825
60,424,3899642.665859779,13825
61,424,3899642.666818353,13825
62,424,3899642.667770267,13825
63,424,3899642.668763492,13825
64,424,3899642.669760667,13825
65,424,3899642.670756952,13825
66,424,3899642.671710396,13825
67,424,3899642.672671151,13825
69,424,3899642.676555269,13825
70,424,3899642.677807801,13825
71,424,3899642.678845237,13825
72,424,3899642.679895273,13825
73,424,3899642.680857067,13825
74,424,3899642.681795731,13825
75,424,3899642.682765336,13825
77,424,3899642.683695599,13825
78,424,3899642.684724585,13825
79,424,3899642.685730421,13825
80,424,3899642.686817618,13825
81,424,3899642.687776302,13825
82,424,3899642.688778168,13825
83,424,3899642.689829454,13825
84,424,3899642.690755878,13825
85,424,3899642.691768983,13825
86,424,3899642.692808629,13825
87,424,3899642.693818725,13825
88,424,3899642.694795170,13825
89,424,3899642.695839206,13825
91,424,3899642.696815191,13825
92,424,3899642.697832187,13825
93,424,3899642.698773240,13825
94,424,3899642.699778836,13825
95,424,3899642.700708449,13825
96,424,3899642.701629343,13825
97,424,3899642.702574426,13825
98,424,3899642.703576952,13825
99,424,3899642.704519725,13825
101,424,3899642.705538121,13825
103,424,3899642.706508676,13825
104,424,3899642.707499731,13825
105,424,3899642.708510376,13825
106,424,3899642.709414039,13825
107,424,3899642.710396324,13825
109,424,3899642.711298207,13825
110,424,3899642.712307272,13825
111,424,3899642.713241896,13825
112,424,3899642.714143348,13825
113,424,3899642.715068122,13825
114,424,3899642.716048187,13825
115,424,3899642.716976430,13825
116,424,3899642.717953485,13825
117,424,3899642.718921149,13825
119,424,3899642.719882974,13825
120,424,3899642.720859848,13825
121,424,3899642.721820162,13825
122,424,3899642.722741076,13825
123,424,3899642.723693860,13825
124,424,3899642.724649744,13825
125,424,3899642.725558127,13825
126,424,3899642.726510641,13825
127,424,3899643.283050983,13121
79,424,3899643.874443236,13884
0,424,3899643.993672989,13889
1,424,3899643.995710540,13889
2,424,3899643.997632209,13889
3,424,3899643.999379643,13889
4,424,3899644.001129917,13889
5,424,3899644.003314912,13889
6,424,3899644.005162589,13889
7,424,3899644.007345594,13889
8,424,3899644.009158840,13889
9,424,3899644.010878733,13889
10,424,3899644.012786052,13889
11,424,3899644.014566817,13889
12,424,3899644.016290540,13889
13,424,3899644.017888901,13889
14,424,3899644.019474541,13889
15,424,3899644.021863531,13889
16,424,3899644.023653146,13889
18,424,3899644.025164354,13889
19,424,3899644.026668172,13889
20,424,3899644.031949996,13889
21,424,3899644.033311820,13889
23,424,3899644.034216563,13889
25,424,3899644.035198868,13889
26,424,3899644.036181783,13889
27,424,3899644.037176838,13889
28,424,3899644.038133092,13889
29,424,3899644.039165778,13889
30,424,3899644.040060201,13889
31,424,3899644.040964934,13889
32,424,3899644.041962119,13889
33,424,3899644.042997945,13889
34,424,3899644.043945989,13889
35,424,3899644.044936654,13889
36,424,3899644.045910489,13889
38,424,3899644.046907844,13889
39,424,3899644.047888619,13889
40,424,3899644.048940005,13889
41,424,3899644.049915150,13889
42,424,3899644.050881324,13889
43,424,3899644.051917841,13889
44,424,3899644.052950916,13889
45,424,3899644.053946322,13889
46,424,3899644.055007408,13889
47,424,3899644.055916122,13889
48,424,3899644.056902046,13889
49,424,3899644.057928813,13889
50,424,3899644.058927748,13889
51,424,3899644.059891392,13889
52,424,3899644.060844346,13889
53,424,3899644.061890362,13889
54,424,3899644.062890248,13889
55,424,3899644.063916533,13889
56,424,3899644.064906319,13889
57,424,3899644.065896474,13889
58,424,3899644.067635938,13889
59,424,3899644.068622323,13889
60,424,3899644.069631848,13889
61,424,3899644.070598753,13889
62,424,3899644.071553967,13889
63,424,3899644.072572482,13889
64,424,3899644.073588018,13889
65,424,3899644.074584993,13889
66,424,3899644.075524677,13889
67,424,3899644.076484291,13889
69,424,3899644.077513387,13889
70,424,3899644.078516242,13889
71,424,3899644.079435336,13889
72,424,3899644.080448751,13889
73,424,3899644.081400265,13889
74,424,3899644.082385430,13889
75,424,3899644.083384716,13889
77,424,3899644.084298209,13889
78,424,3899644.087184212,13889
80,424,3899644.088418713,13889
81,424,3899644.089447729,13889
82,424,3899644.090530986,13889
83,424,3899644.091513831,13889
84,424,3899644.092494036,13889
85,424,3899644.093505461,13889
86,424,3899644.094535717,13889
87,424,3899644.095527592,13889
88,424,3899644.096517257,13889
89,424,3899644.097573184,13889
91,424,3899644.098566119,13889
92,424,3899644.099600725,13889
93,424,3899644.100545179,13889
94,424,3899644.101534644,13889
95,424,3899644.102457607,13889
96,424,3899644.103400421,13889
97,424,3899644.104331915,13889
98,424,3899644.105331270,13889
99,424,3899644.106270384,13889
101,424,3899644.107286460,13889
103,424,3899644.108247884,13889
104,424,3899644.109278920,13889
105,424,3899644.110302016,13889
106,424,3899644.111205628,13889
107,424,3899644.112185153,13889
109,424,3899644.113090496,13889
110,424,3899644.114115692,13889
111,424,3899644.115057466,13889
112,424,3899644.115956039,13889
113,424,3899644.116885032,13889
114,424,3899644.117875287,13889
115,424,3899644.118820701,13889
116,424,3899644.119795316,13889
117,424,3899644.120771020,13889
119,424,3899644.121744755,13889
120,424,3899644.122722530,13889
121,424,3899644.123688874,13889
122,424,3899644.124618267,13889
123,424,3899644.125576042,13889
124,424,3899644.126518246,13889
125,424,3899644.127434118,13889
126,424,3899644.128400263,13889
127,424,3899644.668937491,13185
0,424,3899645.376438748,13953
1,424,3899645.377815832,13953
2,424,3899645.378859999,13953
3,424,3899645.379907815,13953
4,424,3899645.380894610,13953
5,424,3899645.382256115,13953
6,424,3899645.383325992,13953
7,424,3899645.384479681,13953
8,424,3899645.385530467,13953
9,424,3899645.386617905,13953
10,424,3899645.387613030,13953
11,424,3899645.388583575,13953
12,424,3899645.389635571,13953
13,424,3899645.390624756,13953
14,424,3899645.391632932,13953
15,424,3899645.392652767,13953
16,424,3899645.393620702,13953
18,424,3899645.394697649,13953
19,424,3899645.397688145,13953
20,424,3899645.398959166,13953
21,424,3899645.400187808,13953
23,424,3899645.401170042,13953
25,424,3899645.402257080,13953
26,424,3899645.403232985,13953
27,424,3899645.404219930,13953
28,424,3899645.405194404,13953
29,424,3899645.406245421,13953
30,424,3899645.407150114,13953
31,424,3899645.408080187,13953
32,424,3899645.409094873,13953
33,424,3899645.410125349,13953
34,424,3899645.411084583,13953
35,424,3899645.412079908,13953
36,424,3899645.413065423,13953
38,424,3899645.414090909,13953
39,424,3899645.415087644,13953
40,424,3899645.416163011,13953
41,424,3899645.417141326,13953
42,424,3899645.418124131,13953
43,424,3899645.419188898,13953
44,424,3899645.420229994,13953
45,424,3899645.421249460,13953
46,424,3899645.422305227,13953
47,424,3899645.423231050,13953
48,424,3899645.424236345,13953
49,424,3899645.425264311,13953
50,424,3899645.426283747,13953
51,424,3899645.427269622,13953
52,424,3899645.428227776,13953
53,424,3899645.429258482,13953
54,424,3899645.430246617,13953
55,424,3899645.431251983,13953
56,424,3899645.432247868,13953
57,424,3899645.434099214,13953
58,424,3899645.435340626,13953
59,424,3899645.436468934,13953
60,424,3899645.437694725,13953
61,424,3899645.438834584,13953
62,424,3899645.439905091,13953
63,424,3899645.440923427,13953
64,424,3899645.441931652,13953
65,424,3899645.443027200,13953
66,424,3899645.447370630,13953
67,424,3899645.448584820,13953
69,424,3899645.449865773,13953
70,424,3899645.451113764,13953
71,424,3899645.452159311,13953
72,424,3899645.453282769,13953
73,424,3899645.454247934,13953
74,424,3899645.455189027,13953
75,424,3899645.456143982,13953
77,424,3899645.457067975,13953
78,424,3899645.458102461,13953
80,424,3899645.459081456,13953
81,424,3899645.460021300,13953
82,424,3899645.461011654,13953
83,424,3899645.461977499,13953
84,424,3899645.462909213,13953
85,424,3899645.463907108,13953
86,424,3899645.464944134,13953
87,424,3899645.465946519,13953
88,424,3899645.466934964,13953
89,424,3899645.467973890,13953
91,424,3899645.468960475,13953
92,424,3899645.470010682,13953
93,424,3899645.470956136,13953
94,424,3899645.471951981,13953
95,424,3899645.472865434,13953
96,424,3899645.473811398,13953
97,424,3899645.474775332,13953
98,424,3899645.475791718,13953
99,424,3899645.476745932,13953
101,424,3899645.477775178,13953
103,424,3899645.478741433,13953
104,424,3899645.479762298,13953
105,424,3899645.480787024,13953
106,424,3899645.481700897,13953
107,424,3899645.482686602,13953
109,424,3899645.483589675,13953
110,424,3899645.484610411,13953
111,424,3899645.485542684,13953
112,424,3899645.486450817,13953
113,424,3899645.487383121,13953
114,424,3899645.488366796,13953
115,424,3899645.489314260,13953
116,424,3899645.490306755,13953
117,424,3899645.491283599,13953
119,424,3899645.492262414,13953
120,424,3899645.493248709,13953
121,424,3899645.494223494,13953
122,424,3899645.495170797,13953
123,424,3899645.496131662,13953
124,424,3899645.497085156,13953
125,424,3899645.497998319,13953
126,424,3899645.498971494,13953
127,424,3899646.052379036,13249
0,424,3899646.767631259,14017
1,424,3899646.769687581,14017
2,424,3899646.770991234,14017
3,424,3899646.772228085,14017
4,424,3899646.773374754,14017
5,424,3899646.774441741,14017
6,424,3899646.776556144,14017
7,424,3899646.777938269,14017
8,424,3899646.779124899,14017
9,424,3899646.780195476,14017
10,424,3899646.781341965,14017
11,424,3899646.782325910,14017
12,424,3899646.783374067,14017
13,424,3899646.784360371,14017
14,424,3899646.785349707,14017
15,424,3899646.786367612,14017
16,424,3899646.787334927,14017
18,424,3899646.788275970,14017
19,424,3899646.789217334,14017
20,424,3899646.790226290,14017
21,424,3899646.791246556,14017
23,424,3899646.793012040,14017
25,424,3899646.794245111,14017
26,424,3899646.795408391,14017
27,424,3899646.796571180,14017
28,424,3899646.797593406,14017
29,424,3899646.798704644,14017
30,424,3899646.803572737,14017
31,424,3899646.804506491,14017
32,424,3899646.805568867,14017
33,424,3899646.806777128,14017
34,424,3899646.807723232,14017
35,424,3899646.808703547,14017
36,424,3899646.809682381,14017
38,424,3899646.810695107,14017
39,424,3899646.811680362,14017
40,424,3899646.812754879,14017
41,424,3899646.813729664,14017
42,424,3899646.814698808,14017
43,424,3899646.815727504,14017
44,424,3899646.816767570,14017
45,424,3899646.817774966,14017
46,424,3899646.818816292,14017
47,424,3899646.819743605,14017
48,424,3899646.820734610,14017
49,424,3899646.821762207,14017
50,424,3899646.822767582,14017
51,424,3899646.823739017,14017
52,424,3899646.824695511,14017
53,424,3899646.825725777,14017
54,424,3899646.826713982,14017
55,424,3899646.827751048,14017
56,424,3899646.828769774,14017
57,424,3899646.829785849,14017
58,424,3899646.830755094,14017
59,424,3899646.831710758,14017
60,424,3899646.832739454,14017
61,424,3899646.833748670,14017
62,424,3899646.834695463,14017
63,424,3899646.835701429,14017
64,424,3899646.836735075,14017
65,424,3899646.837743560,14017
66,424,3899646.838708825,14017
67,424,3899646.839685769,14017
69,424,3899646.840705585,14017
70,424,3899646.841735891,14017
71,424,3899646.842679325,14017
72,424,3899646.843701161,14017
73,424,3899646.844665095,14017
74,424,3899646.845613349,14017
75,424,3899646.846574443,14017
77,424,3899646.847510827,14017
78,424,3899646.848530083,14017
80,424,3899646.849502608,14017
81,424,3899646.850428131,14017
82,424,3899646.851421736,14017
83,424,3899646.852467783,14017
84,424,3899646.856041133,14017
85,424,3899646.857191312,14017
86,424,3899646.858282169,14017
87,424,3899646.859281915,14017
88,424,3899646.860276030,14017
89,424,3899646.861330456,14017
91,424,3899646.862333272,14017
92,424,3899646.863379488,14017
93,424,3899646.864359553,14017
94,424,3899646.865374118,14017
95,424,3899646.866336803,14017
96,424,3899646.867272497,14017
97,424,3899646.868232411,14017
98,424,3899646.869242036,14017
99,424,3899646.870177530,14017
101,424,3899646.871208826,14017
103,424,3899646.872178601,14017
104,424,3899646.873203956,14017
105,424,3899646.874245423,14017
106,424,3899646.875275939,14017
107,424,3899646.876267594,14017
109,424,3899646.877178497,14017
110,424,3899646.878206313,14017
111,424,3899646.879147266,14017
112,424,3899646.880065970,14017
113,424,3899646.881014724,14017
114,424,3899646.881999069,14017
115,424,3899646.882949093,14017
116,424,3899646.883929587,14017
117,424,3899646.884906742,14017
119,424,3899646.885886007,14017
120,424,3899646.886867252,14017
121,424,3899646.887837666,14017
122,424,3899646.888763589,14017
123,424,3899646.889806166,14017
124,424,3899646.891151330,14017
125,424,3899646.892086524,14017
126,424,3899646.893100069,14017
127,424,3899647.527338614,13313
0,424,3899650.003986591,14081
1,424,3899650.005211751,14081
2,424,3899650.006233587,14081
3,424,3899650.007256963,14081
4,424,3899650.008766051,14081
5,424,3899650.009749946,14081
6,424,3899650.010841804,14081
7,424,3899650.011994253,14081
8,424,3899650.013130062,14081
9,424,3899650.014159108,14081
10,424,3899650.015160263,14081
11,424,3899650.016143028,14081
12,424,3899650.017191614,14081
13,424,3899650.018191239,14081
14,424,3899650.019372309,14081
15,424,3899650.022258612,14081
16,424,3899650.023494183,14081
18,424,3899650.024562731,14081
19,424,3899650.025534355,14081
20,424,3899650.026564241,14081
21,424,3899650.027598447,14081
23,424,3899650.028535671,14081
25,424,3899650.029525596,14081
26,424,3899650.030524161,14081
27,424,3899650.031511706,14081
28,424,3899650.032484751,14081
29,424,3899650.033514457,14081
30,424,3899650.034422060,14081
31,424,3899650.035344103,14081
32,424,3899650.036336158,14081
33,424,3899650.037368174,14081
34,424,3899650.038323288,14081
35,424,3899650.039313333,14081
36,424,3899650.040328869,14081
38,424,3899650.041343684,14081
39,424,3899650.042339970,14081
40,424,3899650.043413387,14081
41,424,3899650.044397941,14081
42,424,3899650.045369546,14081
43,424,3899650.046400422,14081
44,424,3899650.047460449,14081
45,424,3899650.048461084,14081
46,424,3899650.049504831,14081
47,424,3899650.050541517,14081
48,424,3899650.051538762,14081
49,424,3899650.053372838,14081
50,424,3899650.054617740,14081
51,424,3899650.055627715,14081
52,424,3899650.056603790,14081
53,424,3899650.057658087,14081
54,424,3899650.058705133,14081
55,424,3899650.063958706,14081
56,424,3899650.065203087,14081
57,424,3899650.066344126,14081
58,424,3899650.067323181,14081
59,424,3899650.068305636,14081
60,424,3899650.069340132,14081
61,424,3899650.070336547,14081
62,424,3899650.071294071,14081
63,424,3899650.072305437,14081
64,424,3899650.073320062,14081
65,424,3899650.074331868,14081
66,424,3899650.075285472,14081
67,424,3899650.076285357,14081
69,424,3899650.077309363,14081
70,424,3899650.078322739,14081
71,424,3899650.079282673,14081
72,424,3899650.080306269,14081
73,424,3899650.081270493,14081
74,424,3899650.082223707,14081
75,424,3899650.083186082,14081
77,424,3899650.084168606,14081
78,424,3899650.085205833,14081
80,424,3899650.086189737,14081
81,424,3899650.087130861,14081
82,424,3899650.088127277,14081
83,424,3899650.089112471,14081
84,424,3899650.090039675,14081
85,424,3899650.091057900,14081
86,424,3899650.092081546,14081
87,424,3899650.093099602,14081
88,424,3899650.094078877,14081
89,424,3899650.095115793,14081
91,424,3899650.096098548,14081
92,424,3899650.097126474,14081
93,424,3899650.098082528,14081
94,424,3899650.099078333,14081
95,424,3899650.099997666,14081
96,424,3899650.100931660,14081
97,424,3899650.101875354,14081
98,424,3899650.102889639,14081
99,424,3899650.103882555,14081
101,424,3899650.104907041,14081
103,424,3899650.105884675,14081
104,424,3899650.106912601,14081
105,424,3899650.107960808,14081
106,424,3899650.109021034,14081
107,424,3899650.110084751,14081
109,424,3899650.110993884,14081
110,424,3899650.112042001,14081
111,424,3899650.112974194,14081
112,424,3899650.113892808,14081
113,424,3899650.114829201,14081
114,424,3899650.115827716,14081
115,424,3899650.116782741,14081
116,424,3899650.117767105,14081
117,424,3899650.118761340,14081
119,424,3899650.119747965,14081
120,424,3899650.120736570,14081
121,424,3899650.121720635,14081
122,424,3899650.122652129,14081
123,424,3899650.123616343,14081
124,424,3899650.124575357,14081
125,424,3899650.125502101,14081
126,424,3899650.126572648,14081
127,424,3899651.051086447,13377
0,424,3899651.776607488,14145
1,424,3899651.778315801,14145
2,424,3899651.779557662,14145
3,424,3899651.780776964,14145
4,424,3899651.781903392,14145
5,424,3899651.783685977,14145
6,424,3899651.784755264,14145
7,424,3899651.786086778,14145
8,424,3899651.787228956,14145
9,424,3899651.788287793,14145
10,424,3899651.789475783,14145
11,424,3899651.790568351,14145
12,424,3899651.791642778,14145
13,424,3899651.792635443,14145
14,424,3899651.793621458,14145
15,424,3899651.794616143,14145
16,424,3899651.795630479,14145
18,424,3899651.796565242,14145
19,424,3899651.797799794,14145
20,424,3899651.798964803,14145
21,424,3899651.802820821,14145
23,424,3899651.803932549,14145
25,424,3899651.804953644,14145
26,424,3899651.805949909,14145
27,424,3899651.806945474,14145
28,424,3899651.807921519,14145
29,424,3899651.808955616,14145
30,424,3899651.809883259,14145
31,424,3899651.810831093,14145
32,424,3899651.811834708,14145
33,424,3899651.812874004,14145
34,424,3899651.813826308,14145
35,424,3899651.814826564,14145
36,424,3899651.815820309,14145
38,424,3899651.816829374,14145
39,424,3899651.817825060,14145
40,424,3899651.818893756,14145
41,424,3899651.819885212,14145
42,424,3899651.820854796,14145
43,424,3899651.821891022,14145
44,424,3899651.822998680,14145
45,424,3899651.824012146,14145
46,424,3899651.825061062,14145
47,424,3899651.825983366,14145
48,424,3899651.826980091,14145
49,424,3899651.828026427,14145
50,424,3899651.829054493,14145
51,424,3899651.830054058,14145
52,424,3899651.831020593,14145
53,424,3899651.832062539,14145
54,424,3899651.833052954,14145
55,424,3899651.834066660,14145
56,424,3899651.835075085,14145
57,424,3899651.836100061,14145
58,424,3899651.837096456,14145
59,424,3899651.838076371,14145
60,424,3899651.839091737,14145
61,424,3899651.840147773,14145
62,424,3899651.842362780,14145
63,424,3899651.843603441,14145
64,424,3899651.844797591,14145
65,424,3899651.845961020,14145
66,424,3899651.846938285,14145
67,424,3899651.847927080,14145
69,424,3899651.848958256,14145
70,424,3899651.849968461,14145
71,424,3899651.850909405,14145
72,424,3899651.851946211,14145
73,424,3899651.853012138,14145
74,424,3899651.854107626,14145
75,424,3899651.857636065,14145
77,424,3899651.858771544,14145
78,424,3899651.859952214,14145
80,424,3899651.861104153,14145
81,424,3899651.862040497,14145
82,424,3899651.863044552,14145
83,424,3899651.864024887,14145
84,424,3899651.864950020,14145
85,424,3899651.865962846,14145
86,424,3899651.866990212,14145
87,424,3899651.867983407,14145
88,424,3899651.868980572,14145
89,424,3899651.870026958,14145
91,424,3899651.871011243,14145
92,424,3899651.872037119,14145
93,424,3899651.872982833,14145
94,424,3899651.873987208,14145
95,424,3899651.874907552,14145
96,424,3899651.875870406,14145
97,424,3899651.876853241,14145
98,424,3899651.877861096,14145
99,424,3899651.878808050,14145
101,424,3899651.879846976,14145
103,424,3899651.880810441,14145
104,424,3899651.881839327,14145
105,424,3899651.882886233,14145
106,424,3899651.883938260,14145
107,424,3899651.885025197,14145
109,424,3899651.885931470,14145
110,424,3899651.886965196,14145
111,424,3899651.887901440,14145
112,424,3899651.888818923,14145
113,424,3899651.889757177,14145
114,424,3899651.890756472,14145
115,424,3899651.891712776,14145
116,424,3899651.892704931,14145
117,424,3899651.893699097,14145
119,424,3899651.894683051,14145
120,424,3899651.895676516,14145
121,424,3899651.896657371,14145
122,424,3899651.897593945,14145
123,424,3899651.898592040,14145
124,424,3899651.899556185,14145
125,424,3899651.900487348,14145
126,424,3899651.901559395,14145
127,424,3899652.445099308,13441
0,424,3899653.161343385,14209
1,424,3899653.162789291,14209
2,424,3899653.164020202,14209
3,424,3899653.165216043,14209
4,424,3899653.166603408,14209
5,424,3899653.168250649,14209
6,424,3899653.169361108,14209
7,424,3899653.170674841,14209
8,424,3899653.171790419,14209
9,424,3899653.172814565,14209
10,424,3899653.173815920,14209
11,424,3899653.174805635,14209
12,424,3899653.175877032,14209
13,424,3899653.176872557,14209
14,424,3899653.177865462,14209
15,424,3899653.178877078,14209
16,424,3899653.180451428,14209
18,424,3899653.181495534,14209
19,424,3899653.182444658,14209
20,424,3899653.183481014,14209
21,424,3899653.184694745,14209
23,424,3899653.187951547,14209
25,424,3899653.189146057,14209
26,424,3899653.190275086,14209
27,424,3899653.191279691,14209
28,424,3899653.192275606,14209
29,424,3899653.193342603,14209
30,424,3899653.194252566,14209
31,424,3899653.195168660,14209
32,424,3899653.196173015,14209
33,424,3899653.197218981,14209
34,424,3899653.198179505,14209
35,424,3899653.199170270,14209
36,424,3899653.200165156,14209
38,424,3899653.201169751,14209
39,424,3899653.202168276,14209
40,424,3899653.203254944,14209
41,424,3899653.204244489,14209
42,424,3899653.205230054,14209
43,424,3899653.206274650,14209
44,424,3899653.207321236,14209
45,424,3899653.208331932,14209
46,424,3899653.209386939,14209
47,424,3899653.210315272,14209
48,424,3899653.211317428,14209
49,424,3899653.212375834,14209
50,424,3899653.213389080,14209
51,424,3899653.214371855,14209
52,424,3899653.215355930,14209
53,424,3899653.216395586,14209
54,424,3899653.217389661,14209
55,424,3899653.218426357,14209
56,424,3899653.219437323,14209
57,424,3899653.220472169,14209
58,424,3899653.221697840,14209
59,424,3899653.223811673,14209
60,424,3899653.225036334,14209
61,424,3899653.226154572,14209
62,424,3899653.227143907,14209
63,424,3899653.228207144,14209
64,424,3899653.229232240,14209
65,424,3899653.230249856,14209
66,424,3899653.231199200,14209
67,424,3899653.232181175,14209
69,424,3899653.233226281,14209
70,424,3899653.234241947,14209
71,424,3899653.235176640,14209
72,424,3899653.236212566,14209
73,424,3899653.237189721,14209
74,424,3899653.238143045,14209
75,424,3899653.239109360,14209
77,424,3899653.240046543,14209
78,424,3899653.241079300,14209
80,424,3899653.242068065,14209
81,424,3899653.243009868,14209
82,424,3899653.244014283,14209
83,424,3899653.245056080,14209
84,424,3899653.248447356,14209
85,424,3899653.249653766,14209
86,424,3899653.250821355,14209
87,424,3899653.251820141,14209
88,424,3899653.252825606,14209
89,424,3899653.253882643,14209
91,424,3899653.254879368,14209
92,424,3899653.255916364,14209
93,424,3899653.256876529,14209
94,424,3899653.257882654,14209
95,424,3899653.258807608,14209
96,424,3899653.259743081,14209
97,424,3899653.260721016,14209
98,424,3899653.261719411,14209
99,424,3899653.262652934,14209
101,424,3899653.263690561,14209
103,424,3899653.264682456,14209
104,424,3899653.265693231,14209
105,424,3899653.266745478,14209
106,424,3899653.267803165,14209
107,424,3899653.268888782,14209
109,424,3899653.269826156,14209
110,424,3899653.270858572,14209
111,424,3899653.271806386,14209
112,424,3899653.272726869,14209
113,424,3899653.273670943,14209
114,424,3899653.274675118,14209
115,424,3899653.275631682,14209
116,424,3899653.276617407,14209
117,424,3899653.277611512,14209
119,424,3899653.278632448,14209
120,424,3899653.279630694,14209
121,424,3899653.280617139,14209
122,424,3899653.281554702,14209
123,424,3899653.282526667,14209
124,424,3899653.283498711,14209
125,424,3899653.284427335,14209
126,424,3899653.285462541,14209
127,424,3899653.841242193,13505
0,424,3899654.559219804,14273
1,424,3899654.560830604,14273
2,424,3899654.562062895,14273
3,424,3899654.563268266,14273
4,424,3899654.564406944,14273
5,424,3899654.565444411,14273
6,424,3899654.567421921,14273
7,424,3899654.568776425,14273
8,424,3899654.569910423,14273
9,424,3899654.570998311,14273
10,424,3899654.572168201,14273
11,424,3899654.573180416,14273
12,424,3899654.574257183,14273
13,424,3899654.575281929,14273
14,424,3899654.576300035,14273
15,424,3899654.577312981,14273
16,424,3899654.578310246,14273
18,424,3899654.579241219,14273
19,424,3899654.580186443,14273
20,424,3899654.581929937,14273
21,424,3899654.583165118,14273
23,424,3899654.584194624,14273
25,424,3899654.585226711,14273
26,424,3899654.586365899,14273
27,424,3899654.590751270,14273
28,424,3899654.591901449,14273
29,424,3899654.593031628,14273
30,424,3899654.594010992,14273
31,424,3899654.594944496,14273
32,424,3899654.596088655,14273
33,424,3899654.597175523,14273
34,424,3899654.598141757,14273
35,424,3899654.599149052,14273
36,424,3899654.600153258,14273
38,424,3899654.601173304,14273
39,424,3899654.602182119,14273
40,424,3899654.603276267,14273
41,424,3899654.604280552,14273
42,424,3899654.605262737,14273
43,424,3899654.606312643,14273
44,424,3899654.607365920,14273
45,424,3899654.608377615,14273
46,424,3899654.609437172,14273
47,424,3899654.610385156,14273
48,424,3899654.611389991,14273
49,424,3899654.612442798,14273
50,424,3899654.613468194,14273
51,424,3899654.614461799,14273
52,424,3899654.615453364,14273
53,424,3899654.616500301,14273
54,424,3899654.617504716,14273
55,424,3899654.618589484,14273
56,424,3899654.619612959,14273
57,424,3899654.620628385,14273
58,424,3899654.621621020,14273
59,424,3899654.622615795,14273
60,424,3899654.623652672,14273
61,424,3899654.624656907,14273
62,424,3899654.625626601,14273
63,424,3899654.626647327,14273
64,424,3899654.627683593,14273
65,424,3899654.628712729,14273
66,424,3899654.629681114,14273
67,424,3899654.630673839,14273
69,424,3899654.631740006,14273
70,424,3899654.632767642,14273
71,424,3899654.635903081,14273
72,424,3899654.636988638,14273
73,424,3899654.638111467,14273
74,424,3899654.640194739,14273
75,424,3899654.642259222,14273
77,424,3899654.643442492,14273
78,424,3899654.644622831,14273
80,424,3899654.645723989,14273
81,424,3899654.646784326,14273
82,424,3899654.647896274,14273
83,424,3899654.649011742,14273
84,424,3899654.650012347,14273
85,424,3899654.651108325,14273
86,424,3899654.652209103,14273
87,424,3899654.653271900,14273
88,424,3899654.654305826,14273
89,424,3899654.655384273,14273
91,424,3899654.656411349,14273
92,424,3899654.657495116,14273
93,424,3899654.658508232,14273
94,424,3899654.659548178,14273
95,424,3899654.660509453,14273
96,424,3899654.661478767,14273
97,424,3899654.662479113,14273
98,424,3899654.663525469,14273
99,424,3899654.664502344,14273
101,424,3899654.667895589,14273
103,424,3899654.669123810,14273
104,424,3899654.670380402,14273
105,424,3899654.671613813,14273
106,424,3899654.672818604,14273
107,424,3899654.673971873,14273
109,424,3899654.674956148,14273
110,424,3899654.676053436,14273
111,424,3899654.677032170,14273
112,424,3899654.677971134,14273
113,424,3899654.678940188,14273
114,424,3899654.679968314,14273
115,424,3899654.680940649,14273
116,424,3899654.681961735,14273
117,424,3899654.682982731,14273
119,424,3899654.683992696,14273
120,424,3899654.684994341,14273
121,424,3899654.686011837,14273
122,424,3899654.686965101,14273
123,424,3899654.687955186,14273
124,424,3899654.688926001,14273
125,424,3899654.689873865,14273
126,424,3899654.690966972,14273
127,424,3899655.296379149,13569
0,424,3899656.009567868,14337
1,424,3899656.011302701,14337
2,424,3899656.012586604,14337
3,424,3899656.013821215,14337
4,424,3899656.014988494,14337
5,424,3899656.016128833,14337
6,424,3899656.017984620,14337
7,424,3899656.019356765,14337
8,424,3899656.020500034,14337
9,424,3899656.021586821,14337
10,424,3899656.022812122,14337
11,424,3899656.023959921,14337
12,424,3899656.025048999,14337
13,424,3899656.026117016,14337
14,424,3899656.027153192,14337
15,424,3899656.028654910,14337
16,424,3899656.029850100,14337
18,424,3899656.032541188,14337
19,424,3899656.033559394,14337
20,424,3899656.034614250,14337
21,424,3899656.035670997,14337
23,424,3899656.036669002,14337
25,424,3899656.037698208,14337
26,424,3899656.038717944,14337
27,424,3899656.039732990,14337
28,424,3899656.040733535,14337
29,424,3899656.041791702,14337
30,424,3899656.042738106,14337
31,424,3899656.043693220,14337
32,424,3899656.044712636,14337
33,424,3899656.045803613,14337
34,424,3899656.046761817,14337
35,424,3899656.047805304,14337
36,424,3899656.048801629,14337
38,424,3899656.049821625,14337
39,424,3899656.050866431,14337
40,424,3899656.051960909,14337
41,424,3899656.053972870,14337
42,424,3899656.055214341,14337
43,424,3899656.056456232,14337
44,424,3899656.057663783,14337
45,424,3899656.058706849,14337
46,424,3899656.059783666,14337
47,424,3899656.060771721,14337
48,424,3899656.064953677,14337
49,424,3899656.066273600,14337
50,424,3899656.067445570,14337
51,424,3899656.068572568,14337
52,424,3899656.069550593,14337
53,424,3899656.070643101,14337
54,424,3899656.071652246,14337
55,424,3899656.072672072,14337
56,424,3899656.073686157,14337
57,424,3899656.074758225,14337
58,424,3899656.075744460,14337
59,424,3899656.076715634,14337
60,424,3899656.077744860,14337
61,424,3899656.078748156,14337
62,424,3899656.079717220,14337
63,424,3899656.080737636,14337
64,424,3899656.081791202,14337
65,424,3899656.082820018,14337
66,424,3899656.083791283,14337
67,424,3899656.084781148,14337
69,424,3899656.085826454,14337
70,424,3899656.086871351,14337
71,424,3899656.087827025,14337
72,424,3899656.088864251,14337
73,424,3899656.089850776,14337
74,424,3899656.090817430,14337
75,424,3899656.091797215,14337
77,424,3899656.092742459,14337
78,424,3899656.093789045,14337
80,424,3899656.094795601,14337
81,424,3899656.095746735,14337
82,424,3899656.096772631,14337
83,424,3899656.097780016,14337
84,424,3899656.098725800,14337
85,424,3899656.099756526,14337
86,424,3899656.100828023,14337
87,424,3899656.101917751,14337
88,424,3899656.102925976,14337
89,424,3899656.103980573,14337
91,424,3899656.105065310,14337
92,424,3899656.108463486,14337
93,424,3899656.109570824,14337
94,424,3899656.110653811,14337
95,424,3899656.111627126,14337
96,424,3899656.112576690,14337
97,424,3899656.113537695,14337
98,424,3899656.114651292,14337
99,424,3899656.115597507,14337
101,424,3899656.116628702,14337
103,424,3899656.117599997,14337
104,424,3899656.118635453,14337
105,424,3899656.119698340,14337
106,424,3899656.120739506,14337
107,424,3899656.121841894,14337
109,424,3899656.122792008,14337
110,424,3899656.123854005,14337
111,424,3899656.124826460,14337
112,424,3899656.125759473,14337
113,424,3899656.126712097,14337
114,424,3899656.127724483,14337
115,424,3899656.128689217,14337
116,424,3899656.129697953,14337
117,424,3899656.130701918,14337
119,424,3899656.131693303,14337
120,424,3899656.132696619,14337
121,424,3899656.133689824,14337
122,424,3899656.134642488,14337
123,424,3899656.135666854,14337
124,424,3899656.136648338,14337
125,424,3899656.138038094,14337
126,424,3899656.139222393,14337
127,424,3899656.700785881,13633
0,424,3899657.489434647,14401
1,424,3899657.490825302,14401
2,424,3899657.492123515,14401
3,424,3899657.493357776,14401
4,424,3899657.494506255,14401
5,424,3899657.496540327,14401
6,424,3899657.497682626,14401
7,424,3899657.499076661,14401
8,424,3899657.500106237,14401
9,424,3899657.501159354,14401
10,424,3899657.502181099,14401
11,424,3899657.503212325,14401
12,424,3899657.504308803,14401
13,424,3899657.505321699,14401
14,424,3899657.506326914,14401
15,424,3899657.507349780,14401
16,424,3899657.508343235,14401
18,424,3899657.509278159,14401
19,424,3899657.510274704,14401
20,424,3899657.511898935,14401
21,424,3899657.513098745,14401
23,424,3899657.517147047,14401
25,424,3899657.518355888,14401
26,424,3899657.519493837,14401
27,424,3899657.520527023,14401
28,424,3899657.521512918,14401
29,424,3899657.522592325,14401
30,424,3899657.523517178,14401
31,424,3899657.524448422,14401
32,424,3899657.525499708,14401
33,424,3899657.526560795,14401
34,424,3899657.527546540,14401
35,424,3899657.528570796,14401
36,424,3899657.529572311,14401
38,424,3899657.530589887,14401
39,424,3899657.531594862,14401
40,424,3899657.532679170,14401
41,424,3899657.533682055,14401
42,424,3899657.534679710,14401
43,424,3899657.535737777,14401
44,424,3899657.536799964,14401
45,424,3899657.537827720,14401
46,424,3899657.538897357,14401
47,424,3899657.539850891,14401
48,424,3899657.540867417,14401
49,424,3899657.541924413,14401
50,424,3899657.542956090,14401
51,424,3899657.543958715,14401
52,424,3899657.544941409,14401
53,424,3899657.545998276,14401
54,424,3899657.547019832,14401
55,424,3899657.548054648,14401
56,424,3899657.549072064,14401
57,424,3899657.550085679,14401
58,424,3899657.551077515,14401
59,424,3899657.552051599,14401
60,424,3899657.553091715,14401
61,424,3899657.554090801,14401
62,424,3899657.555069816,14401
63,424,3899657.556123742,14401
64,424,3899657.557160198,14401
65,424,3899657.558196775,14401
66,424,3899657.559170329,14401
67,424,3899657.560228446,14401
69,424,3899657.563070298,14401
70,424,3899657.564265828,14401
71,424,3899657.565236602,14401
72,424,3899657.566286909,14401
73,424,3899657.567287144,14401
74,424,3899657.568249618,14401
75,424,3899657.569226583,14401
77,424,3899657.570176897,14401
78,424,3899657.571219104,14401
80,424,3899657.572228309,14401
81,424,3899657.573187733,14401
82,424,3899657.574225989,14401
83,424,3899657.575228625,14401
84,424,3899657.576199359,14401
85,424,3899657.577231105,14401
86,424,3899657.578273642,14401
87,424,3899657.581359840,14401
88,424,3899657.582588591,14401
89,424,3899657.583833482,14401
91,424,3899657.584975131,14401
92,424,3899657.586058959,14401
93,424,3899657.587043703,14401
94,424,3899657.588102270,14401
95,424,3899657.589034694,14401
96,424,3899657.589981918,14401
97,424,3899657.590943012,14401
98,424,3899657.591956568,14401
99,424,3899657.592961903,14401
101,424,3899657.594025180,14401
103,424,3899657.594988264,14401
104,424,3899657.596017460,14401
105,424,3899657.597080927,14401
106,424,3899657.598153144,14401
107,424,3899657.599231521,14401
109,424,3899657.600185905,14401
110,424,3899657.601258423,14401
111,424,3899657.602238147,14401
112,424,3899657.603189911,14401
113,424,3899657.604145735,14401
114,424,3899657.605166721,14401
115,424,3899657.606142856,14401
116,424,3899657.607147241,14401
117,424,3899657.608157137,14401
119,424,3899657.609159402,14401
120,424,3899657.610184028,14401
121,424,3899657.611199794,14401
122,424,3899657.612155318,14401
123,424,3899657.613153063,14401
124,424,3899657.614136138,14401
125,424,3899657.615076272,14401
126,424,3899657.616125658,14401
127,424,3899658.221444442,13697
0,424,3899658.938513078,14465
1,424,3899658.939729449,14465
2,424,3899658.940783596,14465
3,424,3899658.941838733,14465
4,424,3899658.942926900,14465
5,424,3899658.944149931,14465
6,424,3899658.945165047,14465
7,424,3899658.946328686,14465
8,424,3899658.947348702,14465
9,424,3899658.948355107,14465
10,424,3899658.949358373,14465
11,424,3899658.950353788,14465
12,424,3899658.951419715,14465
13,424,3899658.952446131,14465
14,424,3899658.953647971,14465
15,424,3899658.954696287,14465
16,424,3899658.955695973,14465
18,424,3899658.958088953,14465
19,424,3899658.959151700,14465
20,424,3899658.960206437,14465
21,424,3899658.961257683,14465
23,424,3899658.962197147,14465
25,424,3899658.963212113,14465
26,424,3899658.964236059,14465
27,424,3899658.965249814,14465
28,424,3899658.966237809,14465
29,424,3899658.967296286,14465
30,424,3899658.968221849,14465
31,424,3899658.969164323,14465
32,424,3899658.970220190,14465
33,424,3899658.971290297,14465
34,424,3899658.972254691,14465
35,424,3899658.973268517,14465
36,424,3899658.974280762,14465
38,424,3899658.975307688,14465
39,424,3899658.976327034,14465
40,424,3899658.977414692,14465
41,424,3899658.978423007,14465
42,424,3899658.979415692,14465
43,424,3899658.980484849,14465
44,424,3899658.981546576,14465
45,424,3899658.982562851,14465
46,424,3899658.983630229,14465
47,424,3899658.984572072,14465
48,424,3899658.987368643,14465
49,424,3899658.988658076,14465
50,424,3899658.989834535,14465
51,424,3899658.990964304,14465
52,424,3899658.991959839,14465
53,424,3899658.993058527,14465
54,424,3899658.994091983,14465
55,424,3899658.995126359,14465
56,424,3899658.996155085,14465
57,424,3899658.997178191,14465
58,424,3899658.998175666,14465
59,424,3899658.999157051,14465
60,424,3899659.004630249,14465
61,424,3899659.005876591,14465
62,424,3899659.007042690,14465
63,424,3899659.008216300,14465
64,424,3899659.009390569,14465
65,424,3899659.010421705,14465
66,424,3899659.011416171,14465
67,424,3899659.012414516,14465
69,424,3899659.013464692,14465
70,424,3899659.014497349,14465
71,424,3899659.015465073,14465
72,424,3899659.016512019,14465
73,424,3899659.017528215,14465
74,424,3899659.018497599,14465
75,424,3899659.019480304,14465
77,424,3899659.020433758,14465
78,424,3899659.021481435,14465
80,424,3899659.022477010,14465
81,424,3899659.023436734,14465
82,424,3899659.024457860,14465
83,424,3899659.025456195,14465
84,424,3899659.026464501,14465
85,424,3899659.027502317,14465
86,424,3899659.028550324,14465
87,424,3899659.029559119,14465
88,424,3899659.030585255,14465
89,424,3899659.031645682,14465
91,424,3899659.032653747,14465
92,424,3899659.033699683,14465
93,424,3899659.034688319,14465
94,424,3899659.035705344,14465
95,424,3899659.036643138,14465
96,424,3899659.037633013,14465
97,424,3899659.038599757,14465
98,424,3899659.039611363,14465
99,424,3899659.040624818,14465
101,424,3899659.041662725,14465
103,424,3899659.042644169,14465
104,424,3899659.043676776,14465
105,424,3899659.044725532,14465
106,424,3899659.045801479,14465
107,424,3899659.046905357,14465
109,424,3899659.047839801,14465
110,424,3899659.048912108,14465
111,424,3899659.049892093,14465
112,424,3899659.050842667,14465
113,424,3899659.051814961,14465
114,424,3899659.052835047,14465
115,424,3899659.053808972,14465
116,424,3899659.054813197,14465
117,424,3899659.055825713,14465
119,424,3899659.056828858,14465
120,424,3899659.057836223,14465
121,424,3899659.058833369,14465
122,424,3899659.059788493,14465
123,424,3899659.060779458,14465
124,424,3899659.061762223,14465
125,424,3899659.063992699,14465
126,424,3899659.065337703,14465
127,424,3899659.633394815,13761
0,424,3899660.350895923,14529
1,424,3899660.352483633,14529
2,424,3899660.353722214,14529
3,424,3899660.354950185,14529
4,424,3899660.356105664,14529
5,424,3899660.358071764,14529
6,424,3899660.359170782,14529
7,424,3899660.360390763,14529
8,424,3899660.361454620,14529
9,424,3899660.362504116,14529
10,424,3899660.363537042,14529
11,424,3899660.364560268,14529
12,424,3899660.365635045,14529
13,424,3899660.366676421,14529
14,424,3899660.367700537,14529
15,424,3899660.368726083,14529
16,424,3899660.369723988,14529
18,424,3899660.370662582,14529
19,424,3899660.371612646,14529
20,424,3899660.373252238,14529
21,424,3899660.374450628,14529
23,424,3899660.378640114,14529
25,424,3899660.379722711,14529
26,424,3899660.380737147,14529
27,424,3899660.381754742,14529
28,424,3899660.382752618,14529
29,424,3899660.383826885,14529
30,424,3899660.384757828,14529
31,424,3899660.385721303,14529
32,424,3899660.386755229,14529
33,424,3899660.387827146,14529
34,424,3899660.388810781,14529
35,424,3899660.389833506,14529
36,424,3899660.390868892,14529
38,424,3899660.391921599,14529
39,424,3899660.392967336,14529
40,424,3899660.394065773,14529
41,424,3899660.395083909,14529
42,424,3899660.396082074,14529
43,424,3899660.397143061,14529
44,424,3899660.398220598,14529
45,424,3899660.399252975,14529
46,424,3899660.400330082,14529
47,424,3899660.401299756,14529
48,424,3899660.402325612,14529
49,424,3899660.403387869,14529
50,424,3899660.404426205,14529
51,424,3899660.405432971,14529
52,424,3899660.406426586,14529
53,424,3899660.407490472,14529
54,424,3899660.408511698,14529
55,424,3899660.409555495,14529
56,424,3899660.410597201,14529
57,424,3899660.411621647,14529
58,424,3899660.412621972,14529
59,424,3899660.413613667,14529
60,424,3899660.414658284,14529
61,424,3899660.415667929,14529
62,424,3899660.416648974,14529
63,424,3899660.417681050,14529
64,424,3899660.418724936,14529
65,424,3899660.419783423,14529
66,424,3899660.420760108,14529
67,424,3899660.421860526,14529
69,424,3899660.424751399,14529
70,424,3899660.425967699,14529
71,424,3899660.426944584,14529
72,424,3899660.427997051,14529
73,424,3899660.428993826,14529
74,424,3899660.429967880,14529
75,424,3899660.430958265,14529
77,424,3899660.431908600,14529
78,424,3899660.432971746,14529
80,424,3899660.433986432,14529
81,424,3899660.434949856,14529
82,424,3899660.435973022,14529
83,424,3899660.436998848,14529
84,424,3899660.438032914,14529
85,424,3899660.439071401,14529
86,424,3899660.440125787,14529
87,424,3899660.443494012,14529
88,424,3899660.444747594,14529
89,424,3899660.445998956,14529
91,424,3899660.447161855,14529
92,424,3899660.448233152,14529
93,424,3899660.449216767,14529
94,424,3899660.450282094,14529
95,424,3899660.451217597,14529
96,424,3899660.452169991,14529
97,424,3899660.453140006,14529
98,424,3899660.454158572,14529
99,424,3899660.455163477,14529
101,424,3899660.456204943,14529
103,424,3899660.457184308,14529
104,424,3899660.458238845,14529
105,424,3899660.459293861,14529
106,424,3899660.460352528,14529
107,424,3899660.461453256,14529
109,424,3899660.462415380,14529
110,424,3899660.463467657,14529
111,424,3899660.464454362,14529
112,424,3899660.465413466,14529
113,424,3899660.466390511,14529
114,424,3899660.467428017,14529
115,424,3899660.468408352,14529
116,424,3899660.469424607,14529
117,424,3899660.470435943,14529
119,424,3899660.471450008,14529
120,424,3899660.472465964,14529
121,424,3899660.473479890,14529
122,424,3899660.474445134,14529
123,424,3899660.475445229,14529
124,424,3899660.476424894,14529
125,424,3899660.477380788,14529
126,424,3899660.478476356,14529
127,424,3899661.045631815,13825
0,424,3899661.843656967,14593
1,424,3899661.844855518,14593
2,424,3899661.845915294,14593
3,424,3899661.846961331,14593
4,424,3899661.848078649,14593
5,424,3899661.849326631,14593
6,424,3899661.850347276,14593
7,424,3899661.851426574,14593
8,424,3899661.852435549,14593
9,424,3899661.853470405,14593
10,424,3899661.854502221,14593
11,424,3899661.855511167,14593
12,424,3899661.856588644,14593
13,424,3899661.857608560,14593
14,424,3899661.858795370,14593
15,424,3899661.859845286,14593
16,424,3899661.860882063,14593
18,424,3899661.862630697,14593
19,424,3899661.863600101,14593
20,424,3899661.864648288,14593
21,424,3899661.865697214,14593
23,424,3899661.866638118,14593
25,424,3899661.867652494,14593
26,424,3899661.868661309,14593
27,424,3899661.869676055,14593
28,424,3899661.870697871,14593
29,424,3899661.871753877,14593
30,424,3899661.872679890,14593
31,424,3899661.873627714,14593
32,424,3899661.874668151,14593
33,424,3899661.875756208,14593
34,424,3899661.876756124,14593
35,424,3899661.877778749,14593
36,424,3899661.878799935,14593
38,424,3899661.879836541,14593
39,424,3899661.880870197,14593
40,424,3899661.881989146,14593
41,424,3899661.883019522,14593
42,424,3899661.884027877,14593
43,424,3899661.885095094,14593
44,424,3899661.886170721,14593
45,424,3899661.887231068,14593
46,424,3899661.888315156,14593
47,424,3899661.889268360,14593
48,424,3899661.890831279,14593
49,424,3899661.891908316,14593
50,424,3899661.892967813,14593
51,424,3899661.893977379,14593
52,424,3899661.894973014,14593
53,424,3899661.896039591,14593
54,424,3899661.897061777,14593
55,424,3899661.898103463,14593
56,424,3899661.899147649,14593
57,424,3899661.900177475,14593
58,424,3899661.904482214,14593
59,424,3899661.905731496,14593
60,424,3899661.906966577,14593
61,424,3899661.908155407,14593
62,424,3899661.909147182,14593
63,424,3899661.910196428,14593
64,424,3899661.911246785,14593
65,424,3899661.912276871,14593
66,424,3899661.913258156,14593
67,424,3899661.914265531,14593
69,424,3899661.915344088,14593
70,424,3899661.916396095,14593
71,424,3899661.917363939,14593
72,424,3899661.918418056,14593
73,424,3899661.919431652,14593
74,424,3899661.920412807,14593
75,424,3899661.921408432,14593
77,424,3899661.922371076,14593
78,424,3899661.923431153,14593
80,424,3899661.924448678,14593
81,424,3899661.925418513,14593
82,424,3899661.926455189,14593
83,424,3899661.927475615,14593
84,424,3899661.928490731,14593
85,424,3899661.929530757,14593
86,424,3899661.930593644,14593
87,424,3899661.931616819,14593
88,424,3899661.932631425,14593
89,424,3899661.933701752,14593
91,424,3899661.934719508,14593
92,424,3899661.935782015,14593
93,424,3899661.936761489,14593
94,424,3899661.937788706,14593
95,424,3899661.938736699,14593
96,424,3899661.939696634,14593
97,424,3899661.940687859,14593
98,424,3899661.941716045,14593
99,424,3899661.942738940,14593
101,424,3899661.943811458,14593
103,424,3899661.944799483,14593
104,424,3899661.945833059,14593
105,424,3899661.946888495,14593
106,424,3899661.947955983,14593
107,424,3899661.949057000,14593
109,424,3899661.950019984,14593
110,424,3899661.951094562,14593
111,424,3899661.952061966,14593
112,424,3899661.953025260,14593
113,424,3899661.954012415,14593
114,424,3899661.955052562,14593
115,424,3899661.956049297,14593
116,424,3899661.957068933,14593
117,424,3899661.958086888,14593
119,424,3899661.959095834,14593
120,424,3899661.960114690,14593
121,424,3899661.961126785,14593
122,424,3899661.962092540,14593
123,424,3899661.963092305,14593
124,424,3899661.964084360,14593
125,424,3899661.965041854,14593
126,424,3899661.966145992,14593
127,424,3899663.862992045,13889
0,424,3899664.586935936,14657
1,424,3899664.588524725,14657
2,424,3899664.589768147,14657
3,424,3899664.590977128,14657
4,424,3899664.592138047,14657
5,424,3899664.594180948,14657
6,424,3899664.595282296,14657
7,424,3899664.596474286,14657
8,424,3899664.597547664,14657
9,424,3899664.598606690,14657
10,424,3899664.599635566,14657
11,424,3899664.600677183,14657
12,424,3899664.601783311,14657
13,424,3899664.602815267,14657
14,424,3899664.603837023,14657
15,424,3899664.604898489,14657
16,424,3899664.605927485,14657
18,424,3899664.606877799,14657
19,424,3899664.607842724,14657
20,424,3899664.609515166,14657
21,424,3899664.610759827,14657
23,424,3899664.611819284,14657
25,424,3899664.615918318,14657
26,424,3899664.617146279,14657
27,424,3899664.618311568,14657
28,424,3899664.619322094,14657
29,424,3899664.620407341,14657
30,424,3899664.621350565,14657
31,424,3899664.622321899,14657
32,424,3899664.623370216,14657
33,424,3899664.624458573,14657
34,424,3899664.625443708,14657
35,424,3899664.626469454,14657
36,424,3899664.627490810,14657
38,424,3899664.628524526,14657
39,424,3899664.629551202,14657
40,424,3899664.630651370,14657
41,424,3899664.631671906,14657
42,424,3899664.632680871,14657
43,424,3899664.633749248,14657
44,424,3899664.634832126,14657
45,424,3899664.635873162,14657
46,424,3899664.636956869,14657
47,424,3899664.637928274,14657
48,424,3899664.638971210,14657
49,424,3899664.640062948,14657
50,424,3899664.641110754,14657
51,424,3899664.642126070,14657
52,424,3899664.643127565,14657
53,424,3899664.644205082,14657
54,424,3899664.645231788,14657
55,424,3899664.646286625,14657
56,424,3899664.647329031,14657
57,424,3899664.648368197,14657
58,424,3899664.649376863,14657
59,424,3899664.650380478,14657
60,424,3899664.651439775,14657
61,424,3899664.652456751,14657
62,424,3899664.653466026,14657
63,424,3899664.654533053,14657
64,424,3899664.655582140,14657
65,424,3899664.656625816,14657
66,424,3899664.657626662,14657
67,424,3899664.658735990,14657
69,424,3899664.660384821,14657
70,424,3899664.661442798,14657
71,424,3899664.662414342,14657
72,424,3899664.663480229,14657
73,424,3899664.664507905,14657
74,424,3899664.665491410,14657
75,424,3899664.666490195,14657
77,424,3899664.667482351,14657
78,424,3899664.668553067,14657
80,424,3899664.669579924,14657
81,424,3899664.670552078,14657
82,424,3899664.671595514,14657
83,424,3899664.672621620,14657
84,424,3899664.673638706,14657
85,424,3899664.674691453,14657
86,424,3899664.675781810,14657
87,424,3899664.676842007,14657
88,424,3899664.678541840,14657
89,424,3899664.679624207,14657
91,424,3899664.680640793,14657
92,424,3899664.681719870,14657
93,424,3899664.682712815,14657
94,424,3899664.683758722,14657
95,424,3899664.684712976,14657
96,424,3899664.685683880,14657
97,424,3899664.686711296,14657
98,424,3899664.687748083,14657
99,424,3899664.688777658,14657
101,424,3899664.689840845,14657
103,424,3899664.690832820,14657
104,424,3899664.691881177,14657
105,424,3899664.692961294,14657
106,424,3899664.694050862,14657
107,424,3899664.695148710,14657
109,424,3899664.696097903,14657
110,424,3899664.697195711,14657
111,424,3899664.698202896,14657
112,424,3899664.699171521,14657
113,424,3899664.700169816,14657
114,424,3899664.701222653,14657
115,424,3899664.702451284,14657
116,424,3899664.704116666,14657
117,424,3899664.705186263,14657
119,424,3899664.706224459,14657
120,424,3899664.707263585,14657
121,424,3899664.708286341,14657
122,424,3899664.709257906,14657
123,424,3899664.710260151,14657
124,424,3899664.711262126,14657
125,424,3899664.712234831,14657
126,424,3899664.713290028,14657
127,424,3899665.288488930,13953
0,424,3899666.013746263,14721
1,424,3899666.014938953,14721
2,424,3899666.015996940,14721
3,424,3899666.017066527,14721
4,424,3899666.018213796,14721
5,424,3899666.019447447,14721
6,424,3899666.020471573,14721
7,424,3899666.021581831,14721
8,424,3899666.022598517,14721
9,424,3899666.023613742,14721
10,424,3899666.024636378,14721
11,424,3899666.025666674,14721
12,424,3899666.026746341,14721
13,424,3899666.027771917,14721
14,424,3899666.028985368,14721
15,424,3899666.030036255,14721
16,424,3899666.031047120,14721
18,424,3899666.032743543,14721
19,424,3899666.033742298,14721
20,424,3899666.034771764,14721
21,424,3899666.035828461,14721
23,424,3899666.036803446,14721
25,424,3899666.037827912,14721
26,424,3899666.038842947,14721
27,424,3899666.039872203,14721
28,424,3899666.040882919,14721
29,424,3899666.041948645,14721
30,424,3899666.042881299,14721
31,424,3899666.043830713,14721
32,424,3899666.044872110,14721
33,424,3899666.045955207,14721
34,424,3899666.046936112,14721
35,424,3899666.047965778,14721
36,424,3899666.049025704,14721
38,424,3899666.050070641,14721
39,424,3899666.051111637,14721
40,424,3899666.052228285,14721
41,424,3899666.053263371,14721
42,424,3899666.054299818,14721
43,424,3899666.055373805,14721
44,424,3899666.056453952,14721
45,424,3899666.057502438,14721
46,424,3899666.058600206,14721
47,424,3899666.059560801,14721
48,424,3899666.061113160,14721
49,424,3899666.062196797,14721
50,424,3899666.063267094,14721
51,424,3899666.064304270,14721
52,424,3899666.065331616,14721
53,424,3899666.066403954,14721
54,424,3899666.067444100,14721
55,424,3899666.068493486,14721
56,424,3899666.069532482,14721
57,424,3899666.070585249,14721
58,424,3899666.074646462,14721
59,424,3899666.075914914,14721
60,424,3899666.077182016,14721
61,424,3899666.078340485,14721
62,424,3899666.079342950,14721
63,424,3899666.080427168,14721
64,424,3899666.081480744,14721
65,424,3899666.082547251,14721
66,424,3899666.083543647,14721
67,424,3899666.084562172,14721
69,424,3899666.085651640,14721
70,424,3899666.086709396,14721
71,424,3899666.087692841,14721
72,424,3899666.088764528,14721
73,424,3899666.089778494,14721
74,424,3899666.090773729,14721
75,424,3899666.091795235,14721
77,424,3899666.092765239,14721
78,424,3899666.093839056,14721
80,424,3899666.094867653,14721
81,424,3899666.095842767,14721
82,424,3899666.096881803,14721
83,424,3899666.097916330,14721
84,424,3899666.098943356,14721
85,424,3899666.100022393,14721
86,424,3899666.101150961,14721
87,424,3899666.102173447,14721
88,424,3899666.103193933,14721
89,424,3899666.104272140,14721
91,424,3899666.105301716,14721
92,424,3899666.106374673,14721
93,424,3899666.107367248,14721
94,424,3899666.108414175,14721
95,424,3899666.109377679,14721
96,424,3899666.110348804,14721
97,424,3899666.111327878,14721
98,424,3899666.112365835,14721
99,424,3899666.113414871,14721
101,424,3899666.114468118,14721
103,424,3899666.115466133,14721
104,424,3899666.116508989,14721
105,424,3899666.117580826,14721
106,424,3899666.118662314,14721
107,424,3899666.119763322,14721
109,424,3899666.120719396,14721
110,424,3899666.121786793,14721
111,424,3899666.122783898,14721
112,424,3899666.123757363,14721
113,424,3899666.124729047,14721
114,424,3899666.125787024,14721
115,424,3899666.126790009,14721
116,424,3899666.127828215,14721
117,424,3899666.128870892,14721
119,424,3899666.129889478,14721
120,424,3899666.130916923,14721
121,424,3899666.131936459,14721
122,424,3899666.132909094,14721
123,424,3899666.133974561,14721
124,424,3899666.134966376,14721
125,424,3899666.135924620,14721
126,424,3899666.137049208,14721
7,424,3899666.540191203,14745
127,424,3899666.718052447,14017
0,424,3899667.474373035,14785
1,424,3899667.476098168,14785
2,424,3899667.477406711,14785
3,424,3899667.478667433,14785
4,424,3899667.479839813,14785
5,424,3899667.480944631,14785
6,424,3899667.483039114,14785
8,424,3899667.484251394,14785
9,424,3899667.485467275,14785
10,424,3899667.486635644,14785
11,424,3899667.487683981,14785
12,424,3899667.488792049,14785
13,424,3899667.489854736,14785
14,424,3899667.490906972,14785
15,424,3899667.491950619,14785
16,424,3899667.492973905,14785
18,424,3899667.493951629,14785
19,424,3899667.494946665,14785
20,424,3899667.495980051,14785
21,424,3899667.497055888,14785
23,424,3899667.498786522,14785
25,424,3899667.500022103,14785
26,424,3899667.501194652,14785
27,424,3899667.502256329,14785
28,424,3899667.503273945,14785
29,424,3899667.509691887,14785
30,424,3899667.511304048,14785
31,424,3899667.512324333,14785
32,424,3899667.513516994,14785
33,424,3899667.514805496,14785
34,424,3899667.515835312,14785
35,424,3899667.516992482,14785
36,424,3899667.518049848,14785
38,424,3899667.519121065,14785
39,424,3899667.520201723,14785
40,424,3899667.521435064,14785
41,424,3899667.522504991,14785
42,424,3899667.523546247,14785
43,424,3899667.524647855,14785
44,424,3899667.525795364,14785
45,424,3899667.526867561,14785
46,424,3899667.527988949,14785
47,424,3899667.528988874,14785
48,424,3899667.530080962,14785
49,424,3899667.531188290,14785
50,424,3899667.532268128,14785
51,424,3899667.533315254,14785
52,424,3899667.534345160,14785
53,424,3899667.535440028,14785
54,424,3899667.536498404,14785
55,424,3899667.537563401,14785
56,424,3899667.538615348,14785
57,424,3899667.539674584,14785
58,424,3899667.540725421,14785
59,424,3899667.541746127,14785
60,424,3899667.542820124,14785
61,424,3899667.543851670,14785
62,424,3899667.544939488,14785
63,424,3899667.546036085,14785
64,424,3899667.547136873,14785
65,424,3899667.548221780,14785
66,424,3899667.549236866,14785
67,424,3899667.550287953,14785
69,424,3899667.551399631,14785
70,424,3899667.552465938,14785
71,424,3899667.553472443,14785
72,424,3899667.554548650,14785
73,424,3899667.555659478,14785
74,424,3899667.556658444,14785
75,424,3899667.557691580,14785
77,424,3899667.561191698,14785
78,424,3899667.562481361,14785
80,424,3899667.563709772,14785
81,424,3899667.564757498,14785
82,424,3899667.565946078,14785
83,424,3899667.567147178,14785
84,424,3899667.568230836,14785
85,424,3899667.569300763,14785
86,424,3899667.570412121,14785
87,424,3899667.571466208,14785
88,424,3899667.572504624,14785
89,424,3899667.573618322,14785
91,424,3899667.574658899,14785
92,424,3899667.575746746,14785
93,424,3899667.576754121,14785
94,424,3899667.577814948,14785
95,424,3899667.578786893,14785
96,424,3899667.579767617,14785
97,424,3899667.580752642,14785
98,424,3899667.581800289,14785
99,424,3899667.582844855,14785
101,424,3899667.583910192,14785
103,424,3899667.584924388,14785
104,424,3899667.585983814,14785
105,424,3899667.587069322,14785
106,424,3899667.588162660,14785
107,424,3899667.590264813,14785
109,424,3899667.591424642,14785
110,424,3899667.592652973,14785
111,424,3899667.593693839,14785
112,424,3899667.594665434,14785
113,424,3899667.595682239,14785
114,424,3899667.596757167,14785
115,424,3899667.597784293,14785
116,424,3899667.598845410,14785
117,424,3899667.599905176,14785
119,424,3899667.600959963,14785
120,424,3899667.602010710,14785
121,424,3899667.603046416,14785
122,424,3899667.604035651,14785
123,424,3899667.605053366,14785
124,424,3899667.606063002,14785
125,424,3899667.607033976,14785
126,424,3899667.608108053,14785
127,424,3899668.175497398,14081
0,424,3899668.901091879,14849
1,424,3899668.902722301,14849
2,424,3899668.903995533,14849
3,424,3899668.905267575,14849
4,424,3899668.906461965,14849
5,424,3899668.907560843,14849
6,424,3899668.909608635,14849
8,424,3899668.910879837,14849
9,424,3899668.912106428,14849
10,424,3899668.913357540,14849
11,424,3899668.914491108,14849
12,424,3899668.915598056,14849
13,424,3899668.916666703,14849
14,424,3899668.917701769,14849
15,424,3899668.918749736,14849
16,424,3899668.919794212,14849
18,424,3899668.920755506,14849
19,424,3899668.921736921,14849
20,424,3899668.922843669,14849
21,424,3899668.924685406,14849
23,424,3899668.925784693,14849
25,424,3899668.926866561,14849
26,424,3899668.927900117,14849
27,424,3899668.928946383,14849
28,424,3899668.929965829,14849
29,424,3899668.934521414,14849
30,424,3899668.935543910,14849
31,424,3899668.936508294,14849
32,424,3899668.937674704,14849
33,424,3899668.938932175,14849
34,424,3899668.939934261,14849
35,424,3899668.941079490,14849
36,424,3899668.942110246,14849
38,424,3899668.943168382,14849
39,424,3899668.944237440,14849
40,424,3899668.945360468,14849
41,424,3899668.946400804,14849
42,424,3899668.947423650,14849
43,424,3899668.948557119,14849
44,424,3899668.949662067,14849
45,424,3899668.950716233,14849
46,424,3899668.951815641,14849
47,424,3899668.952797186,14849
48,424,3899668.953846042,14849
49,424,3899668.954937250,14849
50,424,3899668.955999417,14849
51,424,3899668.957034843,14849
52,424,3899668.958084299,14849
53,424,3899668.959170837,14849
54,424,3899668.960212173,14849
55,424,3899668.961274130,14849
56,424,3899668.962329597,14849
57,424,3899668.963382903,14849
58,424,3899668.964406989,14849
59,424,3899668.965423275,14849
60,424,3899668.966489352,14849
61,424,3899668.967521788,14849
62,424,3899668.968531083,14849
63,424,3899668.969593810,14849
64,424,3899668.970656607,14849
65,424,3899668.971720884,14849
66,424,3899668.972722519,14849
67,424,3899668.973769226,14849
69,424,3899668.974850893,14849
70,424,3899668.975908340,14849
71,424,3899668.976894025,14849
72,424,3899668.977969042,14849
73,424,3899668.979975592,14849
74,424,3899668.981185043,14849
75,424,3899668.982383733,14849
77,424,3899668.983392499,14849
78,424,3899668.984576359,14849
80,424,3899668.985612665,14849
81,424,3899668.986594420,14849
82,424,3899668.987651286,14849
83,424,3899668.988690163,14849
84,424,3899668.989722889,14849
85,424,3899668.990778025,14849
86,424,3899668.991856812,14849
87,424,3899668.992899009,14849
88,424,3899668.993929215,14849
89,424,3899668.995026543,14849
91,424,3899668.996065179,14849
92,424,3899668.997151317,14849
93,424,3899668.998145191,14849
94,424,3899668.999192878,14849
95,424,3899669.000194543,14849
96,424,3899669.001180638,14849
97,424,3899669.002167423,14849
98,424,3899669.003218900,14849
99,424,3899669.004254796,14849
101,424,3899669.005378174,14849
103,424,3899669.006381099,14849
104,424,3899669.007432146,14849
105,424,3899669.008507813,14849
106,424,3899669.009593711,14849
107,424,3899669.011096739,14849
109,424,3899669.012066183,14849
110,424,3899669.013145801,14849
111,424,3899669.014134726,14849
112,424,3899669.015091530,14849
113,424,3899669.016075764,14849
114,424,3899669.017142122,14849
115,424,3899669.018146467,14849
116,424,3899669.019204303,14849
117,424,3899669.020255770,14849
119,424,3899669.021299667,14849
120,424,3899669.022359243,14849
121,424,3899669.023386139,14849
122,424,3899669.024365554,14849
123,424,3899669.025388140,14849
124,424,3899669.026387505,14849
125,424,3899669.027357849,14849
126,424,3899669.028431297,14849
127,424,3899669.668025555,14145
0,424,3899670.397376041,14913
1,424,3899670.399031233,14913
2,424,3899670.400333226,14913
3,424,3899670.401619169,14913
4,424,3899670.402821179,14913
5,424,3899670.404847620,14913
6,424,3899670.405984409,14913
8,424,3899670.407214830,14913
9,424,3899670.408285427,14913
10,424,3899670.409363074,14913
11,424,3899670.410413781,14913
12,424,3899670.411528479,14913
13,424,3899670.412603546,14913
14,424,3899670.413645183,14913
15,424,3899670.414725130,14913
16,424,3899670.415781546,14913
18,424,3899670.416749371,14913
19,424,3899670.417745986,14913
20,424,3899670.418855194,14913
21,424,3899670.420408093,14913
23,424,3899670.421572353,14913
25,424,3899670.422803984,14913
26,424,3899670.427279147,14913
27,424,3899670.428595120,14913
28,424,3899670.429718729,14913
29,424,3899670.430929389,14913
30,424,3899670.431901884,14913
31,424,3899670.432905959,14913
32,424,3899670.433996597,14913
33,424,3899670.435228988,14913
34,424,3899670.436260944,14913
35,424,3899670.437341221,14913
36,424,3899670.438380377,14913
38,424,3899670.439435084,14913
39,424,3899670.440477801,14913
40,424,3899670.441605869,14913
41,424,3899670.442645505,14913
42,424,3899670.443674061,14913
43,424,3899670.444758289,14913
44,424,3899670.445857846,14913
45,424,3899670.446921683,14913
46,424,3899670.448039572,14913
47,424,3899670.449027377,14913
48,424,3899670.450083503,14913
49,424,3899670.451178371,14913
50,424,3899670.452257058,14913
51,424,3899670.453298574,14913
52,424,3899670.454327240,14913
53,424,3899670.455423558,14913
54,424,3899670.456476734,14913
55,424,3899670.457549102,14913
56,424,3899670.458604578,14913
57,424,3899670.459662265,14913
58,424,3899670.460697311,14913
59,424,3899670.461716207,14913
60,424,3899670.462809255,14913
61,424,3899670.463845901,14913
62,424,3899670.464859126,14913
63,424,3899670.465924133,14913
64,424,3899670.467011611,14913
65,424,3899670.468078538,14913
66,424,3899670.469085653,14913
67,424,3899670.470129459,14913
69,424,3899670.471225847,14913
70,424,3899670.473515185,14913
71,424,3899670.474710675,14913
72,424,3899670.475982987,14913
73,424,3899670.477166517,14913
74,424,3899670.478172233,14913
75,424,3899670.479199679,14913
75,424,3899670.480228355,14915
77,424,3899670.482246346,14913
78,424,3899670.483519928,14913
80,424,3899670.484687127,14913
81,424,3899670.485744094,14913
82,424,3899670.486844852,14913
83,424,3899670.487915539,14913
84,424,3899670.488994136,14913
85,424,3899670.490104644,14913
86,424,3899670.491256833,14913
87,424,3899670.492326640,14913
88,424,3899670.493409548,14913
89,424,3899670.494549707,14913
91,424,3899670.495620134,14913
92,424,3899670.498608269,14913
93,424,3899670.499772108,14913
94,424,3899670.500944788,14913
95,424,3899670.501935143,14913
96,424,3899670.502926228,14913
97,424,3899670.503937234,14913
98,424,3899670.504991850,14913
99,424,3899670.506048847,14913
101,424,3899670.507127624,14913
103,424,3899670.508158520,14913
104,424,3899670.509226967,14913
105,424,3899670.510320455,14913
106,424,3899670.511427943,14913
107,424,3899670.512567452,14913
109,424,3899670.513544786,14913
110,424,3899670.514651054,14913
111,424,3899670.515657110,14913
112,424,3899670.516672235,14913
113,424,3899670.517712682,14913
114,424,3899670.518801159,14913
115,424,3899670.519846406,14913
116,424,3899670.520921643,14913
117,424,3899670.521973449,14913
119,424,3899670.523049716,14913
120,424,3899670.524164124,14913
121,424,3899670.525236782,14913
122,424,3899670.526237157,14913
123,424,3899670.527269273,14913
124,424,3899670.528286289,14913
125,424,3899670.529273454,14913
126,424,3899670.530424903,14913
127,424,3899671.102541187,14209
0,424,3899671.829313358,14977
1,424,3899671.830965909,14977
2,424,3899671.832280932,14977
3,424,3899671.833548005,14977
4,424,3899671.834740415,14977
5,424,3899671.836785966,14977
6,424,3899671.837925475,14977
8,424,3899671.839131126,14977
9,424,3899671.840207473,14977
10,424,3899671.841260159,14977
11,424,3899671.842295025,14977
12,424,3899671.843404093,14977
13,424,3899671.844450340,14977
14,424,3899671.845508367,14977
15,424,3899671.846594564,14977
16,424,3899671.847621600,14977
18,424,3899671.848587955,14977
19,424,3899671.849605310,14977
20,424,3899671.850732299,14977
21,424,3899671.852307978,14977
23,424,3899671.853461098,14977
25,424,3899671.854680938,14977
26,424,3899671.859224623,14977
27,424,3899671.860489485,14977
28,424,3899671.861599883,14977
29,424,3899671.862803554,14977
30,424,3899671.863776038,14977
31,424,3899671.864778244,14977
32,424,3899671.865979524,14977
33,424,3899671.867235966,14977
34,424,3899671.868246161,14977
35,424,3899671.869326888,14977
36,424,3899671.870371185,14977
38,424,3899671.871435052,14977
39,424,3899671.872489158,14977
40,424,3899671.873633397,14977
41,424,3899671.874684054,14977
42,424,3899671.875718750,14977
43,424,3899671.876811217,14977
44,424,3899671.877920346,14977
45,424,3899671.878985683,14977
46,424,3899671.880127791,14977
47,424,3899671.881120186,14977
48,424,3899671.882182003,14977
49,424,3899671.883289081,14977
50,424,3899671.884365028,14977
51,424,3899671.885405415,14977
52,424,3899671.886439121,14977
53,424,3899671.887539989,14977
54,424,3899671.888601915,14977
55,424,3899671.889683303,14977
56,424,3899671.890757090,14977
57,424,3899671.891826197,14977
58,424,3899671.892866653,14977
59,424,3899671.893892529,14977
60,424,3899671.894969816,14977
61,424,3899671.896018373,14977
62,424,3899671.897038029,14977
63,424,3899671.898109716,14977
64,424,3899671.899186763,14977
65,424,3899671.900257020,14977
66,424,3899671.901265186,14977
67,424,3899671.902305292,14977
69,424,3899671.903399159,14977
70,424,3899671.905058051,14977
71,424,3899671.906082077,14977
72,424,3899671.907170795,14977
73,424,3899671.908202151,14977
74,424,3899671.909209636,14977
77,424,3899671.910181580,14977
78,424,3899671.911265508,14977
80,424,3899671.912306834,14977
81,424,3899671.913295249,14977
82,424,3899671.914349046,14977
83,424,3899671.915393172,14977
84,424,3899671.916458929,14977
85,424,3899671.917526946,14977
86,424,3899671.918624394,14977
87,424,3899671.919673611,14977
88,424,3899671.920717217,14977
89,424,3899671.921811174,14977
91,424,3899671.922852361,14977
92,424,3899671.924622196,14977
93,424,3899671.925690983,14977
94,424,3899671.926784500,14977
95,424,3899671.927760885,14977
96,424,3899671.928773550,14977
97,424,3899671.929766275,14977
98,424,3899671.930819132,14977
99,424,3899671.931862728,14977
101,424,3899671.932930745,14977
103,424,3899671.933971592,14977
104,424,3899671.935044219,14977
105,424,3899671.936127306,14977
106,424,3899671.937223824,14977
107,424,3899671.938344632,14977
109,424,3899671.939312287,14977
110,424,3899671.940416735,14977
111,424,3899671.941407369,14977
112,424,3899671.942379144,14977
113,424,3899671.943374959,14977
114,424,3899671.944424446,14977
115,424,3899671.945427951,14977
116,424,3899671.946467047,14977
117,424,3899671.947506023,14977
119,424,3899671.948540220,14977
120,424,3899671.949582976,14977
121,424,3899671.950643613,14977
122,424,3899671.951643678,14977
123,424,3899671.952669894,14977
124,424,3899671.953687310,14977
125,424,3899671.954668544,14977
126,424,3899671.955749582,14977
127,424,3899672.609967130,14273
0,424,3899673.338707850,15041
1,424,3899673.340365602,15041
2,424,3899673.341658695,15041
3,424,3899673.342919597,15041
4,424,3899673.344127237,15041
5,424,3899673.345226585,15041
6,424,3899673.347332958,15041
8,424,3899673.348546639,15041
9,424,3899673.349778840,15041
10,424,3899673.350979310,15041
11,424,3899673.352058698,15041
12,424,3899673.353213247,15041
13,424,3899673.354278744,15041
14,424,3899673.355322670,15041
15,424,3899673.356405857,15041
16,424,3899673.357441994,15041
18,424,3899673.358422218,15041
19,424,3899673.359427274,15041
20,424,3899673.360484100,15041
21,424,3899673.361572308,15041
23,424,3899673.363317512,15041
25,424,3899673.364577694,15041
26,424,3899673.365782904,15041
27,424,3899673.366864152,15041
28,424,3899673.367895768,15041
29,424,3899673.372541005,15041
30,424,3899673.373573441,15041
31,424,3899673.374567006,15041
32,424,3899673.375782867,15041
33,424,3899673.377048819,15041
34,424,3899673.378074785,15041
35,424,3899673.379231304,15041
36,424,3899673.380302811,15041
38,424,3899673.381367918,15041
39,424,3899673.382423885,15041
40,424,3899673.383557773,15041
41,424,3899673.384614360,15041
42,424,3899673.385648926,15041
43,424,3899673.386764414,15041
44,424,3899673.387896243,15041
45,424,3899673.388962590,15041
46,424,3899673.390085998,15041
47,424,3899673.391083504,15041
48,424,3899673.392148190,15041
49,424,3899673.393251018,15041
50,424,3899673.394331855,15041
51,424,3899673.395380392,15041
52,424,3899673.396447299,15041
53,424,3899673.397550267,15041
54,424,3899673.398611054,15041
55,424,3899673.399692991,15041
56,424,3899673.400761228,15041
57,424,3899673.401830925,15041
58,424,3899673.402868631,15041
59,424,3899673.403896737,15041
60,424,3899673.404976915,15041
61,424,3899673.406028181,15041
62,424,3899673.407043577,15041
63,424,3899673.408124534,15041
64,424,3899673.409205291,15041
65,424,3899673.410276458,15041
66,424,3899673.411286934,15041
67,424,3899673.412334881,15041
69,424,3899673.413431208,15041
70,424,3899673.414507455,15041
71,424,3899673.415503781,15041
72,424,3899673.416615629,15041
73,424,3899673.417748137,15041
74,424,3899673.419601114,15041
77,424,3899673.420593979,15041
78,424,3899673.421705297,15041
80,424,3899673.422776834,15041
81,424,3899673.423799860,15041
82,424,3899673.424881907,15041
83,424,3899673.425952944,15041
84,424,3899673.427011781,15041
85,424,3899673.428095928,15041
86,424,3899673.429185766,15041
87,424,3899673.430248723,15041
88,424,3899673.431292539,15041
89,424,3899673.432396487,15041
91,424,3899673.433463724,15041
92,424,3899673.434563212,15041
93,424,3899673.435599288,15041
94,424,3899673.436688625,15041
95,424,3899673.437712022,15041
96,424,3899673.438708517,15041
97,424,3899673.439701842,15041
98,424,3899673.440755328,15041
99,424,3899673.441801635,15041
101,424,3899673.442880462,15041
103,424,3899673.443898028,15041
104,424,3899673.444965545,15041
105,424,3899673.446071443,15041
106,424,3899673.447524099,15041
107,424,3899673.448645258,15041
109,424,3899673.449628392,15041
110,424,3899673.450719810,15041
111,424,3899673.451720705,15041
112,424,3899673.452691520,15041
113,424,3899673.453690405,15041
114,424,3899673.454750392,15041
115,424,3899673.455783288,15041
116,424,3899673.456823734,15041
117,424,3899673.457870661,15041
119,424,3899673.458914087,15041
120,424,3899673.459972154,15041
121,424,3899673.461023731,15041
122,424,3899673.462014585,15041
123,424,3899673.463063492,15041
124,424,3899673.464079938,15041
125,424,3899673.465070613,15041
126,424,3899673.466158570,15041
127,424,3899674.044328957,14337
0,424,3899674.774256317,15105
1,424,3899674.776379581,15105
2,424,3899674.777658033,15105
3,424,3899674.778912355,15105
4,424,3899674.780117545,15105
5,424,3899674.781152391,15105
6,424,3899674.783589103,15105
8,424,3899674.784876815,15105
9,424,3899674.786154108,15105
10,424,3899674.787394909,15105
11,424,3899674.788550048,15105
12,424,3899674.789679977,15105
13,424,3899674.790743274,15105
14,424,3899674.791788490,15105
15,424,3899674.792849267,15105
16,424,3899674.793890493,15105
18,424,3899674.794893878,15105
19,424,3899674.795908424,15105
20,424,3899674.796960971,15105
21,424,3899674.798075089,15105
23,424,3899674.799055844,15105
25,424,3899674.800105310,15105
26,424,3899674.801192038,15105
27,424,3899674.802907711,15105
28,424,3899674.804088261,15105
29,424,3899674.805258490,15105
30,424,3899674.810413350,15105
31,424,3899674.811526199,15105
32,424,3899674.812694648,15105
33,424,3899674.814019222,15105
34,424,3899674.815038147,15105
35,424,3899674.816240898,15105
36,424,3899674.817318195,15105
38,424,3899674.818389712,15105
39,424,3899674.819441989,15105
40,424,3899674.820576057,15105
41,424,3899674.821623264,15105
42,424,3899674.822661910,15105
43,424,3899674.823761768,15105
44,424,3899674.824943848,15105
45,424,3899674.826018835,15105
46,424,3899674.827129163,15105
47,424,3899674.828124438,15105
48,424,3899674.829208895,15105
49,424,3899674.830309113,15105
50,424,3899674.831387380,15105
51,424,3899674.832436437,15105
52,424,3899674.833468953,15105
53,424,3899674.834569661,15105
54,424,3899674.835640328,15105
55,424,3899674.836718485,15105
56,424,3899674.837792272,15105
57,424,3899674.838870669,15105
58,424,3899674.839908746,15105
59,424,3899674.840937612,15105
60,424,3899674.842031009,15105
61,424,3899674.843074116,15105
62,424,3899674.844100181,15105
63,424,3899674.845177239,15105
64,424,3899674.846259766,15105
65,424,3899674.847336373,15105
66,424,3899674.848346559,15105
67,424,3899674.849393245,15105
69,424,3899674.850495863,15105
70,424,3899674.851602171,15105
71,424,3899674.852597926,15105
72,424,3899674.853722385,15105
73,424,3899674.854764591,15105
74,424,3899674.855777187,15105
77,424,3899674.856752241,15105
78,424,3899674.857848649,15105
80,424,3899674.858904915,15105
81,424,3899674.859898151,15105
82,424,3899674.860960167,15105
83,424,3899674.862024145,15105
84,424,3899674.863073461,15105
85,424,3899674.864151878,15105
86,424,3899674.865254456,15105
87,424,3899674.866312343,15105
88,424,3899674.868066737,15105
89,424,3899674.869183455,15105
91,424,3899674.870239322,15105
92,424,3899674.871339190,15105
93,424,3899674.872355095,15105
94,424,3899674.873485374,15105
95,424,3899674.874470889,15105
96,424,3899674.875496435,15105
97,424,3899674.876505020,15105
98,424,3899674.877565687,15105
99,424,3899674.878618544,15105
101,424,3899674.879712411,15105
103,424,3899674.880744727,15105
104,424,3899674.881820105,15105
105,424,3899674.882917642,15105
106,424,3899674.884032981,15105
107,424,3899674.885158709,15105
109,424,3899674.886136754,15105
110,424,3899674.887258482,15105
111,424,3899674.888262377,15105
112,424,3899674.889249342,15105
113,424,3899674.890249018,15105
114,424,3899674.891303174,15105
115,424,3899674.892564256,15105
116,424,3899674.893630033,15105
117,424,3899674.894685339,15105
119,424,3899674.895747736,15105
120,424,3899674.896821724,15105
121,424,3899674.897869960,15105
122,424,3899674.898875916,15105
123,424,3899674.899974433,15105
124,424,3899674.901031090,15105
125,424,3899674.902040875,15105
126,424,3899674.903167824,15105
127,424,3899675.484219563,14401
0,424,3899676.283352502,15169
1,424,3899676.284588303,15169
2,424,3899676.285689911,15169
3,424,3899676.286781398,15169
4,424,3899676.289620090,15169
5,424,3899676.290607285,15169
6,424,3899676.291670322,15169
8,424,3899676.292732159,15169
9,424,3899676.293792625,15169
10,424,3899676.294853302,15169
11,424,3899676.295909279,15169
12,424,3899676.297049768,15169
13,424,3899676.298109485,15169
14,424,3899676.299185592,15169
15,424,3899676.300275499,15169
16,424,3899676.301750497,15169
18,424,3899676.302848954,15169
19,424,3899676.306764863,15169
20,424,3899676.307925822,15169
21,424,3899676.309204025,15169
23,424,3899676.310241641,15169
25,424,3899676.311424321,15169
26,424,3899676.312502878,15169
27,424,3899676.313572375,15169
28,424,3899676.314643512,15169
29,424,3899676.315822202,15169
30,424,3899676.316815697,15169
31,424,3899676.317825032,15169
32,424,3899676.318905930,15169
33,424,3899676.320047909,15169
34,424,3899676.321116886,15169
35,424,3899676.322206863,15169
36,424,3899676.323268890,15169
38,424,3899676.324349017,15169
39,424,3899676.325438855,15169
40,424,3899676.326575414,15169
41,424,3899676.327629420,15169
42,424,3899676.328673067,15169
43,424,3899676.329775565,15169
44,424,3899676.330891283,15169
45,424,3899676.332014321,15169
46,424,3899676.333162600,15169
47,424,3899676.334165905,15169
48,424,3899676.335235232,15169
49,424,3899676.336348011,15169
50,424,3899676.337427528,15169
51,424,3899676.338477094,15169
52,424,3899676.339512591,15169
53,424,3899676.340621648,15169
54,424,3899676.341703776,15169
55,424,3899676.343448940,15169
56,424,3899676.344526817,15169
57,424,3899676.345600654,15169
58,424,3899676.346640171,15169
59,424,3899676.347667206,15169
60,424,3899676.348749504,15169
61,424,3899676.349794710,15169
62,424,3899676.350819966,15169
63,424,3899676.351890463,15169
64,424,3899676.353015712,15169
65,424,3899676.354096779,15169
66,424,3899676.355108705,15169
67,424,3899676.356146711,15169
69,424,3899676.359992378,15169
70,424,3899676.361172578,15169
71,424,3899676.362321947,15169
72,424,3899676.363499237,15169
73,424,3899676.364655966,15169
74,424,3899676.365673801,15169
77,424,3899676.366665877,15169
78,424,3899676.367777094,15169
80,424,3899676.368834511,15169
81,424,3899676.369851207,15169
82,424,3899676.370926444,15169
83,424,3899676.371997531,15169
84,424,3899676.373086139,15169
85,424,3899676.374201677,15169
86,424,3899676.375310495,15169
87,424,3899676.376379232,15169
88,424,3899676.377448209,15169
89,424,3899676.378569457,15169
91,424,3899676.379630754,15169
92,424,3899676.380740542,15169
93,424,3899676.381788508,15169
94,424,3899676.382898127,15169
95,424,3899676.383879541,15169
96,424,3899676.384877897,15169
97,424,3899676.385881982,15169
98,424,3899676.386955819,15169
99,424,3899676.388016966,15169
101,424,3899676.389111504,15169
103,424,3899676.390152490,15169
104,424,3899676.391241827,15169
105,424,3899676.392348145,15169
106,424,3899676.393478884,15169
107,424,3899676.394618883,15169
109,424,3899676.395604077,15169
110,424,3899676.396709576,15169
111,424,3899676.397726381,15169
112,424,3899676.398708806,15169
113,424,3899676.399716731,15169
114,424,3899676.400782128,15169
115,424,3899676.401810784,15169
116,424,3899676.402867281,15169
117,424,3899676.403942938,15169
119,424,3899676.404995895,15169
120,424,3899676.406083362,15169
121,424,3899676.407139639,15169
122,424,3899676.408200746,15169
123,424,3899676.409243392,15169
124,424,3899676.410294549,15169
125,424,3899676.411284844,15169
126,424,3899676.412372781,15169
127,424,3899677.262577420,14465
0,424,3899679.211499205,15233
1,424,3899679.212934922,15233
2,424,3899679.214137112,15233
3,424,3899679.215263240,15233
4,424,3899679.216401099,15233
5,424,3899679.218791939,15233
6,424,3899679.220018910,15233
8,424,3899679.221279162,15233
9,424,3899679.222405971,15233
10,424,3899679.223510909,15233
11,424,3899679.224593236,15233
12,424,3899679.225761446,15233
13,424,3899679.226836603,15233
14,424,3899679.227926070,15233
15,424,3899679.229042918,15233
16,424,3899679.230118896,15233
18,424,3899679.231155922,15233
19,424,3899679.232356542,15233
20,424,3899679.234143837,15233
21,424,3899679.235546453,15233
23,424,3899679.240880688,15233
25,424,3899679.242213011,15233
26,424,3899679.243447522,15233
27,424,3899679.244534450,15233
28,424,3899679.245603037,15233
29,424,3899679.246742096,15233
30,424,3899679.247732441,15233
31,424,3899679.248732626,15233
32,424,3899679.249839454,15233
33,424,3899679.250964352,15233
34,424,3899679.251984438,15233
35,424,3899679.253099426,15233
36,424,3899679.254160913,15233
38,424,3899679.255268971,15233
39,424,3899679.256341978,15233
40,424,3899679.257494487,15233
41,424,3899679.258558994,15233
42,424,3899679.259608841,15233
43,424,3899679.260718479,15233
44,424,3899679.261840507,15233
45,424,3899679.262925225,15233
46,424,3899679.264071354,15233
47,424,3899679.265077639,15233
48,424,3899679.266162376,15233
49,424,3899679.267282795,15233
50,424,3899679.268405643,15233
51,424,3899679.269467160,15233
52,424,3899679.270531077,15233
53,424,3899679.271650095,15233
54,424,3899679.272725182,15233
55,424,3899679.273817260,15233
56,424,3899679.274899387,15233
57,424,3899679.275982574,15233
58,424,3899679.277052231,15233
59,424,3899679.278081897,15233
60,424,3899679.279178375,15233
61,424,3899679.280230702,15233
62,424,3899679.281284448,15233
63,424,3899679.282373986,15233
64,424,3899679.283469313,15233
65,424,3899679.284556171,15233
66,424,3899679.285581697,15233
67,424,3899679.286642104,15233
69,424,3899679.287745052,15233
70,424,3899679.288838569,15233
71,424,3899679.289841374,15233
72,424,3899679.290940592,15233
73,424,3899679.292076261,15233
74,424,3899679.295118658,15233
77,424,3899679.296307258,15233
78,424,3899679.297571660,15233
80,424,3899679.298779870,15233
81,424,3899679.299826007,15233
82,424,3899679.301037267,15233
83,424,3899679.302163726,15233
84,424,3899679.303502019,15233
85,424,3899679.304605218,15233
86,424,3899679.305717546,15233
87,424,3899679.306786033,15233
88,424,3899679.307845219,15233
89,424,3899679.308960508,15233
91,424,3899679.310081556,15233
92,424,3899679.311256326,15233
93,424,3899679.312337803,15233
94,424,3899679.316117228,15233
95,424,3899679.318488638,15233
96,424,3899679.319793041,15233
97,424,3899679.320972051,15233
98,424,3899679.322217492,15233
99,424,3899679.326576642,15233
101,424,3899679.327948007,15233
103,424,3899679.329162338,15233
104,424,3899679.330308487,15233
105,424,3899679.331430895,15233
106,424,3899679.332571744,15233
107,424,3899679.333756174,15233
109,424,3899679.334780520,15233
110,424,3899679.335921429,15233
111,424,3899679.336961515,15233
112,424,3899679.337978681,15233
113,424,3899679.339013207,15233
114,424,3899679.340112295,15233
115,424,3899679.341141620,15233
116,424,3899679.342218428,15233
117,424,3899679.343330196,15233
119,424,3899679.344392692,15233
120,424,3899679.345476710,15233
121,424,3899679.346533737,15233
122,424,3899679.347594324,15233
123,424,3899679.348662551,15233
124,424,3899679.349712147,15233
125,424,3899679.350736763,15233
126,424,3899679.351834140,15233
127,424,3899679.925799360,14529
0,424,3899680.660704356,15297
1,424,3899680.662648585,15297
2,424,3899680.664031190,15297
3,424,3899680.665378124,15297
4,424,3899680.666677617,15297
5,424,3899680.667768375,15297
6,424,3899680.669331564,15297
8,424,3899680.671492469,15297
9,424,3899680.672866823,15297
10,424,3899680.674189957,15297
11,424,3899680.675452039,15297
12,424,3899680.676642859,15297
13,424,3899680.677755367,15297
14,424,3899680.678843044,15297
15,424,3899680.679956603,15297
16,424,3899680.681031970,15297
18,424,3899680.682047985,15297
19,424,3899680.683220025,15297
20,424,3899680.684367784,15297
21,424,3899680.685934903,15297
23,424,3899680.687320029,15297
25,424,3899680.688604941,15297
26,424,3899680.691956926,15297
27,424,3899680.693070644,15297
28,424,3899680.694141501,15297
29,424,3899680.695283270,15297
30,424,3899680.696283305,15297
31,424,3899680.697288850,15297
32,424,3899680.698395338,15297
33,424,3899680.699529017,15297
34,424,3899680.700553273,15297
35,424,3899680.701637050,15297
36,424,3899680.702714927,15297
38,424,3899680.703819805,15297
39,424,3899680.704911113,15297
40,424,3899680.706081972,15297
41,424,3899680.707197041,15297
42,424,3899680.708262038,15297
43,424,3899680.709404187,15297
44,424,3899680.710554356,15297
45,424,3899680.711664853,15297
46,424,3899680.712808062,15297
47,424,3899680.713847199,15297
48,424,3899680.714949136,15297
49,424,3899680.716115276,15297
50,424,3899680.717215474,15297
51,424,3899680.719608264,15297
52,424,3899680.720881486,15297
53,424,3899680.722245901,15297
54,424,3899680.723414150,15297
55,424,3899680.724661182,15297
56,424,3899680.725850432,15297
57,424,3899680.726974420,15297
58,424,3899680.728060848,15297
59,424,3899680.729130155,15297
60,424,3899680.730240123,15297
61,424,3899680.736554832,15297
62,424,3899680.737778893,15297
63,424,3899680.738897632,15297
64,424,3899680.740025080,15297
65,424,3899680.741130338,15297
66,424,3899680.742166634,15297
67,424,3899680.743248031,15297
69,424,3899680.744382510,15297
70,424,3899680.745502598,15297
71,424,3899680.746526354,15297
72,424,3899680.747651473,15297
73,424,3899680.748714780,15297
74,424,3899680.749769236,15297
77,424,3899680.750778121,15297
78,424,3899680.751908690,15297
80,424,3899680.753011188,15297
81,424,3899680.754066675,15297
82,424,3899680.755167303,15297
83,424,3899680.756294561,15297
84,424,3899680.757373058,15297
85,424,3899680.758490407,15297
86,424,3899680.759645506,15297
87,424,3899680.760734843,15297
88,424,3899680.761811250,15297
89,424,3899680.762949729,15297
91,424,3899680.764032927,15297
92,424,3899680.765159535,15297
93,424,3899680.766192221,15297
94,424,3899680.767286399,15297
95,424,3899680.768307224,15297
96,424,3899680.769316880,15297
97,424,3899680.770359656,15297
98,424,3899680.771440494,15297
99,424,3899680.772508430,15297
101,424,3899680.773625929,15297
103,424,3899680.774672505,15297
104,424,3899680.775770803,15297
105,424,3899680.776895571,15297
106,424,3899680.778037650,15297
107,424,3899680.779186399,15297
109,424,3899680.780187595,15297
110,424,3899680.781319223,15297
111,424,3899680.782426121,15297
112,424,3899680.783452827,15297
113,424,3899680.784481243,15297
114,424,3899680.785571240,15297
115,424,3899680.786615597,15297
116,424,3899680.787680084,15297
117,424,3899680.788754501,15297
119,424,3899680.789829858,15297
120,424,3899680.790925836,15297
121,424,3899680.791995113,15297
122,424,3899680.793151452,15297
123,424,3899680.794210729,15297
124,424,3899680.795274376,15297
125,424,3899680.796286091,15297
126,424,3899680.797384679,15297
127,424,3899681.375044692,14593
0,424,3899682.112345738,15361
1,424,3899682.114178295,15361
2,424,3899682.115568930,15361
3,424,3899682.116903473,15361
4,424,3899682.118178505,15361
5,424,3899682.119381776,15361
6,424,3899682.121577131,15361
8,424,3899682.122854104,15361
9,424,3899682.124146966,15361
10,424,3899682.125385638,15361
11,424,3899682.126617079,15361
12,424,3899682.127908521,15361
13,424,3899682.129143002,15361
14,424,3899682.130286502,15361
15,424,3899682.131380319,15361
16,424,3899682.132441646,15361
18,424,3899682.133451661,15361
19,424,3899682.134626071,15361
20,424,3899682.135725439,15361
21,424,3899682.136832797,15361
23,424,3899682.138794286,15361
25,424,3899682.140098809,15361
26,424,3899682.141343541,15361
27,424,3899682.142421048,15361
28,424,3899682.143503215,15361
29,424,3899682.148630435,15361
30,424,3899682.149813795,15361
31,424,3899682.150893682,15361
32,424,3899682.152075882,15361
33,424,3899682.153355764,15361
34,424,3899682.154442742,15361
35,424,3899682.155638442,15361
36,424,3899682.156769280,15361
38,424,3899682.157880939,15361
39,424,3899682.158957746,15361
40,424,3899682.160166836,15361
41,424,3899682.161250124,15361
42,424,3899682.162321581,15361
43,424,3899682.163437719,15361
44,424,3899682.164576298,15361
45,424,3899682.165666795,15361
46,424,3899682.166814374,15361
47,424,3899682.167836530,15361
48,424,3899682.168924918,15361
49,424,3899682.170071107,15361
50,424,3899682.171177924,15361
51,424,3899682.172252871,15361
52,424,3899682.173332349,15361
53,424,3899682.174455047,15361
54,424,3899682.175610936,15361
55,424,3899682.176708324,15361
56,424,3899682.177802732,15361
57,424,3899682.178902519,15361
58,424,3899682.179969997,15361
59,424,3899682.181027223,15361
60,424,3899682.182136141,15361
61,424,3899682.183204518,15361
62,424,3899682.184253595,15361
63,424,3899682.185348693,15361
64,424,3899682.186470731,15361
65,424,3899682.187567358,15361
66,424,3899682.188600295,15361
67,424,3899682.189671902,15361
69,424,3899682.190799400,15361
70,424,3899682.191899378,15361
71,424,3899682.192963785,15361
72,424,3899682.194111404,15361
73,424,3899682.195172581,15361
74,424,3899682.196208487,15361
77,424,3899682.197217902,15361
78,424,3899682.198340991,15361
80,424,3899682.199410738,15361
81,424,3899682.203094231,15361
82,424,3899682.204431484,15361
83,424,3899682.205695756,15361
84,424,3899682.206816845,15361
85,424,3899682.208046656,15361
86,424,3899682.209228246,15361
87,424,3899682.210314963,15361
88,424,3899682.211417441,15361
89,424,3899682.212557370,15361
91,424,3899682.213659317,15361
92,424,3899682.214782926,15361
93,424,3899682.215838063,15361
94,424,3899682.216932060,15361
95,424,3899682.217932165,15361
96,424,3899682.218941501,15361
97,424,3899682.219959417,15361
98,424,3899682.221050264,15361
99,424,3899682.222122302,15361
101,424,3899682.223233190,15361
103,424,3899682.224304486,15361
104,424,3899682.225402734,15361
105,424,3899682.226524183,15361
106,424,3899682.227728103,15361
107,424,3899682.228880202,15361
109,424,3899682.229879778,15361
110,424,3899682.231009426,15361
111,424,3899682.232034852,15361
112,424,3899682.233103929,15361
113,424,3899682.235433838,15361
114,424,3899682.236675329,15361
115,424,3899682.237711845,15361
116,424,3899682.238802463,15361
117,424,3899682.239898271,15361
119,424,3899682.240972918,15361
120,424,3899682.242093046,15361
121,424,3899682.243160233,15361
122,424,3899682.244311132,15361
123,424,3899682.245366399,15361
124,424,3899682.246412465,15361
125,424,3899682.247426941,15361
126,424,3899682.248532919,15361
127,424,3899682.913167119,14657
0,424,3899683.654371113,15425
1,424,3899683.656133388,15425
2,424,3899683.657504332,15425
3,424,3899683.658821306,15425
4,424,3899683.660066557,15425
5,424,3899683.662255192,15425
6,424,3899683.663400661,15425
8,424,3899683.664626363,15425
9,424,3899683.665747331,15425
10,424,3899683.666836858,15425
11,424,3899683.667916356,15425
12,424,3899683.669073035,15425
13,424,3899683.670158952,15425
14,424,3899683.671263360,15425
15,424,3899683.672352068,15425
16,424,3899683.673415365,15425
18,424,3899683.674442490,15425
19,424,3899683.675607960,15425
20,424,3899683.676762149,15425
21,424,3899683.678463732,15425
23,424,3899683.679887068,15425
25,424,3899683.681179250,15425
26,424,3899683.685978432,15425
27,424,3899683.687373547,15425
28,424,3899683.688586908,15425
29,424,3899683.689816589,15425
30,424,3899683.690875426,15425
31,424,3899683.691884661,15425
32,424,3899683.693143113,15425
33,424,3899683.694449736,15425
34,424,3899683.695486942,15425
35,424,3899683.696602480,15425
36,424,3899683.697678117,15425
38,424,3899683.698778665,15425
39,424,3899683.699852582,15425
40,424,3899683.701040412,15425
41,424,3899683.702113919,15425
42,424,3899683.703176086,15425
43,424,3899683.704320995,15425
44,424,3899683.705449854,15425
45,424,3899683.706561712,15425
46,424,3899683.707692080,15425
47,424,3899683.708710486,15425
48,424,3899683.709790193,15425
49,424,3899683.710924872,15425
50,424,3899683.712043250,15425
51,424,3899683.713125768,15425
52,424,3899683.714196245,15425
53,424,3899683.715324383,15425
54,424,3899683.716411781,15425
55,424,3899683.717508138,15425
56,424,3899683.718599266,15425
57,424,3899683.719697494,15425
58,424,3899683.720752680,15425
59,424,3899683.721807877,15425
60,424,3899683.722905145,15425
61,424,3899683.723973412,15425
62,424,3899683.725032568,15425
63,424,3899683.726126906,15425
64,424,3899683.727230104,15425
65,424,3899683.728325752,15425
66,424,3899683.729350227,15425
67,424,3899683.730413974,15425
69,424,3899683.731532823,15425
70,424,3899683.732632941,15425
71,424,3899683.735806061,15425
72,424,3899683.737196786,15425
73,424,3899683.738396076,15425
74,424,3899683.739429252,15425
77,424,3899683.740433958,15425
78,424,3899683.741554046,15425
80,424,3899683.742625573,15425
81,424,3899683.743641859,15425
82,424,3899683.744735956,15425
83,424,3899683.745834074,15425
84,424,3899683.746900731,15425
85,424,3899683.747997998,15425
86,424,3899683.749113387,15425
87,424,3899683.750202864,15425
88,424,3899683.751268161,15425
89,424,3899683.752416140,15425
91,424,3899683.753526538,15425
92,424,3899683.754652677,15425
93,424,3899683.755729844,15425
94,424,3899683.756817441,15425
95,424,3899683.759960021,15425
96,424,3899683.761169011,15425
97,424,3899683.762258459,15425
98,424,3899683.763454109,15425
99,424,3899683.764571777,15425
101,424,3899683.765786598,15425
103,424,3899683.766898376,15425
104,424,3899683.768010544,15425
105,424,3899683.769131463,15425
106,424,3899683.770263251,15425
107,424,3899683.771414050,15425
109,424,3899683.772417386,15425
110,424,3899683.773537744,15425
111,424,3899683.774561970,15425
112,424,3899683.775566855,15425
113,424,3899683.776588191,15425
114,424,3899683.777679738,15425
115,424,3899683.778719735,15425
116,424,3899683.779785132,15425
117,424,3899683.780869899,15425
119,424,3899683.781939116,15425
120,424,3899683.783027023,15425
121,424,3899683.784104681,15425
122,424,3899683.785275600,15425
123,424,3899683.786328907,15425
124,424,3899683.787373903,15425
125,424,3899683.788391699,15425
126,424,3899683.789501267,15425
127,424,3899684.434781498,14721
0,424,3899685.177638584,15489
1,424,3899685.179463071,15489
2,424,3899685.180876716,15489
3,424,3899685.182223550,15489
4,424,3899685.183478742,15489
5,424,3899685.185730399,15489
6,424,3899685.186896678,15489
8,424,3899685.188143650,15489
9,424,3899685.189254598,15489
10,424,3899685.190349126,15489
11,424,3899685.191433503,15489
12,424,3899685.192589012,15489
13,424,3899685.193703990,15489
14,424,3899685.194788568,15489
15,424,3899685.195885225,15489
16,424,3899685.196963742,15489
18,424,3899685.197979238,15489
19,424,3899685.199173808,15489
20,424,3899685.200336228,15489
21,424,3899685.202036301,15489
23,424,3899685.203446986,15489
25,424,3899685.204742589,15489
26,424,3899685.209219942,15489
27,424,3899685.210604487,15489
28,424,3899685.211784477,15489
29,424,3899685.213040328,15489
30,424,3899685.214166237,15489
31,424,3899685.215220504,15489
32,424,3899685.216490706,15489
33,424,3899685.217808889,15489
34,424,3899685.218906977,15489
35,424,3899685.220085077,15489
36,424,3899685.221237156,15489
38,424,3899685.222379315,15489
39,424,3899685.223471002,15489
40,424,3899685.224697133,15489
41,424,3899685.225817331,15489
42,424,3899685.226920069,15489
43,424,3899685.228094289,15489
44,424,3899685.229277459,15489
45,424,3899685.230390377,15489
46,424,3899685.231560256,15489
47,424,3899685.232588353,15489
48,424,3899685.233745512,15489
49,424,3899685.234920621,15489
50,424,3899685.236052320,15489
51,424,3899685.237147748,15489
52,424,3899685.238218705,15489
53,424,3899685.239356833,15489
54,424,3899685.240455381,15489
55,424,3899685.241566029,15489
56,424,3899685.242665827,15489
57,424,3899685.243774195,15489
58,424,3899685.244844382,15489
59,424,3899685.245902819,15489
60,424,3899685.247033607,15489
61,424,3899685.248108675,15489
62,424,3899685.249166011,15489
63,424,3899685.250289100,15489
64,424,3899685.251402178,15489
65,424,3899685.252566737,15489
66,424,3899685.255605754,15489
67,424,3899685.256930588,15489
69,424,3899685.258272131,15489
70,424,3899685.259527113,15489
71,424,3899685.260610901,15489
72,424,3899685.261851862,15489
73,424,3899685.263058132,15489
74,424,3899685.264100849,15489
77,424,3899685.265109724,15489
78,424,3899685.266230512,15489
80,424,3899685.267312920,15489
81,424,3899685.268340046,15489
82,424,3899685.269429633,15489
83,424,3899685.270540841,15489
84,424,3899685.271618188,15489
85,424,3899685.272718616,15489
86,424,3899685.273843385,15489
87,424,3899685.274993774,15489
88,424,3899685.276111172,15489
89,424,3899685.279975719,15489
91,424,3899685.281176150,15489
92,424,3899685.282561755,15489
93,424,3899685.283675953,15489
94,424,3899685.284856083,15489
95,424,3899685.285974901,15489
96,424,3899685.287044518,15489
97,424,3899685.288109385,15489
98,424,3899685.289254644,15489
99,424,3899685.290331892,15489
101,424,3899685.291448010,15489
103,424,3899685.292504456,15489
104,424,3899685.293605854,15489
105,424,3899685.294756463,15489
106,424,3899685.295964124,15489
107,424,3899685.297131623,15489
109,424,3899685.298134398,15489
110,424,3899685.299262727,15489
111,424,3899685.300299693,15489
112,424,3899685.301310549,15489
113,424,3899685.302362475,15489
114,424,3899685.303481594,15489
115,424,3899685.304551391,15489
116,424,3899685.305630808,15489
117,424,3899685.306708705,15489
119,424,3899685.307802903,15489
120,424,3899685.308885700,15489
121,424,3899685.309952417,15489
122,424,3899685.311137237,15489
123,424,3899685.312199034,15489
124,424,3899685.313245491,15489
125,424,3899685.314257426,15489
126,424,3899685.315364824,15489
127,424,3899685.897702735,14785
0,424,3899686.642710136,15553
1,424,3899686.644628984,15553
2,424,3899686.646081161,15553
3,424,3899686.647455076,15553
4,424,3899686.648737168,15553
5,424,3899686.649998400,15553
6,424,3899686.652347549,15553
8,424,3899686.653724934,15553
9,424,3899686.655103159,15553
10,424,3899686.656298399,15553
11,424,3899686.657544540,15553
12,424,3899686.658857853,15553
13,424,3899686.660117395,15553
14,424,3899686.661332006,15553
15,424,3899686.662434744,15553
16,424,3899686.663533132,15553
18,424,3899686.664543077,15553
19,424,3899686.665754368,15553
20,424,3899686.666853875,15553
21,424,3899686.667985784,15553
23,424,3899686.669131453,15553
25,424,3899686.671262427,15553
26,424,3899686.672647122,15553
27,424,3899686.673940825,15553
28,424,3899686.675094754,15553
29,424,3899686.676373726,15553
30,424,3899686.677383492,15553
31,424,3899686.682948542,15553
32,424,3899686.684303886,15553
33,424,3899686.685652210,15553
34,424,3899686.686804070,15553
35,424,3899686.687997760,15553
36,424,3899686.689168349,15553
38,424,3899686.690281137,15553
39,424,3899686.691379955,15553
40,424,3899686.692566525,15553
41,424,3899686.693651663,15553
42,424,3899686.694725700,15553
43,424,3899686.695870148,15553
44,424,3899686.697024318,15553
45,424,3899686.698129826,15553
46,424,3899686.699274994,15553
47,424,3899686.700308471,15553
48,424,3899686.701412768,15553
49,424,3899686.702556908,15553
50,424,3899686.703701536,15553
51,424,3899686.704794304,15553
52,424,3899686.705864971,15553
53,424,3899686.707013430,15553
54,424,3899686.708106888,15553
55,424,3899686.709221296,15553
56,424,3899686.710322274,15553
57,424,3899686.711428052,15553
58,424,3899686.712502939,15553
59,424,3899686.713562735,15553
60,424,3899686.714678684,15553
61,424,3899686.715762771,15553
62,424,3899686.716817458,15553
63,424,3899686.717926006,15553
64,424,3899686.719053064,15553
65,424,3899686.720160522,15553
66,424,3899686.721200279,15553
67,424,3899686.722277776,15553
69,424,3899686.723408034,15553
70,424,3899686.724516992,15553
71,424,3899686.725541158,15553
72,424,3899686.726667657,15553
73,424,3899686.727752034,15553
74,424,3899686.728788080,15553
77,424,3899686.729794316,15553
78,424,3899686.730920524,15553
80,424,3899686.731996881,15553
81,424,3899686.733026507,15553
82,424,3899686.734121385,15553
83,424,3899686.735203642,15553
84,424,3899686.736296740,15553
85,424,3899686.737418258,15553
86,424,3899686.738540646,15553
87,424,3899686.742910067,15553
88,424,3899686.744260431,15553
89,424,3899686.745648606,15553
91,424,3899686.746800255,15553
92,424,3899686.748104278,15553
93,424,3899686.749192386,15553
94,424,3899686.750326004,15553
95,424,3899686.751347900,15553
96,424,3899686.752373116,15553
97,424,3899686.753404902,15553
98,424,3899686.754494369,15553
99,424,3899686.755591437,15553
101,424,3899686.756703455,15553
103,424,3899686.757783963,15553
104,424,3899686.758887411,15553
105,424,3899686.760021089,15553
106,424,3899686.761157908,15553
107,424,3899686.762316137,15553
109,424,3899686.763327153,15553
110,424,3899686.764468681,15553
111,424,3899686.765503898,15553
112,424,3899686.766506263,15553
113,424,3899686.767535159,15553
114,424,3899686.768626597,15553
115,424,3899686.769674333,15553
116,424,3899686.770751160,15553
117,424,3899686.771832467,15553
119,424,3899686.772909745,15553
120,424,3899686.773994372,15553
121,424,3899686.775076300,15553
122,424,3899686.776233129,15553
123,424,3899686.777291995,15553
124,424,3899686.778363752,15553
125,424,3899686.779380128,15553
126,424,3899686.780489476,15553
127,424,3899687.384702500,14849
14,424,3899687.776814885,15600
0,424,3899688.175174799,15617
1,424,3899688.176905322,15617
2,424,3899688.178259496,15617
3,424,3899688.179595250,15617
4,424,3899688.180837392,15617
5,424,3899688.183107489,15617
6,424,3899688.184420362,15617
8,424,3899688.185675124,15617
9,424,3899688.186924266,15617
10,424,3899688.188208078,15617
11,424,3899688.189361207,15617
12,424,3899688.190533887,15617
13,424,3899688.191632794,15617
15,424,3899688.192747813,15617
16,424,3899688.193826990,15617
18,424,3899688.194833595,15617
19,424,3899688.196027085,15617
20,424,3899688.197120593,15617
21,424,3899688.198246972,15617
23,424,3899688.199384570,15617
25,424,3899688.201103914,15617
26,424,3899688.202433077,15617
27,424,3899688.203714940,15617
28,424,3899688.208802478,15617
29,424,3899688.210200354,15617
30,424,3899688.211265210,15617
31,424,3899688.212303556,15617
32,424,3899688.213534268,15617
33,424,3899688.214866251,15617
34,424,3899688.215951329,15617
35,424,3899688.217164839,15617
36,424,3899688.218325359,15617
38,424,3899688.219438167,15617
39,424,3899688.220531075,15617
40,424,3899688.221710984,15617
41,424,3899688.222796702,15617
42,424,3899688.223900020,15617
43,424,3899688.225051018,15617
44,424,3899688.226196858,15617
45,424,3899688.227302795,15617
46,424,3899688.228458965,15617
47,424,3899688.229480961,15617
48,424,3899688.230592719,15617
49,424,3899688.231742158,15617
50,424,3899688.232864396,15617
51,424,3899688.233958804,15617
52,424,3899688.235056201,15617
53,424,3899688.236205330,15617
54,424,3899688.237307478,15617
55,424,3899688.238428536,15617
56,424,3899688.239558685,15617
57,424,3899688.240707304,15617
58,424,3899688.241782111,15617
59,424,3899688.242851198,15617
60,424,3899688.244010428,15617
61,424,3899688.245105325,15617
62,424,3899688.246174662,15617
63,424,3899688.247295471,15617
64,424,3899688.248438589,15617
65,424,3899688.249586849,15617
66,424,3899688.250637795,15617
67,424,3899688.251754333,15617
69,424,3899688.252921613,15617
70,424,3899688.254059091,15617
71,424,3899688.255087737,15617
72,424,3899688.256223116,15617
73,424,3899688.257300023,15617
74,424,3899688.258352000,15617
77,424,3899688.259364676,15617
78,424,3899688.260494154,15617
80,424,3899688.261581281,15617
81,424,3899688.266512856,15617
82,424,3899688.268135387,15617
83,424,3899688.269527792,15617
84,424,3899688.270768024,15617
85,424,3899688.272083057,15617
86,424,3899688.273403530,15617
87,424,3899688.274694993,15617
88,424,3899688.275953864,15617
89,424,3899688.277156675,15617
91,424,3899688.278283513,15617
92,424,3899688.279472433,15617
93,424,3899688.280552771,15617
94,424,3899688.281673919,15617
95,424,3899688.282749596,15617
96,424,3899688.283791842,15617
97,424,3899688.284846389,15617
98,424,3899688.285983528,15617
99,424,3899688.287094026,15617
101,424,3899688.288266036,15617
103,424,3899688.289343833,15617
104,424,3899688.292060151,15617
105,424,3899688.293454307,15617
106,424,3899688.294864432,15617
107,424,3899688.296242217,15617
109,424,3899688.297293083,15617
110,424,3899688.299398797,15617
111,424,3899688.300716410,15617
112,424,3899688.301768507,15617
113,424,3899688.302820663,15617
114,424,3899688.303936731,15617
115,424,3899688.305009278,15617
116,424,3899688.306092356,15617
117,424,3899688.307200064,15617
119,424,3899688.308299082,15617
120,424,3899688.309399219,15617
121,424,3899688.310492847,15617
122,424,3899688.311661206,15617
123,424,3899688.312734334,15617
124,424,3899688.313802071,15617
125,424,3899688.314853887,15617
126,424,3899688.315980956,15617
127,424,3899688.897168617,14913
0,424,3899689.643021699,15681
1,424,3899689.644389173,15681
2,424,3899689.645570783,15681
3,424,3899689.646732392,15681
4,424,3899689.647917722,15681
5,424,3899689.649244546,15681
6,424,3899689.650533348,15681
8,424,3899689.651740949,15681
9,424,3899689.652876388,15681
10,424,3899689.654010846,15681
11,424,3899689.655128784,15681
12,424,3899689.656294364,15681
13,424,3899689.657386902,15681
15,424,3899689.658509040,15681
16,424,3899689.659786182,15681
18,424,3899689.660833099,15681
19,424,3899689.662046529,15681
20,424,3899689.664882121,15681
21,424,3899689.666324047,15681
23,424,3899689.667694562,15681
25,424,3899689.668969294,15681
26,424,3899689.670237706,15681
27,424,3899689.671407336,15681
28,424,3899689.672495733,15681
29,424,3899689.673769535,15681
30,424,3899689.674819972,15681
31,424,3899689.675840608,15681
32,424,3899689.676961126,15681
33,424,3899689.678146686,15681
34,424,3899689.679202503,15681
35,424,3899689.680308431,15681
36,424,3899689.681413479,15681
38,424,3899689.682571508,15681
39,424,3899689.683691816,15681
40,424,3899689.684903227,15681
41,424,3899689.686030195,15681
42,424,3899689.687139033,15681
43,424,3899689.688302823,15681
44,424,3899689.689487972,15681
45,424,3899689.690614041,15681
46,424,3899689.691786311,15681
47,424,3899689.692834407,15681
48,424,3899689.693943465,15681
49,424,3899689.695109605,15681
50,424,3899689.697768242,15681
51,424,3899689.699156727,15681
52,424,3899689.700427519,15681
53,424,3899689.701733172,15681
54,424,3899689.702985213,15681
55,424,3899689.704185124,15681
56,424,3899689.705295942,15681
57,424,3899689.706531653,15681
58,424,3899689.707621041,15681
59,424,3899689.708687097,15681
60,424,3899689.709813396,15681
61,424,3899689.710891993,15681
62,424,3899689.711951350,15681
63,424,3899689.717149401,15681
64,424,3899689.718542466,15681
65,424,3899689.719869750,15681
66,424,3899689.720971418,15681
67,424,3899689.722192739,15681
69,424,3899689.723516412,15681
70,424,3899689.724711762,15681
71,424,3899689.725752008,15681
72,424,3899689.726901168,15681
73,424,3899689.727978745,15681
74,424,3899689.729043322,15681
77,424,3899689.730079668,15681
78,424,3899689.731217927,15681
80,424,3899689.732311584,15681
81,424,3899689.733347871,15681
82,424,3899689.734476419,15681
83,424,3899689.735577017,15681
84,424,3899689.736666474,15681
85,424,3899689.737792863,15681
86,424,3899689.738950552,15681
87,424,3899689.740083931,15681
88,424,3899689.741186689,15681
89,424,3899689.742397299,15681
91,424,3899689.743495257,15681
92,424,3899689.744667017,15681
93,424,3899689.745730453,15681
94,424,3899689.746849522,15681
95,424,3899689.747870867,15681
96,424,3899689.748911664,15681
97,424,3899689.749949360,15681
98,424,3899689.753215912,15681
99,424,3899689.754513985,15681
101,424,3899689.755716125,15681
103,424,3899689.756867855,15681
104,424,3899689.758056845,15681
105,424,3899689.759239285,15681
106,424,3899689.760448865,15681
107,424,3899689.761684256,15681
109,424,3899689.762765314,15681
110,424,3899689.763966934,15681
111,424,3899689.765071682,15681
112,424,3899689.766131489,15681
113,424,3899689.767204046,15681
114,424,3899689.768357385,15681
115,424,3899689.769456613,15681
116,424,3899689.770580681,15681
117,424,3899689.771708369,15681
119,424,3899689.772841618,15681
120,424,3899689.773965026,15681
121,424,3899689.775099645,15681
122,424,3899689.776294785,15681
123,424,3899689.777393873,15681
124,424,3899689.778491461,15681
125,424,3899689.779548858,15681
126,424,3899689.780708837,15681
127,424,3899690.405599582,14977
0,424,3899691.233529337,15745
1,424,3899691.235842606,15745
2,424,3899691.237267392,15745
3,424,3899691.238667117,15745
4,424,3899691.239857917,15745
5,424,3899691.240919234,15745
6,424,3899691.242165395,15745
8,424,3899691.243282054,15745
9,424,3899691.244822493,15745
10,424,3899691.247945121,15745
11,424,3899691.249279635,15745
12,424,3899691.250700501,15745
13,424,3899691.251878801,15745
15,424,3899691.253174804,15745
16,424,3899691.254414105,15745
18,424,3899691.255469531,15745
19,424,3899691.256702533,15745
20,424,3899691.257819401,15745
21,424,3899691.258967940,15745
23,424,3899691.260125189,15745
25,424,3899691.261225847,15745
26,424,3899691.262320544,15745
27,424,3899691.263440703,15745
28,424,3899691.264512830,15745
29,424,3899691.265666589,15745
30,424,3899691.266671134,15745
31,424,3899691.267685500,15745
32,424,3899691.268785448,15745
33,424,3899691.269929337,15745
34,424,3899691.270965733,15745
35,424,3899691.272091861,15745
36,424,3899691.273183609,15745
38,424,3899691.274756929,15745
39,424,3899691.275856637,15745
40,424,3899691.277056367,15745
41,424,3899691.278136554,15745
42,424,3899691.279208971,15745
43,424,3899691.280358530,15745
44,424,3899691.281561690,15745
45,424,3899691.287841759,15745
46,424,3899691.289289546,15745
47,424,3899691.290471146,15745
48,424,3899691.291732518,15745
49,424,3899691.293058431,15745
50,424,3899691.294349744,15745
51,424,3899691.295589295,15745
52,424,3899691.296763085,15745
53,424,3899691.297929444,15745
54,424,3899691.299324209,15745
55,424,3899691.300525589,15745
56,424,3899691.301654628,15745
57,424,3899691.302786867,15745
58,424,3899691.303896305,15745
59,424,3899691.305014403,15745
60,424,3899691.306168152,15745
61,424,3899691.307270340,15745
62,424,3899691.308348417,15745
63,424,3899691.309487146,15745
64,424,3899691.310663396,15745
65,424,3899691.311794864,15745
66,424,3899691.312848301,15745
67,424,3899691.313942828,15745
69,424,3899691.315090328,15745
70,424,3899691.316214156,15745
71,424,3899691.317331944,15745
72,424,3899691.318470833,15745
73,424,3899691.319551790,15745
74,424,3899691.320611167,15745
77,424,3899691.321638663,15745
78,424,3899691.322783032,15745
80,424,3899691.323886220,15745
81,424,3899691.324934946,15745
82,424,3899691.326055025,15745
83,424,3899691.327185783,15745
84,424,3899691.328285301,15745
85,424,3899691.329411709,15745
86,424,3899691.330553518,15745
87,424,3899691.331682967,15745
88,424,3899691.332779264,15745
89,424,3899691.333935214,15745
91,424,3899691.335065482,15745
92,424,3899691.336243852,15745
93,424,3899691.337303009,15745
94,424,3899691.338421657,15745
95,424,3899691.339460413,15745
96,424,3899691.340532900,15745
97,424,3899691.341615288,15745
98,424,3899691.342746686,15745
99,424,3899691.343911356,15745
101,424,3899691.345158947,15745
103,424,3899691.346240524,15745
104,424,3899691.347440495,15745
105,424,3899691.348655645,15745
106,424,3899691.349817835,15745
107,424,3899691.351043146,15745
109,424,3899691.352088732,15745
110,424,3899691.353292113,15745
111,424,3899691.354343839,15745
112,424,3899691.355362635,15745
113,424,3899691.356416792,15745
114,424,3899691.357538040,15745
115,424,3899691.358616187,15745
116,424,3899691.359715505,15745
117,424,3899691.360823923,15745
119,424,3899691.361923191,15745
120,424,3899691.363057239,15745
121,424,3899691.364160797,15745
122,424,3899691.365329877,15745
123,424,3899691.366464295,15745
124,424,3899691.367531422,15745
125,424,3899691.368565999,15745
126,424,3899691.370164689,15745
72,424,3899691.664242697,15757
127,424,3899692.136067776,15041
3,424,3899692.585123160,15788
0,424,3899693.123413578,15809
1,424,3899693.127378028,15809
2,424,3899693.130403894,15809
4,424,3899693.133200825,15809
5,424,3899693.135481563,15809
6,424,3899693.138171021,15809
8,424,3899693.140543941,15809
9,424,3899693.143664440,15809
10,424,3899693.150419210,15809
11,424,3899693.153254102,15809
12,424,3899693.156163725,15809
13,424,3899693.158896994,15809
15,424,3899693.161592413,15809
16,424,3899693.163908281,15809
18,424,3899693.165645005,15809
19,424,3899693.167694637,15809
20,424,3899693.169555534,15809
21,424,3899693.171442951,15809
23,424,3899693.173383860,15809
25,424,3899693.175245317,15809
26,424,3899693.176537940,15809
27,424,3899693.177687789,15809
28,424,3899693.178794497,15809
29,424,3899693.179958446,15809
30,424,3899693.180980712,15809
31,424,3899693.182021249,15809
32,424,3899693.183141857,15809
33,424,3899693.184333497,15809
34,424,3899693.185382923,15809
35,424,3899693.186488761,15809
36,424,3899693.187589719,15809
38,424,3899693.188731878,15809
39,424,3899693.189851486,15809
40,424,3899693.191062107,15809
41,424,3899693.193663443,15809
42,424,3899693.194938175,15809
43,424,3899693.196277989,15809
44,424,3899693.197601112,15809
45,424,3899693.198874284,15809
46,424,3899693.200291270,15809
47,424,3899693.201363267,15809
48,424,3899693.202480445,15809
49,424,3899693.203638544,15809
50,424,3899693.204759663,15809
51,424,3899693.206044225,15809
52,424,3899693.212156080,15809
53,424,3899693.213677808,15809
54,424,3899693.214811517,15809
55,424,3899693.215956516,15809
56,424,3899693.217091174,15809
57,424,3899693.218283814,15809
58,424,3899693.219449364,15809
59,424,3899693.220542812,15809
60,424,3899693.221720831,15809
61,424,3899693.222828479,15809
62,424,3899693.223919207,15809
63,424,3899693.225062426,15809
64,424,3899693.226201454,15809
65,424,3899693.227342094,15809
66,424,3899693.228405970,15809
67,424,3899693.229507968,15809
69,424,3899693.230667577,15809
70,424,3899693.231799346,15809
71,424,3899693.232922954,15809
73,424,3899693.234020132,15809
74,424,3899693.235081869,15809
77,424,3899693.236107835,15809
78,424,3899693.237265324,15809
80,424,3899693.238371902,15809
81,424,3899693.239419599,15809
82,424,3899693.240541487,15809
83,424,3899693.241654755,15809
84,424,3899693.242752053,15809
85,424,3899693.243888591,15809
86,424,3899693.245050831,15809
87,424,3899693.246172869,15809
88,424,3899693.247284727,15809
89,424,3899693.248457567,15809
91,424,3899693.249566465,15809
92,424,3899693.250727014,15809
93,424,3899693.251792701,15809
94,424,3899693.252921329,15809
95,424,3899693.253949366,15809
96,424,3899693.254991642,15809
97,424,3899693.256045259,15809
98,424,3899693.257166217,15809
99,424,3899693.258260814,15809
101,424,3899693.259401453,15809
103,424,3899693.260482260,15809
104,424,3899693.261615549,15809
105,424,3899693.262765958,15809
106,424,3899693.263932378,15809
107,424,3899693.265131438,15809
109,424,3899693.266160704,15809
110,424,3899693.267320893,15809
111,424,3899693.268372080,15809
112,424,3899693.269394336,15809
113,424,3899693.270441412,15809
114,424,3899693.271559530,15809
115,424,3899693.272638378,15809
116,424,3899693.273728895,15809
117,424,3899693.274835983,15809
119,424,3899693.275946341,15809
120,424,3899693.277064799,15809
121,424,3899693.278198538,15809
122,424,3899693.279379698,15809
123,424,3899693.280459205,15809
124,424,3899693.281551693,15809
125,424,3899693.282591899,15809
126,424,3899693.283727238,15809
127,424,3899693.836502841,15105
0,424,3899694.585142453,15873
1,424,3899694.587089392,15873
2,424,3899694.588529148,15873
4,424,3899694.589864802,15873
5,424,3899694.590947260,15873
6,424,3899694.592226552,15873
8,424,3899694.594374946,15873
9,424,3899694.595861093,15873
10,424,3899694.597012253,15873
11,424,3899694.598272985,15873
12,424,3899694.599623648,15873
13,424,3899694.600920521,15873
15,424,3899694.602181333,15873
16,424,3899694.603293771,15873
18,424,3899694.604375168,15873
19,424,3899694.605573919,15873
20,424,3899694.606697547,15873
21,424,3899694.607876407,15873
23,424,3899694.609046637,15873
25,424,3899694.611017527,15873
26,424,3899694.612392031,15873
27,424,3899694.613717735,15873
28,424,3899694.614875524,15873
29,424,3899694.616213798,15873
30,424,3899694.617247814,15873
31,424,3899694.621905882,15873
32,424,3899694.623284006,15873
33,424,3899694.624729153,15873
34,424,3899694.625802580,15873
35,424,3899694.626984290,15873
36,424,3899694.628236011,15873
38,424,3899694.629405481,15873
39,424,3899694.630527709,15873
40,424,3899694.631859673,15873
41,424,3899694.633047633,15873
42,424,3899694.634180681,15873
43,424,3899694.635342371,15873
44,424,3899694.636509630,15873
45,424,3899694.637649949,15873
46,424,3899694.638857320,15873
47,424,3899694.639901546,15873
48,424,3899694.641035475,15873
49,424,3899694.642200134,15873
50,424,3899694.643339033,15873
51,424,3899694.644444551,15873
52,424,3899694.645533048,15873
53,424,3899694.646697778,15873
54,424,3899694.647816576,15873
55,424,3899694.648947935,15873
56,424,3899694.650077233,15873
57,424,3899694.651205611,15873
58,424,3899694.652343510,15873
59,424,3899694.653429008,15873
60,424,3899694.654569016,15873
61,424,3899694.655663064,15873
62,424,3899694.656740331,15873
63,424,3899694.657874910,15873
64,424,3899694.659019869,15873
65,424,3899694.660153617,15873
66,424,3899694.661215904,15873
67,424,3899694.662311612,15873
69,424,3899694.663464721,15873
70,424,3899694.664597670,15873
71,424,3899694.665704598,15873
73,424,3899694.666797825,15873
74,424,3899694.667863072,15873
77,424,3899694.668888898,15873
78,424,3899694.670888399,15873
80,424,3899694.672010237,15873
81,424,3899694.673056204,15873
82,424,3899694.674171682,15873
83,424,3899694.675285210,15873
84,424,3899694.676434509,15873
85,424,3899694.677569468,15873
86,424,3899694.678718797,15873
87,424,3899694.679833225,15873
88,424,3899694.680942113,15873
89,424,3899694.682114142,15873
91,424,3899694.683218980,15873
92,424,3899694.684417221,15873
93,424,3899694.685513058,15873
94,424,3899694.686647897,15873
95,424,3899694.687700544,15873
96,424,3899694.688759110,15873
97,424,3899694.689821867,15873
98,424,3899694.690949946,15873
99,424,3899694.692062104,15873
101,424,3899694.693195062,15873
103,424,3899694.694272030,15873
104,424,3899694.695401368,15873
105,424,3899694.696548797,15873
106,424,3899694.697727337,15873
107,424,3899694.698906256,15873
109,424,3899694.699941133,15873
110,424,3899694.701125573,15873
111,424,3899694.702180859,15873
112,424,3899694.703200885,15873
113,424,3899694.704245011,15873
114,424,3899694.705357250,15873
115,424,3899694.706707493,15873
116,424,3899694.707803361,15873
117,424,3899694.708907969,15873
119,424,3899694.710026728,15873
120,424,3899694.711145746,15873
121,424,3899694.712247454,15873
122,424,3899694.713449304,15873
123,424,3899694.714537711,15873
124,424,3899694.715605709,15873
125,424,3899694.716654025,15873
126,424,3899694.717790093,15873
127,424,3899695.141081976,15162
0,424,3899696.055135056,15937
1,424,3899696.057012414,15937
2,424,3899696.058446990,15937
4,424,3899696.059787104,15937
5,424,3899696.060878111,15937
6,424,3899696.062153953,15937
8,424,3899696.064220305,15937
9,424,3899696.065675082,15937
10,424,3899696.066863252,15937
11,424,3899696.068159165,15937
12,424,3899696.069509869,15937
13,424,3899696.070779651,15937
15,424,3899696.071993902,15937
16,424,3899696.073111080,15937
18,424,3899696.074142456,15937
19,424,3899696.075354917,15937
20,424,3899696.076472375,15937
21,424,3899696.077625244,15937
23,424,3899696.079529632,15937
25,424,3899696.080860026,15937
26,424,3899696.082151438,15937
27,424,3899696.083418661,15937
28,424,3899696.084546229,15937
29,424,3899696.089055003,15937
30,424,3899696.090101539,15937
31,424,3899696.091137965,15937
32,424,3899696.092325906,15937
33,424,3899696.093687090,15937
34,424,3899696.094802538,15937
35,424,3899696.095975188,15937
36,424,3899696.097096776,15937
38,424,3899696.098229555,15937
39,424,3899696.099353763,15937
40,424,3899696.100655666,15937
41,424,3899696.101782125,15937
42,424,3899696.102886212,15937
43,424,3899696.104062292,15937
44,424,3899696.105239752,15937
45,424,3899696.106398211,15937
46,424,3899696.107587641,15937
47,424,3899696.108643878,15937
48,424,3899696.109787877,15937
49,424,3899696.110981987,15937
50,424,3899696.112133306,15937
51,424,3899696.113262704,15937
52,424,3899696.114371012,15937
53,424,3899696.115532252,15937
54,424,3899696.116652000,15937
55,424,3899696.117788359,15937
56,424,3899696.118912077,15937
57,424,3899696.120053636,15937
58,424,3899696.121150414,15937
59,424,3899696.122237181,15937
60,424,3899696.123380060,15937
61,424,3899696.124485658,15937
62,424,3899696.125560975,15937
63,424,3899696.126692174,15937
64,424,3899696.127834763,15937
65,424,3899696.128966831,15937
66,424,3899696.130033698,15937
67,424,3899696.131202957,15937
69,424,3899696.133127536,15937
70,424,3899696.134284235,15937
71,424,3899696.135397954,15937
73,424,3899696.136490001,15937
74,424,3899696.137575558,15937
77,424,3899696.138632435,15937
78,424,3899696.139788325,15937
80,424,3899696.140908443,15937
81,424,3899696.141961939,15937
82,424,3899696.143092818,15937
83,424,3899696.144214046,15937
84,424,3899696.145320844,15937
85,424,3899696.146460113,15937
86,424,3899696.147617442,15937
87,424,3899696.148734660,15937
88,424,3899696.149840868,15937
89,424,3899696.151020208,15937
91,424,3899696.152135866,15937
92,424,3899696.153311916,15937
93,424,3899696.154415454,15937
94,424,3899696.155541722,15937
95,424,3899696.156572818,15937
96,424,3899696.157614345,15937
97,424,3899696.159269757,15937
98,424,3899696.160513708,15937
99,424,3899696.161635726,15937
101,424,3899696.162926829,15937
103,424,3899696.164145920,15937
104,424,3899696.165309819,15937
105,424,3899696.166474108,15937
106,424,3899696.167653038,15937
107,424,3899696.168841728,15937
109,424,3899696.169880035,15937
110,424,3899696.171059574,15937
111,424,3899696.172117981,15937
112,424,3899696.173152107,15937
113,424,3899696.174207774,15937
114,424,3899696.175391194,15937
115,424,3899696.176481361,15937
116,424,3899696.177587809,15937
117,424,3899696.178704337,15937
119,424,3899696.179816016,15937
120,424,3899696.180934854,15937
121,424,3899696.182058782,15937
122,424,3899696.183250042,15937
123,424,3899696.184347520,15937
124,424,3899696.185423197,15937
125,424,3899696.186466273,15937
126,424,3899696.187603282,15937
0,424,3899697.564414881,16000
1,424,3899697.565974641,16000
2,424,3899697.567355766,16000
4,424,3899697.569024928,16000
5,424,3899697.570324871,16000
6,424,3899697.572427884,16000
8,424,3899697.573802989,16000
9,424,3899697.576174919,16000
10,424,3899697.577354588,16000
11,424,3899697.578499877,16000
12,424,3899697.579722078,16000
13,424,3899697.580881908,16000
15,424,3899697.582065637,16000
16,424,3899697.583195956,16000
18,424,3899697.584250022,16000
19,424,3899697.586883729,16000
20,424,3899697.588785717,16000
21,424,3899697.590017938,16000
23,424,3899697.591358502,16000
25,424,3899697.592576013,16000
26,424,3899697.593700911,16000
27,424,3899697.595673501,16000
28,424,3899697.596963854,16000
29,424,3899697.598366259,16000
30,424,3899697.599417796,16000
31,424,3899697.600460622,16000
32,424,3899697.601608511,16000
33,424,3899697.602794161,16000
34,424,3899697.603892269,16000
35,424,3899697.605283974,16000
36,424,3899697.607480319,16000
38,424,3899697.608836684,16000
39,424,3899697.610549547,16000
40,424,3899697.611937942,16000
41,424,3899697.613148632,16000
42,424,3899697.614264531,16000
43,424,3899697.615443241,16000
44,424,3899697.617214465,16000
45,424,3899697.618618491,16000
46,424,3899697.620019756,16000
47,424,3899697.622692184,16000
48,424,3899697.624092069,16000
49,424,3899697.625527175,16000
50,424,3899697.626861589,16000
51,424,3899697.628108701,16000
52,424,3899697.629324051,16000
53,424,3899697.630556232,16000
54,424,3899697.631741212,16000
55,424,3899697.633188789,16000
56,424,3899697.634342098,16000
57,424,3899697.635495937,16000
58,424,3899697.636617076,16000
59,424,3899697.637723983,16000
60,424,3899697.638883413,16000
61,424,3899697.641223402,16000
62,424,3899697.642575246,16000
63,424,3899697.643904600,16000
64,424,3899697.645254334,16000
65,424,3899697.646595937,16000
66,424,3899697.647730696,16000
67,424,3899697.648923596,16000
69,424,3899697.650150987,16000
70,424,3899697.651334057,16000
71,424,3899697.652490826,16000
73,424,3899697.656795255,16000
74,424,3899697.658097678,16000
77,424,3899697.659264448,16000
78,424,3899697.660549640,16000
80,424,3899697.661864823,16000
81,424,3899697.663035893,16000
82,424,3899697.664263354,16000
83,424,3899697.665435203,16000
84,424,3899697.666581682,16000
85,424,3899697.667768902,16000
86,424,3899697.668972723,16000
87,424,3899697.670155772,16000
88,424,3899697.671315892,16000
89,424,3899697.672526463,16000
91,424,3899697.673682762,16000
92,424,3899697.674895542,16000
93,424,3899697.676015541,16000
94,424,3899697.677210771,16000
95,424,3899697.678281728,16000
96,424,3899697.679369305,16000
97,424,3899697.680458053,16000
98,424,3899697.681626212,16000
99,424,3899697.682762351,16000
101,424,3899697.683957611,16000
103,424,3899697.685100500,16000
104,424,3899697.686287540,16000
105,424,3899697.687486150,16000
106,424,3899697.688692171,16000
107,424,3899697.691946013,16000
109,424,3899697.693218345,16000
110,424,3899697.694645391,16000
111,424,3899697.695826061,16000
112,424,3899697.696922959,16000
113,424,3899697.698033727,16000
114,424,3899697.699206256,16000
115,424,3899697.700353015,16000
116,424,3899697.701502115,16000
117,424,3899697.702661184,16000
119,424,3899697.703816583,16000
120,424,3899697.704984372,16000
121,424,3899697.706153362,16000
122,424,3899697.707380023,16000
123,424,3899697.708519542,16000
124,424,3899697.709637700,16000
125,424,3899697.710715427,16000
126,424,3899697.711893297,16000
