time_since_decode_start_s,live_requests,decoded_token_mass,mean_decoded_len
0.0,128,1,0.0078125
0.14785894891247153,128,2,0.015625
0.14837003219872713,128,3,0.0234375
0.14847752498462796,128,4,0.03125
0.14852477610111237,128,5,0.0390625
0.14856359688565135,128,6,0.046875
0.14860505796968937,128,7,0.0546875
0.14864682918414474,128,8,0.0625
0.14868674986064434,128,9,0.0703125
0.14872377086430788,128,10,0.078125
0.1487580118700862,128,11,0.0859375
0.1487902128137648,128,12,0.09375
0.14910200098529458,128,13,0.1015625
0.14915004186332226,128,14,0.109375
0.14919262286275625,128,15,0.1171875
0.149227533955127,128,16,0.125
0.1492668348364532,128,17,0.1328125
0.14930093614384532,128,18,0.140625
0.31374315498396754,128,19,0.1484375
0.31409936398267746,128,20,0.15625
0.3141556461341679,128,21,0.1640625
0.31419779686257243,128,22,0.171875
0.3142332681454718,128,23,0.1796875
0.3142668781802058,128,24,0.1875
0.31430749921128154,128,25,0.1953125
0.3143416098318994,128,26,0.203125
0.314760060980916,128,27,0.2109375
0.31481012189760804,128,28,0.21875
0.31484681321308017,128,29,0.2265625
0.3148859338834882,128,30,0.234375
0.3149218149483204,128,31,0.2421875
0.31495545618236065,128,32,0.25
0.3149927370250225,128,33,0.2578125
0.31502508791163564,128,34,0.265625
0.3154986500740051,128,35,0.2734375
0.3155478211119771,128,36,0.28125
0.31558437179774046,128,37,0.2890625
0.31561715295538306,128,38,0.296875
0.31564881280064583,128,39,0.3046875
0.31568605406209826,128,40,0.3125
0.3157190647907555,128,41,0.3203125
0.31574945617467165,128,42,0.328125
0.3157798470929265,128,43,0.3359375
0.3158098477870226,128,44,0.34375
0.31628140015527606,128,45,0.3515625
0.3163271411322057,128,46,0.359375
0.3163619511760771,128,47,0.3671875
0.31639751186594367,128,48,0.375
0.31644279416650534,128,49,0.3828125
0.3164811348542571,128,50,0.390625
0.31651537492871284,128,51,0.3984375
0.316546015907079,128,52,0.40625
0.3165800468996167,128,53,0.4140625
0.3166146678850055,128,54,0.421875
0.31664485903456807,128,55,0.4296875
0.3166750189848244,128,56,0.4375
0.3167043197900057,128,57,0.4453125
0.4906134600751102,128,58,0.453125
0.4910486307926476,128,59,0.4609375
0.49110643193125725,128,60,0.46875
0.4911515130661428,128,61,0.4765625
0.4911897638812661,128,62,0.484375
0.4912233049981296,128,63,0.4921875
0.49125803587958217,128,64,0.5
0.49129062704741955,128,65,0.5078125
0.49132201820611954,128,66,0.515625
0.4913569591008127,128,67,0.5234375
0.49139406019821763,128,68,0.53125
0.4916867772117257,128,69,0.5390625
0.4917369680479169,128,70,0.546875
0.4917717990465462,128,71,0.5546875
0.49180439999327064,128,72,0.5625
0.49184331111609936,128,73,0.5703125
0.4924711068160832,128,74,0.578125
0.49251750810071826,128,75,0.5859375
0.4925547791644931,128,76,0.59375
0.49258721014484763,128,77,0.6015625
0.49261903995648026,128,78,0.609375
0.4926558919250965,128,79,0.6171875
0.49268995178863406,128,80,0.625
0.49272265285253525,128,81,0.6328125
0.4927554838359356,128,82,0.640625
0.49279067479074,128,83,0.6484375
0.492826655972749,128,84,0.65625
0.49286091700196266,128,85,0.6640625
0.4928942872211337,128,86,0.671875
0.492923887912184,128,87,0.6796875
0.49295271886512637,128,88,0.6875
0.4929810999892652,128,89,0.6953125
0.49301773076877,128,90,0.703125
0.493054062128067,128,91,0.7109375
0.6335304328240454,128,92,0.71875
0.6339480639435351,128,93,0.7265625
0.6340031852014363,128,94,0.734375
0.6340424059890211,128,95,0.7421875
0.6340780868194997,128,96,0.75
0.6341142482124269,128,97,0.7578125
0.6341539691202343,128,98,0.765625
0.6341884601861238,128,99,0.7734375
0.6342242211103439,128,100,0.78125
0.6342578018084168,128,101,0.7890625
0.6345657301135361,128,102,0.796875
0.6346141411922872,128,103,0.8046875
0.6346491621807218,128,104,0.8125
0.6346851829439402,128,105,0.8203125
0.6347184227779508,128,106,0.828125
0.6347505040466785,128,107,0.8359375
0.6352160661481321,128,108,0.84375
0.6352598671801388,128,109,0.8515625
0.6352935181930661,128,110,0.859375
0.6353299990296364,128,111,0.8671875
0.6353609599173069,128,112,0.875
0.6353936311788857,128,113,0.8828125
0.6354372319765389,128,114,0.890625
0.6354692820459604,128,115,0.8984375
0.6355050029233098,128,116,0.90625
0.6355404839850962,128,117,0.9140625
0.6355736250989139,128,118,0.921875
0.6356057859957218,128,119,0.9296875
0.6516393427737057,128,120,0.9375
0.6518487180583179,128,121,0.9453125
0.6518945288844407,128,122,0.953125
0.6519282502122223,128,123,0.9609375
0.6519657908938825,128,124,0.96875
0.6521317050792277,128,125,0.9765625
0.6535608507692814,128,126,0.984375
0.6535986121743917,128,127,0.9921875
1.197031490970403,128,191,1.4921875
1.197530153207481,128,255,1.9921875
1.197596495039761,128,319,2.4921875
1.1976472758688033,128,383,2.9921875
1.1976921278983355,128,447,3.4921875
1.197742098942399,128,511,3.9921875
1.1977827497757971,128,575,4.4921875
1.197823260910809,128,639,4.9921875
1.1978703518398106,128,703,5.4921875
1.1979137631133199,128,767,5.9921875
1.1979539939202368,128,831,6.4921875
1.1982204508967698,128,895,6.9921875
1.1982729719020426,128,959,7.4921875
1.1983151729218662,128,1023,7.9921875
1.198354674037546,128,1087,8.4921875
1.1983926151879132,128,1151,8.9921875
1.1989712198264897,128,1215,9.4921875
1.1990309208631516,128,1279,9.9921875
1.1990757719613612,128,1343,10.4921875
1.1991244340315461,128,1407,10.9921875
1.1991665051318705,128,1471,11.4921875
1.199206876102835,128,1535,11.9921875
1.1992510668933392,128,1599,12.4921875
1.1992960679344833,128,1663,12.9921875
1.1993412389419973,128,1727,13.4921875
1.199384449981153,128,1791,13.9921875
1.1994346920400858,128,1855,14.4921875
1.199479233007878,128,1919,14.9921875
1.1995188440196216,128,1983,15.4921875
1.1995619852095842,128,2047,15.9921875
1.199600035790354,128,2111,16.4921875
1.1996388169936836,128,2175,16.9921875
1.2002187608741224,128,2239,17.4921875
1.2002731929533184,128,2303,17.9921875
1.2003156538121402,128,2367,18.4921875
1.200354214757681,128,2431,18.9921875
1.2003927058540285,128,2495,19.4921875
1.2004545968957245,128,2559,19.9921875
1.20050087897107,128,2623,20.4921875
1.200545450206846,128,2687,20.9921875
1.2005874309688807,128,2751,21.4921875
1.2006278717890382,128,2815,21.9921875
1.200665953103453,128,2879,22.4921875
1.20070189377293,128,2943,22.9921875
1.2007418251596391,128,3007,23.4921875
1.2007801258005202,128,3071,23.9921875
1.20081792678684,128,3135,24.4921875
1.200853476766497,128,3199,24.9921875
1.2015316551551223,128,3263,25.4921875
1.201593236066401,128,3327,25.9921875
1.2016398971900344,128,3391,26.4921875
1.2016825578175485,128,3455,26.9921875
1.2017200789414346,128,3519,27.4921875
1.2017585798166692,128,3583,27.9921875
1.2017951309680939,128,3647,28.4921875
1.2018377021886408,128,3711,28.9921875
1.201876882929355,128,3775,29.4921875
1.2019143351353705,128,3839,29.9921875
1.2019504248164594,128,3903,30.4921875
1.2019905261695385,128,3967,30.9921875
1.202026966959238,128,4031,31.4921875
1.2020657579414546,128,4095,31.9921875
1.2021036888472736,128,4159,32.4921875
1.2021389701403677,128,4223,32.9921875
1.2021820708177984,128,4287,33.4921875
1.2022199421189725,128,4351,33.9921875
1.2022560532204807,128,4415,34.4921875
1.2033306900411844,128,4479,34.9921875
1.2033863621763885,128,4543,35.4921875
1.203441402874887,128,4607,35.9921875
1.2034832341596484,128,4671,36.4921875
1.2035224251449108,128,4735,36.9921875
1.2035599257797003,128,4799,37.4921875
1.2035982268862426,128,4863,37.9921875
1.2036385079845786,128,4927,38.4921875
1.2036758088506758,128,4991,38.9921875
1.2037120098248124,128,5055,39.4921875
1.2037470107898116,128,5119,39.9921875
1.2037829319015145,128,5183,40.4921875
1.2038176427595317,128,5247,40.9921875
1.2038580039516091,128,5311,41.4921875
1.2039015349000692,128,5375,41.9921875
1.203941976185888,128,5439,42.4921875
1.203985617030412,128,5503,42.9921875
1.2040232880972326,128,5567,43.4921875
1.2040590988472104,128,5631,43.9921875
1.20409440016374,128,5695,44.4921875
1.204135631211102,128,5759,44.9921875
1.2041723318397999,128,5823,45.4921875
1.2042079418897629,128,5887,45.9921875
1.2042418830096722,128,5951,46.4921875
1.2042762241326272,128,6015,46.9921875
1.2043156349100173,128,6079,47.4921875
1.204351486172527,128,6143,47.9921875
1.204386527184397,128,6207,48.4921875
1.2044201781973243,128,6271,48.9921875
1.205399362836033,128,6335,49.4921875
1.2054660450667143,128,6399,49.9921875
1.2055091159418225,128,6463,50.4921875
1.2055490468628705,128,6527,50.9921875
1.205593068152666,128,6591,51.4921875
1.2056310488842428,128,6655,51.9921875
1.205668409820646,128,6719,52.4921875
1.2057122709229589,128,6783,52.9921875
1.2057488220743835,128,6847,53.4921875
1.205788373015821,128,6911,53.9921875
1.2058246438391507,128,6975,54.4921875
1.2058595949783921,128,7039,54.9921875
1.2058952250517905,128,7103,55.4921875
1.205929955933243,128,7167,55.9921875
1.2059653769247234,128,7231,56.4921875
1.2060015480965376,128,7295,56.9921875
1.2060403288342059,128,7359,57.4921875
1.206075199879706,128,7423,57.9921875
1.2061095009557903,128,7487,58.4921875
1.2061444520950317,128,7551,58.9921875
1.2061797529459,128,7615,59.4921875
1.2062133331783116,128,7679,59.9921875
1.2062472738325596,128,7743,60.4921875
1.2062811250798404,128,7807,60.9921875
1.2063196958042681,128,7871,61.4921875
1.206354966852814,128,7935,61.9921875
1.2063947380520403,128,7999,62.4921875
1.2064380990341306,128,8063,62.9921875
1.206475529819727,128,8127,63.4921875
1.206511870957911,128,8191,63.9921875
1.206545501947403,128,8255,64.4921875
1.7377839810214937,128,8319,64.9921875
1.7382434727624059,128,8383,65.4921875
1.7383168451488018,128,8447,65.9921875
1.738370506092906,128,8511,66.4921875
1.7384214769117534,128,8575,66.9921875
1.7385148899629712,128,8639,67.4921875
1.7385653909295797,128,8703,67.9921875
1.7386129521764815,128,8767,68.4921875
1.738657172769308,128,8831,68.9921875
1.7386995637789369,128,8895,69.4921875
1.7387441550381482,128,8959,69.9921875
1.7390247220173478,128,9023,70.4921875
1.7390836738049984,128,9087,70.9921875
1.7391318348236382,128,9151,71.4921875
1.7391780959442258,128,9215,71.9921875
1.7392211179248989,128,9279,72.4921875
1.739836703054607,128,9343,72.9921875
1.7399033950641751,128,9407,73.4921875
1.739955865778029,128,9471,73.9921875
1.7400094578042626,128,9535,74.4921875
1.7400554288178682,128,9599,74.9921875
1.7401008801534772,128,9663,75.4921875
1.7401471808552742,128,9727,75.9921875
1.7401960222050548,128,9791,76.4921875
1.7402489529922605,128,9855,76.9921875
1.7402943149209023,128,9919,77.4921875
1.740355416201055,128,9983,77.9921875
1.7404131880030036,128,10047,78.4921875
1.7404778790660203,128,10111,78.9921875
1.7405298007652164,128,10175,79.4921875
1.7405782821588218,128,10239,79.9921875
1.7406237930990756,128,10303,80.4921875
1.7412463389337063,128,10367,80.9921875
1.7413135198876262,128,10431,81.4921875
1.7413653619587421,128,10495,81.9921875
1.7414120328612626,128,10559,82.4921875
1.7414745748974383,128,10623,82.9921875
1.7415264160372317,128,10687,83.4921875
1.7415749072097242,128,10751,83.9921875
1.7416213979013264,128,10815,84.4921875
1.7416673288680613,128,10879,84.9921875
1.741717510856688,128,10943,85.4921875
1.7417609421536326,128,11007,85.9921875
1.7418046430684626,128,11071,86.4921875
1.7418458838947117,128,11135,86.9921875
1.7418891349807382,128,11199,87.4921875
1.7419339958578348,128,11263,87.9921875
1.7419773768633604,128,11327,88.4921875
1.7427645367570221,128,11391,88.9921875
1.742834669072181,128,11455,89.4921875
1.7428893111646175,128,11519,89.9921875
1.7429393320344388,128,11583,90.4921875
1.7429857631213963,128,11647,90.9921875
1.7430304638110101,128,11711,91.4921875
1.7430722950957716,128,11775,91.9921875
1.7431145762093365,128,11839,92.4921875
1.7431565369479358,128,11903,92.9921875
1.7431997479870915,128,11967,93.4921875
1.7432406600564718,128,12031,93.9921875
1.7432845500297844,128,12095,94.4921875
1.7433323520235717,128,12159,94.9921875
1.7433769730851054,128,12223,95.4921875
1.7434212840162218,128,12287,95.9921875
1.743480865843594,128,12351,96.4921875
1.7435255968011916,128,12415,96.9921875
1.7435702681541443,128,12479,97.4921875
1.7436151588335633,128,12543,97.9921875
1.7436602301895618,128,12607,98.4921875
1.7437033508904278,128,12671,98.9921875
1.7437463719397783,128,12735,99.4921875
1.744765228126198,128,12799,99.9921875
1.744825010187924,128,12863,100.4921875
1.7448730911128223,128,12927,100.9921875
1.7449190020561218,128,12991,101.4921875
1.7449634429067373,128,13055,101.9921875
1.7450071340426803,128,13119,102.4921875
1.7450528251938522,128,13183,102.9921875
1.7450985871255398,128,13247,103.4921875
1.7451430279761553,128,13311,103.9921875
1.7451864290051162,128,13375,104.4921875
1.745232529938221,128,13439,104.9921875
1.7452830611728132,128,13503,105.4921875
1.7453291020356119,128,13567,105.9921875
1.7453732341527939,128,13631,106.4921875
1.74541682517156,128,13695,106.9921875
1.7454799958504736,128,13759,107.4921875
1.7455259668640792,128,13823,107.9921875
1.7455752491950989,128,13887,108.4921875
1.7456219200976193,128,13951,108.9921875
1.745665310882032,128,14015,109.4921875
1.745708012022078,128,14079,109.9921875
1.7457501329481602,128,14143,110.4921875
1.7457956639118493,128,14207,110.9921875
1.7458387948572636,128,14271,111.4921875
1.7458819071762264,128,14335,111.9921875
1.7459232569672167,128,14399,112.4921875
1.7469246028922498,128,14463,112.9921875
1.7469853349030018,128,14527,113.4921875
1.7470377660356462,128,14591,113.9921875
1.7470864672213793,128,14655,114.4921875
1.7471375977620482,128,14719,114.9921875
1.7471830798313022,128,14783,115.4921875
1.747225809842348,128,14847,115.9921875
1.747268931940198,128,14911,116.4921875
1.7473109131678939,128,14975,116.9921875
1.7473583240061998,128,15039,117.4921875
1.7474013548344374,128,15103,117.9921875
1.7474559862166643,128,15167,118.4921875
1.7475004880689085,128,15231,118.9921875
1.7475433181971312,128,15295,119.4921875
1.7475870000198483,128,15359,119.9921875
1.7476304708980024,128,15423,120.4921875
1.7476797821000218,128,15487,120.9921875
1.7477238331921399,128,15551,121.4921875
1.7477651541121304,128,15615,121.9921875
1.7478073248639703,128,15679,122.4921875
1.7478499161079526,128,15743,122.9921875
1.7478937380947173,128,15807,123.4921875
1.7479356988333166,128,15871,123.9921875
1.7479768288321793,128,15935,124.4921875
1.748023881111294,128,15999,124.9921875
1.7480666819028556,128,16063,125.4921875
1.7481128629297018,128,16127,125.9921875
1.74815504392609,128,16191,126.4921875
1.748197264969349,128,16255,126.9921875
1.7482375157997012,128,16319,127.4921875
1.7482783170416951,128,16383,127.9921875
2.281000214163214,128,16447,128.4921875
2.2819340978749096,128,16511,128.9921875
2.282025509979576,128,16575,129.4921875
2.282091312110424,128,16639,129.9921875
2.2821508827619255,128,16703,130.4921875
2.282204764895141,128,16767,130.9921875
2.282257576007396,128,16831,131.4921875
2.282317867036909,128,16895,131.9921875
2.282374549191445,128,16959,132.4921875
2.2824379107914865,128,17023,132.9921875
2.2824944420717657,128,17087,133.4921875
2.2827992402017117,128,17151,133.9921875
2.282866330817342,128,17215,134.4921875
2.2829204029403627,128,17279,134.9921875
2.2829720941372216,128,17343,135.4921875
2.283021585084498,128,17407,135.9921875
2.2836567708291113,128,17471,136.4921875
2.283727893140167,128,17535,136.9921875
2.2838076348416507,128,17599,137.4921875
2.2839058679528534,128,17663,137.9921875
2.2839952199719846,128,17727,138.4921875
2.284084301907569,128,17791,138.9921875
2.284176134970039,128,17855,139.4921875
2.284273076802492,128,17919,139.9921875
2.2843621489591897,128,17983,140.4921875
2.284468252211809,128,18047,140.9921875
2.2845697537995875,128,18111,141.4921875
2.284662737045437,128,18175,141.9921875
2.284751669038087,128,18239,142.4921875
2.284839291125536,128,18303,142.9921875
2.2849324638955295,128,18367,143.4921875
2.2850185758434236,128,18431,143.9921875
2.2859950899146497,128,18495,144.4921875
2.2860686918720603,128,18559,144.9921875
2.2861290238797665,128,18623,145.4921875
2.286183984950185,128,18687,145.9921875
2.2862373772077262,128,18751,146.4921875
2.2862961879000068,128,18815,146.9921875
2.286352570168674,128,18879,147.4921875
2.2864046809263527,128,18943,147.9921875
2.2864691731519997,128,19007,148.4921875
2.2865249537862837,128,19071,148.9921875
2.2865752149373293,128,19135,149.4921875
2.2866248660720885,128,19199,149.9921875
2.2866731681860983,128,19263,150.4921875
2.286722259130329,128,19327,150.9921875
2.286775730084628,128,19391,151.4921875
2.286825630813837,128,19455,151.9921875
2.288048373069614,128,19519,152.4921875
2.2881832057610154,128,19583,152.9921875
2.2882869387976825,128,19647,153.4921875
2.288383010774851,128,19711,153.9921875
2.288495094049722,128,19775,154.4921875
2.288587615825236,128,19839,154.9921875
2.2886744178831577,128,19903,155.4921875
2.28875915100798,128,19967,155.9921875
2.2888411032035947,128,20031,156.4921875
2.2889208048582077,128,20095,156.9921875
2.2890010471455753,128,20159,157.4921875
2.2890855791047215,128,20223,157.9921875
2.2891748710535467,128,20287,158.4921875
2.2892588428221643,128,20351,158.9921875
2.289346286095679,128,20415,159.4921875
2.2894419678486884,128,20479,159.9921875
2.289540551137179,128,20543,160.4921875
2.289626422803849,128,20607,160.9921875
2.289708585012704,128,20671,161.4921875
2.289792216848582,128,20735,161.9921875
2.2898511281237006,128,20799,162.4921875
2.2899049599654973,128,20863,162.9921875
2.2899541310034692,128,20927,163.4921875
2.290002292022109,128,20991,163.9921875
2.2900572437793016,128,21055,164.4921875
2.290106794796884,128,21119,164.9921875
2.2901599761098623,128,21183,165.4921875
2.290209257043898,128,21247,165.9921875
2.29025826882571,128,21311,166.4921875
2.2903054198250175,128,21375,166.9921875
2.2903603510931134,128,21439,167.4921875
2.2904092529788613,128,21503,167.9921875
2.291683305054903,128,21567,168.4921875
2.2917647268623114,128,21631,168.9921875
2.2918630288913846,128,21695,169.4921875
2.2919611921533942,128,21759,169.9921875
2.292050833813846,128,21823,170.4921875
2.2921439460478723,128,21887,170.9921875
2.2922335588373244,128,21951,171.4921875
2.2923282710835338,128,22015,171.9921875
2.292416333220899,128,22079,172.4921875
2.292518885806203,128,22143,172.9921875
2.292606237810105,128,22207,173.4921875
2.2926882300525904,128,22271,173.9921875
2.2927804030478,128,22335,174.4921875
2.2928457842208445,128,22399,174.9921875
2.2928936649113894,128,22463,175.4921875
2.2929401569999754,128,22527,175.9921875
2.292988058179617,128,22591,176.4921875
2.2930364389903843,128,22655,176.9921875
2.293084870092571,128,22719,177.4921875
2.293134151957929,128,22783,177.9921875
2.293189193122089,128,22847,178.4921875
2.2932384042069316,128,22911,178.9921875
2.2932868860661983,128,22975,179.4921875
2.2933343471959233,128,23039,179.9921875
2.2933815279975533,128,23103,180.4921875
2.2934483801946044,128,23167,180.9921875
2.2935019307769835,128,23231,181.4921875
2.293551731854677,128,23295,181.9921875
2.2935991338454187,128,23359,182.4921875
2.293646724894643,128,23423,182.9921875
2.2936922260560095,128,23487,183.4921875
2.293738606851548,128,23551,183.9921875
2.294323641806841,128,23615,184.4921875
2.294393274001777,128,23679,184.9921875
2.294458624906838,128,23743,185.4921875
2.2945147370919585,128,23807,185.9921875
2.2945657279342413,128,23871,186.4921875
2.2946195788681507,128,23935,186.9921875
2.294669020920992,128,23999,187.4921875
2.294721041806042,128,24063,187.9921875
2.2947889640927315,128,24127,188.4921875
2.294879565946758,128,24191,188.9921875
2.2949707182124257,128,24255,189.4921875
2.2950530499219894,128,24319,189.9921875
2.2951343921013176,128,24383,190.4921875
2.2952129640616477,128,24447,190.9921875
2.295290076173842,128,24511,191.4921875
2.9135602018795907,128,24575,191.9921875
2.9140891851857305,128,24639,192.4921875
2.9142155088484287,128,24703,192.9921875
2.914313931018114,128,24767,193.4921875
2.9144099140539765,128,24831,193.9921875
2.9145163260400295,128,24895,194.4921875
2.9146085791289806,128,24959,194.9921875
2.9152454948052764,128,25023,195.4921875
2.915360977873206,128,25087,195.9921875
2.9154729298315942,128,25151,196.4921875
2.9155707731842995,128,25215,196.9921875
2.915660794824362,128,25279,197.4921875
2.915747867897153,128,25343,197.9921875
2.9158426597714424,128,25407,198.4921875
2.9159384621307254,128,25471,198.9921875
2.916028543841094,128,25535,199.4921875
2.9170475299470127,128,25599,199.9921875
2.9171721530146897,128,25663,200.4921875
2.9172801761887968,128,25727,200.9921875
2.9173871488310397,128,25791,201.4921875
2.9175029317848384,128,25855,201.9921875
2.917603014037013,128,25919,202.4921875
2.917703967075795,128,25983,202.9921875
2.9178131301887333,128,26047,203.4921875
2.917905392125249,128,26111,203.9921875
2.9179940139874816,128,26175,204.4921875
2.918089697137475,128,26239,204.9921875
2.9181831888854504,128,26303,205.4921875
2.918275640811771,128,26367,205.9921875
2.918365343939513,128,26431,206.4921875
2.9184692557901144,128,26495,206.9921875
2.9185631391592324,128,26559,207.4921875
2.919563503935933,128,26623,207.9921875
2.9196895570494235,128,26687,208.4921875
2.91978790005669,128,26751,208.9921875
2.9198852321133018,128,26815,209.4921875
2.9199824249371886,128,26879,209.9921875
2.9200849467888474,128,26943,210.4921875
2.9201844898052514,128,27007,210.9921875
2.920282272156328,128,27071,211.4921875
2.920377994887531,128,27135,211.9921875
2.92049156781286,128,27199,212.4921875
2.9205911699682474,128,27263,212.9921875
2.9206817019730806,128,27327,213.4921875
2.9207716351374984,128,27391,213.9921875
2.920862266793847,128,27455,214.4921875
2.9209545091725886,128,27519,214.9921875
2.9210461918264627,128,27583,215.4921875
2.9228782379068434,128,27647,215.9921875
2.9230164918117225,128,27711,216.4921875
2.9231396350078285,128,27775,216.9921875
2.9232463780790567,128,27839,217.4921875
2.9233464999124408,128,27903,217.9921875
2.9234619927592576,128,27967,218.4921875
2.923567555844784,128,28031,218.9921875
2.923663718160242,128,28095,219.4921875
2.923753911163658,128,28159,219.9921875
2.923845682758838,128,28223,220.4921875
2.9239329849369824,128,28287,220.9921875
2.92402260703966,128,28351,221.4921875
2.92412255005911,128,28415,221.9921875
2.924216892104596,128,28479,222.4921875
2.924310625065118,128,28543,222.9921875
2.9244091571308672,128,28607,223.4921875
2.9245333899743855,128,28671,223.9921875
2.924634483177215,128,28735,224.4921875
2.924728195182979,128,28799,224.9921875
2.9248192869126797,128,28863,225.4921875
2.924908970016986,128,28927,225.9921875
2.925002592150122,128,28991,226.4921875
2.925093133933842,128,29055,226.9921875
2.925195657182485,128,29119,227.4921875
2.925297158770263,128,29183,227.9921875
2.9253923720680177,128,29247,228.4921875
2.925513075198978,128,29311,228.9921875
2.925606546923518,128,29375,229.4921875
2.925701010040939,128,29439,229.9921875
2.9257921217940748,128,29503,230.4921875
2.925886483862996,128,29567,230.9921875
2.925981326960027,128,29631,231.4921875
2.9277013312093914,128,29695,231.9921875
2.927838603965938,128,29759,232.4921875
2.927947027143091,128,29823,232.9921875
2.928068319801241,128,29887,233.4921875
2.928176503162831,128,29951,233.9921875
2.9282836951315403,128,30015,234.4921875
2.928385468199849,128,30079,234.9921875
2.92850761115551,128,30143,235.4921875
2.9286077739670873,128,30207,235.9921875
2.9287070757709444,128,30271,236.4921875
2.928801028057933,128,30335,236.9921875
2.928895701188594,128,30399,237.4921875
2.9289979632012546,128,30463,237.9921875
2.9290978661738336,128,30527,238.4921875
2.929190997965634,128,30591,238.9921875
2.9292837399989367,128,30655,239.4921875
2.929376652929932,128,30719,239.9921875
2.9297577128745615,128,30783,240.4921875
2.9298719060607255,128,30847,240.9921875
2.929967647884041,128,30911,241.4921875
2.9300862909294665,128,30975,241.9921875
2.9301912439987063,128,31039,242.4921875
2.93028627615422,128,31103,242.9921875
2.930380219127983,128,31167,243.4921875
2.930508521851152,128,31231,243.9921875
2.930615154094994,128,31295,244.4921875
2.93070899695158,128,31359,244.9921875
2.9308059690520167,128,31423,245.4921875
2.9308965411037207,128,31487,245.9921875
2.9309890139847994,128,31551,246.4921875
2.9310796060599387,128,31615,246.9921875
2.9311701678670943,128,31679,247.4921875
2.932381218764931,128,31743,247.9921875
2.932526812888682,128,31807,248.4921875
2.932632225099951,128,31871,248.9921875
2.932742908131331,128,31935,249.4921875
2.93284476082772,128,31999,249.9921875
2.932943793013692,128,32063,250.4921875
2.9330392661504447,128,32127,250.9921875
2.9331405381672084,128,32191,251.4921875
2.9332400509156287,128,32255,251.9921875
2.933335832785815,128,32319,252.4921875
2.933446555864066,128,32383,252.9921875
2.9335482991300523,128,32447,253.4921875
2.933653062209487,128,32511,253.9921875
2.9337497442029417,128,32575,254.4921875
2.9338423660956323,128,32639,254.9921875
3.8747636917978525,128,32703,255.4921875
3.8754842011258006,128,32767,255.9921875
3.8756538848392665,128,32831,256.4921875
3.87578259781003,128,32895,256.9921875
3.875907220877707,128,32959,257.4921875
3.87601806409657,128,33023,257.9921875
3.8761302470229566,128,33087,258.4921875
3.8762551601976156,128,33151,258.9921875
3.87637346284464,128,33215,259.4921875
3.8770095692016184,128,33279,259.9921875
3.877149522770196,128,33343,260.4921875
3.8772659259848297,128,33407,260.9921875
3.87737902905792,128,33471,261.4921875
3.877508962061256,128,33535,261.9921875
3.877622505184263,128,33599,262.4921875
3.8777292668819427,128,33663,262.9921875
3.878815894946456,128,33727,263.4921875
3.878966808784753,128,33791,263.9921875
3.879093522205949,128,33855,264.4921875
3.879217395093292,128,33919,264.9921875
3.879329598043114,128,33983,265.4921875
3.879453691188246,128,34047,265.9921875
3.8795694541186094,128,34111,266.4921875
3.8796897171996534,128,34175,266.9921875
3.879798079840839,128,34239,267.4921875
3.8799070329405367,128,34303,267.9921875
3.8800247060135007,128,34367,268.4921875
3.8801456089131534,128,34431,268.9921875
3.8802606519311666,128,34495,269.4921875
3.8803728139027953,128,34559,269.9921875
3.880508047994226,128,34623,270.4921875
3.8806206812150776,128,34687,270.9921875
3.881693237926811,128,34751,271.4921875
3.881842441856861,128,34815,271.9921875
3.881967594847083,128,34879,272.4921875
3.8820825680159032,128,34943,272.9921875
3.8821948799304664,128,35007,273.4921875
3.8823138740845025,128,35071,273.9921875
3.882447966840118,128,35135,274.4921875
3.882569570094347,128,35199,274.9921875
3.882677833084017,128,35263,275.4921875
3.8827958959154785,128,35327,275.9921875
3.8829062287695706,128,35391,276.4921875
3.8830131008289754,128,35455,276.9921875
3.883119334001094,128,35519,277.4921875
3.883226356934756,128,35583,277.9921875
3.8833374488167465,128,35647,278.4921875
3.8834588429890573,128,35711,278.9921875
3.885323890019208,128,35775,279.4921875
3.885496913921088,128,35839,279.9921875
3.8856309577822685,128,35903,280.4921875
3.885748900938779,128,35967,280.9921875
3.885862313210964,128,36031,281.4921875
3.8859724258072674,128,36095,281.9921875
3.8860788689926267,128,36159,282.4921875
3.8861861918121576,128,36223,282.9921875
3.8862946038134396,128,36287,283.4921875
3.8864123271778226,128,36351,283.9921875
3.8865431710146368,128,36415,284.4921875
3.886653224006295,128,36479,284.9921875
3.8867673161439598,128,36543,285.4921875
3.8868782790377736,128,36607,285.9921875
3.8869865820743144,128,36671,286.4921875
3.8871056851930916,128,36735,286.9921875
3.8872242579236627,128,36799,287.4921875
3.887336721178144,128,36863,287.9921875
3.8874580138362944,128,36927,288.4921875
3.8875686768442392,128,36991,288.9921875
3.887675658799708,128,37055,289.4921875
3.8877833019942045,128,37119,289.9921875
3.887885805219412,128,37183,290.4921875
3.88800332788378,128,37247,290.9921875
3.888119950890541,128,37311,291.4921875
3.888227203860879,128,37375,291.9921875
3.8883396559394896,128,37439,292.4921875
3.8884590789675713,128,37503,292.9921875
3.8885691920295358,128,37567,293.4921875
3.8886742647737265,128,37631,293.9921875
3.888790277764201,128,37695,294.4921875
3.8889285009354353,128,37759,294.9921875
3.890825429931283,128,37823,295.4921875
3.8909770529717207,128,37887,295.9921875
3.8910992960445583,128,37951,296.4921875
3.8912220802158117,128,38015,296.9921875
3.8913408629596233,128,38079,297.4921875
3.89147359598428,128,38143,297.9921875
3.8916002488695085,128,38207,298.4921875
3.891711941920221,128,38271,298.9921875
3.8918186351656914,128,38335,299.4921875
3.89192561712116,128,38399,299.9921875
3.89202699996531,128,38463,300.4921875
3.8921280722133815,128,38527,300.9921875
3.89223829517141,128,38591,301.4921875
3.8923537777736783,128,38655,301.9921875
3.892475260887295,128,38719,302.4921875
3.8925921441987157,128,38783,302.9921875
3.8926989971660078,128,38847,303.4921875
3.8928044489584863,128,38911,303.9921875
3.8929069521836936,128,38975,304.4921875
3.893007524777204,128,39039,304.9921875
3.8931192769668996,128,39103,305.4921875
3.8932226900942624,128,39167,305.9921875
3.893323042895645,128,39231,306.4921875
3.893435656093061,128,39295,306.9921875
3.8935538679361343,128,39359,307.4921875
3.893666602205485,128,39423,307.9921875
3.8937699841335416,128,39487,308.4921875
3.893871147185564,128,39551,308.9921875
3.8939717491157353,128,39615,309.4921875
3.8940694420598447,128,39679,309.9921875
3.8941697939299047,128,39743,310.4921875
3.894266116898507,128,39807,310.9921875
3.8953217240050435,128,39871,311.4921875
3.8954803771339357,128,39935,311.9921875
3.895600331015885,128,39999,312.4921875
3.8957268041558564,128,40063,312.9921875
3.8958450271748006,128,40127,313.4921875
3.8959582089446485,128,40191,313.9921875
3.896069262176752,128,40255,314.4921875
3.89618436479941,128,40319,314.9921875
3.8963008881546557,128,40383,315.4921875
3.896407171152532,128,40447,315.9921875
3.8965336037799716,128,40511,316.4921875
3.8966442169621587,128,40575,316.9921875
3.896754969842732,128,40639,317.4921875
3.89686149219051,128,40703,317.9921875
3.8969754548743367,128,40767,318.4921875
4.0617620730772614,128,40783,318.6171875
4.0617620730772614,128,40783,318.6171875
4.10821706103161,127,40447,318.4803149606299
4.52695319801569,127,40511,318.98425196850394
4.527387529145926,127,40575,319.48818897637796
4.527531271800399,127,40639,319.99212598425197
4.527616815175861,127,40703,320.496062992126
4.527704056818038,127,40767,321.0
4.527778498828411,127,40831,321.503937007874
4.527850590180606,127,40895,322.00787401574803
4.527927882038057,127,40959,322.51181102362204
4.527999893762171,127,41023,323.01574803149606
4.528365282807499,127,41087,323.5196850393701
4.528473596088588,127,41151,324.0236220472441
4.528554447926581,127,41215,324.5275590551181
4.528628420084715,127,41279,325.0314960629921
4.52870081178844,127,41343,325.53543307086613
4.528770283795893,127,41407,326.03937007874015
4.5288380747660995,127,41471,326.54330708661416
4.529467010870576,127,41535,327.0472440944882
4.5295608742162585,127,41599,327.5511811023622
4.529639505781233,127,41663,328.0551181102362
4.529717978090048,127,41727,328.5590551181102
4.529789358843118,127,41791,329.06299212598424
4.529859601054341,127,41855,329.56692913385825
4.529936072882265,127,41919,330.07086614173227
4.530014244839549,127,41983,330.5748031496063
4.530084216967225,127,42047,331.0787401574803
4.530151118990034,127,42111,331.5826771653543
4.530222869943827,127,42175,332.0866141732283
4.5302960919216275,127,42239,332.59055118110234
4.530365503858775,127,42303,333.09448818897636
4.5304465759545565,127,42367,333.59842519685037
4.530522437766194,127,42431,334.1023622047244
4.530588219873607,127,42495,334.6062992125984
4.531233275774866,127,42559,335.1102362204724
4.531324837822467,127,42623,335.61417322834643
4.531405759975314,127,42687,336.11811023622045
4.531493443064392,127,42751,336.62204724409446
4.5315667148679495,127,42815,337.12598425196853
4.53164235688746,127,42879,337.62992125984255
4.531715827994049,127,42943,338.13385826771656
4.531787610147148,127,43007,338.6377952755906
4.531852912157774,127,43071,339.1417322834646
4.531921113841236,127,43135,339.6456692913386
4.531991454772651,127,43199,340.1496062992126
4.532059897202998,127,43263,340.65354330708664
4.532126719132066,127,43327,341.15748031496065
4.532193200197071,127,43391,341.66141732283467
4.532264022156596,127,43455,342.1653543307087
4.532343633938581,127,43519,342.6692913385827
4.533477442804724,127,43583,343.1732283464567
4.533578145783395,127,43647,343.6771653543307
4.533661467954516,127,43711,344.18110236220474
4.533736859913915,127,43775,344.68503937007875
4.533808641135693,127,43839,345.18897637795277
4.533877302892506,127,43903,345.6929133858268
4.533945525065064,127,43967,346.1968503937008
4.5340146869421005,127,44031,346.7007874015748
4.534078497905284,127,44095,347.20472440944883
4.534153420012444,127,44159,347.70866141732284
4.534223721828312,127,44223,348.21259842519686
4.534287543967366,127,44287,348.7165354330709
4.534351024776697,127,44351,349.2204724409449
4.534432226791978,127,44415,349.7244094488189
4.534503369126469,127,44479,350.2283464566929
4.5345792612060905,127,44543,350.73228346456693
4.534652003087103,127,44607,351.23622047244095
4.534719604067504,127,44671,351.74015748031496
4.53479114593938,127,44735,352.244094488189
4.534858327824622,127,44799,352.748031496063
4.534923499915749,127,44863,353.251968503937
4.534994122106582,127,44927,353.755905511811
4.535062123090029,127,44991,354.25984251968504
4.53513032477349,127,45055,354.76377952755905
4.535201407037675,127,45119,355.26771653543307
4.535266898106784,127,45183,355.7716535433071
4.535338039975613,127,45247,356.2755905511811
4.535406841896474,127,45311,356.7795275590551
4.53548645414412,127,45375,357.2834645669291
4.535553495865315,127,45439,357.78740157480314
4.535624206997454,127,45503,358.29133858267716
4.53569247899577,127,45567,358.79527559055117
4.536802627146244,127,45631,359.2992125984252
4.536891798954457,127,45695,359.8031496062992
4.53697674209252,127,45759,360.3070866141732
4.537059833761305,127,45823,360.81102362204723
4.5371372159570456,127,45887,361.31496062992125
4.537212998140603,127,45951,361.81889763779526
4.537284769117832,127,46015,362.3228346456693
4.537354581058025,127,46079,362.8267716535433
4.537432773038745,127,46143,363.3307086614173
4.537506915163249,127,46207,363.8346456692913
4.537575297057629,127,46271,364.33858267716533
4.537643158808351,127,46335,364.84251968503935
4.5377155197784305,127,46399,365.34645669291336
4.5377918421290815,127,46463,365.8503937007874
4.537861093878746,127,46527,366.3543307086614
4.5379305658861995,127,46591,366.8582677165354
4.537998698186129,127,46655,367.3622047244094
4.538064889144152,127,46719,367.86614173228344
4.5381287811324,127,46783,368.37007874015745
4.538200383074582,127,46847,368.87401574803147
4.538267233874649,127,46911,369.37795275590554
4.5383391859941185,127,46975,369.88188976377955
4.538404088001698,127,47039,370.38582677165357
4.538480570074171,127,47103,370.8897637795276
4.538548171985894,127,47167,371.3937007874016
4.538620374165475,127,47231,371.8976377952756
4.538692655041814,127,47295,372.40157480314963
4.538760806899518,127,47359,372.90551181102364
4.53882518876344,127,47423,373.40944881889766
4.538888480048627,127,47487,373.9133858267717
4.538950591813773,127,47551,374.4173228346457
4.53901252290234,127,47615,374.9212598425197
4.5395983080379665,127,47679,375.4251968503937
4.539683781098574,127,47743,375.92913385826773
4.539752942044288,127,47807,376.43307086614175
4.539833353832364,127,47871,376.93700787401576
4.539905735757202,127,47935,377.4409448818898
4.539974998217076,127,47999,377.9448818897638
4.540047250222415,127,48063,378.4488188976378
4.540118561126292,127,48127,378.9527559055118
4.54018406290561,127,48191,379.45669291338584
4.540253335144371,127,48255,379.96062992125985
4.540319437161088,127,48319,380.46456692913387
4.54039038810879,127,48383,380.9685039370079
4.540471389889717,127,48447,381.4724409448819
4.54054638184607,127,48511,381.9763779527559
4.732980310916901,127,48575,382.4803149606299
5.31792426109314,127,48632,382.92913385826773
5.31792426109314,127,48632,382.92913385826773
5.39219651510939,126,48254,382.968253968254
5.392601305153221,126,48318,383.4761904761905
5.392705908045173,126,48382,383.984126984127
5.392800999805331,126,48446,384.4920634920635
5.3928849417716265,126,48510,385.0
5.392966013867408,126,48574,385.5079365079365
5.393462496809661,126,48638,386.015873015873
5.393559468910098,126,48702,386.5238095238095
5.3936418211087584,126,48766,387.031746031746
5.393726603128016,126,48830,387.53968253968253
5.393811136018485,126,48894,388.04761904761904
5.393888846971095,126,48958,388.55555555555554
5.393964008893818,126,49022,389.06349206349205
5.394037391059101,126,49086,389.57142857142856
5.394113433081657,126,49150,390.07936507936506
5.394194335211068,126,49214,390.58730158730157
5.394841841887683,126,49278,391.0952380952381
5.39493770385161,126,49342,391.6031746031746
5.395023625809699,126,49406,392.1111111111111
5.395105137955397,126,49470,392.6190476190476
5.395189240109175,126,49534,393.12698412698415
5.39526422182098,126,49598,393.63492063492066
5.395341514144093,126,49662,394.14285714285717
5.395432827062905,126,49726,394.6507936507937
5.395517528988421,126,49790,395.1587301587302
5.395593490917236,126,49854,395.6666666666667
5.395675372797996,126,49918,396.1746031746032
5.395755334757268,126,49982,396.6825396825397
5.395833496935666,126,50046,397.1904761904762
5.395910349208862,126,50110,397.6984126984127
5.395989570766687,126,50174,398.2063492063492
5.396695328876376,126,50238,398.7142857142857
5.396786901168525,126,50302,399.22222222222223
5.396876522805542,126,50366,399.73015873015873
5.396958394907415,126,50430,400.23809523809524
5.397035777103156,126,50494,400.74603174603175
5.397118739783764,126,50558,401.25396825396825
5.397200041916221,126,50622,401.76190476190476
5.397280863951892,126,50686,402.26984126984127
5.39735429501161,126,50750,402.77777777777777
5.39744200790301,126,50814,403.2857142857143
5.397528910078108,126,50878,403.7936507936508
5.397604152094573,126,50942,404.3015873015873
5.397678053937852,126,51006,404.8095238095238
5.397750216070563,126,51070,405.3174603174603
5.3978222771547735,126,51134,405.8253968253968
5.397896239068359,126,51198,406.3333333333333
5.39797782106325,126,51262,406.8412698412698
5.39904440799728,126,51326,407.3492063492063
5.39914121106267,126,51390,407.85714285714283
5.3992261830717325,126,51454,408.36507936507934
5.399305894970894,126,51518,408.87301587301585
5.399379936978221,126,51582,409.3809523809524
5.39946755906567,126,51646,409.8888888888889
5.399545371066779,126,51710,410.3968253968254
5.399621413089335,126,51774,410.9047619047619
5.399691293947399,126,51838,411.41269841269843
5.399771367199719,126,51902,411.92063492063494
5.399847428780049,126,51966,412.42857142857144
5.399920720141381,126,52030,412.93650793650795
5.399991531856358,126,52094,413.44444444444446
5.400070963893086,126,52158,413.95238095238096
5.400146346073598,126,52222,414.46031746031747
5.400225738063455,126,52286,414.968253968254
5.400304350070655,126,52350,415.4761904761905
5.4003776321187615,126,52414,415.984126984127
5.40046818414703,126,52478,416.4920634920635
5.400544405914843,126,52542,417.0
5.400615618098527,126,52606,417.5079365079365
5.400695309974253,126,52670,418.015873015873
5.400767751969397,126,52734,418.5238095238095
5.400844363961369,126,52798,419.031746031746
5.400961717125028,126,52862,419.53968253968253
5.4010950000956655,126,52926,420.04761904761904
5.401229524053633,126,52990,420.55555555555554
5.401356196962297,126,53054,421.06349206349205
5.401497059967369,126,53118,421.57142857142856
5.402928846888244,126,53182,422.07936507936506
5.403025148902088,126,53246,422.58730158730157
5.4031069511547685,126,53310,423.0952380952381
5.403186162933707,126,53374,423.6031746031746
5.4032661551609635,126,53438,424.1111111111111
5.403349076863378,126,53502,424.6190476190476
5.403443039860576,126,53566,425.12698412698415
5.403528921771795,126,53630,425.63492063492066
5.403608223889023,126,53694,426.14285714285717
5.403680976014584,126,53758,426.6507936507937
5.403758298140019,126,53822,427.1587301587302
5.40383179904893,126,53886,427.6666666666667
5.4039045120589435,126,53950,428.1746031746032
5.40398198319599,126,54014,428.6825396825397
5.404053974896669,126,54078,429.1904761904762
5.404131806921214,126,54142,429.6984126984127
5.404209158848971,126,54206,430.2063492063492
5.404280161019415,126,54270,430.7142857142857
5.404355843085796,126,54334,431.22222222222223
5.404454105067998,126,54398,431.73015873015873
5.404533997178078,126,54462,432.23809523809524
5.404604589100927,126,54526,432.74603174603175
5.404682640917599,126,54590,433.25396825396825
5.4047540430910885,126,54654,433.76190476190476
5.404831365216523,126,54718,434.26984126984127
5.404930558055639,126,54782,434.77777777777777
5.405052809976041,126,54846,435.2857142857143
5.405187003780156,126,54910,435.7936507936508
5.405308307148516,126,54974,436.3015873015873
5.405475270934403,126,55038,436.8095238095238
5.405641175806522,126,55102,437.3174603174603
5.405772138852626,126,55166,437.8253968253968
5.405903841834515,126,55230,438.3333333333333
5.405978593975306,126,55294,438.8412698412698
5.4060473358258605,126,55358,439.3492063492063
5.406658000778407,126,55422,439.85714285714283
5.406749363988638,126,55486,440.36507936507934
5.406831576023251,126,55550,440.87301587301585
5.40691626816988,126,55614,441.3809523809524
5.406994599848986,126,55678,441.8888888888889
5.407069191802293,126,55742,442.3968253968254
5.4071455439552665,126,55806,442.9047619047619
5.407221985980868,126,55870,443.41269841269843
5.407296766992658,126,55934,443.92063492063494
5.407366058789194,126,55998,444.42857142857144
5.407455261796713,126,56062,444.93650793650795
5.407530033029616,126,56126,445.44444444444446
5.407606904860586,126,56190,445.95238095238096
5.490221649874002,126,56201,446.03968253968253
5.490221649874002,126,56201,446.03968253968253
5.4904943271540105,125,55752,446.016
5.4904943271540105,125,55752,446.016
5.555129806045443,124,55356,446.4193548387097
5.627297224942595,124,55382,446.6290322580645
5.627297224942595,124,55382,446.6290322580645
5.681002106983215,123,54939,446.6585365853659
5.681002106983215,123,54939,446.6585365853659
5.770144226960838,122,54500,446.72131147540983
5.770144226960838,122,54500,446.72131147540983
5.979227257892489,121,54073,446.88429752066116
5.979775291867554,121,54137,447.41322314049586
5.97988640377298,121,54201,447.94214876033055
5.979986077174544,121,54265,448.4710743801653
5.980073849204928,121,54329,449.0
5.980162282008678,121,54393,449.5289256198347
5.980256173759699,121,54457,450.05785123966945
5.98034259583801,121,54521,450.58677685950414
5.980439098086208,121,54585,451.11570247933884
5.980843028984964,121,54649,451.64462809917353
5.980948390904814,121,54713,452.1735537190083
5.98104546405375,121,54777,452.702479338843
5.981129716150463,121,54841,453.2314049586777
5.981211727950722,121,54905,453.7603305785124
5.981292179785669,121,54969,454.2892561983471
5.98137750197202,121,55033,454.8181818181818
5.982079289853573,121,55097,455.3471074380165
5.9821832831949,121,55161,455.87603305785126
5.982275045011193,121,55225,456.40495867768595
5.982362216804177,121,55289,456.93388429752065
5.982465169858187,121,55353,457.46280991735534
5.9825538620352745,121,55417,457.9917355371901
5.982642534188926,121,55481,458.5206611570248
5.982728856150061,121,55545,459.0495867768595
5.982828708831221,121,55609,459.57851239669424
5.982913421001285,121,55673,460.10743801652893
5.98300178302452,121,55737,460.6363636363636
5.983089736197144,121,55801,461.1652892561983
5.983175348024815,121,55865,461.6942148760331
5.983259390108287,121,55929,462.22314049586777
5.983347021974623,121,55993,462.75206611570246
5.9834402250126,121,56057,463.2809917355372
5.984138561878353,121,56121,463.8099173553719
5.984243224840611,121,56185,464.3388429752066
5.984330786857754,121,56249,464.8677685950413
5.984416268765926,121,56313,465.39669421487605
5.984522412065417,121,56377,465.92561983471074
5.984606814105064,121,56441,466.45454545454544
5.984690056182444,121,56505,466.9834710743802
5.984768668189645,121,56569,467.5123966942149
5.984850840177387,121,56633,468.0413223140496
5.984932851977646,121,56697,468.5702479338843
5.985013113822788,121,56761,469.099173553719
5.9850921467877924,121,56825,469.6280991735537
5.985170518048108,121,56889,470.1570247933884
5.985250660218298,121,56953,470.68595041322317
5.985333621967584,121,57017,471.21487603305786
5.985433564987034,121,57081,471.74380165289256
5.986645726021379,121,57145,472.27272727272725
5.986756058875471,121,57209,472.801652892562
5.986850760877132,121,57273,473.3305785123967
5.9869380430318415,121,57337,473.8595041322314
5.987019424792379,121,57401,474.3884297520661
5.987099667079747,121,57465,474.91735537190084
5.987180239986628,121,57529,475.44628099173553
5.987263790797442,121,57593,475.97520661157023
5.987347893882543,121,57657,476.504132231405
5.987442606128752,121,57721,477.0330578512397
5.987525708042085,121,57785,477.56198347107437
5.987608360126615,121,57849,478.09090909090907
5.98769043199718,121,57913,478.6198347107438
5.987773094791919,121,57977,479.1487603305785
5.98785224603489,121,58041,479.6776859504132
5.9879373190924525,121,58105,480.20661157024796
5.988017790950835,121,58169,480.73553719008265
5.988100952934474,121,58233,481.26446280991735
5.988178485073149,121,58297,481.79338842975204
5.98825556691736,121,58361,482.3223140495868
5.9883378287777305,121,58425,482.8512396694215
5.988420411013067,121,58489,483.3801652892562
5.988516932819039,121,58553,483.90909090909093
5.988599115982652,121,58617,484.43801652892563
5.9886811980977654,121,58681,484.9669421487603
5.988765189889818,121,58745,485.495867768595
5.988848641980439,121,58809,486.02479338842977
5.988928824197501,121,58873,486.55371900826447
5.989010176155716,121,58937,487.08264462809916
5.989095448050648,121,59001,487.6115702479339
5.989178100135177,121,59065,488.1404958677686
5.989258811809123,121,59129,488.6694214876033
5.990693368948996,121,59193,489.198347107438
5.990789581090212,121,59257,489.72727272727275
5.99087512306869,121,59321,490.25619834710744
5.990970824845135,121,59385,490.78512396694214
5.991069167852402,121,59449,491.31404958677683
5.991158970165998,121,59513,491.8429752066116
5.991243851836771,121,59577,492.3719008264463
5.991323144175112,121,59641,492.900826446281
5.991400626022369,121,59705,493.4297520661157
5.991493999026716,121,59769,493.9586776859504
5.991573000792414,121,59833,494.4876033057851
5.9916618429124355,121,59897,495.0165289256198
5.991743914783001,121,59961,495.54545454545456
5.991823397111148,121,60025,496.07438016528926
5.991903708782047,121,60089,496.60330578512395
5.991987911053002,121,60153,497.1322314049587
5.992066243197769,121,60217,497.6611570247934
5.992143834941089,121,60281,498.1900826446281
5.992227986920625,121,60345,498.7190082644628
5.992305838968605,121,60409,499.24793388429754
5.992387311067432,121,60473,499.77685950413223
5.992483354173601,121,60537,500.3057851239669
5.9925692258402705,121,60601,500.8347107438017
5.9926523878239095,121,60665,501.3636363636364
5.992732029873878,121,60729,501.89256198347107
5.992816632147878,121,60793,502.42148760330576
5.9928932138718665,121,60857,502.9504132231405
5.992976715788245,121,60921,503.4793388429752
5.993059609085321,121,60985,504.0082644628099
5.9931358098983765,121,61049,504.53719008264466
5.993211062159389,121,61113,505.06611570247935
5.993283844087273,121,61177,505.59504132231405
5.993365495931357,121,61241,506.12396694214874
5.9934521480463445,121,61305,506.6528925619835
5.993545141071081,121,61369,507.1818181818182
5.9936283230781555,121,61433,507.7107438016529
5.993702564854175,121,61497,508.2396694214876
5.993780106771737,121,61561,508.7685950413223
5.993854258209467,121,61625,509.297520661157
5.993933790829033,121,61689,509.8264462809917
6.129119197838008,121,61753,510.35537190082647
6.165478080045432,121,61775,510.53719008264466
6.165478080045432,121,61775,510.53719008264466
6.555915598757565,120,61304,510.8666666666667
6.556357829831541,120,61368,511.4
6.556536053773016,120,61432,511.93333333333334
6.556649207137525,120,61496,512.4666666666667
6.5567448399960995,120,61560,513.0
6.556837731972337,120,61624,513.5333333333333
6.556935113854706,120,61688,514.0666666666667
6.557022097054869,120,61752,514.6
6.557489038910717,120,61816,515.1333333333333
6.557600690983236,120,61880,515.6666666666666
6.557700714096427,120,61944,516.2
6.557800815906376,120,62008,516.7333333333333
6.5578868691809475,120,62072,517.2666666666667
6.557973600924015,120,62136,517.8
6.5580582628026605,120,62200,518.3333333333334
6.558145404793322,120,62264,518.8666666666667
6.558840612880886,120,62328,519.4
6.558945176191628,120,62392,519.9333333333333
6.559040538035333,120,62456,520.4666666666667
6.55913321999833,120,62520,521.0
6.559230362996459,120,62584,521.5333333333333
6.5593173848465085,120,62648,522.0666666666667
6.559409896843135,120,62712,522.6
6.559517140034586,120,62776,523.1333333333333
6.559607511851937,120,62840,523.6666666666666
6.559702354948968,120,62904,524.2
6.559793697204441,120,62968,524.7333333333333
6.5598843190819025,120,63032,525.2666666666667
6.559977221768349,120,63096,525.8
6.560064134187996,120,63160,526.3333333333334
6.560156635940075,120,63224,526.8666666666667
6.5602417779155076,120,63288,527.4
6.560962236952037,120,63352,527.9333333333333
6.561072030104697,120,63416,528.4666666666667
6.561163651756942,120,63480,529.0
6.561251983977854,120,63544,529.5333333333333
6.561344976071268,120,63608,530.0666666666667
6.561448559165001,120,63672,530.6
6.561544741969556,120,63736,531.1333333333333
6.561632634140551,120,63800,531.6666666666666
6.561722445767373,120,63864,532.2
6.561806717887521,120,63928,532.7333333333333
6.561889340169728,120,63992,533.2666666666667
6.561972292140126,120,64056,533.8
6.562051724176854,120,64120,534.3333333333334
6.562133315950632,120,64184,534.8666666666667
6.5622186991386116,120,64248,535.4
6.56231396086514,120,64312,535.9333333333333
6.5635055410675704,120,64376,536.4666666666667
6.563619963824749,120,64440,537.0
6.563716725911945,120,64504,537.5333333333333
6.563804388977587,120,64568,538.0666666666667
6.563900961074978,120,64632,538.6
6.56399009283632,120,64696,539.1333333333333
6.564076814800501,120,64760,539.6666666666666
6.564162287861109,120,64824,540.2
6.564252560026944,120,64888,540.7333333333333
6.56434244196862,120,64952,541.2666666666667
6.564439674839377,120,65016,541.8
6.56453339708969,120,65080,542.3333333333334
6.564623869024217,120,65144,542.8666666666667
6.564708041958511,120,65208,543.4
6.564790933858603,120,65272,543.9333333333333
6.564882466103882,120,65336,544.4666666666667
6.564965717960149,120,65400,545.0
6.56504691997543,120,65464,545.5333333333333
6.565127152018249,120,65528,546.0666666666667
6.565216574817896,120,65592,546.6
6.565303696785122,120,65656,547.1333333333333
6.565390668809414,120,65720,547.6666666666666
6.565486340783536,120,65784,548.2
6.565576753113419,120,65848,548.7333333333333
6.565667925868183,120,65912,549.2666666666667
6.565755467861891,120,65976,549.8
6.565839360002428,120,66040,550.3333333333334
6.565922631882131,120,66104,550.8666666666667
6.566011184826493,120,66168,551.4
6.566093537025154,120,66232,551.9333333333333
6.566181678790599,120,66296,552.4666666666667
6.56626861076802,120,66360,553.0
6.567704326938838,120,66424,553.5333333333333
6.567807259969413,120,66488,554.0666666666667
6.567897082772106,120,66552,554.6
6.568005925044417,120,66616,555.1333333333333
6.5681597092188895,120,66680,555.6666666666666
6.568294141907245,120,66744,556.2
6.5683954250998795,120,66808,556.7333333333333
6.568503567948937,120,66872,557.2666666666667
6.568591650109738,120,66936,557.8
6.568676481954753,120,67000,558.3333333333334
6.568758604116738,120,67064,558.8666666666667
6.568850956857204,120,67128,559.4
6.568935139104724,120,67192,559.9333333333333
6.569020290859044,120,67256,560.4666666666667
6.569106762763113,120,67320,561.0
6.569196125026792,120,67384,561.5333333333333
6.569277917966247,120,67448,562.0666666666667
6.569360239896923,120,67512,562.6
6.5694584818556905,120,67576,563.1333333333333
6.569542854093015,120,67640,563.6666666666666
6.569631236139685,120,67704,564.2
6.569715328980237,120,67768,564.7333333333333
6.569800660945475,120,67832,565.2666666666667
6.569884933065623,120,67896,565.8
6.569973445031792,120,67960,566.3333333333334
6.570056877098978,120,68024,566.8666666666667
6.5701445788145065,120,68088,567.4
6.570230942219496,120,68152,567.9333333333333
6.5703163938596845,120,68216,568.4666666666667
6.57039829576388,120,68280,569.0
6.570491048041731,120,68344,569.5333333333333
6.570572149939835,120,68408,570.0666666666667
6.570661592762917,120,68472,570.6
6.570741624105722,120,68536,571.1333333333333
6.570836637169123,120,68600,571.6666666666666
6.570924488827586,120,68664,572.2
6.571005151141435,120,68728,572.7333333333333
6.5710839331150055,120,68792,573.2666666666667
6.571168114896864,120,68856,573.8
6.590017722919583,120,68861,573.8416666666667
6.590017722919583,120,68861,573.8416666666667
6.707263745833188,119,68343,574.3109243697479
6.8980793338268995,119,68382,574.6386554621848
6.8980793338268995,119,68382,574.6386554621848
6.9889552178792655,118,67815,574.7033898305085
6.9889552178792655,118,67815,574.7033898305085
7.136058037169278,117,67253,574.8119658119658
7.136574780102819,117,67317,575.3589743589744
7.1367025431245565,117,67381,575.9059829059829
7.136815405916423,117,67445,576.4529914529915
7.136919909156859,117,67509,577.0
7.137022960931063,117,67573,577.5470085470085
7.137129103764892,117,67637,578.0940170940171
7.13723066681996,117,67701,578.6410256410256
7.1377055291086435,117,67765,579.1880341880342
7.137824852019548,117,67829,579.7350427350427
7.1379311149939895,117,67893,580.2820512820513
7.138039967045188,117,67957,580.8290598290598
7.138139119837433,117,68021,581.3760683760684
7.13823350192979,117,68085,581.9230769230769
7.138326654210687,117,68149,582.4700854700855
7.1384349670261145,117,68213,583.017094017094
7.139140225015581,117,68277,583.5641025641025
7.139254877809435,117,68341,584.1111111111111
7.139358330983669,117,68405,584.6581196581196
7.1394666829146445,117,68469,585.2051282051282
7.139562556054443,117,68533,585.7521367521367
7.13965782802552,117,68597,586.2991452991453
7.139757800847292,117,68661,586.8461538461538
7.139853943139315,117,68725,587.3931623931624
7.139950385782868,117,68789,587.9401709401709
7.1400529579259455,117,68853,588.4871794871794
7.140155041124672,117,68917,589.034188034188
7.140253473073244,117,68981,589.5811965811965
7.140350316185504,117,69045,590.1282051282051
7.1404522391967475,117,69109,590.6752136752136
7.140554721001536,117,69173,591.2222222222222
7.140647413209081,117,69237,591.7692307692307
7.141396911814809,117,69301,592.3162393162393
7.14152751583606,117,69365,592.8632478632478
7.14163344912231,117,69429,593.4102564102565
7.141728640999645,117,69493,593.957264957265
7.141828753054142,117,69557,594.5042735042736
7.1419261558912694,117,69621,595.0512820512821
7.142016457859427,117,69685,595.5982905982906
7.142109849955887,117,69749,596.1452991452992
7.1422007428482175,117,69813,596.6923076923077
7.142291774973273,117,69877,597.2393162393163
7.142380047123879,117,69941,597.7863247863248
7.142480549868196,117,70005,598.3333333333334
7.142572562210262,117,70069,598.8803418803419
7.142671254929155,117,70133,599.4273504273505
7.142763927113265,117,70197,599.974358974359
7.142865890171379,117,70261,600.5213675213676
7.144099740777165,117,70325,601.0683760683761
7.144216644112021,117,70389,601.6153846153846
7.144312946125865,117,70453,602.1623931623932
7.144416299182922,117,70517,602.7094017094017
7.14452643180266,117,70581,603.2564102564103
7.144622764084488,117,70645,603.8034188034188
7.144714096095413,117,70709,604.3504273504274
7.144809109158814,117,70773,604.8974358974359
7.14490319089964,117,70837,605.4444444444445
7.144997683819383,117,70901,605.991452991453
7.145086785778403,117,70965,606.5384615384615
7.145177397876978,117,71029,607.0854700854701
7.145267521031201,117,71093,607.6324786324786
7.145357233006507,117,71157,608.1794871794872
7.1454579047858715,117,71221,608.7264957264957
7.145559368189424,117,71285,609.2735042735043
7.145650090184063,117,71349,609.8205128205128
7.145737811923027,117,71413,610.3675213675214
7.145824683830142,117,71477,610.9145299145299
7.145920396782458,117,71541,611.4615384615385
7.146016148850322,117,71605,612.008547008547
7.146109541878104,117,71669,612.5555555555555
7.1462067239917815,117,71733,613.1025641025641
7.146304767113179,117,71797,613.6495726495726
7.146398229058832,117,71861,614.1965811965812
7.14650200214237,117,71925,614.7435897435897
7.14659318421036,117,71989,615.2905982905983
7.146687265951186,117,72053,615.8376068376068
7.146785059012473,117,72117,616.3846153846154
7.146874891128391,117,72181,616.9316239316239
7.146969163790345,117,72245,617.4786324786324
7.147063395939767,117,72309,618.025641025641
7.14837655890733,117,72373,618.5726495726495
7.1484944322146475,117,72437,619.1196581196581
7.148597285151482,117,72501,619.6666666666666
7.148698796983808,117,72565,620.2136752136752
7.1487977700307965,117,72629,620.7606837606837
7.148888181895018,117,72693,621.3076923076923
7.148984774947166,117,72757,621.8547008547008
7.1490714168176055,117,72821,622.4017094017094
7.149158439133316,117,72885,622.9487179487179
7.149253222160041,117,72949,623.4957264957264
7.149350624065846,117,73013,624.042735042735
7.149452346842736,117,73077,624.5897435897435
7.149544679094106,117,73141,625.1367521367522
7.149634751025587,117,73205,625.6837606837607
7.149730624165386,117,73269,626.2307692307693
7.149827556218952,117,73333,626.7777777777778
7.149914247915149,117,73397,627.3247863247864
7.150001069996506,117,73461,627.8717948717949
7.150096503086388,117,73525,628.4188034188035
7.150189524982125,117,73589,628.965811965812
7.150277308188379,117,73653,629.5128205128206
7.150368279777467,117,73717,630.0598290598291
7.150471182074398,117,73781,630.6068376068376
7.1505645350553095,117,73845,631.1538461538462
7.150654137134552,117,73909,631.7008547008547
7.150748000014573,117,73973,632.2478632478633
7.150833551771939,117,74037,632.7948717948718
7.1509271138347685,117,74101,633.3418803418804
7.151012766174972,117,74165,633.8888888888889
7.151108978781849,117,74229,634.4358974358975
7.151195130776614,117,74293,634.982905982906
7.151279932819307,117,74357,635.5299145299145
7.151374745182693,117,74421,636.0769230769231
7.151486128102988,117,74485,636.6239316239316
7.1515858909115195,117,74549,637.1709401709402
7.15167571278289,117,74613,637.7179487179487
7.161225545220077,117,74617,637.7521367521367
7.161225545220077,117,74617,637.7521367521367
7.287846874911338,116,74036,638.2413793103449
7.360945237800479,116,74062,638.4655172413793
7.360945237800479,116,74062,638.4655172413793
7.652410097885877,115,73453,638.7217391304348
7.652410097885877,115,73453,638.7217391304348
7.717775174882263,114,72818,638.7543859649123
7.718183035030961,114,72882,639.3157894736842
7.718311719130725,114,72946,639.8771929824561
7.718451742082834,114,73010,640.438596491228
7.718563645146787,114,73074,641.0
7.718669977970421,114,73138,641.561403508772
7.718779930844903,114,73202,642.1228070175439
7.719279163051397,114,73266,642.6842105263158
7.719397816807032,114,73330,643.2456140350877
7.719535610172898,114,73394,643.8070175438596
7.719645882956684,114,73458,644.3684210526316
7.719759305939078,114,73522,644.9298245614035
7.7198569481261075,114,73586,645.4912280701755
7.719953950960189,114,73650,646.0526315789474
7.720050713047385,114,73714,646.6140350877193
7.720150584820658,114,73778,647.1754385964912
7.720881993882358,114,73842,647.7368421052631
7.721001787111163,114,73906,648.2982456140351
7.72111094975844,114,73970,648.859649122807
7.721213291864842,114,74034,649.421052631579
7.721309115178883,114,74098,649.9824561403509
7.7214079881086946,114,74162,650.5438596491229
7.721529679838568,114,74226,651.1052631578947
7.721631953027099,114,74290,651.6666666666666
7.721731435973197,114,74354,652.2280701754386
7.721839398145676,114,74418,652.7894736842105
7.721941380761564,114,74482,653.3508771929825
7.722043924033642,114,74546,653.9122807017544
7.72214687615633,114,74610,654.4736842105264
7.722246328834444,114,74674,655.0350877192982
7.722353991121054,114,74738,655.5964912280701
7.7224614741280675,114,74802,656.1578947368421
7.723181131761521,114,74866,656.719298245614
7.7233037650585175,114,74930,657.280701754386
7.7234132080338895,114,74994,657.8421052631579
7.723535670898855,114,75058,658.4035087719299
7.723649994004518,114,75122,658.9649122807018
7.723754317034036,114,75186,659.5263157894736
7.723859678953886,114,75250,660.0877192982456
7.72395867202431,114,75314,660.6491228070175
7.72406141506508,114,75378,661.2105263157895
7.724157797172666,114,75442,661.7719298245614
7.7242527599446476,114,75506,662.3333333333334
7.724349182099104,114,75570,662.8947368421053
7.724456855095923,114,75634,663.4561403508771
7.724558547139168,114,75698,664.0175438596491
7.724663999862969,114,75762,664.578947368421
7.7247640821151435,114,75826,665.140350877193
7.725965843070298,114,75890,665.7017543859649
7.726092936005443,114,75954,666.2631578947369
7.726197529118508,114,76018,666.8245614035088
7.726299261208624,114,76082,667.3859649122807
7.726396054029465,114,76146,667.9473684210526
7.72651040693745,114,76210,668.5087719298245
7.726616429165006,114,76274,669.0701754385965
7.726722111925483,114,76338,669.6315789473684
7.726826765108854,114,76402,670.1929824561404
7.726922026835382,114,76466,670.7543859649123
7.7270212499424815,114,76530,671.3157894736842
7.727122361771762,114,76594,671.8771929824561
7.727218114770949,114,76658,672.438596491228
7.727315046824515,114,76722,673.0
7.727419089991599,114,76786,673.561403508772
7.727539263200015,114,76850,674.1228070175439
7.727638135198504,114,76914,674.6842105263158
7.727735088206828,114,76978,675.2456140350877
7.727830329909921,114,77042,675.8070175438596
7.727922021877021,114,77106,676.3684210526316
7.728023504838347,114,77170,676.9298245614035
7.728124857880175,114,77234,677.4912280701755
7.728223150130361,114,77298,678.0526315789474
7.728317603003234,114,77362,678.6140350877193
7.728422014974058,114,77426,679.1754385964912
7.728539708070457,114,77490,679.7368421052631
7.7286418210715055,114,77554,680.2982456140351
7.728738492820412,114,77618,680.859649122807
7.728838466107845,114,77682,681.421052631579
7.728941287845373,114,77746,681.9824561403509
7.729035800788552,114,77810,682.5438596491229
7.729137203190476,114,77874,683.1052631578947
7.730379514861852,114,77938,683.6666666666666
7.730503797996789,114,78002,684.2280701754386
7.730603550095111,114,78066,684.7894736842105
7.7307034828700125,114,78130,685.3508771929825
7.730808374937624,114,78194,685.9122807017544
7.730913097970188,114,78258,686.4736842105264
7.731008631177247,114,78322,687.0350877192982
7.731101762969047,114,78386,687.5964912280701
7.731197204906493,114,78450,688.1578947368421
7.731298968195915,114,78514,688.719298245614
7.73139951005578,114,78578,689.280701754386
7.7315161330625415,114,78642,689.8421052631579
7.731613426003605,114,78706,690.4035087719299
7.731709168758243,114,78770,690.9649122807018
7.731809011194855,114,78834,691.5263157894736
7.731910573784262,114,78898,692.0877192982456
7.732011865824461,114,78962,692.6491228070175
7.732108599040657,114,79026,693.2105263157895
7.732200771104544,114,79090,693.7719298245614
7.732309534214437,114,79154,694.3333333333334
7.73241101577878,114,79218,694.8947368421053
7.732521608937532,114,79282,695.4561403508771
7.73261897219345,114,79346,696.0175438596491
7.732717934064567,114,79410,696.578947368421
7.732818056829274,114,79474,697.140350877193
7.732914248947054,114,79538,697.7017543859649
7.73300562100485,114,79602,698.2631578947369
7.733104844111949,114,79666,698.8245614035088
7.733194746077061,114,79730,699.3859649122807
7.733290058095008,114,79794,699.9473684210526
7.7333845011889935,114,79858,700.5087719298245
7.733497723937035,114,79922,701.0701754385965
7.733603137079626,114,79986,701.6315789473684
7.770839991047978,114,79993,701.6929824561404
7.770839991047978,114,79993,701.6929824561404
7.871264956891537,113,79299,701.7610619469026
7.871264956891537,113,79299,701.7610619469026
7.871552743948996,112,78640,702.1428571428571
7.8983625140972435,112,78661,702.3303571428571
7.8983625140972435,112,78661,702.3303571428571
7.953132621943951,111,77962,702.3603603603603
7.953132621943951,111,77962,702.3603603603603
8.099178204778582,110,77273,702.4818181818182
8.099178204778582,110,77273,702.4818181818182
8.301270668860525,109,76589,702.651376146789
8.301826652139425,109,76653,703.2385321100918
8.30196343595162,109,76717,703.8256880733945
8.302092008758336,109,76781,704.4128440366973
8.302203861996531,109,76845,705.0
8.302315394859761,109,76909,705.5871559633027
8.302443678025156,109,76973,706.1743119266055
8.302555541042238,109,77037,706.7614678899082
8.303026042878628,109,77101,707.348623853211
8.303156426176429,109,77165,707.9357798165138
8.303274348843843,109,77229,708.5229357798165
8.303394392132759,109,77293,709.1100917431193
8.303540465887636,109,77357,709.697247706422
8.303648909088224,109,77421,710.2844036697247
8.30375620117411,109,77485,710.8715596330276
8.303863414097577,109,77549,711.4587155963303
8.304576701950282,109,77613,712.045871559633
8.304700175765902,109,77677,712.6330275229358
8.304811697918922,109,77741,713.2201834862385
8.304912791121751,109,77805,713.8073394495412
8.305018223822117,109,77869,714.394495412844
8.305133406072855,109,77933,714.9816513761468
8.305239698849618,109,77997,715.5688073394496
8.305345572065562,109,78061,716.1559633027523
8.305470215156674,109,78125,716.743119266055
8.305586097761989,109,78189,717.3302752293578
8.305698330979794,109,78253,717.9174311926605
8.305801493115723,109,78317,718.5045871559633
8.305909365881234,109,78381,719.0917431192661
8.306016399059445,109,78445,719.6788990825688
8.306129031814635,109,78509,720.2660550458716
8.306228443980217,109,78573,720.8532110091743
8.306990003213286,109,78637,721.440366972477
8.307111205998808,109,78701,722.0275229357799
8.307227969169617,109,78765,722.6146788990826
8.30734438309446,109,78829,723.2018348623853
8.30746928602457,109,78893,723.7889908256881
8.307590718846768,109,78957,724.3761467889908
8.30770071176812,109,79021,724.9633027522935
8.307813194114715,109,79085,725.5504587155963
8.307921996805817,109,79149,726.1376146788991
8.308035309892148,109,79213,726.7247706422019
8.30813758308068,109,79277,727.3119266055046
8.30823869490996,109,79341,727.8990825688073
8.308336878195405,109,79405,728.4862385321101
8.308448099996895,109,79469,729.0733944954128
8.308561272919178,109,79533,729.6605504587156
8.308666105847806,109,79597,730.2477064220184
8.309919357765466,109,79661,730.8348623853211
8.310040411073714,109,79725,731.4220183486239
8.310146493837237,109,79789,732.0091743119266
8.310250735841691,109,79853,732.5963302752293
8.310355518944561,109,79917,733.183486238532
8.310480512212962,109,79981,733.7706422018349
8.310595384798944,109,80045,734.3577981651376
8.310707808006555,109,80109,734.9449541284404
8.31080838991329,109,80173,735.5321100917431
8.310912122949958,109,80237,736.1192660550458
8.311014445032924,109,80301,736.7064220183486
8.311114928219467,109,80365,737.2935779816514
8.311215021181852,109,80429,737.8807339449542
8.311321733053774,109,80493,738.4678899082569
8.311439885757864,109,80557,739.0550458715596
8.311552628874779,109,80621,739.6422018348624
8.311655532103032,109,80685,740.2293577981651
8.311757093761116,109,80749,740.816513761468
8.311857587192208,109,80813,741.4036697247707
8.311953948810697,109,80877,741.9908256880734
8.312053361907601,109,80941,742.5779816513761
8.312162704765797,109,81005,743.1651376146789
8.31227498780936,109,81069,743.7522935779816
8.312380920164287,109,81133,744.3394495412844
8.31250012293458,109,81197,744.9266055045872
8.312610405962914,109,81261,745.5137614678899
8.312718878965825,109,81325,746.1009174311927
8.31281891092658,109,81389,746.6880733944954
8.312925803940743,109,81453,747.2752293577981
8.313033166807145,109,81517,747.8623853211009
8.313132578972727,109,81581,748.4495412844037
8.313238861970603,109,81645,749.0366972477065
8.314037641976029,109,81709,749.6238532110092
8.314160285051912,109,81773,750.2110091743119
8.314266347792,109,81837,750.7981651376147
8.314383041113615,109,81901,751.3853211009174
8.314498274121433,109,81965,751.9724770642201
8.314612437039614,109,82029,752.559633027523
8.31471318891272,109,82093,753.1467889908257
8.314815571997315,109,82157,753.7339449541284
8.314917863812298,109,82221,754.3211009174312
8.31502768676728,109,82285,754.9082568807339
8.315128089860082,109,82349,755.4954128440367
8.315236371941864,109,82413,756.0825688073395
8.31534503493458,109,82477,756.6697247706422
8.315451608039439,109,82541,757.256880733945
8.315557160880417,109,82605,757.8440366972477
8.315658083185554,109,82669,758.4311926605504
8.315767196007073,109,82733,759.0183486238532
8.315869788173586,109,82797,759.605504587156
8.315982562024146,109,82861,760.1926605504588
8.316091043874621,109,82925,760.7798165137615
8.316191947087646,109,82989,761.3669724770642
8.316293909214437,109,83053,761.954128440367
8.31640075193718,109,83117,762.5412844036697
8.316520565189421,109,83181,763.1284403669724
8.31662101810798,109,83245,763.7155963302753
8.316724179778248,109,83309,764.302752293578
8.31682225316763,109,83373,764.8899082568807
8.316926714964211,109,83437,765.4770642201835
8.317034287843853,109,83438,765.4862385321101
8.317034287843853,109,83438,765.4862385321101
8.327135044150054,108,82672,765.4814814814815
8.327135044150054,108,82672,765.4814814814815
8.454673468135297,107,81963,766.0093457943925
8.693058300763369,107,82007,766.4205607476636
8.693058300763369,107,82007,766.4205607476636
8.88673570100218,106,81258,766.5849056603773
8.886975218076259,106,81322,767.188679245283
8.88710479112342,106,81386,767.7924528301887
8.887232514098287,106,81450,768.3962264150944
8.887536571826786,106,81514,769.0
8.887664314825088,106,81578,769.6037735849056
8.887788128107786,106,81642,770.2075471698113
8.887901191134006,106,81706,770.811320754717
8.88800917379558,106,81770,771.4150943396227
8.888128987047821,106,81834,772.0188679245283
8.88824807992205,106,81898,772.622641509434
8.888376253191382,106,81962,773.2264150943396
8.888494606129825,106,82026,773.8301886792453
8.88860369892791,106,82090,774.433962264151
8.888709851074964,106,82154,775.0377358490566
8.8888247651048,106,82218,775.6415094339623
8.889250964857638,106,82282,776.2452830188679
8.889385448768735,106,82346,776.8490566037735
8.88952778186649,106,82410,777.4528301886793
8.88964488497004,106,82474,778.0566037735849
8.88975322805345,106,82538,778.6603773584906
8.889860910829157,106,82602,779.2641509433962
8.889977113809437,106,82666,779.8679245283018
8.890087597072124,106,82730,780.4716981132076
8.890199779067189,106,82794,781.0754716981132
8.89031665213406,106,82858,781.6792452830189
8.890440285205841,106,82922,782.2830188679245
8.890562678221613,106,82986,782.8867924528302
8.890677211806178,106,83050,783.4905660377359
8.890784503892064,106,83114,784.0943396226415
8.890900626778603,106,83178,784.6981132075472
8.89100647997111,106,83242,785.3018867924528
8.891311436891556,106,83306,785.9056603773585
8.891444590874016,106,83370,786.5094339622641
8.89157241396606,106,83434,787.1132075471698
8.891691836994141,106,83498,787.7169811320755
8.891800850164145,106,83562,788.3207547169811
8.891919442918152,106,83626,788.9245283018868
8.892034266144037,106,83690,789.5283018867924
8.892150279134512,106,83754,790.1320754716982
8.8922672518529,106,83818,790.7358490566038
8.892380345147103,106,83882,791.3396226415094
8.892495098058134,106,83946,791.9433962264151
8.892605000175536,106,84010,792.5471698113207
8.892711223103106,106,84074,793.1509433962265
8.892817745916545,106,84138,793.7547169811321
8.89293154887855,106,84202,794.3584905660377
8.893392200116068,106,84266,794.9622641509434
8.893538023810834,106,84330,795.566037735849
8.89365759678185,106,84394,796.1698113207547
8.893781430087984,106,84458,796.7735849056604
8.893891592975706,106,84522,797.377358490566
8.894005096051842,106,84586,797.9811320754717
8.894118858966976,106,84650,798.5849056603773
8.894231751095504,106,84714,799.188679245283
8.894343505147845,106,84778,799.7924528301887
8.894459256902337,106,84842,800.3962264150944
8.894573769997805,106,84906,801.0
8.894683822989464,106,84970,801.6037735849056
8.894804765935987,106,85034,802.2075471698113
8.89491292880848,106,85098,802.811320754717
8.895025571808219,106,85162,803.4150943396227
8.895136553794146,106,85226,804.0188679245283
8.895247057080269,106,85290,804.622641509434
8.896208952181041,106,85354,805.2264150943396
8.896333954762667,106,85418,805.8301886792453
8.896457938011736,106,85482,806.433962264151
8.896569760981947,106,85546,807.0377358490566
8.896685963962227,106,85610,807.6415094339623
8.896805076859891,106,85674,808.2452830188679
8.896944529842585,106,85738,808.8490566037735
8.897058852948248,106,85802,809.4528301886793
8.897177735809237,106,85866,810.0566037735849
8.897289629094303,106,85930,810.6603773584906
8.89740066183731,106,85994,811.2641509433962
8.897518754936755,106,86058,811.8679245283018
8.897634798195213,106,86122,812.4716981132076
8.897747980896384,106,86186,813.0754716981132
8.897852783091366,106,86250,813.6792452830189
8.89796429593116,106,86314,814.2830188679245
8.89816816104576,106,86378,814.8867924528302
8.898343516048044,106,86442,815.4905660377359
8.89847047906369,106,86506,816.0943396226415
8.898592021781951,106,86570,816.6981132075472
8.898706454783678,106,86634,817.3018867924528
8.898816008120775,106,86698,817.9056603773585
8.898924640845507,106,86762,818.5094339622641
8.899035103153437,106,86826,819.1132075471698
8.899152325931937,106,86890,819.7169811320755
8.89925742894411,106,86954,820.3207547169811
8.899371231906116,106,87018,820.9245283018868
8.899492735043168,106,87082,821.5283018867924
8.899608707986772,106,87146,822.1320754716982
8.899710300844163,106,87210,822.7358490566038
8.899815413169563,106,87274,823.3396226415094
8.899915985763073,106,87338,823.9433962264151
8.900027357973158,106,87402,824.5471698113207
8.900132530834526,106,87466,825.1509433962265
8.90038785804063,106,87530,825.7547169811321
8.900527440942824,106,87594,826.3584905660377
8.900644823908806,106,87658,826.9622641509434
8.900748047046363,106,87722,827.566037735849
8.900856979191303,106,87786,828.1698113207547
8.900960281956941,106,87850,828.7735849056604
8.901071764994413,106,87914,829.377358490566
8.958988532889634,106,87923,829.4622641509434
8.958988532889634,106,87923,829.4622641509434
9.041107364930212,105,87145,829.952380952381
9.105907848104835,105,87170,830.1904761904761
9.105907848104835,105,87170,830.1904761904761
9.409151406027377,104,86370,830.4807692307693
9.409151406027377,104,86370,830.4807692307693
9.418134544044733,103,85538,830.4660194174758
9.418134544044733,103,85538,830.4660194174758
9.474035371094942,102,84710,830.4901960784314
9.47425839677453,102,84774,831.1176470588235
9.474401399958879,102,84838,831.7450980392157
9.474715528078377,102,84902,832.3725490196078
9.474843602161855,102,84966,833.0
9.474967354908586,102,85030,833.6274509803922
9.475098947994411,102,85094,834.2549019607843
9.475221770815551,102,85158,834.8823529411765
9.47533645387739,102,85222,835.5098039215686
9.47547559812665,102,85286,836.1372549019608
9.475606210995466,102,85350,836.7647058823529
9.475736754015088,102,85414,837.3921568627451
9.475851137191057,102,85478,838.0196078431372
9.47596911014989,102,85542,838.6470588235294
9.476085552945733,102,85606,839.2745098039215
9.4762041461654,102,85670,839.9019607843137
9.47665081685409,102,85734,840.5294117647059
9.47679565101862,102,85798,841.156862745098
9.476922374218702,102,85862,841.7843137254902
9.477042596787214,102,85926,842.4117647058823
9.477159230038524,102,85990,843.0392156862745
9.477285113185644,102,86054,843.6666666666666
9.477400096133351,102,86118,844.2941176470588
9.477546480018646,102,86182,844.9215686274509
9.477668893057853,102,86246,845.5490196078431
9.47779279621318,102,86310,846.1764705882352
9.47791213914752,102,86374,846.8039215686274
9.478031582199037,102,86438,847.4313725490196
9.478151654824615,102,86502,848.0588235294117
9.478265298064798,102,86566,848.6862745098039
9.478388140909374,102,86630,849.3137254901961
9.478509713895619,102,86694,849.9411764705883
9.47881712205708,102,86758,850.5686274509804
9.478942485060543,102,86822,851.1960784313726
9.479070499073714,102,86886,851.8235294117648
9.479193142149597,102,86950,852.4509803921569
9.479306454770267,102,87014,853.0784313725491
9.479442507959902,102,87078,853.7058823529412
9.47957192081958,102,87142,854.3333333333334
9.479695285204798,102,87206,854.9607843137255
9.479818036779761,102,87270,855.5882352941177
9.479938031174242,102,87334,856.2156862745098
9.480049543082714,102,87398,856.843137254902
9.480160566046834,102,87462,857.4705882352941
9.48026939900592,102,87526,858.0980392156863
9.480377561878413,102,87590,858.7254901960785
9.480897705070674,102,87654,859.3529411764706
9.481028087902814,102,87718,859.9803921568628
9.48115706210956,102,87782,860.6078431372549
9.48127371398732,102,87846,861.2352941176471
9.481389007996768,102,87910,861.8627450980392
9.481514080893248,102,87974,862.4901960784314
9.481633943971246,102,88038,863.1176470588235
9.481757606845349,102,88102,863.7450980392157
9.48187814000994,102,88166,864.3725490196078
9.48199744289741,102,88230,865.0
9.482105645816773,102,88294,865.6274509803922
9.482219009194523,102,88358,866.2549019607843
9.482332121115178,102,88422,866.8823529411765
9.482469365000725,102,88486,867.5098039215686
9.48258719779551,102,88550,868.1372549019608
9.482710901182145,102,88614,868.7647058823529
9.482828114181757,102,88678,869.3921568627451
9.48294421704486,102,88742,870.0196078431372
9.484004423953593,102,88806,870.6470588235294
9.484138006810099,102,88870,871.2745098039215
9.484252919908613,102,88934,871.9019607843137
9.484374193008989,102,88998,872.5294117647059
9.48450700705871,102,89062,873.156862745098
9.484632090199739,102,89126,873.7843137254902
9.484756202902645,102,89190,874.4117647058823
9.484874365851283,102,89254,875.0392156862745
9.484992139041424,102,89318,875.6666666666666
9.48510797182098,102,89382,876.2941176470588
9.485226504970342,102,89446,876.9215686274509
9.485353778116405,102,89510,877.5490196078431
9.485491600818932,102,89574,878.1764705882352
9.485607954207808,102,89638,878.8039215686274
9.485727056860924,102,89702,879.4313725490196
9.485847640782595,102,89766,880.0588235294117
9.485964483115822,102,89830,880.6862745098039
9.486080025788397,102,89894,881.3137254901961
9.48620343906805,102,89958,881.9411764705883
9.486322212964296,102,90022,882.5686274509804
9.486452505923808,102,90086,883.1960784313726
9.486572188790888,102,90150,883.8235294117648
9.486688712146133,102,90214,884.4509803921569
9.48680560477078,102,90278,885.0784313725491
9.486916568130255,102,90342,885.7058823529412
9.487035380210727,102,90406,886.3333333333334
9.487147402949631,102,90470,886.9607843137255
9.487266645766795,102,90534,887.5882352941177
9.487383288796991,102,90598,888.2156862745098
9.487522283103317,102,90662,888.843137254902
9.487640146166086,102,90726,889.4705882352941
9.487748968880624,102,90790,890.0980392156863
9.487868252210319,102,90854,890.7254901960785
9.487978224176913,102,90918,891.3529411764706
9.488103698007762,102,90982,891.9803921568628
9.488222390878946,102,91046,892.6078431372549
9.488327463157475,102,91110,893.2352941176471
9.51923056691885,102,91116,893.2941176470588
9.51923056691885,102,91116,893.2941176470588
9.629586753901094,101,90277,893.8316831683169
9.795930812135339,101,90313,894.1881188118812
9.795930812135339,101,90313,894.1881188118812
9.961516129784286,100,89434,894.34
9.961516129784286,100,89434,894.34
10.063023952767253,99,88547,894.4141414141415
10.063257568981498,99,88611,895.060606060606
10.063403623178601,99,88675,895.7070707070707
10.063790862914175,99,88739,896.3535353535353
10.06392801599577,99,88803,897.0
10.064051879104227,99,88867,897.6464646464647
10.064184602815658,99,88931,898.2929292929293
10.064304726198316,99,88995,898.939393939394
10.064439048990607,99,89059,899.5858585858585
10.064571693073958,99,89123,900.2323232323232
10.064702256117016,99,89187,900.8787878787879
10.064832308795303,99,89251,901.5252525252525
10.064963651821017,99,89315,902.1717171717172
10.06508086482063,99,89379,902.8181818181819
10.065197187941521,99,89443,903.4646464646464
10.065317480824888,99,89507,904.1111111111111
10.066005168948323,99,89571,904.7575757575758
10.066156533081084,99,89635,905.4040404040404
10.066285315901041,99,89699,906.0505050505051
10.066410158760846,99,89763,906.6969696969697
10.066548292990774,99,89827,907.3434343434343
10.066681106109172,99,89891,907.989898989899
10.066804208792746,99,89955,908.6363636363636
10.066937502007931,99,90019,909.2828282828283
10.067063185852021,99,90083,909.929292929293
10.067192588932812,99,90147,910.5757575757576
10.067319491878152,99,90211,911.2222222222222
10.067458325996995,99,90275,911.8686868686868
10.067580368835479,99,90339,912.5151515151515
10.067700461950153,99,90403,913.1616161616162
10.067830504849553,99,90467,913.8080808080808
10.06794595811516,99,90531,914.4545454545455
10.068066331092268,99,90595,915.10101010101
10.068186063785106,99,90659,915.7474747474747
10.06831137696281,99,90723,916.3939393939394
10.068449690937996,99,90787,917.040404040404
10.068574823904783,99,90851,917.6868686868687
10.068703956902027,99,90915,918.3333333333334
10.069022784940898,99,90979,918.979797979798
10.069163288921118,99,91043,919.6262626262626
10.069286971818656,99,91107,920.2727272727273
10.069415094796568,99,91171,920.9191919191919
10.069564159028232,99,91235,921.5656565656566
10.069686811883003,99,91299,922.2121212121212
10.06980166491121,99,91363,922.8585858585859
10.069917898159474,99,91427,923.5050505050505
10.070040750782937,99,91491,924.1515151515151
10.070167183876038,99,91555,924.7979797979798
10.071140998974442,99,91619,925.4444444444445
10.07129310304299,99,91683,926.0909090909091
10.07142131589353,99,91747,926.7373737373738
10.071557679213583,99,91811,927.3838383838383
10.071677661966532,99,91875,928.030303030303
10.071805416140705,99,91939,928.6767676767677
10.071929628960788,99,92003,929.3232323232323
10.072055682074279,99,92067,929.969696969697
10.072171395178884,99,92131,930.6161616161617
10.072294298093766,99,92195,931.2626262626262
10.072416181210428,99,92259,931.9090909090909
10.072557785082608,99,92323,932.5555555555555
10.072678737808019,99,92387,933.2020202020202
10.072801680769771,99,92451,933.8484848484849
10.072925894055516,99,92515,934.4949494949495
10.073046126868576,99,92579,935.1414141414141
10.073161089792848,99,92643,935.7878787878788
10.073286414146423,99,92707,936.4343434343434
10.073402435984462,99,92771,937.0808080808081
10.073536430019885,99,92835,937.7272727272727
10.073665323201567,99,92899,938.3737373737374
10.073789605870843,99,92963,939.020202020202
10.073903788812459,99,93027,939.6666666666666
10.074028762057424,99,93091,940.3131313131313
10.074141445104033,99,93155,940.959595959596
10.074264327995479,99,93219,941.6060606060606
10.074387981090695,99,93283,942.2525252525253
10.074525814969093,99,93347,942.89898989899
10.074642437975854,99,93411,943.5454545454545
10.07475666096434,99,93475,944.1919191919192
10.074877393897623,99,93539,944.8383838383838
10.075000506825745,99,93603,945.4848484848485
10.075566770974547,99,93667,946.1313131313132
10.075701435096562,99,93731,946.7777777777778
10.075833668000996,99,93795,947.4242424242424
10.075967221986502,99,93859,948.070707070707
10.076091974042356,99,93923,948.7171717171717
10.076216327957809,99,93987,949.3636363636364
10.076336450874805,99,94051,950.010101010101
10.076468224171549,99,94115,950.6565656565657
10.07659749686718,99,94179,951.3030303030303
10.07671518996358,99,94243,951.9494949494949
10.076828753110021,99,94307,952.5959595959596
10.07695056591183,99,94371,953.2424242424242
10.077063268981874,99,94435,953.8888888888889
10.077174602076411,99,94499,954.5353535353536
10.077296785078943,99,94563,955.1818181818181
10.077409888152033,99,94627,955.8282828282828
10.077537081204355,99,94691,956.4747474747475
10.07766298390925,99,94755,957.1212121212121
10.127007194794714,99,94763,957.2020202020202
10.127007194794714,99,94763,957.2020202020202
10.145436102990061,98,93804,957.1836734693877
10.145436102990061,98,93804,957.1836734693877
10.191546862013638,97,92848,957.1958762886597
10.191546862013638,97,92848,957.1958762886597
10.218831842765212,96,91936,957.6666666666666
10.366152357775718,96,91970,958.0208333333334
10.366152357775718,96,91970,958.0208333333334
10.53200184321031,95,91027,958.1789473684211
10.53200184321031,95,91027,958.1789473684211
10.651491742115468,94,90078,958.2765957446809
10.651722807902843,94,90142,958.9574468085107
10.651876701973379,94,90206,959.6382978723404
10.65225384104997,94,90270,960.3191489361702
10.65240342495963,94,90334,961.0
10.652554389089346,94,90398,961.6808510638298
10.652698153164238,94,90462,962.3617021276596
10.652830276172608,94,90526,963.0425531914893
10.652956459205598,94,90590,963.7234042553191
10.653092092834413,94,90654,964.4042553191489
10.653227346017957,94,90718,965.0851063829788
10.653361129108816,94,90782,965.7659574468086
10.65350832277909,94,90846,966.4468085106383
10.65363566717133,94,90910,967.1276595744681
10.653763549868017,94,90974,967.8085106382979
10.653890112880617,94,91038,968.4893617021277
10.654619492124766,94,91102,969.1702127659574
10.654776756186038,94,91166,969.8510638297872
10.654911718796939,94,91230,970.531914893617
10.655039242003113,94,91294,971.2127659574468
10.65517545491457,94,91358,971.8936170212766
10.655312018934637,94,91422,972.5744680851063
10.655454692896456,94,91486,973.2553191489362
10.655595866031945,94,91550,973.936170212766
10.655727140139788,94,91614,974.6170212765958
10.655863952822983,94,91678,975.2978723404256
10.655993596184999,94,91742,975.9787234042553
10.656122849788517,94,91806,976.6595744680851
10.656243341974914,94,91870,977.3404255319149
10.656366815790534,94,91934,978.0212765957447
10.65651739994064,94,91998,978.7021276595744
10.65663817198947,94,92062,979.3829787234042
10.65676241600886,94,92126,980.063829787234
10.656887519173324,94,92190,980.7446808510638
10.65701881190762,94,92254,981.4255319148937
10.657148704864085,94,92318,982.1063829787234
10.65728187886998,94,92382,982.7872340425532
10.657407771795988,94,92446,983.468085106383
10.657749470788985,94,92510,984.1489361702128
10.65789686376229,94,92574,984.8297872340426
10.658027748111635,94,92638,985.5106382978723
10.658162821084261,94,92702,986.1914893617021
10.658296084962785,94,92766,986.8723404255319
10.658419767860323,94,92830,987.5531914893617
10.658551030792296,94,92894,988.2340425531914
10.658676533959806,94,92958,988.9148936170212
10.65880249813199,94,93022,989.5957446808511
10.658931580837816,94,93086,990.2765957446809
10.660260343924165,94,93150,990.9574468085107
10.660406928043813,94,93214,991.6382978723404
10.660567781887949,94,93278,992.3191489361702
10.660697165876627,94,93342,993.0
10.660832178778946,94,93406,993.6808510638298
10.660964962095022,94,93470,994.3617021276596
10.661096236202866,94,93534,995.0425531914893
10.661231349222362,94,93598,995.7234042553191
10.661352152004838,94,93662,996.4042553191489
10.661493375897408,94,93726,997.0851063829788
10.661626368761063,94,93790,997.7659574468086
10.661764272954315,94,93854,998.4468085106383
10.661891466006637,94,93918,999.1276595744681
10.66202416876331,94,93982,999.8085106382979
10.662152272183448,94,94046,1000.4893617021277
10.662277656141669,94,94110,1001.1702127659574
10.662397978827357,94,94174,1001.8510638297872
10.662530072033405,94,94238,1002.531914893617
10.662667255848646,94,94302,1003.2127659574468
10.662792419083416,94,94366,1003.8936170212766
10.662921141833067,94,94430,1004.5744680851063
10.663052164949477,94,94494,1005.2553191489362
10.663173337932676,94,94558,1005.936170212766
10.663295940961689,94,94622,1006.6170212765958
10.663437745068222,94,94686,1007.2978723404256
10.663567917887121,94,94750,1007.9787234042553
10.663702012039721,94,94814,1008.6595744680851
10.663833804894239,94,94878,1009.3404255319149
10.663964278064668,94,94942,1010.0212765957447
10.664082651026547,94,95006,1010.7021276595744
10.664201314095408,94,95070,1011.3829787234042
10.664327918086201,94,95134,1012.063829787234
10.664469490759075,94,95198,1012.7446808510638
10.664597043767571,94,95262,1013.4255319148937
10.664731828030199,94,95326,1014.1063829787234
10.664861640892923,94,95390,1014.7872340425532
10.664989294018596,94,95454,1015.468085106383
10.66511464677751,94,95518,1016.1489361702128
10.665237550158054,94,95582,1016.8297872340426
10.665367113891989,94,95646,1017.5106382978723
10.665494756773114,94,95710,1018.1914893617021
10.665827445220202,94,95774,1018.8723404255319
10.665959189180285,94,95838,1019.5531914893617
10.666081071831286,94,95902,1020.2340425531914
10.666214315220714,94,95966,1020.9148936170212
10.809013326186687,94,96030,1021.5957446808511
11.10647309711203,94,96080,1022.1276595744681
11.10647309711203,94,96080,1022.1276595744681
11.245053379796445,93,95069,1022.247311827957
11.245311306789517,93,95133,1022.9354838709677
11.245505251921713,93,95197,1023.6236559139785
11.245660284999758,93,95261,1024.3118279569892
11.245950913056731,93,95325,1025.0
11.246100526768714,93,95389,1025.6881720430108
11.246248430106789,93,95453,1026.3763440860216
11.246381164062768,93,95517,1027.0645161290322
11.246528347022831,93,95581,1027.752688172043
11.246674401219934,93,95645,1028.4408602150538
11.246811455115676,93,95709,1029.1290322580646
11.246948948130012,93,95773,1029.8172043010752
11.247092091944069,93,95837,1030.505376344086
11.24722264520824,93,95901,1031.1935483870968
11.247350397985429,93,95965,1031.8817204301076
11.247493161819875,93,96029,1032.5698924731182
11.247961154207587,93,96093,1033.258064516129
11.24811704782769,93,96157,1033.9462365591398
11.248254841193557,93,96221,1034.6344086021506
11.2483875551261,93,96285,1035.3225806451612
11.248545988928527,93,96349,1036.010752688172
11.248687401879579,93,96413,1036.6989247311828
11.248820126056671,93,96477,1037.3870967741937
11.248965188860893,93,96541,1038.0752688172042
11.249102793168277,93,96605,1038.763440860215
11.249239775817841,93,96669,1039.4516129032259
11.249376819934696,93,96733,1040.1397849462367
11.24952583387494,93,96797,1040.8279569892472
11.249659847002476,93,96861,1041.516129032258
11.24979285011068,93,96925,1042.2043010752689
11.249937093816698,93,96989,1042.8924731182797
11.25006453692913,93,97053,1043.5806451612902
11.250194420106709,93,97117,1044.268817204301
11.250325114000589,93,97181,1044.9569892473119
11.250472798012197,93,97245,1045.6451612903227
11.250613080803305,93,97309,1046.3333333333333
11.250753975007683,93,97373,1047.021505376344
11.250887747853994,93,97437,1047.7096774193549
11.251031601801515,93,97501,1048.3978494623657
11.251181816216558,93,97565,1049.0860215053763
11.251314109191298,93,97629,1049.774193548387
11.251653087791055,93,97693,1050.4623655913979
11.251794591080397,93,97757,1051.1505376344087
11.251920244190842,93,97821,1051.8387096774193
11.25204332685098,93,97885,1052.52688172043
11.252183300908655,93,97949,1053.215053763441
11.252309394069016,93,98013,1053.9032258064517
11.252455587964505,93,98077,1054.5913978494623
11.253576785791665,93,98141,1055.279569892473
11.253733580000699,93,98205,1055.967741935484
11.253881994169205,93,98269,1056.6559139784947
11.254016276914626,93,98333,1057.3440860215053
11.254156201146543,93,98397,1058.032258064516
11.254294754005969,93,98461,1058.720430107527
11.25444106804207,93,98525,1059.4086021505377
11.254585411865264,93,98589,1060.0967741935483
11.254720895085484,93,98653,1060.784946236559
11.254858078900725,93,98717,1061.47311827957
11.25499154208228,93,98781,1062.1612903225807
11.255137045867741,93,98845,1062.8494623655913
11.255268989130855,93,98909,1063.5376344086021
11.255404531955719,93,98973,1064.225806451613
11.255551625974476,93,99037,1064.9139784946237
11.255681769922376,93,99101,1065.6021505376343
11.255812583025545,93,99165,1066.2903225806451
11.255938225891441,93,99229,1066.978494623656
11.256065639201552,93,99293,1067.6666666666667
11.256208043079823,93,99357,1068.3548387096773
11.256334805861115,93,99421,1069.0430107526881
11.256478449795395,93,99485,1069.731182795699
11.256620952859521,93,99549,1070.4193548387098
11.256745966151357,93,99613,1071.1075268817203
11.256873869802803,93,99677,1071.7956989247311
11.257013053167611,93,99741,1072.483870967742
11.257150766905397,93,99805,1073.1720430107528
11.257285240106285,93,99869,1073.8602150537633
11.257432884071022,93,99933,1074.5483870967741
11.257562667131424,93,99997,1075.236559139785
11.257687049917877,93,100061,1075.9247311827958
11.257819074206054,93,100125,1076.6129032258063
11.257956657093018,93,100189,1077.3010752688172
11.258097610902041,93,100253,1077.989247311828
11.258232533931732,93,100317,1078.6774193548388
11.25836442783475,93,100381,1079.3655913978494
11.258505241014063,93,100445,1080.0537634408602
11.258641545195132,93,100509,1080.741935483871
11.258776667993516,93,100573,1081.4301075268818
11.258904831018299,93,100637,1082.1182795698924
11.259040644858032,93,100701,1082.8064516129032
11.25916135776788,93,100765,1083.494623655914
11.259283291175961,93,100829,1084.1827956989248
11.259416194166988,93,100893,1084.8709677419354
11.402075360994786,93,100957,1085.5591397849462
11.458126781973988,93,100981,1085.8172043010752
11.458126781973988,93,100981,1085.8172043010752
11.486351606901735,92,99895,1085.8152173913043
11.486351606901735,92,99895,1085.8152173913043
11.837149270810187,91,98843,1086.1868131868132
11.83749268995598,91,98907,1086.89010989011
11.837670223787427,91,98971,1087.5934065934066
11.837827277835459,91,99035,1088.2967032967033
11.837978121824563,91,99099,1089.0
11.838256348855793,91,99163,1089.7032967032967
11.838430102914572,91,99227,1090.4065934065934
11.838575516827404,91,99291,1091.10989010989
11.838713050819933,91,99355,1091.8131868131868
11.838860963936895,91,99419,1092.5164835164835
11.839005067944527,91,99483,1093.2197802197802
11.839149502106011,91,99547,1093.923076923077
11.839297695085406,91,99611,1094.6263736263736
11.83944403892383,91,99675,1095.3296703296703
11.839583293069154,91,99739,1096.032967032967
11.839729045983404,91,99803,1096.7362637362637
11.840513155795634,91,99867,1097.4395604395604
11.840679910033941,91,99931,1098.142857142857
11.840826814062893,91,99995,1098.8461538461538
11.840965867973864,91,100059,1099.5494505494505
11.841114670969546,91,100123,1100.2527472527472
11.841265054885298,91,100187,1100.956043956044
11.841403598897159,91,100251,1101.6593406593406
11.841569962911308,91,100315,1102.3626373626373
11.841713067144156,91,100379,1103.065934065934
11.841857790015638,91,100443,1103.7692307692307
11.841997024137527,91,100507,1104.4725274725274
11.842143706977367,91,100571,1105.1758241758241
11.8422788111493,91,100635,1105.8791208791208
11.842415754217654,91,100699,1106.5824175824175
11.842578498180956,91,100763,1107.2857142857142
11.842709782067686,91,100827,1107.989010989011
11.842843795195222,91,100891,1108.6923076923076
11.84299542894587,91,100955,1109.3956043956043
11.843142183031887,91,101019,1110.098901098901
11.843282056041062,91,101083,1110.8021978021977
11.84343427978456,91,101147,1111.5054945054944
11.843571314122528,91,101211,1112.2087912087911
11.843719058204442,91,101275,1112.9120879120878
11.843868590891361,91,101339,1113.6153846153845
11.844010984990746,91,101403,1114.3186813186812
11.844152108766139,91,101467,1115.021978021978
11.844287862069905,91,101531,1115.7252747252746
11.844420704990625,91,101595,1116.4285714285713
11.844569468870759,91,101659,1117.131868131868
11.8447276330553,91,101723,1117.8351648351647
11.844871256966144,91,101787,1118.5384615384614
11.845016709994525,91,101851,1119.2417582417581
11.846236831042916,91,101915,1119.9450549450548
11.846391635015607,91,101979,1120.6483516483515
11.846550848800689,91,102043,1121.3516483516485
11.846706572920084,91,102107,1122.0549450549452
11.84684377675876,91,102171,1122.7582417582419
11.846990500111133,91,102235,1123.4615384615386
11.847132494207472,91,102299,1124.1648351648353
11.847278037108481,91,102363,1124.868131868132
11.847436401993036,91,102427,1125.5714285714287
11.847580775152892,91,102491,1126.2747252747254
11.847718539182097,91,102555,1126.978021978022
11.84785213181749,91,102619,1127.6813186813188
11.848002166021615,91,102683,1128.3846153846155
11.848141038790345,91,102747,1129.0879120879122
11.84828453278169,91,102811,1129.7912087912089
11.848433726932853,91,102875,1130.4945054945056
11.848572281189263,91,102939,1131.1978021978023
11.84870288381353,91,103003,1131.901098901099
11.848845147062093,91,103067,1132.6043956043957
11.848985841032118,91,103131,1133.3076923076924
11.849122773855925,91,103195,1134.010989010989
11.849260177928954,91,103259,1134.7142857142858
11.849405361805111,91,103323,1135.4175824175825
11.849554334767163,91,103387,1136.1208791208792
11.849688388872892,91,103451,1136.8241758241759
11.849829591810703,91,103515,1137.5274725274726
11.849972206167877,91,103579,1138.2307692307693
11.850112239830196,91,103643,1138.934065934066
11.850251062773168,91,103707,1139.6373626373627
11.850378865841776,91,103771,1140.3406593406594
11.850516339763999,91,103835,1141.043956043956
11.850659622810781,91,103899,1141.7472527472528
11.850801777094603,91,103963,1142.4505494505495
11.850950851105154,91,104027,1143.1538461538462
11.851091504096985,91,104091,1143.857142857143
11.851225637830794,91,104155,1144.5604395604396
11.85136538092047,91,104219,1145.2637362637363
11.851507015060633,91,104283,1145.967032967033
11.851650188211352,91,104347,1146.6703296703297
11.851779322139919,91,104411,1147.3736263736264
11.851907894946635,91,104475,1148.076923076923
11.852052908856422,91,104539,1148.7802197802198
11.911695281043649,91,104548,1148.8791208791208
11.911695281043649,91,104548,1148.8791208791208
11.994743436109275,90,103450,1149.4444444444443
12.032204805873334,90,103472,1149.6888888888889
12.032204805873334,90,103472,1149.6888888888889
12.041489300783724,89,102320,1149.6629213483145
12.041489300783724,89,102320,1149.6629213483145
12.069369387812912,88,101170,1149.659090909091
12.069369387812912,88,101170,1149.659090909091
12.429061486851424,87,100055,1150.057471264368
12.429334973916411,87,100119,1150.7931034482758
12.429551208857447,87,100183,1151.528735632184
12.429867207072675,87,100247,1152.2643678160919
12.430029540788382,87,100311,1153.0
12.430184605065733,87,100375,1153.7356321839081
12.430344158783555,87,100439,1154.471264367816
12.430503853131086,87,100503,1155.2068965517242
12.430651667062193,87,100567,1155.942528735632
12.430804430972785,87,100631,1156.6781609195402
12.430955775082111,87,100695,1157.4137931034484
12.431108458898962,87,100759,1158.1494252873563
12.431267202831805,87,100823,1158.8850574712644
12.431404686067253,87,100887,1159.6206896551723
12.431553639937192,87,100951,1160.3563218390805
12.43170162383467,87,101015,1161.0919540229886
12.432369001209736,87,101079,1161.8275862068965
12.432556846179068,87,101143,1162.5632183908046
12.43271617917344,87,101207,1163.2988505747126
12.432875154074281,87,101271,1164.0344827586207
12.433022046927363,87,101335,1164.7701149425288
12.433176510967314,87,101399,1165.5057471264367
12.433321285061538,87,101463,1166.2413793103449
12.433487998787314,87,101527,1166.9770114942528
12.43364473292604,87,101591,1167.712643678161
12.43379767704755,87,101655,1168.448275862069
12.433937250170857,87,101719,1169.183908045977
12.434087773784995,87,101783,1169.9195402298851
12.43422591779381,87,101847,1170.655172413793
12.43436836078763,87,101911,1171.3908045977012
12.43453919608146,87,101975,1172.1264367816093
12.434679308906198,87,102039,1172.8620689655172
12.434821332804859,87,102103,1173.5977011494253
12.434976236894727,87,102167,1174.3333333333333
12.4351292909123,87,102231,1175.0689655172414
12.435273673851043,87,102295,1175.8045977011495
12.435436198022217,87,102359,1176.5402298850574
12.435599931981415,87,102423,1177.2758620689656
12.435745895840228,87,102487,1178.0114942528735
12.435894770082086,87,102551,1178.7471264367816
12.436043393798172,87,102615,1179.4827586206898
12.436194207984954,87,102679,1180.2183908045977
12.436336590908468,87,102743,1180.9540229885058
12.436488055158406,87,102807,1181.6896551724137
12.436794832814485,87,102871,1182.4252873563219
12.436951926909387,87,102935,1183.16091954023
12.437096861191094,87,102999,1183.896551724138
12.437247774098068,87,103063,1184.632183908046
12.438339012209326,87,103127,1185.367816091954
12.438514117151499,87,103191,1186.103448275862
12.438676240853965,87,103255,1186.83908045977
12.438817843794823,87,103319,1187.5747126436781
12.438968477770686,87,103383,1188.3103448275863
12.439120192080736,87,103447,1189.0459770114942
12.439270386006683,87,103511,1189.7816091954023
12.439421580173075,87,103575,1190.5172413793102
12.439613514114171,87,103639,1191.2528735632184
12.439762347843498,87,103703,1191.9885057471265
12.439903771970421,87,103767,1192.7241379310344
12.440062555950135,87,103831,1193.4597701149426
12.440216059796512,87,103895,1194.1954022988505
12.440363863948733,87,103959,1194.9310344827586
12.440522336866707,87,104023,1195.6666666666667
12.440673151053488,87,104087,1196.4022988505747
12.4408137248829,87,104151,1197.1379310344828
12.440961068030447,87,104215,1197.8735632183907
12.441107552032918,87,104279,1198.6091954022988
12.441250726114959,87,104343,1199.344827586207
12.441399679984897,87,104407,1200.0804597701149
12.441558703780174,87,104471,1200.816091954023
12.441699617076665,87,104535,1201.551724137931
12.441841131076217,87,104599,1202.287356321839
12.441993604879826,87,104663,1203.0229885057472
12.442131088115275,87,104727,1203.7586206896551
12.44227967178449,87,104791,1204.4942528735633
12.442434595897794,87,104855,1205.2298850574712
12.442588029894978,87,104919,1205.9655172413793
12.442722543142736,87,104983,1206.7011494252874
12.442855366971344,87,105047,1207.4367816091954
12.4429867900908,87,105111,1208.1724137931035
12.443136843852699,87,105175,1208.9080459770114
12.443292406853288,87,105239,1209.6436781609195
12.443452332168818,87,105303,1210.3793103448277
12.44359280494973,87,105367,1211.1149425287356
12.443729648832232,87,105431,1211.8505747126437
12.443880612961948,87,105495,1212.5862068965516
12.444031415972859,87,105496,1212.5977011494253
12.444031415972859,87,105496,1212.5977011494253
12.586415166035295,86,104342,1213.2790697674418
12.642512517981231,86,104366,1213.5581395348838
12.642512517981231,86,104366,1213.5581395348838
13.10832748701796,85,103189,1213.9882352941177
13.108636194840074,85,103253,1214.7411764705882
13.108818369917572,85,103317,1215.4941176470588
13.10912386700511,85,103381,1216.2470588235294
13.10929168201983,85,103445,1217.0
13.10945769585669,85,103509,1217.7529411764706
13.109622729942203,85,103573,1218.5058823529412
13.109769043978304,85,103637,1219.2588235294118
13.109912857878953,85,103701,1220.0117647058823
13.110069271177053,85,103765,1220.764705882353
13.110220225062221,85,103829,1221.5176470588235
13.110376198776066,85,103893,1222.270588235294
13.110544294118881,85,103957,1223.0235294117647
13.110687226988375,85,104021,1223.7764705882353
13.110828251112252,85,104085,1224.5294117647059
13.11097432486713,85,104149,1225.2823529411764
13.111790045164526,85,104213,1226.035294117647
13.111955629196018,85,104277,1226.7882352941176
13.112116623204201,85,104341,1227.5411764705882
13.112273027189076,85,104405,1228.2941176470588
13.112444101832807,85,104469,1229.0470588235294
13.112596155144274,85,104533,1229.8
13.112749819178134,85,104597,1230.5529411764705
13.112893253099173,85,104661,1231.3058823529411
13.113051467109472,85,104725,1232.0588235294117
13.113207250833511,85,104789,1232.8117647058823
13.11334784515202,85,104853,1233.5647058823529
13.113513678777963,85,104917,1234.3176470588235
13.113661182112992,85,104981,1235.070588235294
13.113805116154253,85,105045,1235.8235294117646
13.113962389994413,85,105109,1236.5764705882352
13.114099763799459,85,105173,1237.3294117647058
13.114250876940787,85,105237,1238.0823529411764
13.114394151140004,85,105301,1238.835294117647
13.114561925176531,85,105365,1239.5882352941176
13.114721489138901,85,105429,1240.3411764705882
13.114865913055837,85,105493,1241.0941176470587
13.115018817130476,85,105557,1241.8470588235293
13.115168160758913,85,105621,1242.6
13.115323924925178,85,105685,1243.3529411764705
13.115477678831667,85,105749,1244.105882352941
13.115623272024095,85,105813,1244.8588235294117
13.115771825890988,85,105877,1245.6117647058823
13.115924530196935,85,105941,1246.3647058823528
13.116085634101182,85,106005,1247.1176470588234
13.116234708111733,85,106069,1247.870588235294
13.11638779193163,85,106133,1248.6235294117646
13.11654871609062,85,106197,1249.3764705882354
13.117545761168003,85,106261,1250.129411764706
13.117723645176739,85,106325,1250.8823529411766
13.1178764491342,85,106389,1251.6352941176472
13.11802319297567,85,106453,1252.3882352941177
13.118174066767097,85,106517,1253.1411764705883
13.11833001114428,85,106581,1253.894117647059
13.118484945036471,85,106645,1254.6470588235295
13.118637628853321,85,106709,1255.4
13.11879516299814,85,106773,1256.1529411764707
13.118945816066116,85,106837,1256.9058823529413
13.119094079826027,85,106901,1257.6588235294118
13.119237273931503,85,106965,1258.4117647058824
13.119386218022555,85,107029,1259.164705882353
13.119551142212003,85,107093,1259.9176470588236
13.119715225882828,85,107157,1260.6705882352942
13.119870489928871,85,107221,1261.4235294117648
13.120016543194652,85,107285,1262.1764705882354
13.12017122702673,85,107349,1262.929411764706
13.120323230978101,85,107413,1263.6823529411765
13.120486555155367,85,107477,1264.4352941176471
13.120643049944192,85,107541,1265.1882352941177
13.120789633132517,85,107605,1265.9411764705883
13.120939576998353,85,107669,1266.6941176470589
13.121085120830685,85,107733,1267.4470588235295
13.121237634215504,85,107797,1268.2
13.121377747971565,85,107861,1268.9529411764706
13.121538151986897,85,107925,1269.7058823529412
13.12168993614614,85,107989,1270.4588235294118
13.121833209879696,85,108053,1271.2117647058824
13.12196978321299,85,108117,1271.964705882353
13.122106195893139,85,108181,1272.7176470588236
13.122242310084403,85,108245,1273.4705882352941
13.12239632382989,85,108309,1274.2235294117647
13.122559058014303,85,108373,1274.9764705882353
13.122720472048968,85,108437,1275.729411764706
13.122859255876392,85,108501,1276.4823529411765
13.258026272058487,85,108518,1276.6823529411765
13.258026272058487,85,108518,1276.6823529411765
13.266941639129072,84,107284,1277.1904761904761
13.473743890877813,84,107323,1277.654761904762
13.473743890877813,84,107323,1277.654761904762
13.712681898847222,83,106067,1277.9156626506024
13.712932114955038,83,106131,1278.686746987952
13.71311117010191,83,106195,1279.4578313253012
13.713409936986864,83,106259,1280.2289156626507
13.713593102060258,83,106323,1281.0
13.713750306051224,83,106387,1281.7710843373493
13.713917119894177,83,106451,1282.5421686746988
13.714069364126772,83,106515,1283.313253012048
13.714232848025858,83,106579,1284.0843373493976
13.714395511895418,83,106643,1284.855421686747
13.714575176127255,83,106707,1285.6265060240964
13.714731871150434,83,106771,1286.3975903614457
13.714895783923566,83,106835,1287.1686746987953
13.715043438132852,83,106899,1287.9397590361446
13.715189562179148,83,106963,1288.710843373494
13.715340136084706,83,107027,1289.4819277108434
13.71620029816404,83,107091,1290.2530120481927
13.716376222204417,83,107155,1291.0240963855422
13.716550257056952,83,107219,1291.7951807228915
13.71671968093142,83,107283,1292.566265060241
13.716872294899076,83,107347,1293.3373493975903
13.717032618820667,83,107411,1294.1084337349398
13.717181153129786,83,107475,1294.879518072289
13.717341177165508,83,107539,1295.6506024096386
13.717495969962329,83,107603,1296.421686746988
13.717656353954226,83,107667,1297.1927710843374
13.717802388127893,83,107731,1297.9638554216867
13.717947382014245,83,107795,1298.7349397590363
13.71810327610001,83,107859,1299.5060240963855
13.718252589926124,83,107923,1300.2771084337348
13.718417534139007,83,107987,1301.0481927710844
13.71856995811686,83,108051,1301.8192771084337
13.71872421214357,83,108115,1302.5903614457832
13.718869274947792,83,108179,1303.3614457831325
13.719026789069176,83,108243,1304.132530120482
13.719191163778305,83,108307,1304.9036144578313
13.719343047123402,83,108371,1305.6746987951808
13.719507132191211,83,108435,1306.44578313253
13.719669706188142,83,108499,1307.2168674698796
13.71982601005584,83,108563,1307.987951807229
13.719981512986124,83,108627,1308.7590361445782
13.720125987194479,83,108691,1309.5301204819277
13.720275870990008,83,108755,1310.301204819277
13.720452485140413,83,108819,1311.0722891566265
13.720606700051576,83,108883,1311.8433734939758
13.720766853075475,83,108947,1312.6144578313254
13.720921876840293,83,109011,1313.3855421686746
13.721077960915864,83,109075,1314.1566265060242
13.722093706950545,83,109139,1314.9277108433735
13.722273311112076,83,109203,1315.698795180723
13.722441605757922,83,109267,1316.4698795180723
13.72260585008189,83,109331,1317.2409638554218
13.722753514070064,83,109395,1318.012048192771
13.722916718106717,83,109459,1318.7831325301204
13.723066961858422,83,109523,1319.55421686747
13.723229416180402,83,109587,1320.3253012048192
13.72338317008689,83,109651,1321.0963855421687
13.723548403941095,83,109715,1321.867469879518
13.723702537827194,83,109779,1322.6385542168675
13.723861072212458,83,109843,1323.4096385542168
13.724020346067846,83,109907,1324.1807228915663
13.724176689982414,83,109971,1324.9518072289156
13.72432072320953,83,110035,1325.7228915662652
13.724485377781093,83,110099,1326.4939759036145
13.72464173194021,83,110163,1327.2650602409637
13.724807955790311,83,110227,1328.0361445783133
13.72496795002371,83,110291,1328.8072289156626
13.725123833864927,83,110355,1329.578313253012
13.725279928185046,83,110419,1330.3493975903614
13.725440621841699,83,110483,1331.120481927711
13.725600795820355,83,110547,1331.8915662650602
13.725749679841101,83,110611,1332.6626506024097
13.725907654035836,83,110675,1333.433734939759
13.726050238125026,83,110739,1334.2048192771085
13.726205370854586,83,110803,1334.9759036144578
13.726356835104525,83,110867,1335.7469879518073
13.726507178973407,83,110931,1336.5180722891566
13.726656552869827,83,110995,1337.289156626506
13.726798515766859,83,111059,1338.0602409638554
13.72693930985406,83,111123,1338.8313253012047
13.727098423987627,83,111187,1339.6024096385543
13.727254727855325,83,111251,1340.3734939759036
13.81512408517301,83,111263,1340.5180722891566
13.81512408517301,83,111263,1340.5180722891566
13.869727469980717,82,109970,1341.0975609756097
14.06262732995674,82,110009,1341.5731707317073
14.06262732995674,82,110009,1341.5731707317073
14.153646658174694,81,108674,1341.6543209876543
14.153646658174694,81,108674,1341.6543209876543
14.297654488123953,80,107344,1341.8
14.297935754992068,80,107408,1342.6
14.298122900072485,80,107472,1343.4
14.298301935195923,80,107536,1344.2
14.298626232892275,80,107600,1345.0
14.298794076777995,80,107664,1345.8
14.29897176194936,80,107728,1346.6
14.29913243604824,80,107792,1347.4
14.299303609877825,80,107856,1348.2
14.299482604954392,80,107920,1349.0
14.299661288969219,80,107984,1349.8
14.299828943796456,80,108048,1350.6
14.300000817980617,80,108112,1351.4
14.300157112069428,80,108176,1352.2
14.300320475827903,80,108240,1353.0
14.300494989845902,80,108304,1353.8
14.301420024130493,80,108368,1354.6
14.301622569095343,80,108432,1355.4
14.301799863111228,80,108496,1356.2
14.301968447864056,80,108560,1357.0
14.302141292020679,80,108624,1357.8
14.302303025964648,80,108688,1358.6
14.302482660859823,80,108752,1359.4
14.302645135205239,80,108816,1360.2
14.30279581900686,80,108880,1361.0
14.30296430317685,80,108944,1361.8
14.303125467151403,80,109008,1362.6
14.303284640889615,80,109072,1363.4
14.303461925126612,80,109136,1364.2
14.303622270002961,80,109200,1365.0
14.303793943952769,80,109264,1365.8
14.303944948129356,80,109328,1366.6
14.304102762136608,80,109392,1367.4
14.304257296025753,80,109456,1368.2
14.304436040110886,80,109520,1369.0
14.304592153988779,80,109584,1369.8
14.304749847855419,80,109648,1370.6
14.304922133218497,80,109712,1371.4
14.305086987093091,80,109776,1372.2
14.30525233084336,80,109840,1373.0
14.305419675074518,80,109904,1373.8
14.305583368986845,80,109968,1374.6
14.305739913135767,80,110032,1375.4
14.305913277901709,80,110096,1376.2
14.306071972008795,80,110160,1377.0
14.306239095982164,80,110224,1377.8
14.306402179878205,80,110288,1378.6
14.30670774821192,80,110352,1379.4
14.307543968781829,80,110416,1380.2
14.307729014195502,80,110480,1381.0
14.307898967992514,80,110544,1381.8
14.308060111943632,80,110608,1382.6
14.308231236878783,80,110672,1383.4
14.308388641104102,80,110736,1384.2
14.308568505104631,80,110800,1385.0
14.308724838774651,80,110864,1385.8
14.30889027286321,80,110928,1386.6
14.309056126978248,80,110992,1387.4
14.309221630916,80,111056,1388.2
14.309395906049758,80,111120,1389.0
14.309580550994724,80,111184,1389.8
14.30973125481978,80,111248,1390.6
14.309879487846047,80,111312,1391.4
14.310041942168027,80,111376,1392.2
14.31021360680461,80,111440,1393.0
14.310372191015631,80,111504,1393.8
14.310563604813069,80,111568,1394.6
14.310732080135494,80,111632,1395.4
14.310895003844053,80,111696,1396.2
14.311054908204824,80,111760,1397.0
14.311219311784953,80,111824,1397.8
14.31137443613261,80,111888,1398.6
14.311552381142974,80,111952,1399.4
14.311705654021353,80,112016,1400.2
14.311865909025073,80,112080,1401.0
14.312012872193009,80,112144,1401.8
14.312162136193365,80,112208,1402.6
14.312323609832674,80,112272,1403.4
14.3125010849908,80,112336,1404.2
14.5277248211205,80,112400,1405.0
14.802660720888525,80,112447,1405.5875
14.802660720888525,80,112447,1405.5875
14.884293099865317,79,111047,1405.6582278481012
14.884293099865317,79,111047,1405.6582278481012
14.964819842018187,78,109646,1405.7179487179487
14.965090649202466,78,109710,1406.5384615384614
14.96547243790701,78,109774,1407.3589743589744
14.965672752819955,78,109838,1408.179487179487
14.965842808131129,78,109902,1409.0
14.966006902046502,78,109966,1409.820512820513
14.966183975804597,78,110030,1410.6410256410256
14.966355620883405,78,110094,1411.4615384615386
14.966547044925392,78,110158,1412.2820512820513
14.966723170131445,78,110222,1413.1025641025642
14.966904263943434,78,110286,1413.923076923077
14.96707557886839,78,110350,1414.7435897435898
14.96725408313796,78,110414,1415.5641025641025
14.967413866892457,78,110478,1416.3846153846155
14.96759126195684,78,110542,1417.2051282051282
14.967762265820056,78,110606,1418.025641025641
14.968724770937115,78,110670,1418.8461538461538
14.968918335158378,78,110734,1419.6666666666667
14.969099999871105,78,110798,1420.4871794871794
14.969279654789716,78,110862,1421.3076923076924
14.969470279756933,78,110926,1422.128205128205
14.969643034040928,78,110990,1422.948717948718
14.969826349057257,78,111054,1423.7692307692307
14.969993573147804,78,111118,1424.5897435897436
14.97015607682988,78,111182,1425.4102564102564
14.970331981778145,78,111246,1426.2307692307693
14.970500785857439,78,111310,1427.051282051282
14.970664559863508,78,111374,1427.871794871795
14.970839683897793,78,111438,1428.6923076923076
14.971004047896713,78,111502,1429.5128205128206
14.971179873216897,78,111566,1430.3333333333333
14.97133526718244,78,111630,1431.1538461538462
14.971513241063803,78,111694,1431.974358974359
14.971678676083684,78,111758,1432.7948717948718
14.971856620162725,78,111822,1433.6153846153845
14.972016743849963,78,111886,1434.4358974358975
14.972180517856032,78,111950,1435.2564102564102
14.972354113124311,78,112014,1436.076923076923
14.972535276785493,78,112078,1436.8974358974358
14.97270790208131,78,112142,1437.7179487179487
14.972883366048336,78,112206,1438.5384615384614
14.973046320024878,78,112270,1439.3589743589744
14.973207734059542,78,112334,1440.179487179487
14.973390709143132,78,112398,1441.0
14.973573283758014,78,112462,1441.820512820513
14.973749948199838,78,112526,1442.6410256410256
14.973922862205654,78,112590,1443.4615384615386
14.974092537071556,78,112654,1444.2820512820513
14.974974629003555,78,112718,1445.1025641025642
14.975168853998184,78,112782,1445.923076923077
14.975342478137463,78,112846,1446.7435897435898
14.97552202316001,78,112910,1447.5641025641025
14.975699407048523,78,112974,1448.3846153846155
14.975863991770893,78,113038,1449.2051282051282
14.976039526052773,78,113102,1450.025641025641
14.97620338993147,78,113166,1450.8461538461538
14.976374114863575,78,113230,1451.6666666666667
14.976559578906745,78,113294,1452.4871794871794
14.97673225402832,78,113358,1453.3076923076924
14.976906558033079,78,113422,1454.128205128205
14.977080713026226,78,113486,1454.948717948718
14.977242785971612,78,113550,1455.7692307692307
14.97739708982408,78,113614,1456.5897435897436
14.977575275115669,78,113678,1457.4102564102564
14.977751730009913,78,113742,1458.2307692307693
14.977931374218315,78,113806,1459.051282051282
14.978105038870126,78,113870,1459.871794871795
14.978275192901492,78,113934,1460.6923076923076
14.97845204686746,78,113998,1461.5128205128206
14.978627171833068,78,114062,1462.3333333333333
14.978799325879663,78,114126,1463.1538461538462
14.978960200212896,78,114190,1463.974358974359
14.979128974024206,78,114254,1464.7948717948718
14.979285478126258,78,114318,1465.6153846153845
14.979449832811952,78,114382,1466.4358974358975
14.979625186882913,78,114446,1467.2564102564102
14.97978175105527,78,114510,1468.076923076923
15.119391180109233,78,114574,1468.8974358974358
15.24697859492153,78,114606,1469.3076923076924
15.24697859492153,78,114606,1469.3076923076924
15.38301039300859,77,113148,1469.4545454545455
15.38301039300859,77,113148,1469.4545454545455
15.544875126797706,76,111692,1469.6315789473683
15.545166303869337,76,111756,1470.4736842105262
15.545362839009613,76,111820,1471.3157894736842
15.545787869952619,76,111884,1472.157894736842
15.545990774873644,76,111948,1473.0
15.546167489141226,76,112012,1473.842105263158
15.546357184182853,76,112076,1474.6842105263158
15.546543299220502,76,112140,1475.5263157894738
15.546734054107219,76,112204,1476.3684210526317
15.546914217993617,76,112268,1477.2105263157894
15.547105043195188,76,112332,1478.0526315789473
15.547279668040574,76,112396,1478.8947368421052
15.547473981976509,76,112460,1479.7368421052631
15.547644076868892,76,112524,1480.578947368421
15.547809430863708,76,112588,1481.421052631579
15.547978225164115,76,112652,1482.2631578947369
15.549021052196622,76,112716,1483.1052631578948
15.549223827198148,76,112780,1483.9473684210527
15.549416781868786,76,112844,1484.7894736842106
15.549609556794167,76,112908,1485.6315789473683
15.549792430829257,76,112972,1486.4736842105262
15.549972386099398,76,113036,1487.3157894736842
15.550158670172095,76,113100,1488.157894736842
15.550335194915533,76,113164,1489.0
15.550521539989859,76,113228,1489.842105263158
15.550713054835796,76,113292,1490.6842105263158
15.550902360118926,76,113356,1491.5263157894738
15.551067144144326,76,113420,1492.3684210526317
15.551231568213552,76,113484,1493.2105263157894
15.551398721989244,76,113548,1494.0526315789473
15.551593577023596,76,113612,1494.8947368421052
15.551781701855361,76,113676,1495.7368421052631
15.551966895814985,76,113740,1496.578947368421
15.552158970851451,76,113804,1497.421052631579
15.552325394935906,76,113868,1498.2631578947369
15.552503400016576,76,113932,1499.1052631578948
15.552675744052976,76,113996,1499.9473684210527
15.552851919084787,76,114060,1500.7894736842106
15.553024712949991,76,114124,1501.6315789473683
15.55320395808667,76,114188,1502.4736842105262
15.55338199203834,76,114252,1503.3157894736842
15.55355880688876,76,114316,1504.157894736842
15.553735680878162,76,114380,1505.0
15.553933635819703,76,114444,1505.842105263158
15.554115551058203,76,114508,1506.6842105263158
15.554298894945532,76,114572,1507.5263157894738
15.554490020032972,76,114636,1508.3684210526317
15.554671185091138,76,114700,1509.2105263157894
15.555556057021022,76,114764,1510.0526315789473
15.555756411980838,76,114828,1510.8947368421052
15.555941416881979,76,114892,1511.7368421052631
15.556117012165487,76,114956,1512.578947368421
15.556300666183233,76,115020,1513.421052631579
15.556483081076294,76,115084,1514.2631578947369
15.556669665966183,76,115148,1515.1052631578948
15.556850649882108,76,115212,1515.9473684210527
15.557018614839762,76,115276,1516.7894736842106
15.557200969196856,76,115340,1517.6315789473683
15.557381643913686,76,115404,1518.4736842105262
15.557578548789024,76,115468,1519.3157894736842
15.557758503127843,76,115532,1520.157894736842
15.557926557958126,76,115596,1521.0
15.558086290955544,76,115660,1521.842105263158
15.55825972603634,76,115724,1522.6842105263158
15.558447090908885,76,115788,1523.5263157894738
15.558638045098633,76,115852,1524.3684210526317
15.558817999903113,76,115916,1525.2105263157894
15.55900102481246,76,115980,1526.0526315789473
15.55917391879484,76,116044,1526.8947368421052
15.559350113850087,76,116108,1527.7368421052631
15.559523217845708,76,116172,1528.578947368421
15.559699022211134,76,116236,1529.421052631579
15.559861136134714,76,116300,1530.2631578947369
15.560021550860256,76,116364,1531.1052631578948
15.560198565013707,76,116428,1531.9473684210527
15.700233235023916,76,116492,1532.7894736842106
15.846326998900622,76,116526,1533.2368421052631
15.846326998900622,76,116526,1533.2368421052631
16.001195495016873,75,115006,1533.4133333333334
16.001195495016873,75,115006,1533.4133333333334
16.137911949772388,74,113482,1533.5405405405406
16.138216667808592,74,113546,1534.4054054054054
16.138437573798,74,113610,1535.2702702702702
16.138791183009744,74,113674,1536.1351351351352
16.138995857909322,74,113738,1537.0
16.139179422985762,74,113802,1537.8648648648648
16.139373178128153,74,113866,1538.7297297297298
16.139565251767635,74,113930,1539.5945945945946
16.139757737051696,74,113994,1540.4594594594594
16.139945751987398,74,114058,1541.3243243243244
16.140137996990234,74,114122,1542.1891891891892
16.14031564211473,74,114186,1543.054054054054
16.140520207118243,74,114250,1543.918918918919
16.140698610804975,74,114314,1544.7837837837837
16.1408721357584,74,114378,1545.6486486486488
16.14104626979679,74,114442,1546.5135135135135
16.142193358857185,74,114506,1547.3783783783783
16.142397174146026,74,114570,1548.2432432432433
16.142596829216927,74,114634,1549.1081081081081
16.142791063990444,74,114698,1549.972972972973
16.142968179192394,74,114762,1550.837837837838
16.143160562962294,74,114826,1551.7027027027027
16.14335025800392,74,114890,1552.5675675675675
16.143545513041317,74,114954,1553.4324324324325
16.14373849797994,74,115018,1554.2972972972973
16.14391280291602,74,115082,1555.162162162162
16.14409343712032,74,115146,1556.027027027027
16.14426207076758,74,115210,1556.8918918918919
16.14444611594081,74,115274,1557.7567567567567
16.144625200890005,74,115338,1558.6216216216217
16.144813536200672,74,115402,1559.4864864864865
16.14497542893514,74,115466,1560.3513513513512
16.145154053810984,74,115530,1561.2162162162163
16.145340758841485,74,115594,1562.081081081081
16.145529854111373,74,115658,1562.945945945946
16.145728578791022,74,115722,1563.8108108108108
16.145903362892568,74,115786,1564.6756756756756
16.146072117146105,74,115850,1565.5405405405406
16.146248762030154,74,115914,1566.4054054054054
16.146446846891195,74,115978,1567.2702702702702
16.146632592193782,74,116042,1568.1351351351352
16.146816425956786,74,116106,1569.0
16.1469846800901,74,116170,1569.8648648648648
16.14716926496476,74,116234,1570.7297297297298
16.147343540098518,74,116298,1571.5945945945946
16.147541054990143,74,116362,1572.4594594594594
16.14772708900273,74,116426,1573.3243243243244
16.14790194388479,74,116490,1574.1891891891892
16.149359961040318,74,116554,1575.054054054054
16.149577346164733,74,116618,1575.918918918919
16.14976623095572,74,116682,1576.7837837837837
16.149954645894468,74,116746,1577.6486486486488
16.15013667102903,74,116810,1578.5135135135135
16.150321775116026,74,116874,1579.3783783783783
16.150506610050797,74,116938,1580.2432432432433
16.150696084834635,74,117002,1581.1081081081081
16.15087100910023,74,117066,1581.972972972973
16.151056764181703,74,117130,1582.837837837838
16.151229068171233,74,117194,1583.7027027027027
16.151414842810482,74,117258,1584.5675675675675
16.151614778209478,74,117322,1585.4324324324325
16.151786962058395,74,117386,1586.2972972972973
16.151950986124575,74,117450,1587.162162162162
16.15213109087199,74,117514,1588.027027027027
16.1523154261522,74,117578,1588.8918918918919
16.15251741092652,74,117642,1589.7567567567567
16.15270304493606,74,117706,1590.6216216216217
16.152883579954505,74,117770,1591.4864864864865
16.15306695504114,74,117834,1592.3513513513512
16.153245818801224,74,117898,1593.2162162162163
16.153413554187864,74,117962,1594.081081081081
16.153593188151717,74,118026,1594.945945945946
16.153774602804333,74,118090,1595.8108108108108
16.29206118779257,74,118154,1596.6756756756756
16.71992839500308,74,118218,1597.5405405405406
16.720484379213303,74,118282,1598.4054054054054
16.72085847891867,74,118346,1599.2702702702702
16.721494264900684,74,118410,1600.1351351351352
16.721860873978585,74,118474,1601.0
16.722181011922657,74,118538,1601.8648648648648
16.72253572102636,74,118602,1602.7297297297298
16.722855418920517,74,118666,1603.5945945945946
16.72319862805307,74,118730,1604.4594594594594
16.723541975952685,74,118794,1605.3243243243244
16.723887614905834,74,118858,1606.1891891891892
16.72421025298536,74,118922,1607.054054054054
16.724570943042636,74,118986,1607.918918918919
16.724877850152552,74,119050,1608.7837837837837
16.72517859796062,74,119114,1609.6486486486488
16.72550032613799,74,119178,1610.5135135135135
16.727622730191797,74,119242,1611.3783783783783
16.72800784977153,74,119306,1612.2432432432433
16.728390659205616,74,119370,1613.1081081081081
16.728812269866467,74,119434,1613.972972972973
16.729134237859398,74,119498,1614.837837837838
16.729493686929345,74,119562,1615.7027027027027
16.72992428811267,74,119626,1616.5675675675675
16.73025387711823,74,119690,1617.4324324324325
16.730609635822475,74,119754,1618.2972972972973
16.73091795388609,74,119818,1619.162162162162
16.731244551949203,74,119882,1620.027027027027
16.731563920155168,74,119946,1620.8918918918919
16.731872607953846,74,120010,1621.7567567567567
16.732182065956295,74,120074,1622.6216216216217
16.732532254885882,74,120138,1623.4864864864865
16.7328259521164,74,120202,1624.3513513513512
16.733148590195924,74,120266,1625.2162162162163
16.73350345902145,74,120330,1626.081081081081
16.733822736889124,74,120394,1626.945945945946
16.734161995816976,74,120458,1627.8108108108108
16.734479303937405,74,120522,1628.6756756756756
16.73479480203241,74,120586,1629.5405405405406
16.73512140987441,74,120650,1630.4054054054054
16.73547154897824,74,120714,1631.2702702702702
16.735809626989067,74,120778,1632.1351351351352
16.73614250589162,74,120842,1633.0
16.736461244057864,74,120906,1633.8648648648648
16.736788852140307,74,120970,1634.7297297297298
16.737099039833993,74,121034,1635.5945945945946
16.737437799107283,74,121098,1636.4594594594594
16.737765027210116,74,121162,1637.3243243243244
16.738082875031978,74,121226,1638.1891891891892
16.738770633004606,74,121290,1639.054054054054
16.739119410980493,74,121354,1639.918918918919
16.739466989878565,74,121418,1640.7837837837837
16.73980037914589,74,121482,1641.6486486486488
16.740123476833105,74,121546,1642.5135135135135
16.74046349618584,74,121610,1643.3783783783783
16.740771633107215,74,121674,1644.2432432432433
16.74110654182732,74,121738,1645.1081081081081
16.741408789064735,74,121802,1645.972972972973
16.741763217840344,74,121866,1646.837837837838
16.74207120621577,74,121930,1647.7027027027027
16.74240257497877,74,121994,1648.5675675675675
16.742754723876715,74,122058,1649.4324324324325
16.74306201096624,74,122122,1650.2972972972973
16.743352728895843,74,122186,1651.162162162162
16.74368227692321,74,122250,1652.027027027027
16.744230590760708,74,122314,1652.8918918918919
16.744604310020804,74,122378,1653.7567567567567
16.744939068797976,74,122442,1654.6216216216217
16.74526735721156,74,122506,1655.4864864864865
16.745615825988352,74,122570,1656.3513513513512
16.745940174907446,74,122634,1657.2162162162163
16.746242272201926,74,122698,1658.081081081081
16.74655683990568,74,122762,1658.945945945946
16.746959949843585,74,122826,1659.8108108108108
16.876160696148872,74,122890,1660.6756756756756
16.876798301935196,74,122908,1660.918918918919
16.876798301935196,74,122908,1660.918918918919
17.140227280091494,73,121272,1661.2602739726028
17.140227280091494,73,121272,1661.2602739726028
17.302836942020804,72,119624,1661.4444444444443
17.303280583117157,72,119688,1662.3333333333333
17.30352415004745,72,119752,1663.2222222222222
17.303746005054563,72,119816,1664.111111111111
17.303955180104822,72,119880,1665.0
17.304146515205503,72,119944,1665.888888888889
17.304349550046027,72,120008,1666.7777777777778
17.304549916181713,72,120072,1667.6666666666667
17.304852672852576,72,120136,1668.5555555555557
17.305492348968983,72,120200,1669.4444444444443
17.305716944858432,72,120264,1670.3333333333333
17.3059144099243,72,120328,1671.2222222222222
17.306119055021554,72,120392,1672.111111111111
17.306305630132556,72,120456,1673.0
17.30649907514453,72,120520,1673.888888888889
17.30669044982642,72,120584,1674.7777777777778
17.3076461837627,72,120648,1675.6666666666667
17.307857718784362,72,120712,1676.5555555555557
17.308053623884916,72,120776,1677.4444444444443
17.308249419089407,72,120840,1678.3333333333333
17.308445894159377,72,120904,1679.2222222222222
17.308632638771087,72,120968,1680.111111111111
17.308836423791945,72,121032,1681.0
17.309034779202193,72,121096,1681.888888888889
17.30922179389745,72,121160,1682.7777777777778
17.30941733904183,72,121224,1683.6666666666667
17.309608524199575,72,121288,1684.5555555555557
17.309804408811033,72,121352,1685.4444444444443
17.309979753103107,72,121416,1686.3333333333333
17.310161877889186,72,121480,1687.2222222222222
17.310361403040588,72,121544,1688.111111111111
17.31054796790704,72,121608,1689.0
17.311668505892158,72,121672,1689.888888888889
17.31190714193508,72,121736,1690.7777777777778
17.312104486860335,72,121800,1691.6666666666667
17.312308492138982,72,121864,1692.5555555555557
17.312499566935003,72,121928,1693.4444444444443
17.312690801918507,72,121992,1694.3333333333333
17.31289571709931,72,122056,1695.2222222222222
17.31309291208163,72,122120,1696.111111111111
17.313289327081293,72,122184,1697.0
17.31349634192884,72,122248,1697.888888888889
17.313680436927825,72,122312,1698.7777777777778
17.313875852152705,72,122376,1699.6666666666667
17.31405981676653,72,122440,1700.5555555555557
17.31426114216447,72,122504,1701.4444444444443
17.314458087086678,72,122568,1702.3333333333333
17.31464567221701,72,122632,1703.2222222222222
17.31482872599736,72,122696,1704.111111111111
17.315023990813643,72,122760,1705.0
17.31521970592439,72,122824,1705.888888888889
17.315410321112722,72,122888,1706.7777777777778
17.31561337597668,72,122952,1707.6666666666667
17.315803841222078,72,123016,1708.5555555555557
17.31599550601095,72,123080,1709.4444444444443
17.31617086008191,72,123144,1710.3333333333333
17.31636237492785,72,123208,1711.2222222222222
17.31655059987679,72,123272,1712.111111111111
17.31740540219471,72,123336,1713.0
17.31764008710161,72,123400,1713.888888888889
17.31786671280861,72,123464,1714.7777777777778
17.31804713793099,72,123528,1715.6666666666667
17.318219162058085,72,123592,1716.5555555555557
17.318408716935664,72,123656,1717.4444444444443
17.318616721779108,72,123720,1718.3333333333333
17.318823516834527,72,123784,1719.2222222222222
17.319011861924082,72,123848,1720.111111111111
17.319202897138894,72,123912,1721.0
17.31937882117927,72,123976,1721.888888888889
17.319567685946822,72,124040,1722.7777777777778
17.31976493122056,72,124104,1723.6666666666667
17.541026419959962,72,124168,1724.5555555555557
17.966708971187472,72,124232,1725.4444444444443
17.967136132065207,72,124296,1726.3333333333333
17.967370377853513,72,124360,1727.2222222222222
17.967604604084045,72,124424,1728.111111111111
17.96782136010006,72,124488,1729.0
17.968018714804202,72,124552,1729.888888888889
17.968225540127605,72,124616,1730.7777777777778
17.968734262976795,72,124680,1731.6666666666667
17.968956088181585,72,124744,1732.5555555555557
17.96916838409379,72,124808,1733.4444444444443
17.969378898851573,72,124872,1734.3333333333333
17.96959186391905,72,124936,1735.2222222222222
17.969801739789546,72,125000,1736.111111111111
17.969990544952452,72,125064,1737.0
17.970180288888514,72,125128,1737.888888888889
17.970369874034077,72,125192,1738.7777777777778
17.97117320401594,72,125256,1739.6666666666667
17.971397019922733,72,125320,1740.5555555555557
17.97161284601316,72,125384,1741.4444444444443
17.97181699099019,72,125448,1742.3333333333333
17.972006236203015,72,125512,1743.2222222222222
17.972192740999162,72,125576,1744.111111111111
17.972400316037238,72,125640,1745.0
17.972613370977342,72,125704,1745.888888888889
17.97280645603314,72,125768,1746.7777777777778
17.97300455113873,72,125832,1747.6666666666667
17.97318654600531,72,125896,1748.5555555555557
17.973384820856154,72,125960,1749.4444444444443
17.973576644901186,72,126024,1750.3333333333333
17.97376172989607,72,126088,1751.2222222222222
17.97397060599178,72,126152,1752.111111111111
17.974146460182965,72,126216,1753.0
17.974930739961565,72,126280,1753.888888888889
17.97517938585952,72,126344,1754.7777777777778
17.975379581097513,72,126408,1755.6666666666667
17.975609097164124,72,126472,1756.5555555555557
17.97579841176048,72,126536,1757.4444444444443
17.975988346152008,72,126600,1758.3333333333333
17.976190632209182,72,126664,1759.2222222222222
17.976396816782653,72,126728,1760.111111111111
17.976619252935052,72,126792,1761.0
17.976823947858065,72,126856,1761.888888888889
17.97700213221833,72,126920,1762.7777777777778
17.977200717199594,72,126984,1763.6666666666667
17.977433233056217,72,127048,1764.5555555555557
17.977651368826628,72,127112,1765.4444444444443
17.97785565396771,72,127176,1766.3333333333333
17.97804608894512,72,127240,1767.2222222222222
17.978800817858428,72,127304,1768.111111111111
17.979024062864482,72,127368,1769.0
17.979232208803296,72,127432,1769.888888888889
17.979453884996474,72,127496,1770.7777777777778
17.979660110082477,72,127560,1771.6666666666667
17.979861745145172,72,127624,1772.5555555555557
17.98006286006421,72,127688,1773.4444444444443
17.980248054955155,72,127752,1774.3333333333333
17.98045885981992,72,127816,1775.2222222222222
17.98064887477085,72,127880,1776.111111111111
17.98083450878039,72,127944,1777.0
17.981034204829484,72,128008,1777.888888888889
17.98123642988503,72,128072,1778.7777777777778
17.981417924165726,72,128136,1779.6666666666667
17.98161068884656,72,128200,1780.5555555555557
17.981807404197752,72,128264,1781.4444444444443
17.982008588965982,72,128328,1782.3333333333333
17.982215154916048,72,128392,1783.2222222222222
17.982410720083863,72,128456,1784.111111111111
17.982621964998543,72,128520,1785.0
17.982805518899113,72,128584,1785.888888888889
17.982987164054066,72,128648,1786.7777777777778
17.98318777885288,72,128712,1787.6666666666667
18.229074113070965,72,128723,1787.8194444444443
18.229074113070965,72,128723,1787.8194444444443
18.334776712115854,71,126983,1788.4929577464789
19.048265238758177,71,127047,1789.394366197183
19.04891661601141,71,127111,1790.2957746478874
19.04931861581281,71,127175,1791.1971830985915
19.049721125978976,71,127239,1792.0985915492959
19.050370233133435,71,127303,1793.0
19.050746391993016,71,127367,1793.9014084507041
19.0511323120445,71,127431,1794.8028169014085
19.051499210763723,71,127495,1795.7042253521126
19.05188466096297,71,127559,1796.605633802817
19.052281050942838,71,127623,1797.5070422535211
19.052678861189634,71,127687,1798.4084507042253
19.053035280201584,71,127751,1799.3098591549297
19.053528962191194,71,127815,1800.2112676056338
19.053942882921547,71,127879,1801.112676056338
19.05429185181856,71,127943,1802.0140845070423
19.054655910935253,71,128007,1802.9154929577464
19.05686941696331,71,128071,1803.8169014084508
19.057238495908678,71,128135,1804.718309859155
19.057590475771576,71,128199,1805.619718309859
19.05793319409713,71,128263,1806.5211267605634
19.058258961886168,71,128327,1807.4225352112676
19.0585903711617,71,128391,1808.3239436619717
19.058944439981133,71,128455,1809.225352112676
19.059277708176523,71,128519,1810.1267605633802
19.05961520690471,71,128583,1811.0281690140846
19.05995544511825,71,128647,1811.9295774647887
19.060260952915996,71,128711,1812.8309859154929
19.060606812126935,71,128775,1813.7323943661972
19.060909228865057,71,128839,1814.6338028169014
19.061217336915433,71,128903,1815.5352112676057
19.061581686139107,71,128967,1816.4366197183099
19.061881294008344,71,129031,1817.338028169014
19.062205651775002,71,129095,1818.2394366197184
19.0625730920583,71,129159,1819.1408450704225
19.062889500055462,71,129223,1820.0422535211267
19.063231328036636,71,129287,1820.943661971831
19.06358097679913,71,129351,1821.8450704225352
19.063913465943187,71,129415,1822.7464788732395
19.064251613803208,71,129479,1823.6478873239437
19.064598713070154,71,129543,1824.5492957746478
19.064943911973387,71,129607,1825.4507042253522
19.06528407987207,71,129671,1826.3521126760563
19.065603938885033,71,129735,1827.2535211267605
19.065938387066126,71,129799,1828.1549295774648
19.06625796481967,71,129863,1829.056338028169
19.06661863392219,71,129927,1829.9577464788733
19.066948561929166,71,129991,1830.8591549295775
19.067281120922416,71,130055,1831.7605633802816
19.06901126494631,71,130119,1832.661971830986
19.06937486398965,71,130183,1833.5633802816901
19.069744443986565,71,130247,1834.4647887323943
19.07009531185031,71,130311,1835.3661971830986
19.070437070913613,71,130375,1836.2676056338028
19.070856181904674,71,130439,1837.1690140845071
19.071216540876776,71,130503,1838.0704225352113
19.07154872920364,71,130567,1838.9718309859154
19.071922129020095,71,130631,1839.8732394366198
19.072240226902068,71,130695,1840.774647887324
19.072561104781926,71,130759,1841.6760563380283
19.072968624997884,71,130823,1842.5774647887324
19.073327844031155,71,130887,1843.4788732394366
19.073652332182974,71,130951,1844.380281690141
19.07395093003288,71,131015,1845.281690140845
19.074272998142987,71,131079,1846.1830985915492
19.074923514854163,71,131143,1847.0845070422536
19.075290443841368,71,131207,1847.9859154929577
19.07563471281901,71,131271,1848.887323943662
19.0759700210765,71,131335,1849.7887323943662
19.076282259076834,71,131399,1850.6901408450703
19.076626447960734,71,131463,1851.5915492957747
19.198146059177816,71,131527,1852.4929577464789
19.629460932221264,71,131591,1853.394366197183
19.629842792171985,71,131655,1854.2957746478874
19.630082868039608,71,131719,1855.1971830985915
19.630310103762895,71,131783,1856.0985915492959
19.630551639944315,71,131847,1857.0
19.630947640165687,71,131911,1857.9014084507041
19.631189275998622,71,131975,1858.8028169014085
19.63139094086364,71,132039,1859.7042253521126
19.631622696761042,71,132103,1860.605633802817
19.631863893009722,71,132167,1861.5070422535211
19.63208538899198,71,132231,1862.4084507042253
19.63229286391288,71,132295,1863.3098591549297
19.632525499910116,71,132359,1864.2112676056338
19.63272539479658,71,132423,1865.112676056338
19.63295908086002,71,132487,1866.0140845070423
19.63317023590207,71,132551,1866.9154929577464
19.63352415477857,71,132615,1867.8169014084508
19.63374888105318,71,132679,1868.718309859155
19.6339604659006,71,132743,1869.619718309859
19.63464796403423,71,132807,1870.5211267605634
19.634862878825516,71,132871,1871.4225352112676
19.6350620938465,71,132935,1872.3239436619717
19.635279150214046,71,132999,1873.225352112676
19.63549798494205,71,133063,1874.1267605633802
19.635699931066483,71,133127,1875.0281690140846
19.635909426026046,71,133191,1875.9295774647887
19.636103360913694,71,133255,1876.8309859154929
19.636308996006846,71,133319,1877.7323943661972
19.636509940959513,71,133383,1878.6338028169014
19.636708226054907,71,133447,1879.5352112676057
19.63693136209622,71,133511,1880.4366197183099
19.637122375890613,71,133575,1881.338028169014
19.6373330517672,71,133639,1882.2394366197184
19.637560127768666,71,133703,1883.1408450704225
19.637770783156157,71,133767,1884.0422535211267
19.637987507972866,71,133831,1884.943661971831
19.63818434299901,71,133895,1885.8450704225352
19.63839173875749,71,133959,1886.7464788732395
19.638623024802655,71,134023,1887.6478873239437
19.63883187994361,71,134087,1888.5492957746478
19.639042165130377,71,134151,1889.4507042253522
19.639261111151427,71,134215,1890.3521126760563
19.63947094604373,71,134279,1891.2535211267605
19.639684331137687,71,134343,1892.1549295774648
19.639885616954416,71,134407,1893.056338028169
19.640098792035133,71,134471,1893.9577464788733
19.640316527802497,71,134535,1894.8591549295775
19.640531103126705,71,134599,1895.7605633802816
19.641144348774105,71,134663,1896.661971830986
19.641372163780034,71,134727,1897.5633802816901
19.641600839793682,71,134791,1898.4647887323943
19.64183091605082,71,134855,1899.3661971830986
19.642045470885932,71,134919,1900.2676056338028
19.642257826868445,71,134983,1901.1690140845071
19.642481782007962,71,135047,1902.0704225352113
19.642682356759906,71,135111,1902.9718309859154
19.642893782816827,71,135175,1903.8732394366198
19.643088147975504,71,135239,1904.774647887324
19.643282493110746,71,135303,1905.6760563380283
19.64349979814142,71,135367,1906.5774647887324
19.643715464044362,71,135431,1907.4788732394366
19.643907798919827,71,135495,1908.380281690141
19.64409465296194,71,135559,1909.281690140845
19.644300849176943,71,135623,1910.1830985915492
19.644695907831192,71,135687,1911.0845070422536
19.64493160508573,71,135751,1911.9859154929577
19.645141229964793,71,135815,1912.887323943662
19.645349654834718,71,135879,1913.7887323943662
19.645560869947076,71,135943,1914.6901408450703
19.645774845965207,71,136007,1915.5915492957747
19.85836070496589,71,136071,1916.4929577464789
20.299298172816634,71,136111,1917.056338028169
20.299298172816634,71,136111,1917.056338028169
20.334927196148783,70,134194,1917.057142857143
20.334927196148783,70,134194,1917.057142857143
20.362965687178075,69,132276,1917.0434782608695
20.362965687178075,69,132276,1917.0434782608695
20.527218440081924,68,130372,1917.235294117647
20.527598360087723,68,130436,1918.1764705882354
20.527848746161908,68,130500,1919.1176470588234
20.528326177969575,68,130564,1920.0588235294117
20.52858906518668,68,130628,1921.0
20.52883196109906,68,130692,1921.9411764705883
20.529066917020828,68,130756,1922.8823529411766
20.52927365200594,68,130820,1923.8235294117646
20.52950784796849,68,130884,1924.764705882353
20.529759135097265,68,130948,1925.7058823529412
20.530007371213287,68,131012,1926.6470588235295
20.530226876027882,68,131076,1927.5882352941176
20.530465262010694,68,131140,1928.5294117647059
20.53067644778639,68,131204,1929.4705882352941
20.53089071298018,68,131268,1930.4117647058824
20.531114528886974,68,131332,1931.3529411764705
20.53196045011282,68,131396,1932.2941176470588
20.532219937071204,68,131460,1933.235294117647
20.53245287295431,68,131524,1934.1764705882354
20.53268221905455,68,131588,1935.1176470588234
20.53290768386796,68,131652,1936.0588235294117
20.53312723012641,68,131716,1937.0
20.533380046021193,68,131780,1937.9411764705883
20.533616532105953,68,131844,1938.8823529411766
20.533836517948657,68,131908,1939.8235294117646
20.534044122789055,68,131972,1940.764705882353
20.534302060026675,68,132036,1941.7058823529412
20.534528315998614,68,132100,1942.6470588235295
20.53475419105962,68,132164,1943.5882352941176
20.534949965775013,68,132228,1944.5294117647059
20.535170271992683,68,132292,1945.4705882352941
20.535440639127046,68,132356,1946.4117647058824
20.53567951498553,68,132420,1947.3529411764705
20.53590050013736,68,132484,1948.2941176470588
20.536110404878855,68,132548,1949.235294117647
20.53633294114843,68,132612,1950.1764705882354
20.5365651268512,68,132676,1951.1176470588234
20.53679184289649,68,132740,1952.0588235294117
20.537006057798862,68,132804,1953.0
20.537223934195936,68,132868,1953.9411764705883
20.537457710132003,68,132932,1954.8823529411766
20.53769853617996,68,132996,1955.8235294117646
20.53794163186103,68,133060,1956.764705882353
20.538154107052833,68,133124,1957.7058823529412
20.538363153114915,68,133188,1958.6470588235295
20.53859960893169,68,133252,1959.5882352941176
20.538819593843073,68,133316,1960.5294117647059
20.539030800107867,68,133380,1961.4705882352941
20.539812630042434,68,133444,1962.4117647058824
20.540065825916827,68,133508,1963.3529411764705
20.54029563209042,68,133572,1964.2941176470588
20.540531278122216,68,133636,1965.235294117647
20.540766703896224,68,133700,1966.1764705882354
20.541005809791386,68,133764,1967.1176470588234
20.541210814844817,68,133828,1968.0588235294117
20.54144920082763,68,133892,1969.0
20.54168261680752,68,133956,1969.9411764705883
20.541887192055583,68,134020,1970.8823529411766
20.542104428168386,68,134084,1971.8235294117646
20.542319722939283,68,134148,1972.764705882353
20.54254908906296,68,134212,1973.7058823529412
20.542750874068588,68,134276,1974.6470588235295
20.542941979132593,68,134340,1975.5882352941176
20.54315153416246,68,134404,1976.5294117647059
20.543346258811653,68,134468,1977.4705882352941
20.543584224767983,68,134532,1978.4117647058824
20.54381287097931,68,134596,1979.3529411764705
20.687629805877805,68,134660,1980.2941176470588
21.08957489579916,68,134721,1981.1911764705883
21.08957489579916,68,134721,1981.1911764705883
21.124400437809527,67,132739,1981.1791044776119
21.124733087141067,67,132803,1982.134328358209
21.124972872901708,67,132867,1983.089552238806
21.125492015853524,67,132931,1984.044776119403
21.125743051990867,67,132995,1985.0
21.12596177821979,67,133059,1985.955223880597
21.12619002396241,67,133123,1986.910447761194
21.126402948983014,67,133187,1987.865671641791
21.126641214825213,67,133251,1988.8208955223881
21.126865751110017,67,133315,1989.7761194029852
21.127093247137964,67,133379,1990.7313432835822
21.12731155194342,67,133443,1991.686567164179
21.1275476180017,67,133507,1992.641791044776
21.12775489408523,67,133571,1993.597014925373
21.127962979022413,67,133635,1994.55223880597
21.12816808419302,67,133699,1995.5074626865671
21.12898914515972,67,133763,1996.4626865671642
21.129227900877595,67,133827,1997.4179104477612
21.129456746857613,67,133891,1998.3731343283582
21.129687931854278,67,133955,1999.3283582089553
21.129905288107693,67,134019,2000.2835820895523
21.130113082937896,67,134083,2001.2388059701493
21.130342018790543,67,134147,2002.1940298507463
21.13057839497924,67,134211,2003.1492537313434
21.130801571067423,67,134275,2004.1044776119404
21.131015356164426,67,134339,2005.0597014925372
21.131235292181373,67,134403,2006.0149253731342
21.131449406966567,67,134467,2006.9701492537313
21.13167237304151,67,134531,2007.9253731343283
21.131871708203107,67,134595,2008.8805970149253
21.132093423977494,67,134659,2009.8358208955224
21.13231211900711,67,134723,2010.7910447761194
21.132558994926512,67,134787,2011.7462686567164
21.132802261970937,67,134851,2012.7014925373135
21.13306518783793,67,134915,2013.6567164179105
21.133304623886943,67,134979,2014.6119402985075
21.133573210798204,67,135043,2015.5671641791046
21.133830508217216,67,135107,2016.5223880597016
21.134071563836187,67,135171,2017.4776119402984
21.13430128013715,67,135235,2018.4328358208954
21.134538975078613,67,135299,2019.3880597014925
21.134745221119374,67,135363,2020.3432835820895
21.134965586010367,67,135427,2021.2985074626865
21.13518443191424,67,135491,2022.2537313432836
21.135397747159004,67,135555,2023.2089552238806
21.135635583195835,67,135619,2024.1641791044776
21.135853289160877,67,135683,2025.1194029850747
21.13606307376176,67,135747,2026.0746268656717
21.13679979275912,67,135811,2027.0298507462687
21.137099660001695,67,135875,2027.9850746268658
21.137333346065134,67,135939,2028.9402985074628
21.13757447199896,67,136003,2029.8955223880596
21.13779680803418,67,136067,2030.8507462686566
21.138007243163884,67,136131,2031.8059701492537
21.13823230890557,67,136195,2032.7611940298507
21.13846463477239,67,136259,2033.7164179104477
21.13867576001212,67,136323,2034.6716417910447
21.13889873586595,67,136387,2035.6268656716418
21.139120121952146,67,136451,2036.5820895522388
21.13932523690164,67,136515,2037.5373134328358
21.139589683152735,67,136579,2038.4925373134329
21.139826509170234,67,136643,2039.44776119403
21.140030304901302,67,136707,2040.402985074627
21.140233300160617,67,136771,2041.358208955224
21.140468696132302,67,136835,2042.313432835821
21.14071210194379,67,136899,2043.2686567164178
21.28560958476737,67,136963,2044.2238805970148
21.725022104103118,67,137027,2045.1791044776119
21.725416963919997,67,137091,2046.134328358209
21.725712270941585,67,137155,2047.089552238806
21.7259578271769,67,137219,2048.044776119403
21.726354247890413,67,137283,2049.0
21.7265989840962,67,137347,2049.955223880597
21.72684297990054,67,137411,2050.910447761194
21.727055685129017,67,137475,2051.865671641791
21.72728757094592,67,137539,2052.820895522388
21.727525646798313,67,137603,2053.776119402985
21.72775827301666,67,137667,2054.731343283582
21.727981988806278,67,137731,2055.686567164179
21.72821408510208,67,137795,2056.6417910447763
21.728442660998553,67,137859,2057.597014925373
21.728658605832607,67,137923,2058.5522388059703
21.728873531799763,67,137987,2059.507462686567
21.72970470180735,67,138051,2060.4626865671644
21.729949928820133,67,138115,2061.417910447761
21.73017525393516,67,138179,2062.373134328358
21.730403299909085,67,138243,2063.3283582089553
21.730638085864484,67,138307,2064.283582089552
21.730851252097636,67,138371,2065.2388059701493
21.731088288128376,67,138435,2066.194029850746
21.73131506284699,67,138499,2067.1492537313434
21.731553920079023,67,138563,2068.10447761194
21.73177031520754,67,138627,2069.0597014925374
21.73200132092461,67,138691,2070.0149253731342
21.732210176065564,67,138755,2070.9701492537315
21.73245738213882,67,138819,2071.9253731343283
21.732665117830038,67,138883,2072.8805970149256
21.73289542319253,67,138947,2073.8358208955224
21.73312264913693,67,139011,2074.791044776119
21.733362624887377,67,139075,2075.7462686567164
21.733586750924587,67,139139,2076.7014925373132
21.73382126679644,67,139203,2077.6567164179105
21.734030211810023,67,139267,2078.6119402985073
21.734252898022532,67,139331,2079.5671641791046
21.73448557406664,67,139395,2080.5223880597014
21.734714979771525,67,139459,2081.4776119402986
21.73494441481307,67,139523,2082.4328358208954
21.735173240769655,67,139587,2083.3880597014927
21.73537852615118,67,139651,2084.3432835820895
21.735612742137164,67,139715,2085.2985074626868
21.735825947951525,67,139779,2086.2537313432836
21.736048012971878,67,139843,2087.208955223881
21.736276389099658,67,139907,2088.1641791044776
21.736506124958396,67,139971,2089.1194029850744
21.73672564001754,67,140035,2090.0746268656717
21.737368347123265,67,140099,2091.0298507462685
21.73765559401363,67,140163,2091.9850746268658
21.737891170196235,67,140227,2092.9402985074626
21.738117576111108,67,140291,2093.89552238806
21.738340151961893,67,140355,2094.8507462686566
21.738560567144305,67,140419,2095.805970149254
21.738795042969286,67,140483,2096.7611940298507
21.73902233876288,67,140547,2097.716417910448
21.73923311382532,67,140611,2098.6716417910447
21.739470249973238,67,140675,2099.626865671642
21.739698266144842,67,140739,2100.582089552239
21.73990837112069,67,140803,2101.5373134328356
21.740133677143604,67,140867,2102.492537313433
21.74033861188218,67,140931,2103.4477611940297
21.74054918717593,67,140995,2104.402985074627
21.740754501894116,67,141059,2105.3582089552237
21.740981908049434,67,141123,2106.313432835821
21.741219994146377,67,141187,2107.268656716418
21.886771384160966,67,141251,2108.223880597015
22.32876794785261,67,141315,2109.179104477612
22.32914310786873,67,141379,2110.134328358209
22.32940053520724,67,141443,2111.089552238806
22.32966614095494,67,141507,2112.044776119403
22.33006555121392,67,141571,2113.0
22.330302217043936,67,141635,2113.955223880597
22.33056213380769,67,141699,2114.910447761194
22.33078654995188,67,141763,2115.865671641791
22.33102651592344,67,141827,2116.820895522388
22.331257390789688,67,141891,2117.776119402985
22.331506248097867,67,141955,2118.731343283582
22.331737594213337,67,142019,2119.686567164179
22.331992969848216,67,142083,2120.6417910447763
22.332227636128664,67,142147,2121.597014925373
22.332453961949795,67,142211,2122.5522388059703
22.332675278186798,67,142275,2123.507462686567
22.333522899076343,67,142339,2124.4626865671644
22.33377548493445,67,142403,2125.417910447761
22.334006750956178,67,142467,2126.373134328358
22.33424283703789,67,142531,2127.3283582089553
22.334479853045195,67,142595,2128.283582089552
22.33470616908744,67,142659,2129.2388059701493
22.334951024968177,67,142723,2130.194029850746
22.335183390881866,67,142787,2131.1492537313434
22.335416746791452,67,142851,2132.10447761194
22.335652503184974,67,142915,2133.0597014925374
22.335886988788843,67,142979,2134.0149253731342
22.336103334091604,67,143043,2134.9701492537315
22.33633252978325,67,143107,2135.9253731343283
22.336552035994828,67,143171,2136.8805970149256
22.336793081834912,67,143235,2137.8358208955224
22.337021408136934,67,143299,2138.791044776119
22.337265723850578,67,143363,2139.7462686567164
22.337500269990414,67,143427,2140.7014925373132
22.33774474589154,67,143491,2141.6567164179105
22.33795919083059,67,143555,2142.6119402985073
22.338188136927783,67,143619,2143.5671641791046
22.338418343104422,67,143683,2144.5223880597014
22.338667918927968,67,143747,2145.4776119402986
22.33890124503523,67,143811,2146.4328358208954
22.339136681053787,67,143875,2147.3880597014927
22.33934372710064,67,143939,2148.3432835820895
22.33958649309352,67,144003,2149.2985074626868
22.339805827941746,67,144067,2150.2537313432836
22.340025124140084,67,144131,2151.208955223881
22.340265970211476,67,144195,2152.1641791044776
22.340504996012896,67,144259,2153.1194029850744
22.340794492978603,67,144323,2154.0746268656717
22.34129707608372,67,144387,2155.0298507462685
22.34156036283821,67,144451,2155.9850746268658
22.34180061891675,67,144515,2156.9402985074626
22.34205501480028,67,144579,2157.89552238806
22.342279631178826,67,144643,2158.8507462686566
22.342509946785867,67,144707,2159.805970149254
22.342752133030444,67,144771,2160.7611940298507
22.342985799070448,67,144835,2161.716417910448
22.3431997038424,67,144899,2162.6716417910447
22.343440489843488,67,144963,2163.626865671642
22.34367377590388,67,145027,2164.582089552239
22.343887532129884,67,145091,2165.5373134328356
22.344120407942683,67,145155,2166.492537313433
22.34432955319062,67,145219,2167.4477611940297
22.344545987900347,67,145283,2168.402985074627
22.34475808404386,67,145347,2169.3582089552237
22.344992389902472,67,145411,2170.313432835821
22.345236076042056,67,145475,2171.268656716418
22.48853673785925,67,145539,2172.223880597015
22.758815720211715,67,145586,2172.9253731343283
22.758815720211715,67,145586,2172.9253731343283
22.923695809207857,66,143426,2173.121212121212
22.924079879187047,66,143490,2174.090909090909
22.924349445849657,66,143554,2175.060606060606
22.924616212025285,66,143618,2176.030303030303
22.925024683121592,66,143682,2177.0
22.92526995902881,66,143746,2177.969696969697
22.925550805870444,66,143810,2178.939393939394
22.92578632198274,66,143874,2179.909090909091
22.92603317881003,66,143938,2180.878787878788
22.92627102509141,66,144002,2181.848484848485
22.92652453109622,66,144066,2182.818181818182
22.926762436982244,66,144130,2183.787878787879
22.927008472848684,66,144194,2184.757575757576
22.92722760885954,66,144258,2185.7272727272725
22.92745954496786,66,144322,2186.6969696969695
22.92768694087863,66,144386,2187.6666666666665
22.928490210790187,66,144450,2188.6363636363635
22.92875049682334,66,144514,2189.6060606060605
22.929013963788748,66,144578,2190.5757575757575
22.929253700189292,66,144642,2191.5454545454545
22.929491496179253,66,144706,2192.5151515151515
22.929719511885196,66,144770,2193.4848484848485
22.92997054802254,66,144834,2194.4545454545455
22.930209883954376,66,144898,2195.4242424242425
22.93045348022133,66,144962,2196.3939393939395
22.930677365977317,66,145026,2197.3636363636365
22.93091745208949,66,145090,2198.3333333333335
22.931153398007154,66,145154,2199.3030303030305
22.93136875377968,66,145218,2200.2727272727275
22.93158504879102,66,145282,2201.242424242424
22.931831675115973,66,145346,2202.212121212121
22.93206831207499,66,145410,2203.181818181818
22.93231667811051,66,145474,2204.151515151515
22.932551323901862,66,145538,2205.121212121212
22.93280109995976,66,145602,2206.090909090909
22.93302047578618,66,145666,2207.060606060606
22.93325194204226,66,145730,2208.030303030303
22.933503108099103,66,145794,2209.0
22.933744254056364,66,145858,2209.969696969697
22.933978899847716,66,145922,2210.939393939394
22.934218156151474,66,145986,2211.909090909091
22.934473522007465,66,146050,2212.878787878788
22.934700928162783,66,146114,2213.848484848485
22.93494035396725,66,146178,2214.818181818182
22.93516763020307,66,146242,2215.787878787879
22.93540889583528,66,146306,2216.757575757576
22.93567698309198,66,146370,2217.7272727272725
22.935906139202416,66,146434,2218.6969696969695
22.936619586776942,66,146498,2219.6666666666665
22.93687386298552,66,146562,2220.6363636363635
22.937128169927746,66,146626,2221.6060606060605
22.937377856113017,66,146690,2222.5757575757575
22.937634241767228,66,146754,2223.5454545454545
22.937855068128556,66,146818,2224.5151515151515
22.938104465138167,66,146882,2225.4848484848485
22.93833997985348,66,146946,2226.4545454545455
22.938568686135113,66,147010,2227.4242424242425
22.938809751998633,66,147074,2228.3939393939395
22.939040528144687,66,147138,2229.3636363636365
22.93925572419539,66,147202,2230.3333333333335
22.939497699961066,66,147266,2231.3030303030305
22.939716815017164,66,147330,2232.2727272727275
22.939924931153655,66,147394,2233.242424242424
22.940134276170284,66,147458,2234.212121212121
22.94037272175774,66,147522,2235.181818181818
23.083898220211267,66,147586,2236.151515151515
23.519745117984712,66,147650,2237.121212121212
23.52015132876113,66,147714,2238.090909090909
23.52043414581567,66,147778,2239.060606060606
23.520697833038867,66,147842,2240.030303030303
23.520955989137292,66,147906,2241.0
23.521361430175602,66,147970,2241.969696969697
23.52163698617369,66,148034,2242.939393939394
23.521870512049645,66,148098,2243.909090909091
23.522115509025753,66,148162,2244.878787878788
23.522360715083778,66,148226,2245.848484848485
23.522622270975262,66,148290,2246.818181818182
23.522864358033985,66,148354,2247.787878787879
23.523112433962524,66,148418,2248.757575757576
23.52333234017715,66,148482,2249.7272727272725
23.523566085845232,66,148546,2250.6969696969695
23.52379857096821,66,148610,2251.6666666666665
23.524178721010685,66,148674,2252.6363636363635
23.524441407993436,66,148738,2253.6060606060605
23.52471396420151,66,148802,2254.5757575757575
23.5254555628635,66,148866,2255.5454545454545
23.52572658006102,66,148930,2256.5151515151515
23.525965705979615,66,148994,2257.4848484848485
23.526222962886095,66,149058,2258.4545454545455
23.52647742908448,66,149122,2259.4242424242425
23.52672851504758,66,149186,2260.3939393939395
23.52695778105408,66,149250,2261.3636363636365
23.527206977829337,66,149314,2262.3333333333335
23.527463864069432,66,149378,2263.3030303030305
23.527689040172845,66,149442,2264.2727272727275
23.527905794791877,66,149506,2265.242424242424
23.528157492168248,66,149570,2266.212121212121
23.528400567825884,66,149634,2267.181818181818
23.528664624784142,66,149698,2268.151515151515
23.528895961120725,66,149762,2269.121212121212
23.529163716826588,66,149826,2270.090909090909
23.52940125297755,66,149890,2271.060606060606
23.52965722978115,66,149954,2272.030303030303
23.52990709617734,66,150018,2273.0
23.530150511767715,66,150082,2273.969696969697
23.530389547813684,66,150146,2274.939393939394
23.53064856491983,66,150210,2275.909090909091
23.530899371020496,66,150274,2276.878787878788
23.53112674690783,66,150338,2277.848484848485
23.53137155296281,66,150402,2278.818181818182
23.53161261882633,66,150466,2279.787878787879
23.53186094481498,66,150530,2280.757575757576
23.532101281918585,66,150594,2281.7272727272725
23.532335908152163,66,150658,2282.6969696969695
23.533038754947484,66,150722,2283.6666666666665
23.533295591827482,66,150786,2284.6363636363635
23.533555779140443,66,150850,2285.6060606060605
23.53380590490997,66,150914,2286.5757575757575
23.534057100769132,66,150978,2287.5454545454545
23.534288897179067,66,151042,2288.5151515151515
23.53454711381346,66,151106,2289.4848484848485
23.53479844983667,66,151170,2290.4545454545455
23.535026515834033,66,151234,2291.4242424242425
23.535270212218165,66,151298,2292.3939393939395
23.535519468132406,66,151362,2293.3636363636365
23.535746223758906,66,151426,2294.3333333333335
23.535987719893456,66,151490,2295.3030303030305
23.536207675933838,66,151554,2296.2727272727275
23.536421090830117,66,151618,2297.242424242424
23.53665276709944,66,151682,2298.212121212121
23.536897962912917,66,151746,2299.181818181818
23.60600025486201,66,151756,2299.3333333333335
23.60600025486201,66,151756,2299.3333333333335
23.615174657199532,65,149452,2299.2615384615383
23.615174657199532,65,149452,2299.2615384615383
23.68003589194268,64,147200,2300.0
24.11624003900215,64,147264,2301.0
24.11668648989871,64,147328,2302.0
24.116966037079692,64,147392,2303.0
24.117225153837353,64,147456,2304.0
24.117679974995553,64,147520,2305.0
24.117932502180338,64,147584,2306.0
24.118189928121865,64,147648,2307.0
24.11843662476167,64,147712,2308.0
24.118698360864073,64,147776,2309.0
24.118949288036674,64,147840,2310.0
24.119203214067966,64,147904,2311.0
24.119467870797962,64,147968,2312.0
24.119728107005358,64,148032,2313.0
24.11996225314215,64,148096,2314.0
24.12018988886848,64,148160,2315.0
24.120431655086577,64,148224,2316.0
24.121286186855286,64,148288,2317.0
24.12156121386215,64,148352,2318.0
24.12183525087312,64,148416,2319.0
24.122081636916846,64,148480,2320.0
24.12231614300981,64,148544,2321.0
24.1225581089966,64,148608,2322.0
24.122818616218865,64,148672,2323.0
24.12306763185188,64,148736,2324.0
24.12331791780889,64,148800,2325.0
24.12357896519825,64,148864,2326.0
24.12384241214022,64,148928,2327.0
24.124094207771122,64,148992,2328.0
24.124323644209653,64,149056,2329.0
24.124559890013188,64,149120,2330.0
24.124861888121814,64,149184,2331.0
24.125123743899167,64,149248,2332.0
24.12538616079837,64,149312,2333.0
24.125640206970274,64,149376,2334.0
24.125898743979633,64,149440,2335.0
24.126128890085965,64,149504,2336.0
24.1263765161857,64,149568,2337.0
24.126639353111386,64,149632,2338.0
24.126887388993055,64,149696,2339.0
24.127132905181497,64,149760,2340.0
24.127382081001997,64,149824,2341.0
24.127650117967278,64,149888,2342.0
24.127888664137572,64,149952,2343.0
24.12812358001247,64,150016,2344.0
24.128373377025127,64,150080,2345.0
24.12863294314593,64,150144,2346.0
24.128877258859575,64,150208,2347.0
24.12910671485588,64,150272,2348.0
24.129603268112987,64,150336,2349.0
24.13006712915376,64,150400,2350.0
24.130336465779692,64,150464,2351.0
24.130599833093584,64,150528,2352.0
24.130845909006894,64,150592,2353.0
24.13108402490616,64,150656,2354.0
24.131340912077576,64,150720,2355.0
24.13160068821162,64,150784,2356.0
24.131837244145572,64,150848,2357.0
24.132093710824847,64,150912,2358.0
24.132340697105974,64,150976,2359.0
24.132581083104014,64,151040,2360.0
24.13280747877434,64,151104,2361.0
24.13304374506697,64,151168,2362.0
24.133264650125057,64,151232,2363.0
24.277065746020526,64,151296,2364.0
24.567660382017493,64,151345,2364.765625
24.567660382017493,64,151345,2364.765625
24.715668673161417,63,148991,2364.936507936508
24.716041663195938,63,149055,2365.9523809523807
24.71631903015077,63,149119,2366.968253968254
24.716777082066983,63,149183,2367.9841269841268
24.71704785898328,63,149247,2369.0
24.717294064816087,63,149311,2370.0158730158732
24.717571502085775,63,149375,2371.031746031746
24.717813588213176,63,149439,2372.0476190476193
24.718072453979403,63,149503,2373.063492063492
24.718327761162072,63,149567,2374.0793650793653
24.718596598133445,63,149631,2375.095238095238
24.71884727384895,63,149695,2376.1111111111113
24.71910695079714,63,149759,2377.126984126984
24.719340826850384,63,149823,2378.1428571428573
24.719601883087307,63,149887,2379.15873015873
24.719859439879656,63,149951,2380.1746031746034
24.720782592892647,63,150015,2381.190476190476
24.721055489964783,63,150079,2382.2063492063494
24.721337837167084,63,150143,2383.222222222222
24.721606764011085,63,150207,2384.2380952380954
24.721867240965366,63,150271,2385.253968253968
24.722113546915352,63,150335,2386.2698412698414
24.722375634126365,63,150399,2387.285714285714
24.722646261099726,63,150463,2388.3015873015875
24.72289389697835,63,150527,2389.3174603174602
24.723149452824146,63,150591,2390.3333333333335
24.72339747985825,63,150655,2391.3492063492063
24.723636815790087,63,150719,2392.3650793650795
24.72388140205294,63,150783,2393.3809523809523
24.724151738919318,63,150847,2394.3968253968255
24.724417694844306,63,150911,2395.4126984126983
24.724688571877778,63,150975,2396.4285714285716
24.724953919183463,63,151039,2397.4444444444443
24.72522736620158,63,151103,2398.4603174603176
24.725506492890418,63,151167,2399.4761904761904
24.725747218821198,63,151231,2400.4920634920636
24.725998094771057,63,151295,2401.5079365079364
24.726272433064878,63,151359,2402.5238095238096
24.72654490917921,63,151423,2403.5396825396824
24.72680021589622,63,151487,2404.5555555555557
24.727088413201272,63,151551,2405.5714285714284
24.727374909911305,63,151615,2406.5873015873017
24.727658717893064,63,151679,2407.6031746031745
24.727902424056083,63,151743,2408.6190476190477
24.728150750044733,63,151807,2409.6349206349205
24.72841744683683,63,151871,2410.6507936507937
24.728686503134668,63,151935,2411.6666666666665
24.728990951087326,63,151999,2412.6825396825398
24.729447373189032,63,152063,2413.6984126984125
24.72973005985841,63,152127,2414.714285714286
24.72999241715297,63,152191,2415.7301587301586
24.73024440277368,63,152255,2416.746031746032
24.730500780045986,63,152319,2417.7619047619046
24.73088792990893,63,152383,2418.777777777778
24.731159856077284,63,152447,2419.7936507936506
24.731401863042265,63,152511,2420.809523809524
24.731677250005305,63,152575,2421.8253968253966
24.731932706199586,63,152639,2422.84126984127
24.73216871218756,63,152703,2423.8571428571427
24.73240038799122,63,152767,2424.873015873016
24.732656714040786,63,152831,2425.8888888888887
24.732887079939246,63,152895,2426.904761904762
24.876785357948393,63,152959,2427.9206349206347
25.315708303824067,63,153023,2428.936507936508
25.316087584011257,63,153087,2429.9523809523807
25.31637178082019,63,153151,2430.968253968254
25.316832311917096,63,153215,2431.9841269841268
25.31710763880983,63,153279,2433.0
25.3173593361862,63,153343,2434.0158730158732
25.31764019280672,63,153407,2435.031746031746
25.31788435904309,63,153471,2436.0476190476193
25.318148786202073,63,153535,2437.063492063492
25.318405761849135,63,153599,2438.0793650793653
25.31868579890579,63,153663,2439.095238095238
25.318938445765525,63,153727,2440.1111111111113
25.319205382838845,63,153791,2441.126984126984
25.31946146907285,63,153855,2442.1428571428573
25.319707265123725,63,153919,2443.15873015873
25.31996599212289,63,153983,2444.1746031746034
25.320776312146336,63,154047,2445.190476190476
25.321052669081837,63,154111,2446.2063492063494
25.321332556195557,63,154175,2447.222222222222
25.321610442828387,63,154239,2448.2380952380954
25.321859899908304,63,154303,2449.253968253968
25.32211198611185,63,154367,2450.2698412698414
25.322386383078992,63,154431,2451.285714285714
25.322654290124774,63,154495,2452.3015873015875
25.322904276195914,63,154559,2453.3174603174602
25.323161982931197,63,154623,2454.3333333333335
25.323420429136604,63,154687,2455.3492063492063
25.323665264993906,63,154751,2456.3650793650795
25.323893690947443,63,154815,2457.3809523809523
25.324133136775345,63,154879,2458.3968253968255
25.3243999639526,63,154943,2459.4126984126983
25.324667651206255,63,155007,2460.4285714285716
25.324936967808753,63,155071,2461.4444444444443
25.325181813910604,63,155135,2462.4603174603176
25.325460221152753,63,155199,2463.4761904761904
25.325700556859374,63,155263,2464.4920634920636
25.32595495413989,63,155327,2465.5079365079364
25.326219010166824,63,155391,2466.5238095238096
25.326489427126944,63,155455,2467.5396825396824
25.326748554129153,63,155519,2468.5555555555557
25.326990449801087,63,155583,2469.5714285714284
25.32725406717509,63,155647,2470.5873015873017
25.327530773822218,63,155711,2471.6031746031745
25.327775800134987,63,155775,2472.6190476190477
25.328022475820035,63,155839,2473.6349206349205
25.328284692950547,63,155903,2474.6507936507937
25.328549499157816,63,155967,2475.6666666666665
25.328802975825965,63,156031,2476.6825396825398
25.32933095889166,63,156095,2477.6984126984125
25.329616886097938,63,156159,2478.714285714286
25.330081968102604,63,156223,2479.7301587301586
25.33035464491695,63,156287,2480.746031746032
25.330625952221453,63,156351,2481.7619047619046
25.330893719103187,63,156415,2482.777777777778
25.33115477487445,63,156479,2483.7936507936506
25.3314029420726,63,156543,2484.809523809524
25.331679019145668,63,156607,2485.8253968253966
25.33193879481405,63,156671,2486.84126984127
25.33217847114429,63,156735,2487.8571428571427
25.332413617055863,63,156799,2488.873015873016
25.332676813937724,63,156863,2489.8888888888887
25.332911080215126,63,156927,2490.904761904762
25.47801661817357,63,156991,2491.9206349206347
25.619310379959643,63,157024,2492.4444444444443
25.619310379959643,63,157024,2492.4444444444443
26.00273604877293,62,154558,2492.8709677419356
26.003357404842973,62,154622,2493.9032258064517
26.003773184958845,62,154686,2494.935483870968
26.00422581611201,62,154750,2495.967741935484
26.004699679091573,62,154814,2497.0
26.00509989913553,62,154878,2498.032258064516
26.005822776816785,62,154942,2499.064516129032
26.006193685811013,62,155006,2500.0967741935483
26.006611647084355,62,155070,2501.1290322580644
26.006998307071626,62,155134,2502.1612903225805
26.007379166781902,62,155198,2503.1935483870966
26.00776879582554,62,155262,2504.2258064516127
26.008155756164342,62,155326,2505.2580645161293
26.00851587485522,62,155390,2506.2903225806454
26.0088631240651,62,155454,2507.3225806451615
26.009206392802298,62,155518,2508.3548387096776
26.009982182178646,62,155582,2509.3870967741937
26.0103787118569,62,155646,2510.4193548387098
26.010793453082442,62,155710,2511.451612903226
26.011168642900884,62,155774,2512.483870967742
26.01153803197667,62,155838,2513.516129032258
26.011886490974575,62,155902,2514.548387096774
26.012271371204406,62,155966,2515.5806451612902
26.01268039084971,62,156030,2516.6129032258063
26.01305849989876,62,156094,2517.6451612903224
26.01346633117646,62,156158,2518.6774193548385
26.013906341977417,62,156222,2519.7096774193546
26.01428522216156,62,156286,2520.7419354838707
26.014664120972157,62,156350,2521.7741935483873
26.0150944320485,62,156414,2522.8064516129034
26.01551622292027,62,156478,2523.8387096774195
26.015902671962976,62,156542,2524.8709677419356
26.01694380911067,62,156606,2525.9032258064517
26.017309777904302,62,156670,2526.935483870968
26.0177225288935,62,156734,2527.967741935484
26.018076978158206,62,156798,2529.0
26.018460446968675,62,156862,2530.032258064516
26.018847316969186,62,156926,2531.064516129032
26.019226097036153,62,156990,2532.0967741935483
26.019608837086707,62,157054,2533.1290322580644
26.0199555051513,62,157118,2534.1612903225805
26.02033652504906,62,157182,2535.1935483870966
26.020705994218588,62,157246,2536.2258064516127
26.021056693047285,62,157310,2537.2580645161293
26.021446312777698,62,157374,2538.2903225806454
26.02185136312619,62,157438,2539.3225806451615
26.02225165301934,62,157502,2540.3548387096776
26.022571842186153,62,157566,2541.3870967741937
26.023012673016638,62,157630,2542.4193548387098
26.02346107410267,62,157694,2543.451612903226
26.02389734517783,62,157758,2544.483870967742
26.02432431606576,62,157822,2545.516129032258
26.024732965976,62,157886,2546.548387096774
26.02512926608324,62,157950,2547.5806451612902
26.025491354987025,62,158014,2548.6129032258063
26.025885816197842,62,158078,2549.6451612903224
26.02626499487087,62,158142,2550.6774193548385
26.026616854127496,62,158206,2551.7096774193546
26.026965342927724,62,158270,2552.7419354838707
26.027354243211448,62,158334,2553.7741935483873
26.027717342134565,62,158398,2554.8064516129034
26.165018091909587,62,158462,2555.8387096774195
26.165598176885396,62,158480,2556.1290322580644
26.165598176885396,62,158480,2556.1290322580644
26.604191714897752,61,155965,2556.8032786885246
26.60479820985347,61,156029,2557.8524590163934
26.605250031221658,61,156093,2558.901639344262
26.605615310836583,61,156157,2559.9508196721313
26.6060704421252,61,156221,2561.0
26.606769329868257,61,156285,2562.0491803278687
26.607246161904186,61,156349,2563.098360655738
26.607644001953304,61,156413,2564.1475409836066
26.608054993208498,61,156477,2565.1967213114754
26.60846074298024,61,156541,2566.245901639344
26.60885654296726,61,156605,2567.2950819672133
26.609231972135603,61,156669,2568.344262295082
26.609638073015958,61,156733,2569.3934426229507
26.610000872053206,61,156797,2570.44262295082
26.61035923101008,61,156861,2571.4918032786886
26.61071619996801,61,156925,2572.5409836065573
26.611508649773896,61,156989,2573.590163934426
26.611908339895308,61,157053,2574.6393442622953
26.612321691121906,61,157117,2575.688524590164
26.61271203076467,61,157181,2576.7377049180327
26.61306921998039,61,157245,2577.7868852459014
26.613433728925884,61,157309,2578.8360655737706
26.613835158757865,61,157373,2579.8852459016393
26.61421657912433,61,157437,2580.934426229508
26.614610779099166,61,157501,2581.9836065573772
26.614942066837102,61,157565,2583.032786885246
26.615377347916365,61,157629,2584.0819672131147
26.61576543794945,61,157693,2585.1311475409834
26.61613531783223,61,157757,2586.1803278688526
26.616536147892475,61,157821,2587.2295081967213
26.616963687818497,61,157885,2588.27868852459
26.617361397948116,61,157949,2589.3278688524592
26.618440535850823,61,158013,2590.377049180328
26.61890726815909,61,158077,2591.4262295081967
26.619309828151017,61,158141,2592.4754098360654
26.61967540718615,61,158205,2593.5245901639346
26.620061916764826,61,158269,2594.5737704918033
26.620460886973888,61,158333,2595.622950819672
26.62084639677778,61,158397,2596.6721311475408
26.62122638709843,61,158461,2597.72131147541
26.62158344499767,61,158525,2598.7704918032787
26.621974494773895,61,158589,2599.8196721311474
26.62232707394287,61,158653,2600.8688524590166
26.622737605124712,61,158717,2601.9180327868853
26.623130674939603,61,158781,2602.967213114754
26.62353161489591,61,158845,2604.0163934426228
26.623929244931787,61,158909,2605.065573770492
26.62429091380909,61,158973,2606.1147540983607
26.624753496143967,61,159037,2607.1639344262294
26.62520515685901,61,159101,2608.2131147540986
26.62566844886169,61,159165,2609.2622950819673
26.62610012991354,61,159229,2610.311475409836
26.626533980946988,61,159293,2611.3606557377047
26.626901580020785,61,159357,2612.409836065574
26.62729820003733,61,159421,2613.4590163934427
26.627702050842345,61,159485,2614.5081967213114
26.628053628839552,61,159549,2615.55737704918
26.628406749106944,61,159613,2616.6065573770493
26.62881393916905,61,159677,2617.655737704918
26.629163357894868,61,159741,2618.7049180327867
26.76647565793246,61,159805,2619.754098360656
26.974628193769604,61,159845,2620.409836065574
26.974628193769604,61,159845,2620.409836065574
27.20716828899458,60,157244,2620.733333333333
27.207747103180736,60,157308,2621.8
27.20816989382729,60,157372,2622.866666666667
27.208631205838174,60,157436,2623.9333333333334
27.20935556385666,60,157500,2625.0
27.209780944976956,60,157564,2626.0666666666666
27.21024523722008,60,157628,2627.133333333333
27.21065834676847,60,157692,2628.2
27.211088127922267,60,157756,2629.266666666667
27.211503458209336,60,157820,2630.3333333333335
27.211904958821833,60,157884,2631.4
27.212291738018394,60,157948,2632.4666666666667
27.212674447800964,60,158012,2633.5333333333333
27.213080738205463,60,158076,2634.6
27.213450457900763,60,158140,2635.6666666666665
27.213816217146814,60,158204,2636.733333333333
27.214594206772745,60,158268,2637.8
27.214998956769705,60,158332,2638.866666666667
27.21543158777058,60,158396,2639.9333333333334
27.215819847770035,60,158460,2641.0
27.216190356761217,60,158524,2642.0666666666666
27.21656376682222,60,158588,2643.133333333333
27.21697326702997,60,158652,2644.2
27.217358867172152,60,158716,2645.266666666667
27.217786797787994,60,158780,2646.3333333333335
27.21818799804896,60,158844,2647.4
27.218635738827288,60,158908,2648.4666666666667
27.219027269165963,60,158972,2649.5333333333333
27.219414588995278,60,159036,2650.6
27.219832819886506,60,159100,2651.6666666666665
27.22027335083112,60,159164,2652.733333333333
27.220695301890373,60,159228,2653.8
27.221721448004246,60,159292,2654.866666666667
27.222189829219133,60,159356,2655.9333333333334
27.222601410001516,60,159420,2657.0
27.22296363906935,60,159484,2658.0666666666666
27.223355709109455,60,159548,2659.133333333333
27.22378744976595,60,159612,2660.2
27.224187420215458,60,159676,2661.266666666667
27.224588709883392,60,159740,2662.3333333333335
27.224950378760695,60,159804,2663.4
27.22530788788572,60,159868,2664.4666666666667
27.225725579075515,60,159932,2665.5333333333333
27.2261362997815,60,159996,2666.6
27.22654453990981,60,160060,2667.6666666666665
27.22696212120354,60,160124,2668.733333333333
27.227379891090095,60,160188,2669.8
27.227748380042613,60,160252,2670.866666666667
27.228206572122872,60,160316,2671.9333333333334
27.228680673986673,60,160380,2673.0
27.22913270490244,60,160444,2674.0666666666666
27.229563526809216,60,160508,2675.133333333333
27.229985907208174,60,160572,2676.2
27.230352947022766,60,160636,2677.266666666667
27.230757837183774,60,160700,2678.3333333333335
27.231126045808196,60,160764,2679.4
27.231491954997182,60,160828,2680.4666666666667
27.231898515019566,60,160892,2681.5333333333333
27.23225633520633,60,160956,2682.6
27.37000384600833,60,161020,2683.6666666666665
27.596842675935477,60,161062,2684.366666666667
27.596842675935477,60,161062,2684.366666666667
27.811049555893987,59,158395,2684.6610169491523
27.811626410111785,59,158459,2685.7457627118642
27.812103361822665,59,158523,2686.830508474576
27.81286860210821,59,158587,2687.915254237288
27.813351593911648,59,158651,2689.0
27.81378105515614,59,158715,2690.084745762712
27.814237266778946,59,158779,2691.169491525424
27.814642737153918,59,158843,2692.2542372881358
27.815061687957495,59,158907,2693.3389830508477
27.815478498116136,59,158971,2694.423728813559
27.81588786887005,59,159035,2695.508474576271
27.816279388032854,59,159099,2696.593220338983
27.81666717818007,59,159163,2697.677966101695
27.81709154881537,59,159227,2698.762711864407
27.81746696913615,59,159291,2699.8474576271187
27.81783479778096,59,159355,2700.9322033898306
27.819376316852868,59,159419,2702.0169491525426
27.819809628184885,59,159483,2703.101694915254
27.820236679166555,59,159547,2704.186440677966
27.820653738919646,59,159611,2705.271186440678
27.8210254390724,59,159675,2706.35593220339
27.821416188962758,59,159739,2707.4406779661017
27.821783327963203,59,159803,2708.5254237288136
27.822236058767885,59,159867,2709.6101694915255
27.82270540110767,59,159931,2710.6949152542375
27.823173802811652,59,159995,2711.7796610169494
27.82363408477977,59,160059,2712.864406779661
27.824017143808305,59,160123,2713.9491525423728
27.82438569376245,59,160187,2715.0338983050847
27.824782923795283,59,160251,2716.1186440677966
27.82521632499993,59,160315,2717.2033898305085
27.825640135910362,59,160379,2718.2881355932204
27.826013174839318,59,160443,2719.3728813559323
27.826444095931947,59,160507,2720.4576271186443
27.82681871484965,59,160571,2721.5423728813557
27.827217715792358,59,160635,2722.6271186440677
27.82763481605798,59,160699,2723.7118644067796
27.828046476934105,59,160763,2724.7966101694915
27.828449197113514,59,160827,2725.8813559322034
27.82881620619446,59,160891,2726.9661016949153
27.8291799351573,59,160955,2728.0508474576272
27.82959173619747,59,161019,2729.135593220339
27.82996455486864,59,161083,2730.2203389830506
27.830383815802634,59,161147,2731.3050847457625
27.830830607097596,59,161211,2732.3898305084745
27.831204907037318,59,161275,2733.4745762711864
27.831668737810105,59,161339,2734.5593220338983
27.8321126899682,59,161403,2735.64406779661
27.832603712100536,59,161467,2736.728813559322
27.833054384216666,59,161531,2737.813559322034
27.833487424068153,59,161595,2738.898305084746
27.83388828486204,59,161659,2739.9830508474574
27.834302824921906,59,161723,2741.0677966101694
27.83468756498769,59,161787,2742.1525423728813
27.835090344771743,59,161851,2743.237288135593
27.835468174889684,59,161915,2744.322033898305
27.83587897475809,59,161979,2745.406779661017
27.83624572493136,59,162043,2746.491525423729
27.973501923959702,59,162107,2747.576271186441
28.493288399185985,59,162171,2748.6610169491523
28.494241742882878,59,162235,2749.7457627118642
28.4949846919626,59,162299,2750.830508474576
28.495701789855957,59,162363,2751.915254237288
28.49641670798883,59,162427,2753.0
28.497054824139923,59,162491,2754.084745762712
28.497764912899584,59,162555,2755.169491525424
28.498673796188086,59,162619,2756.2542372881358
28.49951351713389,59,162683,2757.3389830508477
28.500269866082817,59,162747,2758.423728813559
28.501049275975674,59,162811,2759.508474576271
28.50178426411003,59,162875,2760.593220338983
28.50246483180672,59,162939,2761.677966101695
28.503181130159646,59,163003,2762.762711864407
28.503898308146745,59,163067,2763.8474576271187
28.504518894013017,59,163131,2764.9322033898306
28.505790456198156,59,163195,2766.0169491525426
28.50648330291733,59,163259,2767.101694915254
28.507231573108584,59,163323,2768.186440677966
28.50795122096315,59,163387,2769.271186440678
28.50863378820941,59,163451,2770.35593220339
28.509304245002568,59,163515,2771.4406779661017
28.51009017508477,59,163579,2772.5254237288136
28.510847494006157,59,163643,2773.6101694915255
28.511566551867872,59,163707,2774.6949152542375
28.512280541006476,59,163771,2775.7796610169494
28.512872816063464,59,163835,2776.864406779661
28.513236055150628,59,163899,2777.9491525423728
28.51361216418445,59,163963,2779.0338983050847
28.51398982387036,59,164027,2780.1186440677966
28.51440953509882,59,164091,2781.2033898305085
28.514837924856693,59,164155,2782.2881355932204
28.515884932130575,59,164219,2783.3728813559323
28.516441015992314,59,164283,2784.4576271186443
28.51684730593115,59,164347,2785.5423728813557
28.51721158483997,59,164411,2786.6271186440677
28.517708688043058,59,164475,2787.7118644067796
28.51818436011672,59,164539,2788.7966101694915
28.518667611759156,59,164603,2789.8813559322034
28.519073681905866,59,164667,2790.9661016949153
28.519523893948644,59,164731,2792.0508474576272
28.519943335093558,59,164795,2793.135593220339
28.520326723810285,59,164859,2794.2203389830506
28.52076374506578,59,164923,2795.3050847457625
28.52118429588154,59,164987,2796.3898305084745
28.521612617187202,59,165051,2797.4745762711864
28.522004196885973,59,165115,2798.5593220338983
28.522398617118597,59,165179,2799.64406779661
28.522818968165666,59,165243,2800.728813559322
28.523229627870023,59,165307,2801.813559322034
28.523645368870348,59,165371,2802.898305084746
28.524043139070272,59,165435,2803.9830508474574
28.524469018913805,59,165499,2805.0677966101694
28.5248429691419,59,165563,2806.1525423728813
28.525248119141906,59,165627,2807.237288135593
28.52563260914758,59,165691,2808.322033898305
28.526073779910803,59,165755,2809.406779661017
28.52645588014275,59,165819,2810.491525423729
28.650143664795905,59,165883,2811.576271186441
29.093226816039532,59,165947,2812.6610169491523
29.09385243197903,59,166011,2813.7457627118642
29.094297452829778,59,166075,2814.830508474576
29.09478111518547,59,166139,2815.915254237288
29.095176725182682,59,166203,2817.0
29.095924303866923,59,166267,2818.084745762712
29.096419957000762,59,166331,2819.169491525424
29.096860087942332,59,166395,2820.2542372881358
29.09731651004404,59,166459,2821.3389830508477
29.09775773109868,59,166523,2822.423728813559
29.098182762041688,59,166587,2823.508474576271
29.098601972218603,59,166651,2824.593220338983
29.098990632221103,59,166715,2825.677966101695
29.09941748296842,59,166779,2826.762711864407
29.099867873825133,59,166843,2827.8474576271187
29.100258253980428,59,166907,2828.9322033898306
29.10107412515208,59,166971,2830.0169491525426
29.101512296125293,59,167035,2831.101694915254
29.10196789680049,59,167099,2832.186440677966
29.10237817792222,59,167163,2833.271186440678
29.10277094785124,59,167227,2834.35593220339
29.103160268161446,59,167291,2835.4406779661017
29.10359154921025,59,167355,2836.5254237288136
29.10402850015089,59,167419,2837.6101694915255
29.104487631935626,59,167483,2838.6949152542375
29.10496247280389,59,167547,2839.7796610169494
29.10545595595613,59,167611,2840.864406779661
29.10586708690971,59,167675,2841.9491525423728
29.10627468721941,59,167739,2843.0338983050847
29.106697727926075,59,167803,2844.1186440677966
29.10715515911579,59,167867,2845.2033898305085
29.107604019809514,59,167931,2846.2881355932204
29.108667126856744,59,167995,2847.3728813559323
29.10917459987104,59,168059,2848.4576271186443
29.109571849927306,59,168123,2849.5423728813557
29.109987020958215,59,168187,2850.6271186440677
29.11040946189314,59,168251,2851.7118644067796
29.11083804210648,59,168315,2852.7966101694915
29.111249832902104,59,168379,2853.8813559322034
29.111635913141072,59,168443,2854.9661016949153
29.112069523893297,59,168507,2856.0508474576272
29.11249843519181,59,168571,2857.135593220339
29.112869563978165,59,168635,2858.2203389830506
29.11330109508708,59,168699,2859.3050847457625
29.11376832704991,59,168763,2860.3898305084745
29.11417113710195,59,168827,2861.4745762711864
29.114655648823828,59,168891,2862.5593220338983
29.11512449104339,59,168955,2863.64406779661
29.115627704188228,59,169019,2864.728813559322
29.116085795219988,59,169083,2865.813559322034
29.11652197688818,59,169147,2866.898305084746
29.116934186778963,59,169211,2867.9830508474574
29.11735968803987,59,169275,2869.0677966101694
29.117754788137972,59,169339,2870.1525423728813
29.118170958012342,59,169403,2871.237288135593
29.118560757953674,59,169467,2872.322033898305
29.11899984907359,59,169531,2873.406779661017
29.119381648954004,59,169595,2874.491525423729
29.257699134759605,59,169659,2875.576271186441
29.372528105974197,59,169689,2876.084745762712
29.372528105974197,59,169689,2876.084745762712
29.702136059757322,58,166842,2876.5862068965516
29.70273682521656,58,166906,2877.689655172414
29.703203606884927,58,166970,2878.793103448276
29.703676668927073,58,167034,2879.896551724138
29.70453716116026,58,167098,2881.0
29.704977022018284,58,167162,2882.103448275862
29.70548249501735,58,167226,2883.206896551724
29.705900935921818,58,167290,2884.310344827586
29.706345587037504,58,167354,2885.4137931034484
29.70678547816351,58,167418,2886.5172413793102
29.707211528904736,58,167482,2887.6206896551726
29.707638550084084,58,167546,2888.7241379310344
29.70803279010579,58,167610,2889.8275862068967
29.70847856113687,58,167674,2890.9310344827586
29.70891441218555,58,167738,2892.0344827586205
29.70930896187201,58,167802,2893.137931034483
29.710083432029933,58,167866,2894.2413793103447
29.71053749276325,58,167930,2895.344827586207
29.71099275490269,58,167994,2896.448275862069
29.711408734787256,58,168058,2897.551724137931
29.711816505994648,58,168122,2898.655172413793
29.712212315760553,58,168186,2899.7586206896553
29.712660546880215,58,168250,2900.862068965517
29.713125279173255,58,168314,2901.9655172413795
29.71359286084771,58,168378,2903.0689655172414
29.714083972852677,58,168442,2904.1724137931033
29.714582846034318,58,168506,2905.2758620689656
29.71501384722069,58,168570,2906.3793103448274
29.71541132684797,58,168634,2907.4827586206898
29.715824036858976,58,168698,2908.5862068965516
29.716267159208655,58,168762,2909.689655172414
29.716710039880127,58,168826,2910.793103448276
29.717803666833788,58,168890,2911.896551724138
29.718213757965714,58,168954,2913.0
29.71866527898237,58,169018,2914.103448275862
29.719057239126414,58,169082,2915.206896551724
29.71948922984302,58,169146,2916.310344827586
29.7199226510711,58,169210,2917.4137931034484
29.72030932083726,58,169274,2918.5172413793102
29.720737922005355,58,169338,2919.6206896551726
29.721182902809232,58,169402,2920.7241379310344
29.721623414196074,58,169466,2921.8275862068967
29.722009064164013,58,169530,2922.9310344827586
29.722505437210202,58,169594,2924.0344827586205
29.72294535813853,58,169658,2925.137931034483
29.723456990905106,58,169722,2926.2413793103447
29.723937353119254,58,169786,2927.344827586207
29.724408154841512,58,169850,2928.448275862069
29.724880177062005,58,169914,2929.551724137931
29.725321677979082,58,169978,2930.655172413793
29.725767569150776,58,170042,2931.7586206896553
29.726179089862853,58,170106,2932.862068965517
29.726620391011238,58,170170,2933.9655172413795
29.72701355116442,58,170234,2935.0689655172414
29.72744976216927,58,170298,2936.1724137931033
29.727842532098293,58,170362,2937.2758620689656
29.728277632966638,58,170426,2938.3793103448274
29.865993204060942,58,170490,2939.4827586206898
30.31134907202795,58,170554,2940.5862068965516
30.312032689806074,58,170618,2941.689655172414
30.31253047194332,58,170682,2942.793103448276
30.312980194110423,58,170746,2943.896551724138
30.313516086898744,58,170810,2945.0
30.314337408170104,58,170874,2946.103448275862
30.314873451832682,58,170938,2947.206896551724
30.315297712106258,58,171002,2948.310344827586
30.315764063969254,58,171066,2949.4137931034484
30.316200925037265,58,171130,2950.5172413793102
30.316651897039264,58,171194,2951.6206896551726
30.317081958055496,58,171258,2952.7241379310344
30.317494607996196,58,171322,2953.8275862068967
30.317942809779197,58,171386,2954.9310344827586
30.31838527088985,58,171450,2956.0344827586205
30.318789361044765,58,171514,2957.137931034483
30.319615441840142,58,171578,2958.2413793103447
30.320062142796814,58,171642,2959.344827586207
30.320531425066292,58,171706,2960.448275862069
30.320959736127406,58,171770,2961.551724137931
30.321355666033924,58,171834,2962.655172413793
30.321755135897547,58,171898,2963.7586206896553
30.322248368058354,58,171962,2964.862068965517
30.322674359194934,58,172026,2965.9655172413795
30.32316748192534,58,172090,2967.0689655172414
30.323679024819285,58,172154,2968.1724137931033
30.324170297011733,58,172218,2969.2758620689656
30.324595888145268,58,172282,2970.3793103448274
30.32499778782949,58,172346,2971.4827586206898
30.325398608110845,58,172410,2972.5862068965516
30.32586072012782,58,172474,2973.689655172414
30.326301970984787,58,172538,2974.793103448276
30.327441310044378,58,172602,2975.896551724138
30.32786041079089,58,172666,2977.0
30.328308632131666,58,172730,2978.103448275862
30.32871451182291,58,172794,2979.206896551724
30.32914211321622,58,172858,2980.310344827586
30.32958641415462,58,172922,2981.4137931034484
30.32997892377898,58,172986,2982.5172413793102
30.330403535161167,58,173050,2983.6206896551726
30.330861687194556,58,173114,2984.7241379310344
30.331302187871188,58,173178,2985.8275862068967
30.33172625908628,58,173242,2986.9310344827586
30.332167520187795,58,173306,2988.0344827586205
30.332690932787955,58,173370,2989.137931034483
30.33320256602019,58,173434,2990.2413793103447
30.333693788852543,58,173498,2991.344827586207
30.334144480060786,58,173562,2992.448275862069
30.33459988096729,58,173626,2993.551724137931
30.33504668297246,58,173690,2994.655172413793
30.335489814169705,58,173754,2995.7586206896553
30.335910834837705,58,173818,2996.862068965517
30.336353085935116,58,173882,2997.9655172413795
30.33680947776884,58,173946,2999.0689655172414
30.337241598870605,58,174010,3000.1724137931033
30.337648569140583,58,174074,3001.2758620689656
30.3380901501514,58,174138,3002.3793103448274
30.47585705202073,58,174202,3003.4827586206898
30.600030168890953,58,174233,3004.0172413793102
30.600030168890953,58,174233,3004.0172413793102
30.818924897816032,57,171247,3004.3333333333335
30.818924897816032,57,171247,3004.3333333333335
30.92023785598576,56,168248,3004.4285714285716
30.92086822213605,56,168312,3005.5714285714284
30.921341213863343,56,168376,3006.714285714286
30.92216653516516,56,168440,3007.8571428571427
30.922737839166075,56,168504,3009.0
30.923261961899698,56,168568,3010.1428571428573
30.923744624946266,56,168632,3011.285714285714
30.924264907836914,56,168696,3012.4285714285716
30.924698079004884,56,168760,3013.5714285714284
30.925155080854893,56,168824,3014.714285714286
30.925634902901947,56,168888,3015.8571428571427
30.926078394055367,56,168952,3017.0
30.926516654901206,56,169016,3018.1428571428573
30.92696551606059,56,169080,3019.285714285714
30.927413527853787,56,169144,3020.4285714285716
30.927822288125753,56,169208,3021.5714285714284
30.928522455971688,56,169272,3022.714285714286
30.928974276874214,56,169336,3023.8571428571427
30.929405667819083,56,169400,3025.0
30.93075280217454,56,169464,3026.1428571428573
30.931176803074777,56,169528,3027.285714285714
30.931604033801705,56,169592,3028.4285714285716
30.932098537217826,56,169656,3029.5714285714284
30.932625339832157,56,169720,3030.714285714286
30.93314522318542,56,169784,3031.8571428571427
30.933641185052693,56,169848,3033.0
30.934047506190836,56,169912,3034.1428571428573
30.934456516057253,56,169976,3035.285714285714
30.934864196926355,56,170040,3036.4285714285716
30.93531687790528,56,170104,3037.5714285714284
30.935788659844548,56,170168,3038.714285714286
30.93623969098553,56,170232,3039.8571428571427
30.936655651777983,56,170296,3041.0
30.93711806414649,56,170360,3042.1428571428573
30.937532924115658,56,170424,3043.285714285714
30.937993456143886,56,170488,3044.4285714285716
30.938395435921848,56,170552,3045.5714285714284
30.938844196964055,56,170616,3046.714285714286
30.939291859045625,56,170680,3047.8571428571427
30.939701579045504,56,170744,3049.0
30.94013760983944,56,170808,3050.1428571428573
30.940618922002614,56,170872,3051.285714285714
30.941068323794752,56,170936,3052.4285714285716
30.941607667133212,56,171000,3053.5714285714284
30.942128120921552,56,171064,3054.714285714286
30.94258946320042,56,171128,3055.8571428571427
30.94304916402325,56,171192,3057.0
30.943507725838572,56,171256,3058.1428571428573
30.94395780703053,56,171320,3059.285714285714
30.94439533818513,56,171384,3060.4285714285716
30.94483305886388,56,171448,3061.5714285714284
30.94528173096478,56,171512,3062.714285714286
30.945730172097683,56,171576,3063.8571428571427
30.94613362196833,56,171640,3065.0
30.94659341406077,56,171704,3066.1428571428573
31.08425552304834,56,171768,3067.285714285714
31.60002786712721,56,171832,3068.4285714285716
31.600775726139545,56,171896,3069.5714285714284
31.60122381709516,56,171960,3070.714285714286
31.60174748999998,56,172024,3071.8571428571427
31.602270892821252,56,172088,3073.0
31.60324278799817,56,172152,3074.1428571428573
31.60371086979285,56,172216,3075.285714285714
31.60420311195776,56,172280,3076.4285714285716
31.604642224032432,56,172344,3077.5714285714284
31.60510711511597,56,172408,3078.714285714286
31.605595318134874,56,172472,3079.8571428571427
31.606050808914006,56,172536,3081.0
31.606500410940498,56,172600,3082.1428571428573
31.606958251912147,56,172664,3083.285714285714
31.607418153900653,56,172728,3084.4285714285716
31.60783940507099,56,172792,3085.5714285714284
31.608832969795913,56,172856,3086.714285714286
31.60929792188108,56,172920,3087.8571428571427
31.6097556729801,56,172984,3089.0
31.610173543915153,56,173048,3090.1428571428573
31.610619024839252,56,173112,3091.285714285714
31.611114397179335,56,173176,3092.4285714285716
31.61163733107969,56,173240,3093.5714285714284
31.61215078411624,56,173304,3094.714285714286
31.612677306868136,56,173368,3095.8571428571427
31.613149438984692,56,173432,3097.0
31.613577830139548,56,173496,3098.1428571428573
31.613978379871696,56,173560,3099.285714285714
31.61440381081775,56,173624,3100.4285714285716
31.61487949313596,56,173688,3101.5714285714284
31.615345934871584,56,173752,3102.714285714286
31.615814006887376,56,173816,3103.8571428571427
31.616917294915766,56,173880,3105.0
31.617437858134508,56,173944,3106.1428571428573
31.617859608028084,56,174008,3107.285714285714
31.61831662990153,56,174072,3108.4285714285716
31.618746250867844,56,174136,3109.5714285714284
31.619191862177104,56,174200,3110.714285714286
31.61966742388904,56,174264,3111.8571428571427
31.620129595976323,56,174328,3113.0
31.62062636902556,56,174392,3114.1428571428573
31.621158211957663,56,174456,3115.285714285714
31.621704225894064,56,174520,3116.4285714285716
31.62221513921395,56,174584,3117.5714285714284
31.62270469078794,56,174648,3118.714285714286
31.623123441822827,56,174712,3119.8571428571427
31.623580052983016,56,174776,3121.0
31.624020544812083,56,174840,3122.1428571428573
31.62449015583843,56,174904,3123.285714285714
31.624941607937217,56,174968,3124.4285714285716
31.62537373881787,56,175032,3125.5714285714284
31.625844281166792,56,175096,3126.714285714286
31.626287581864744,56,175160,3127.8571428571427
31.62670866306871,56,175224,3129.0
31.627168573904783,56,175288,3130.1428571428573
31.764483705163002,56,175352,3131.285714285714
32.471879994962364,56,175416,3132.4285714285716
32.473306621890515,56,175480,3133.5714285714284
32.47441507875919,56,175544,3134.714285714286
32.47545269597322,56,175608,3135.8571428571427
32.47651264304295,56,175672,3137.0
32.478375509846956,56,175736,3138.1428571428573
32.479411396197975,56,175800,3139.285714285714
32.48059818614274,56,175864,3140.4285714285716
32.481618261896074,56,175928,3141.5714285714284
32.4827114501968,56,175992,3142.714285714286
32.48379081720486,56,176056,3143.8571428571427
32.48480610316619,56,176120,3145.0
32.48579655820504,56,176184,3146.1428571428573
32.48665599990636,56,176248,3147.285714285714
32.487146362196654,56,176312,3148.4285714285716
32.48756178282201,56,176376,3149.5714285714284
32.488663150928915,56,176440,3150.714285714286
32.48911647219211,56,176504,3151.8571428571427
32.489556313026696,56,176568,3153.0
32.489960183855146,56,176632,3154.1428571428573
32.49035037308931,56,176696,3155.285714285714
32.49079368496314,56,176760,3156.4285714285716
32.49120698496699,56,176824,3157.5714285714284
32.49163457611576,56,176888,3158.714285714286
32.49206003686413,56,176952,3159.8571428571427
32.492496837861836,56,177016,3161.0
32.49288255814463,56,177080,3162.1428571428573
32.493260136805475,56,177144,3163.285714285714
32.49366802722216,56,177208,3164.4285714285716
32.49411278916523,56,177272,3165.5714285714284
32.494563589803874,56,177336,3166.714285714286
32.49500099103898,56,177400,3167.8571428571427
32.49594054510817,56,177464,3169.0
32.49643721804023,56,177528,3170.1428571428573
32.49684549821541,56,177592,3171.285714285714
32.497273488901556,56,177656,3172.4285714285716
32.497679429128766,56,177720,3173.5714285714284
32.49810511991382,56,177784,3174.714285714286
32.498538720887154,56,177848,3175.8571428571427
32.49893671087921,56,177912,3177.0
32.49934420082718,56,177976,3178.1428571428573
32.499785682186484,56,178040,3179.285714285714
32.50021497299895,56,178104,3180.4285714285716
32.50077586714178,56,178168,3181.5714285714284
32.50137401279062,56,178232,3182.714285714286
32.50191772682592,56,178296,3183.8571428571427
32.502470429986715,56,178360,3185.0
32.50311958696693,56,178424,3186.1428571428573
32.50378239387646,56,178488,3187.285714285714
32.50453699287027,56,178552,3188.4285714285716
32.505200690124184,56,178616,3189.5714285714284
32.505820605903864,56,178680,3190.714285714286
32.50638514012098,56,178744,3191.8571428571427
32.50692526297644,56,178808,3193.0
32.50739555479959,56,178872,3194.1428571428573
32.65573826478794,56,178936,3195.285714285714
33.23516724212095,56,179000,3196.4285714285716
33.23598172189668,56,179064,3197.5714285714284
33.236524146050215,56,179128,3198.714285714286
33.23698443779722,56,179192,3199.8571428571427
33.23754480201751,56,179256,3201.0
33.23854175815359,56,179320,3202.1428571428573
33.23902685008943,56,179384,3203.285714285714
33.23955580312759,56,179448,3204.4285714285716
33.239987143781036,56,179512,3205.5714285714284
33.24049067683518,56,179576,3206.714285714286
33.240996019914746,56,179640,3207.8571428571427
33.24147611204535,56,179704,3209.0
33.24193206289783,56,179768,3210.1428571428573
33.24240393517539,56,179832,3211.285714285714
33.24289071792737,56,179896,3212.4285714285716
33.243313908111304,56,179960,3213.5714285714284
33.24414889002219,56,180024,3214.714285714286
33.244636692106724,56,180088,3215.8571428571427
33.24511078419164,56,180152,3217.0
33.2455461951904,56,180216,3218.1428571428573
33.24597039585933,56,180280,3219.285714285714
33.24644379783422,56,180344,3220.4285714285716
33.24697077088058,56,180408,3221.5714285714284
33.24750499520451,56,180472,3222.714285714286
33.248040228150785,56,180536,3223.8571428571427
33.24854388087988,56,180600,3225.0
33.24897712189704,56,180664,3226.1428571428573
33.249385552015156,56,180728,3227.285714285714
33.249834573827684,56,180792,3228.4285714285716
33.25030913576484,56,180856,3229.5714285714284
33.25080875819549,56,180920,3230.714285714286
33.25127848004922,56,180984,3231.8571428571427
33.25246647093445,56,181048,3233.0
33.25297595281154,56,181112,3234.1428571428573
33.25340843386948,56,181176,3235.285714285714
33.25389363616705,56,181240,3236.4285714285716
33.2543174168095,56,181304,3237.5714285714284
33.25478974916041,56,181368,3238.714285714286
33.255269051063806,56,181432,3239.8571428571427
33.25573083292693,56,181496,3241.0
33.256177433766425,56,181560,3242.1428571428573
33.25673710880801,56,181624,3243.285714285714
33.25729119312018,56,181688,3244.4285714285716
33.25784824695438,56,181752,3245.5714285714284
33.25835064984858,56,181816,3246.714285714286
33.25879423087463,56,181880,3247.8571428571427
33.25924687180668,56,181944,3249.0
33.2597101139836,56,182008,3250.1428571428573
33.26018699584529,56,182072,3251.285714285714
33.26065315818414,56,182136,3252.4285714285716
33.261110418941826,56,182200,3253.5714285714284
33.26159389177337,56,182264,3254.714285714286
33.26205481402576,56,182328,3255.8571428571427
33.26248490391299,56,182392,3257.0
33.26296064583585,56,182456,3258.1428571428573
33.400590154808015,56,182520,3259.285714285714
33.42024615313858,56,182540,3259.6428571428573
33.42024615313858,56,182540,3259.6428571428573
33.86657766578719,55,179319,3260.3454545454547
33.87182964896783,55,179383,3261.509090909091
33.87232854217291,55,179447,3262.672727272727
33.87283692415804,55,179511,3263.836363636364
33.873324886895716,55,179575,3265.0
33.87381826015189,55,179639,3266.163636363636
33.87470610206947,55,179703,3267.327272727273
33.87516029411927,55,179767,3268.490909090909
33.875669695902616,55,179831,3269.6545454545453
33.87610160699114,55,179895,3270.818181818182
33.87658656993881,55,179959,3271.981818181818
33.87709561176598,55,180023,3273.1454545454544
33.877628026064485,55,180087,3274.309090909091
33.878099508117884,55,180151,3275.4727272727273
33.87866413220763,55,180215,3276.6363636363635
33.87921179598197,55,180279,3277.8
33.88081906689331,55,180343,3278.9636363636364
33.88131560990587,55,180407,3280.1272727272726
33.881801832001656,55,180471,3281.2909090909093
33.882249822840095,55,180535,3282.4545454545455
33.88274280587211,55,180599,3283.6181818181817
33.88320690719411,55,180663,3284.7818181818184
33.8836871990934,55,180727,3285.9454545454546
33.88416715199128,55,180791,3287.109090909091
33.884649343788624,55,180855,3288.2727272727275
33.88507602503523,55,180919,3289.4363636363637
33.88556066714227,55,180983,3290.6
33.88597828801721,55,181047,3291.7636363636366
33.88640992902219,55,181111,3292.927272727273
33.88692509196699,55,181175,3294.090909090909
33.88740881392732,55,181239,3295.2545454545457
33.887979378923774,55,181303,3296.418181818182
33.8884645011276,55,181367,3297.581818181818
33.88903327519074,55,181431,3298.7454545454543
33.88951809704304,55,181495,3299.909090909091
33.89001293014735,55,181559,3301.072727272727
33.890461231116205,55,181623,3302.2363636363634
33.890938052907586,55,181687,3303.4
33.891380393877625,55,181751,3304.5636363636363
33.8918596371077,55,181815,3305.7272727272725
33.892342519015074,55,181879,3306.890909090909
33.892846181988716,55,181943,3308.0545454545454
33.89333981415257,55,182007,3309.2181818181816
33.89384754700586,55,182071,3310.3818181818183
33.89432416902855,55,182135,3311.5454545454545
33.89476017979905,55,182199,3312.7090909090907
33.895216742064804,55,182263,3313.8727272727274
33.89569079410285,55,182327,3315.0363636363636
33.89617316611111,55,182391,3316.2
33.896692369133234,55,182455,3317.3636363636365
33.89714144077152,55,182519,3318.5272727272727
33.89769878517836,55,182583,3319.690909090909
33.89817452710122,55,182647,3320.8545454545456
33.89872862119228,55,182711,3322.018181818182
34.15729693509638,55,182775,3323.181818181818
34.37241054698825,55,182807,3323.7636363636366
34.37241054698825,55,182807,3323.7636363636366
34.687163854949176,54,179510,3324.259259259259
34.688002795912325,54,179574,3325.4444444444443
34.68851265916601,54,179638,3326.6296296296296
34.68908920418471,54,179702,3327.814814814815
34.68967448780313,54,179766,3329.0
34.69059194205329,54,179830,3330.185185185185
34.69112439500168,54,179894,3331.3703703703704
34.69161440804601,54,179958,3332.5555555555557
34.692128920927644,54,180022,3333.740740740741
34.69258941197768,54,180086,3334.925925925926
34.693093394860625,54,180150,3336.1111111111113
34.693632069043815,54,180214,3337.296296296296
34.69414773210883,54,180278,3338.4814814814813
34.69465753482655,54,180342,3339.6666666666665
34.695168057922274,54,180406,3340.8518518518517
34.69568295078352,54,180470,3342.037037037037
34.696598703972995,54,180534,3343.222222222222
34.6971142468974,54,180598,3344.4074074074074
34.69766136119142,54,180662,3345.5925925925926
34.69812941318378,54,180726,3346.777777777778
34.698705506976694,54,180790,3347.962962962963
34.69926160108298,54,180854,3349.1481481481483
34.69980795495212,54,180918,3350.3333333333335
34.70031091803685,54,180982,3351.5185185185187
34.700806530192494,54,181046,3352.703703703704
34.70131099317223,54,181110,3353.8888888888887
34.70177128491923,54,181174,3355.074074074074
34.70225486718118,54,181238,3356.259259259259
34.70270128920674,54,181302,3357.4444444444443
34.70320525113493,54,181366,3358.6296296296296
34.70374528504908,54,181430,3359.814814814815
34.704250807873905,54,181494,3361.0
34.70545689901337,54,181558,3362.185185185185
34.70601756311953,54,181622,3363.3703703703704
34.706490505021065,54,181686,3364.5555555555557
34.70702633820474,54,181750,3365.740740740741
34.70747944014147,54,181814,3366.925925925926
34.708072614856064,54,181878,3368.1111111111113
34.70863291900605,54,181942,3369.296296296296
34.709154571872205,54,182006,3370.4814814814813
34.7097143959254,54,182070,3371.6666666666665
34.710244229994714,54,182134,3372.8518518518517
34.71075594285503,54,182198,3374.037037037037
34.71128595620394,54,182262,3375.222222222222
34.71180794900283,54,182326,3376.4074074074074
34.712257761042565,54,182390,3377.5925925925926
34.712729323189706,54,182454,3378.777777777778
34.71321955509484,54,182518,3379.962962962963
34.71372414799407,54,182582,3381.1481481481483
34.714215021114796,54,182646,3382.3333333333335
34.71469561289996,54,182710,3383.5185185185187
34.715161194093525,54,182774,3384.703703703704
34.71568315802142,54,182838,3385.8888888888887
34.85268998006359,54,182902,3387.074074074074
35.302136132027954,54,182966,3388.259259259259
35.302947512827814,54,183030,3389.4444444444443
35.303465365897864,54,183094,3390.6296296296296
35.30391469690949,54,183158,3391.814814814815
35.30451030191034,54,183222,3393.0
35.30507515696809,54,183286,3394.185185185185
35.30564807076007,54,183350,3395.3703703703704
35.30612555285916,54,183414,3396.5555555555557
35.3069070330821,54,183478,3397.740740740741
35.3073634239845,54,183542,3398.925925925926
35.307880708016455,54,183606,3400.1111111111113
35.30839395103976,54,183670,3401.296296296296
35.308903174009174,54,183734,3402.4814814814813
35.309411127120256,54,183798,3403.6666666666665
35.30996544100344,54,183862,3404.8518518518517
35.310467682778835,54,183926,3406.037037037037
35.311821756884456,54,183990,3407.222222222222
35.31233244994655,54,184054,3408.4074074074074
35.31282984279096,54,184118,3409.5925925925926
35.31329993484542,54,184182,3410.777777777778
35.313844609074295,54,184246,3411.962962962963
35.31439433293417,54,184310,3413.1481481481483
35.31496178684756,54,184374,3414.3333333333335
35.31548801017925,54,184438,3415.5185185185187
35.3159962031059,54,184502,3416.703703703704
35.316494786180556,54,184566,3417.8888888888887
35.31693494692445,54,184630,3419.074074074074
35.31740972911939,54,184694,3420.259259259259
35.31785369012505,54,184758,3421.4444444444443
35.31836366280913,54,184822,3422.6296296296296
35.318879046011716,54,184886,3423.814814814815
35.319382898975164,54,184950,3425.0
35.31983459088951,54,185014,3426.185185185185
35.32034387299791,54,185078,3427.3703703703704
35.32079984480515,54,185142,3428.5555555555557
35.32130313804373,54,185206,3429.740740740741
35.32175829913467,54,185270,3430.925925925926
35.322238761000335,54,185334,3432.1111111111113
35.32276638504118,54,185398,3433.296296296296
35.32320455601439,54,185462,3434.4814814814813
35.323724418878555,54,185526,3435.6666666666665
35.32417922094464,54,185590,3436.8518518518517
35.3246985739097,54,185654,3438.037037037037
35.32527878880501,54,185718,3439.222222222222
35.32583800284192,54,185782,3440.4074074074074
35.326305555179715,54,185846,3441.5925925925926
35.32679542712867,54,185910,3442.777777777778
35.32727858889848,54,185974,3443.962962962963
35.3281248412095,54,186038,3445.1481481481483
35.328621143009514,54,186102,3446.3333333333335
35.32911845576018,54,186166,3447.5185185185187
35.32957834703848,54,186230,3448.703703703704
35.33009409997612,54,186294,3449.8888888888887
35.35335682006553,54,186300,3450.0
35.35335682006553,54,186300,3450.0
35.46825855318457,53,182901,3450.9622641509436
35.91822393704206,53,182965,3452.169811320755
35.919024168048054,53,183029,3453.377358490566
35.919564730953425,53,183093,3454.5849056603774
35.92012864584103,53,183157,3455.7924528301887
35.92070756992325,53,183221,3457.0
35.92170043475926,53,183285,3458.2075471698113
35.92224815906957,53,183349,3459.4150943396226
35.922725420910865,53,183413,3460.622641509434
35.92323866393417,53,183477,3461.830188679245
35.92370373615995,53,183541,3463.0377358490564
35.924208829179406,53,183605,3464.245283018868
35.92473950283602,53,183669,3465.4528301886794
35.925236475188285,53,183733,3466.6603773584907
35.9257507477887,53,183797,3467.867924528302
35.92627293104306,53,183861,3469.0754716981132
35.926864276174456,53,183925,3470.2830188679245
35.927872132044286,53,183989,3471.490566037736
35.928384714759886,53,184053,3472.698113207547
35.92892199801281,53,184117,3473.9056603773583
35.92935917992145,53,184181,3475.1132075471696
35.92986601218581,53,184245,3476.3207547169814
35.93045092700049,53,184309,3477.5283018867926
35.93100316077471,53,184373,3478.735849056604
35.931549314875156,53,184437,3479.943396226415
35.93205121811479,53,184501,3481.1509433962265
35.93256730120629,53,184565,3482.3584905660377
35.93306651385501,53,184629,3483.566037735849
35.93356959614903,53,184693,3484.7735849056603
35.93401175783947,53,184757,3485.9811320754716
35.93452306976542,53,184821,3487.188679245283
35.93505171407014,53,184885,3488.396226415094
35.93556643696502,53,184949,3489.603773584906
35.93665225384757,53,185013,3490.811320754717
35.93718892801553,53,185077,3492.0188679245284
35.9377217721194,53,185141,3493.2264150943397
35.93818909302354,53,185205,3494.433962264151
35.93872388685122,53,185269,3495.6415094339623
35.93921635905281,53,185333,3496.8490566037735
35.939735382795334,53,185397,3498.056603773585
35.940311457030475,53,185461,3499.264150943396
35.94090516213328,53,185525,3500.4716981132074
35.94146130606532,53,185589,3501.6792452830186
35.9419664288871,53,185653,3502.8867924528304
35.94250674312934,53,185717,3504.0943396226417
35.94301674608141,53,185781,3505.301886792453
35.94347706716508,53,185845,3506.509433962264
35.943954619113356,53,185909,3507.7169811320755
35.94444767199457,53,185973,3508.9245283018868
35.94489831291139,53,186037,3510.132075471698
35.9454081361182,53,186101,3511.3396226415093
35.94591249898076,53,186165,3512.5471698113206
35.94640348106623,53,186229,3513.754716981132
36.084342488087714,53,186293,3514.9622641509436
36.432070781011134,53,186347,3515.9811320754716
36.432070781011134,53,186347,3515.9811320754716
36.53456087876111,52,182836,3516.076923076923
36.535230906214565,52,182900,3517.3076923076924
36.535732698161155,52,182964,3518.5384615384614
36.536682502832264,52,183028,3519.769230769231
36.53726424695924,52,183092,3521.0
36.53785703191534,52,183156,3522.230769230769
36.53844040678814,52,183220,3523.4615384615386
36.53892893018201,52,183284,3524.6923076923076
36.53946725279093,52,183348,3525.923076923077
36.53992676502094,52,183412,3527.153846153846
36.54044540785253,52,183476,3528.3846153846152
36.540975521784276,52,183540,3529.6153846153848
36.541489583905786,52,183604,3530.846153846154
36.54200124787167,52,183668,3532.076923076923
36.54253964079544,52,183732,3533.3076923076924
36.54306985484436,52,183796,3534.5384615384614
36.54476472688839,52,183860,3535.769230769231
36.54530140105635,52,183924,3537.0
36.5458455150947,52,183988,3538.230769230769
36.54630359681323,52,184052,3539.4615384615386
36.5468087089248,52,184116,3540.6923076923076
36.54738811403513,52,184180,3541.923076923077
36.54791156714782,52,184244,3543.153846153846
36.54845758108422,52,184308,3544.3846153846152
36.54896639380604,52,184372,3545.6153846153848
36.54949164716527,52,184436,3546.846153846154
36.550002430099994,52,184500,3548.076923076923
36.550511063076556,52,184564,3549.3076923076924
36.5509604238905,52,184628,3550.5384615384614
36.55148136802018,52,184692,3551.769230769231
36.55200100084767,52,184756,3553.0
36.55253404378891,52,184820,3554.230769230769
36.55299568595365,52,184884,3555.4615384615386
36.55353232007474,52,184948,3556.6923076923076
36.55404205294326,52,185012,3557.923076923077
36.55455727595836,52,185076,3559.153846153846
36.55505419801921,52,185140,3560.3846153846152
36.555598272010684,52,185204,3561.6153846153848
36.556095784995705,52,185268,3562.846153846154
36.55668614991009,52,185332,3564.076923076923
36.55727817490697,52,185396,3565.3076923076924
36.55786287877709,52,185460,3566.5384615384614
36.55837899306789,52,185524,3567.769230769231
36.55891578597948,52,185588,3569.0
36.559451850131154,52,185652,3570.230769230769
36.55991453118622,52,185716,3571.4615384615386
36.5603971038945,52,185780,3572.6923076923076
36.56090222718194,52,185844,3573.923076923077
36.56135819805786,52,185908,3575.153846153846
36.56190082198009,52,185972,3576.3846153846152
36.56250297697261,52,186036,3577.6153846153848
36.70122366305441,52,186100,3578.846153846154
37.15294333221391,52,186164,3580.076923076923
37.15368663100526,52,186228,3581.3076923076924
37.154192093759775,52,186292,3582.5384615384614
37.15474587818608,52,186356,3583.769230769231
37.1553167719394,52,186420,3585.0
37.15636174893007,52,186484,3586.230769230769
37.156936834100634,52,186548,3587.4615384615386
37.157435095869005,52,186612,3588.6923076923076
37.15796494903043,52,186676,3589.923076923077
37.15844095218927,52,186740,3591.153846153846
37.15895680477843,52,186804,3592.3846153846152
37.159503219183534,52,186868,3593.6153846153848
37.16001488082111,52,186932,3594.846153846154
37.16054463479668,52,186996,3596.076923076923
37.16106671793386,52,187060,3597.3076923076924
37.1615904411301,52,187124,3598.5384615384614
37.16252779494971,52,187188,3599.769230769231
37.163071039132774,52,187252,3601.0
37.1635952219367,52,187316,3602.230769230769
37.164074123837054,52,187380,3603.4615384615386
37.164532396011055,52,187444,3604.6923076923076
37.165118040982634,52,187508,3605.923076923077
37.16563670383766,52,187572,3607.153846153846
37.166204617824405,52,187636,3608.3846153846152
37.166763212066144,52,187700,3609.6153846153848
37.16727769607678,52,187764,3610.846153846154
37.16781991906464,52,187828,3612.076923076923
37.16833102190867,52,187892,3613.3076923076924
37.16879678377882,52,187956,3614.5384615384614
37.16931461682543,52,188020,3615.769230769231
37.16985313082114,52,188084,3617.0
37.17037255410105,52,188148,3618.230769230769
37.17147176200524,52,188212,3619.4615384615386
37.17205140599981,52,188276,3620.6923076923076
37.17259360989556,52,188340,3621.923076923077
37.17309955321252,52,188404,3623.153846153846
37.1736404071562,52,188468,3624.3846153846152
37.17415136983618,52,188532,3625.6153846153848
37.17467438289896,52,188596,3626.846153846154
37.1752705280669,52,188660,3628.076923076923
37.17587763397023,52,188724,3629.3076923076924
37.17645167792216,52,188788,3630.5384615384614
37.17698443122208,52,188852,3631.769230769231
37.17752950498834,52,188916,3633.0
37.17805203795433,52,188980,3634.230769230769
37.17854016087949,52,189044,3635.4615384615386
37.17903935397044,52,189108,3636.6923076923076
37.1795536368154,52,189172,3637.923076923077
37.18001606781036,52,189236,3639.153846153846
37.180548422038555,52,189300,3640.3846153846152
37.181059864815325,52,189364,3641.6153846153848
37.320826266892254,52,189428,3642.846153846154
37.68128959275782,52,189483,3643.903846153846
37.68128959275782,52,189483,3643.903846153846
37.68188405921683,51,185834,3643.8039215686276
37.68188405921683,51,185834,3643.8039215686276
37.7733889981173,50,182194,3643.88
37.77390616107732,50,182258,3645.16
37.774274189956486,50,182322,3646.44
37.775036389008164,50,182386,3647.72
37.775415879208595,50,182450,3649.0
37.77580722887069,50,182514,3650.28
37.77618434885517,50,182578,3651.56
37.77653972711414,50,182642,3652.84
37.776916346978396,50,182706,3654.12
37.77725465595722,50,182770,3655.4
37.77763289492577,50,182834,3656.68
37.77801855513826,50,182898,3657.96
37.7783833341673,50,182962,3659.24
37.77876752382144,50,183026,3660.52
37.77913605282083,50,183090,3661.8
37.77957221493125,50,183154,3663.08
37.78104904200882,50,183218,3664.36
37.78147209296003,50,183282,3665.64
37.781845902092755,50,183346,3666.92
37.78220721101388,50,183410,3668.2
37.78258918086067,50,183474,3669.48
37.782930829096586,50,183538,3670.76
37.78331615915522,50,183602,3672.04
37.78373552998528,50,183666,3673.32
37.78432388510555,50,183730,3674.6
37.78473695507273,50,183794,3675.88
37.785115954931825,50,183858,3677.16
37.78546137409285,50,183922,3678.44
37.78584738308564,50,183986,3679.72
37.78621662314981,50,184050,3681.0
37.78666666382924,50,184114,3682.28
37.787063484080136,50,184178,3683.56
37.78740476304665,50,184242,3684.84
37.787796462886035,50,184306,3686.12
37.788164861965925,50,184370,3687.4
37.78854144178331,50,184434,3688.68
37.78890490112826,50,184498,3689.96
37.78925300994888,50,184562,3691.24
37.789633709937334,50,184626,3692.52
37.79000155907124,50,184690,3693.8
37.79038240900263,50,184754,3695.08
37.79076994815841,50,184818,3696.36
37.79112689709291,50,184882,3697.64
37.79147790605202,50,184946,3698.92
37.79184818593785,50,185010,3700.2
37.79218402411789,50,185074,3701.48
37.79255457315594,50,185138,3702.76
37.79291155282408,50,185202,3704.04
37.79333787318319,50,185266,3705.32
37.92199575388804,50,185282,3705.64
37.92199575388804,50,185282,3705.64
37.94079980114475,49,181617,3706.469387755102
38.008745222818106,49,181642,3706.9795918367345
38.008745222818106,49,181642,3706.9795918367345
38.3896530168131,48,177968,3707.6666666666665
38.390201430767775,48,178032,3709.0
38.390587041154504,48,178096,3710.3333333333335
38.39097516098991,48,178160,3711.6666666666665
38.39166411804035,48,178224,3713.0
38.39209274901077,48,178288,3714.3333333333335
38.392492008861154,48,178352,3715.6666666666665
38.39284576801583,48,178416,3717.0
38.39322488801554,48,178480,3718.3333333333335
38.39357666578144,48,178544,3719.6666666666665
38.39395385608077,48,178608,3721.0
38.39434186602011,48,178672,3722.3333333333335
38.39472477603704,48,178736,3723.6666666666665
38.39510143501684,48,178800,3725.0
38.39548691501841,48,178864,3726.3333333333335
38.395939205773175,48,178928,3727.6666666666665
38.39722314896062,48,178992,3729.0
38.39763353904709,48,179056,3730.3333333333335
38.398011358920485,48,179120,3731.6666666666665
38.39837867813185,48,179184,3733.0
38.39877437800169,48,179248,3734.3333333333335
38.39911674708128,48,179312,3735.6666666666665
38.399469155818224,48,179376,3737.0
38.39984075492248,48,179440,3738.3333333333335
38.4002032848075,48,179504,3739.6666666666665
38.40058404393494,48,179568,3741.0
38.40095121320337,48,179632,3742.3333333333335
38.40129389194772,48,179696,3743.6666666666665
38.401690451893955,48,179760,3745.0
38.40207735216245,48,179824,3746.3333333333335
38.40246117208153,48,179888,3747.6666666666665
38.40285173198208,48,179952,3749.0
38.40322315087542,48,180016,3750.3333333333335
38.403606730978936,48,180080,3751.6666666666665
38.403977289795876,48,180144,3753.0
38.40434881905094,48,180208,3754.3333333333335
38.40471606887877,48,180272,3755.6666666666665
38.40507158776745,48,180336,3757.0
38.40545736812055,48,180400,3758.3333333333335
38.40583596704528,48,180464,3759.6666666666665
38.406213846988976,48,180528,3761.0
38.40659914677963,48,180592,3762.3333333333335
38.40694280480966,48,180656,3763.6666666666665
38.40732152480632,48,180720,3765.0
38.40767433401197,48,180784,3766.3333333333335
38.40803652303293,48,180848,3767.6666666666665
38.408379051834345,48,180912,3769.0
38.55632555112243,48,180976,3770.3333333333335
39.00587788503617,48,181040,3771.6666666666665
39.00644019013271,48,181104,3773.0
39.00682453997433,48,181168,3774.3333333333335
39.00723489979282,48,181232,3775.6666666666665
39.007630680222064,48,181296,3777.0
39.008393159136176,48,181360,3778.3333333333335
39.008821529801935,48,181424,3779.6666666666665
39.009175659157336,48,181488,3781.0
39.00956654921174,48,181552,3782.3333333333335
39.00991660822183,48,181616,3783.6666666666665
39.010295377112925,48,181680,3785.0
39.01069870777428,48,181744,3786.3333333333335
39.01107674697414,48,181808,3787.6666666666665
39.011463386937976,48,181872,3789.0
39.01184481708333,48,181936,3790.3333333333335
39.012221845798194,48,182000,3791.6666666666665
39.01281256088987,48,182064,3793.0
39.013199240900576,48,182128,3794.3333333333335
39.01358541101217,48,182192,3795.6666666666665
39.01395471021533,48,182256,3797.0
39.01434675976634,48,182320,3798.3333333333335
39.01471323892474,48,182384,3799.6666666666665
39.01506267813966,48,182448,3801.0
39.015444927848876,48,182512,3802.3333333333335
39.0158143970184,48,182576,3803.6666666666665
39.016189297195524,48,182640,3805.0
39.01701539801434,48,182704,3806.3333333333335
39.01736807683483,48,182768,3807.6666666666665
39.017784516792744,48,182832,3809.0
39.018226828891784,48,182896,3810.3333333333335
39.01861635921523,48,182960,3811.6666666666665
39.01900615775958,48,183024,3813.0
39.0193754080683,48,183088,3814.3333333333335
39.01976601686329,48,183152,3815.6666666666665
39.02012858679518,48,183216,3817.0
39.02051456691697,48,183280,3818.3333333333335
39.020880995783955,48,183344,3819.6666666666665
39.02123212488368,48,183408,3821.0
39.02162749506533,48,183472,3822.3333333333335
39.022006704006344,48,183536,3823.6666666666665
39.022388224024326,48,183600,3825.0
39.022768184076995,48,183664,3826.3333333333335
39.023120381869376,48,183728,3827.6666666666665
39.02349935192615,48,183792,3829.0
39.02385194087401,48,183856,3830.3333333333335
39.02423517080024,48,183920,3831.6666666666665
39.024592670146376,48,183984,3833.0
39.17288262816146,48,184048,3834.3333333333335
39.62550884997472,48,184112,3835.6666666666665
39.6260565337725,48,184176,3837.0
39.626452643889934,48,184240,3838.3333333333335
39.62722901394591,48,184304,3839.6666666666665
39.62764255376533,48,184368,3841.0
39.628038563765585,48,184432,3842.3333333333335
39.62847028486431,48,184496,3843.6666666666665
39.62883065408096,48,184560,3845.0
39.62921946402639,48,184624,3846.3333333333335
39.62958006281406,48,184688,3847.6666666666665
39.629965423140675,48,184752,3849.0
39.63036179309711,48,184816,3850.3333333333335
39.630754122976214,48,184880,3851.6666666666665
39.631136872805655,48,184944,3853.0
39.631535083055496,48,185008,3854.3333333333335
39.63192015280947,48,185072,3855.6666666666665
39.63334074802697,48,185136,3857.0
39.633748319000006,48,185200,3858.3333333333335
39.634130779188126,48,185264,3859.6666666666665
39.634520669002086,48,185328,3861.0
39.63492050906643,48,185392,3862.3333333333335
39.63527902821079,48,185456,3863.6666666666665
39.63564602704719,48,185520,3865.0
39.63602757686749,48,185584,3866.3333333333335
39.636399395763874,48,185648,3867.6666666666665
39.63679193612188,48,185712,3869.0
39.63717058580369,48,185776,3870.3333333333335
39.63752250513062,48,185840,3871.6666666666665
39.637927984818816,48,185904,3873.0
39.63832762511447,48,185968,3874.3333333333335
39.638714904896915,48,186032,3875.6666666666665
39.639103904832155,48,186096,3877.0
39.63949025515467,48,186160,3878.3333333333335
39.63987468415871,48,186224,3879.6666666666665
39.640241962857544,48,186288,3881.0
39.64062222279608,48,186352,3882.3333333333335
39.640996562782675,48,186416,3883.6666666666665
39.64135942189023,48,186480,3885.0
39.64175951201469,48,186544,3886.3333333333335
39.64215095201507,48,186608,3887.6666666666665
39.642550852149725,48,186672,3889.0
39.64293023198843,48,186736,3890.3333333333335
39.6432815999724,48,186800,3891.6666666666665
39.64368038112298,48,186864,3893.0
39.644030618947,48,186928,3894.3333333333335
39.64440241921693,48,186992,3895.6666666666665
39.6447572382167,48,187056,3897.0
39.74539165897295,48,187069,3897.2708333333335
39.74539165897295,48,187069,3897.2708333333335
39.79344536596909,47,183215,3898.191489361702
40.24919220805168,47,183279,3899.553191489362
40.25019529322162,47,183343,3900.9148936170213
40.25089913979173,47,183407,3902.276595744681
40.25163698894903,47,183471,3903.6382978723404
40.252901601139456,47,183535,3905.0
40.25369329098612,47,183599,3906.3617021276596
40.2544038197957,47,183663,3907.723404255319
40.255062095820904,47,183727,3909.0851063829787
40.25577624421567,47,183791,3910.446808510638
40.25641128979623,47,183855,3911.808510638298
40.25710893794894,47,183919,3913.1702127659573
40.25783299608156,47,183983,3914.531914893617
40.25853521376848,47,184047,3915.8936170212764
40.25922825187445,47,184111,3917.255319148936
40.259929759893566,47,184175,3918.6170212765956
40.26063190679997,47,184239,3919.978723404255
40.26263751788065,47,184303,3921.340425531915
40.26334051601589,47,184367,3922.7021276595747
40.26403508381918,47,184431,3924.063829787234
40.264793943148106,47,184495,3925.425531914894
40.26546547980979,47,184559,3926.7872340425533
40.2661426467821,47,184623,3928.148936170213
40.266849014908075,47,184687,3929.5106382978724
40.26752819214016,47,184751,3930.872340425532
40.26820481894538,47,184815,3932.2340425531916
40.26889970712364,47,184879,3933.595744680851
40.26959155406803,47,184943,3934.9574468085107
40.27020942000672,47,185007,3936.31914893617
40.27092187805101,47,185071,3937.68085106383
40.271652936935425,47,185135,3939.0425531914893
40.272351923864335,47,185199,3940.404255319149
40.27307249279693,47,185263,3941.7659574468084
40.27376595977694,47,185327,3943.127659574468
40.27445865795016,47,185391,3944.4893617021276
40.27513412479311,47,185455,3945.851063829787
40.27579737221822,47,185519,3947.2127659574467
40.27645834814757,47,185583,3948.574468085106
40.2771661458537,47,185647,3949.936170212766
40.27787244413048,47,185711,3951.2978723404253
40.278600863181055,47,185775,3952.659574468085
40.27926889900118,47,185839,3954.021276595745
40.279905376024544,47,185903,3955.3829787234044
40.280596932861954,47,185967,3956.744680851064
40.28123368881643,47,186031,3958.1063829787236
40.28189832577482,47,186095,3959.468085106383
40.282532872166485,47,186159,3960.8297872340427
40.4157227082178,47,186223,3962.191489361702
40.86737009510398,47,186287,3963.553191489362
40.86795881995931,47,186351,3964.9148936170213
40.868342109024525,47,186415,3966.276595744681
40.86875441018492,47,186479,3967.6382978723404
40.86949802888557,47,186543,3969.0
40.869951650034636,47,186607,3970.3617021276596
40.87054976494983,47,186671,3971.723404255319
40.871185381896794,47,186735,3973.0851063829787
40.87159931194037,47,186799,3974.446808510638
40.87196204112843,47,186863,3975.808510638298
40.87235094094649,47,186927,3977.1702127659573
40.872769651934505,47,186991,3978.531914893617
40.87316440185532,47,187055,3979.8936170212764
40.873572022188455,47,187119,3981.255319148936
40.873971722088754,47,187183,3982.6170212765956
40.87455136701465,47,187247,3983.978723404255
40.87598747294396,47,187311,3985.340425531915
40.87641797401011,47,187375,3986.7021276595747
40.876818924210966,47,187439,3988.063829787234
40.877234645187855,47,187503,3989.425531914894
40.87761259498075,47,187567,3990.7872340425533
40.877985374070704,47,187631,3992.148936170213
40.87838636385277,47,187695,3993.5106382978724
40.878788724076,47,187759,3994.872340425532
40.87917530396953,47,187823,3996.2340425531916
40.87958240415901,47,187887,3997.595744680851
40.87997370399535,47,187951,3998.9574468085107
40.88032757304609,47,188015,4000.31914893617
40.88074369402602,47,188079,4001.68085106383
40.88115326408297,47,188143,4003.0425531914893
40.881558664143085,47,188207,4004.404255319149
40.88197553483769,47,188271,4005.7659574468084
40.882550729904324,47,188335,4007.127659574468
40.88321189722046,47,188399,4008.4893617021276
40.883608895819634,47,188463,4009.851063829787
40.88398555619642,47,188527,4011.2127659574467
40.88438254594803,47,188591,4012.574468085106
40.88479727692902,47,188655,4013.936170212766
40.88525030808523,47,188719,4015.2978723404253
40.88597144605592,47,188783,4016.659574468085
40.88646916905418,47,188847,4018.021276595745
40.88683115784079,47,188911,4019.3829787234044
40.887218387797475,47,188975,4020.744680851064
40.88758574705571,47,189039,4022.1063829787236
40.88796946685761,47,189103,4023.468085106383
40.888318705838174,47,189167,4024.8297872340427
41.03597220778465,47,189231,4026.191489361702
41.49247825797647,47,189295,4027.553191489362
41.49350654380396,47,189359,4028.9148936170213
41.49430204415694,47,189423,4030.276595744681
41.49566685920581,47,189487,4031.6382978723404
41.496412687934935,47,189551,4033.0
41.49715452687815,47,189615,4034.3617021276596
41.49787823483348,47,189679,4035.723404255319
41.498549731913954,47,189743,4037.0851063829787
41.49926983984187,47,189807,4038.446808510638
41.4999306271784,47,189871,4039.808510638298
41.50066378619522,47,189935,4041.1702127659573
41.50141505384818,47,189999,4042.531914893617
41.50212476309389,47,190063,4043.8936170212764
41.50283710099757,47,190127,4045.255319148936
41.5035512088798,47,190191,4046.6170212765956
41.50424364581704,47,190255,4047.978723404255
41.506697427947074,47,190319,4049.340425531915
41.50743744708598,47,190383,4050.7021276595747
41.50813803495839,47,190447,4052.063829787234
41.50892439484596,47,190511,4053.425531914894
41.50958973215893,47,190575,4054.7872340425533
41.51023120805621,47,190639,4056.148936170213
41.51095165591687,47,190703,4057.5106382978724
41.51165834395215,47,190767,4058.872340425532
41.51236234186217,47,190831,4060.2340425531916
41.51307645998895,47,190895,4061.595744680851
41.51377949817106,47,190959,4062.9574468085107
41.51441040402278,47,191023,4064.31914893617
41.515148892998695,47,191087,4065.68085106383
41.51588955195621,47,191151,4067.0425531914893
41.51660314993933,47,191215,4068.404255319149
41.517325807828456,47,191279,4069.7659574468084
41.51804335601628,47,191343,4071.127659574468
41.518752553965896,47,191407,4072.4893617021276
41.51945358188823,47,191471,4073.851063829787
41.52013051882386,47,191535,4075.2127659574467
41.52084900718182,47,191599,4076.574468085106
41.52157064480707,47,191663,4077.936170212766
41.522309894207865,47,191727,4079.2978723404253
41.523046573158354,47,191791,4080.659574468085
41.523753331042826,47,191855,4082.021276595745
41.524409647099674,47,191919,4083.3829787234044
41.52512959577143,47,191983,4084.744680851064
41.5257853618823,47,192047,4086.1063829787236
41.52647018013522,47,192111,4087.468085106383
41.5271150059998,47,192175,4088.8297872340427
41.75969689106569,47,192239,4090.191489361702
42.20942080905661,47,192303,4091.553191489362
42.210491456091404,47,192367,4092.9148936170213
42.21127277612686,47,192431,4094.276595744681
42.21202330477536,47,192495,4095.6382978723404
42.21340898005292,47,192559,4097.0
42.21423117117956,47,192623,4098.36170212766
42.21497804997489,47,192687,4099.723404255319
42.21565605700016,47,192751,4101.085106382979
42.216370745096356,47,192815,4102.446808510638
42.217033511027694,47,192879,4103.808510638298
42.21774236019701,47,192943,4105.170212765957
42.21848575817421,47,193007,4106.531914893617
42.21918132621795,47,193071,4107.893617021276
42.219895713962615,47,193135,4109.255319148936
42.22061637183651,47,193199,4110.617021276596
42.22131858021021,47,193263,4111.978723404255
42.222385227214545,47,193327,4113.340425531915
42.223117486108094,47,193391,4114.702127659574
42.22527005011216,47,193455,4116.063829787234
42.226146461907774,47,193519,4117.425531914893
42.22682722983882,47,193583,4118.787234042553
42.22758784890175,47,193647,4120.148936170212
42.22871581790969,47,193711,4121.510638297872
42.22984351590276,47,193775,4122.872340425532
42.23093270417303,47,193839,4124.234042553191
42.232019511051476,47,193903,4125.595744680851
42.23311686888337,47,193967,4126.95744680851
42.234060952905566,47,194031,4128.31914893617
42.23517244076356,47,194095,4129.68085106383
42.236283369828016,47,194159,4131.04255319149
42.23737141676247,47,194223,4132.404255319149
42.23854547692463,47,194287,4133.765957446809
42.23962153401226,47,194351,4135.127659574468
42.24038172280416,47,194415,4136.489361702128
42.241099651902914,47,194479,4137.851063829788
42.24184376979247,47,194543,4139.212765957447
42.24258472910151,47,194607,4140.574468085107
42.243327147793025,47,194671,4141.936170212766
42.244070366956294,47,194735,4143.297872340426
42.244818456005305,47,194799,4144.659574468085
42.24553470406681,47,194863,4146.021276595745
42.24618878075853,47,194927,4147.382978723404
42.246918628923595,47,194991,4148.744680851064
42.24760448606685,47,195055,4150.106382978724
42.24829473393038,47,195119,4151.468085106383
42.248954250942916,47,195183,4152.829787234043
42.377643852028996,47,195247,4154.191489361702
42.836903252173215,47,195311,4155.553191489362
42.83790724677965,47,195375,4156.914893617021
42.83873974811286,47,195439,4158.276595744681
42.839508288074285,47,195503,4159.63829787234
42.84076361916959,47,195567,4161.0
42.84160963119939,47,195631,4162.36170212766
42.84236110979691,47,195695,4163.723404255319
42.84304984798655,47,195759,4165.085106382979
42.84378714580089,47,195823,4166.446808510638
42.844458383042365,47,195887,4167.808510638298
42.84517100080848,47,195951,4169.170212765957
42.845952170901,47,196015,4170.531914893617
42.84668096899986,47,196079,4171.893617021276
42.84739575814456,47,196143,4173.255319148936
42.848119356203824,47,196207,4174.617021276596
42.848837073892355,47,196271,4175.978723404255
42.85145256994292,47,196335,4177.340425531915
42.85218980908394,47,196399,4178.702127659574
42.85290403710678,47,196463,4180.063829787234
42.85365256620571,47,196527,4181.425531914893
42.85432409308851,47,196591,4182.787234042553
42.85499806981534,47,196655,4184.148936170212
42.855725118890405,47,196719,4185.510638297872
42.856454097200185,47,196783,4186.872340425532
42.85717115504667,47,196847,4188.234042553191
42.85790721420199,47,196911,4189.595744680851
42.8586571929045,47,196975,4190.95744680851
42.85929860919714,47,197039,4192.31914893617
42.860052078031,47,197103,4193.68085106383
42.8608082071878,47,197167,4195.04255319149
42.8615384157747,47,197231,4196.404255319149
42.862278014887124,47,197295,4197.765957446809
42.862986613065004,47,197359,4199.127659574468
42.86374254198745,47,197423,4200.489361702128
42.864480250980705,47,197487,4201.851063829788
42.865165867842734,47,197551,4203.212765957447
42.865905766841024,47,197615,4204.574468085107
42.866670206189156,47,197679,4205.936170212766
42.86739571392536,47,197743,4207.297872340426
42.868135983124375,47,197807,4208.659574468085
42.86885213106871,47,197871,4210.021276595745
42.869536029174924,47,197935,4211.382978723404
42.87025113683194,47,197999,4212.744680851064
42.87093130405992,47,198063,4214.106382978724
42.87163266213611,47,198127,4215.468085106383
42.87227558810264,47,198191,4216.829787234043
42.99665310094133,47,198208,4217.191489361702
42.99665310094133,47,198208,4217.191489361702
43.00565330917016,46,194030,4218.04347826087
43.43627521209419,46,194085,4219.239130434783
43.43627521209419,46,194085,4219.239130434783
43.538109343033284,45,189869,4219.311111111111
43.53907075803727,45,189933,4220.733333333334
43.539875857997686,45,189997,4222.155555555555
43.54129128390923,45,190061,4223.577777777778
43.54206234309822,45,190125,4225.0
43.542824963107705,45,190189,4226.422222222222
43.543577902019024,45,190253,4227.844444444445
43.544253109022975,45,190317,4229.266666666666
43.5449978178367,45,190381,4230.688888888889
43.5456775049679,45,190445,4232.111111111111
43.54640245297924,45,190509,4233.533333333334
43.54716856312007,45,190573,4234.955555555555
43.54789804108441,45,190637,4236.377777777778
43.54863689979538,45,190701,4237.8
43.54936469811946,45,190765,4239.222222222223
43.55019279010594,45,190829,4240.644444444444
43.552446987014264,45,190893,4242.066666666667
43.55319883581251,45,190957,4243.488888888889
43.55395453516394,45,191021,4244.9111111111115
43.55464482214302,45,191085,4246.333333333333
43.5553237888962,45,191149,4247.7555555555555
43.556061218027025,45,191213,4249.177777777778
43.5567763261497,45,191277,4250.6
43.557503724936396,45,191341,4252.022222222222
43.558240682817996,45,191405,4253.444444444444
43.558976511936635,45,191469,4254.866666666667
43.5596513687633,45,191533,4256.288888888889
43.560392297804356,45,191597,4257.711111111111
43.56116751814261,45,191661,4259.133333333333
43.56190949585289,45,191725,4260.555555555556
43.56265308521688,45,191789,4261.977777777778
43.56339420378208,45,191853,4263.4
43.56412232294679,45,191917,4264.822222222222
43.564851650968194,45,191981,4266.2444444444445
43.5655634989962,45,192045,4267.666666666667
43.56628720695153,45,192109,4269.0888888888885
43.567033235915005,45,192173,4270.511111111111
43.567787405103445,45,192237,4271.933333333333
43.56851710379124,45,192301,4273.355555555556
43.56919592106715,45,192365,4274.777777777777
43.56988223781809,45,192429,4276.2
43.57066177809611,45,192493,4277.622222222222
43.57136528613046,45,192557,4279.044444444445
43.57203950313851,45,192621,4280.466666666666
43.703894595149904,45,192685,4281.888888888889
44.160940657835454,45,192749,4283.311111111111
44.16197199514136,45,192813,4284.733333333334
44.16281933616847,45,192877,4286.155555555555
44.163993006106466,45,192941,4287.577777777778
44.16535745980218,45,193005,4289.0
44.1662466628477,45,193069,4290.422222222222
44.16703356290236,45,193133,4291.844444444445
44.167728929780424,45,193197,4293.266666666666
44.16849059984088,45,193261,4294.688888888889
44.16916254721582,45,193325,4296.111111111111
44.16990979621187,45,193389,4297.533333333334
44.170689835213125,45,193453,4298.955555555555
44.171420943923295,45,193517,4300.377777777778
44.17217030283064,45,193581,4301.8
44.172980714123696,45,193645,4303.222222222223
44.17384319519624,45,193709,4304.644444444444
44.175275900866836,45,193773,4306.066666666667
44.1760340211913,45,193837,4307.488888888889
44.176798180211335,45,193901,4308.9111111111115
44.17749710800126,45,193965,4310.333333333333
44.178182585164905,45,194029,4311.7555555555555
44.178924733772874,45,194093,4313.177777777778
44.17964942287654,45,194157,4314.6
44.18036570120603,45,194221,4316.022222222222
44.18111268011853,45,194285,4317.444444444444
44.181857557967305,45,194349,4318.866666666667
44.1825396460481,45,194413,4320.288888888889
44.18345782905817,45,194477,4321.711111111111
44.18460571812466,45,194541,4323.133333333333
44.18553782114759,45,194605,4324.555555555556
44.187190962955356,45,194669,4325.977777777778
44.18798376386985,45,194733,4327.4
44.188864775933325,45,194797,4328.822222222222
44.18962967582047,45,194861,4330.2444444444445
44.19034879421815,45,194925,4331.666666666667
44.19110457319766,45,194989,4333.0888888888885
44.19185992190614,45,195053,4334.511111111111
44.19287883816287,45,195117,4335.933333333333
44.19363667676225,45,195181,4337.355555555556
44.194320844020694,45,195245,4338.777777777777
44.19510027393699,45,195309,4340.2
44.19586606277153,45,195373,4341.622222222222
44.196595672052354,45,195437,4343.044444444445
44.19725954905152,45,195501,4344.466666666666
44.329548051115125,45,195565,4345.888888888889
44.79073315998539,45,195629,4347.311111111111
44.79185058781877,45,195693,4348.733333333334
44.792721670120955,45,195757,4350.155555555555
44.79352367995307,45,195821,4351.577777777778
44.79487647488713,45,195885,4353.0
44.795777678024024,45,195949,4354.422222222222
44.79657580796629,45,196013,4355.844444444445
44.79728700593114,45,196077,4357.266666666666
44.798057075124234,45,196141,4358.688888888889
44.798760063014925,45,196205,4360.111111111111
44.79951596213505,45,196269,4361.533333333334
44.80029059201479,45,196333,4362.955555555555
44.80104871094227,45,196397,4364.377777777778
44.8018152997829,45,196461,4365.8
44.80258104996756,45,196525,4367.222222222223
44.803466281853616,45,196589,4368.644444444444
44.80464996211231,45,196653,4370.066666666667
44.80540591105819,45,196717,4371.488888888889
44.80619069095701,45,196781,4372.9111111111115
44.806895528919995,45,196845,4374.333333333333
44.80759756686166,45,196909,4375.7555555555555
44.80833555618301,45,196973,4377.177777777778
44.81005482887849,45,197037,4378.6
44.81083428906277,45,197101,4380.022222222222
44.811611198820174,45,197165,4381.444444444444
44.81236751796678,45,197229,4382.866666666667
44.813077106140554,45,197293,4384.288888888889
44.81388268619776,45,197357,4385.711111111111
44.81467574601993,45,197421,4387.133333333333
44.81542104482651,45,197485,4388.555555555556
44.81617431389168,45,197549,4389.977777777778
44.816944303922355,45,197613,4391.4
44.81769428309053,45,197677,4392.822222222222
44.81844509206712,45,197741,4394.2444444444445
44.819151040166616,45,197805,4395.666666666667
44.81990536907688,45,197869,4397.0888888888885
44.82052726484835,45,197933,4398.511111111111
44.820964366197586,45,197997,4399.933333333333
44.82138178590685,45,198061,4401.355555555556
44.8217873070389,45,198125,4402.777777777777
44.822222378104925,45,198189,4404.2
44.82266803877428,45,198253,4405.622222222222
44.823117540217936,45,198317,4407.044444444445
44.82353141112253,45,198381,4408.466666666666
44.959682270884514,45,198445,4409.888888888889
45.42793185915798,45,198509,4411.311111111111
45.429003555793315,45,198573,4412.733333333334
45.4298413367942,45,198637,4414.155555555555
45.43093748483807,45,198701,4415.577777777778
45.43171313498169,45,198765,4417.0
45.43250909494236,45,198829,4418.422222222222
45.43330081505701,45,198893,4419.844444444445
45.43402525316924,45,198957,4421.266666666666
45.43480948312208,45,199021,4422.688888888889
45.43550851987675,45,199085,4424.111111111111
45.4362524189055,45,199149,4425.533333333334
45.437043198850006,45,199213,4426.955555555555
45.43780240882188,45,199277,4428.377777777778
45.4385665981099,45,199341,4429.8
45.43931795703247,45,199405,4431.222222222223
45.44007514696568,45,199469,4432.644444444444
45.441729047801346,45,199533,4434.066666666667
45.442512657959014,45,199597,4435.488888888889
45.443284107837826,45,199661,4436.9111111111115
45.443991515785456,45,199725,4438.333333333333
45.44469972420484,45,199789,4439.7555555555555
45.44545204285532,45,199853,4441.177777777778
45.44617704115808,45,199917,4442.6
45.44692282984033,45,199981,4444.022222222222
45.447686119005084,45,200045,4445.444444444444
45.44841793784872,45,200109,4446.866666666667
45.44910187507048,45,200173,4448.288888888889
45.44990286510438,45,200237,4449.711111111111
45.45071021607146,45,200301,4451.133333333333
45.45147929619998,45,200365,4452.555555555556
45.45222951378673,45,200429,4453.977777777778
45.45301317377016,45,200493,4455.4
45.453768422827125,45,200557,4456.822222222222
45.45453047286719,45,200621,4458.2444444444445
45.455257011111826,45,200685,4459.666666666667
45.45602105977014,45,200749,4461.0888888888885
45.45679049985483,45,200813,4462.511111111111
45.457566199824214,45,200877,4463.933333333333
45.45830062776804,45,200941,4465.355555555556
45.45900471601635,45,201005,4466.777777777777
45.459782865829766,45,201069,4468.2
45.46055416576564,45,201133,4469.622222222222
45.46128294384107,45,201197,4471.044444444445
45.46198615198955,45,201261,4472.466666666666
45.59671257575974,45,201325,4473.888888888889
46.05857423087582,45,201389,4475.311111111111
46.05962114781141,45,201453,4476.733333333334
46.06047477014363,45,201517,4478.155555555555
46.06193124689162,45,201581,4479.577777777778
46.06272430717945,45,201645,4481.0
46.06353318691254,45,201709,4482.422222222222
46.064310596790165,45,201773,4483.844444444445
46.06504253484309,45,201837,4485.266666666666
46.06587444618344,45,201901,4486.688888888889
46.066612504888326,45,201965,4488.111111111111
46.0674386061728,45,202029,4489.533333333334
46.06827967707068,45,202093,4490.955555555555
46.0691159889102,45,202157,4492.377777777778
46.06990662915632,45,202221,4493.8
46.07069346914068,45,202285,4495.222222222223
46.071609972044826,45,202349,4496.644444444444
46.07395590096712,45,202413,4498.066666666667
46.0747643718496,45,202477,4499.488888888889
46.075610702857375,45,202541,4500.9111111111115
46.07631683116779,45,202605,4502.333333333333
46.077038349118084,45,202669,4503.7555555555555
46.07781526912004,45,202733,4505.177777777778
46.07857348816469,45,202797,4506.6
46.07932358700782,45,202861,4508.022222222222
46.080091116949916,45,202925,4509.444444444444
46.08084334619343,45,202989,4510.866666666667
46.08153309300542,45,203053,4512.288888888889
46.08231732295826,45,203117,4513.711111111111
46.08313120389357,45,203181,4515.133333333333
46.083912572823465,45,203245,4516.555555555556
46.08474139403552,45,203309,4517.977777777778
46.08561724703759,45,203373,4519.4
46.086393256206065,45,203437,4520.822222222222
46.08719082688913,45,203501,4522.2444444444445
46.08800141699612,45,203565,4523.666666666667
46.08882320811972,45,203629,4525.0888888888885
46.08961732778698,45,203693,4526.511111111111
46.09046021010727,45,203757,4527.933333333333
46.09121762914583,45,203821,4529.355555555556
46.091927696950734,45,203885,4530.777777777777
46.09271380677819,45,203949,4532.2
46.09349051583558,45,204013,4533.622222222222
46.09425108600408,45,204077,4535.044444444445
46.09496872406453,45,204141,4536.466666666666
46.24297695513815,45,204158,4536.844444444445
46.24297695513815,45,204158,4536.844444444445
46.25798319512978,44,199660,4537.727272727273
46.76154585694894,44,199724,4539.181818181818
46.762601144146174,44,199788,4540.636363636364
46.76349321613088,44,199852,4542.090909090909
46.76430889684707,44,199916,4543.545454545455
46.76569207198918,44,199980,4545.0
46.76658036513254,44,200044,4546.454545454545
46.767368955072016,44,200108,4547.909090909091
46.76809951290488,44,200172,4549.363636363636
46.76890352414921,44,200236,4550.818181818182
46.76963058207184,44,200300,4552.272727272727
46.77039964077994,44,200364,4553.727272727273
46.77124277316034,44,200428,4555.181818181818
46.77207264397293,44,200492,4556.636363636364
46.77287247404456,44,200556,4558.090909090909
46.77366084419191,44,200620,4559.545454545455
46.77457514684647,44,200684,4561.0
46.775708326138556,44,200748,4562.454545454545
46.776491376105696,44,200812,4563.909090909091
46.7772825458087,44,200876,4565.363636363636
46.778004063759,44,200940,4566.818181818182
46.77872801292688,44,201004,4568.272727272727
46.78062995104119,44,201068,4569.727272727273
46.78141382103786,44,201132,4571.181818181818
46.7821953301318,44,201196,4572.636363636364
46.78298942092806,44,201260,4574.090909090909
46.783778481185436,44,201324,4575.545454545455
46.784510178957134,44,201388,4577.0
46.78531446913257,44,201452,4578.454545454545
46.78615279076621,44,201516,4579.909090909091
46.78695915080607,44,201580,4581.363636363636
46.78775968076661,44,201644,4582.818181818182
46.788581791799515,44,201708,4584.272727272727
46.78934320202097,44,201772,4585.727272727273
46.790128401946276,44,201836,4587.181818181818
46.790902570821345,44,201900,4588.636363636364
46.791702141053975,44,201964,4590.090909090909
46.79250496206805,44,202028,4591.545454545455
46.79326150100678,44,202092,4593.0
46.79401092976332,44,202156,4594.454545454545
46.794835820794106,44,202220,4595.909090909091
46.79563597077504,44,202284,4597.363636363636
46.796374020166695,44,202348,4598.818181818182
46.79708220809698,44,202412,4600.272727272727
47.0482925940305,44,202476,4601.727272727273
47.68912938516587,44,202540,4603.181818181818
47.69021857297048,44,202604,4604.636363636364
47.69113471591845,44,202668,4606.090909090909
47.6919801668264,44,202732,4607.545454545455
47.69338988279924,44,202796,4609.0
47.69427192490548,44,202860,4610.454545454545
47.69508971599862,44,202924,4611.909090909091
47.69582743477076,44,202988,4613.363636363636
47.69665441615507,44,203052,4614.818181818182
47.6973898941651,44,203116,4616.272727272727
47.69820152502507,44,203180,4617.727272727273
47.69904045620933,44,203244,4619.181818181818
47.699825276155025,44,203308,4620.636363636364
47.70061869593337,44,203372,4622.090909090909
47.70140337618068,44,203436,4623.545454545455
47.702350450214,44,203500,4625.0
47.703382356092334,44,203564,4626.454545454545
47.70418321620673,44,203628,4627.909090909091
47.70839591277763,44,203692,4629.363636363636
47.714073587208986,44,203756,4630.818181818182
47.714958370197564,44,203820,4632.272727272727
47.71582007082179,44,203884,4633.727272727273
47.71664107218385,44,203948,4635.181818181818
47.71748104412109,44,204012,4636.636363636364
47.71831942489371,44,204076,4638.090909090909
47.719136535190046,44,204140,4639.545454545455
47.7199075948447,44,204204,4641.0
47.72076238691807,44,204268,4642.454545454545
47.72162149799988,44,204332,4643.909090909091
47.7225209409371,44,204396,4645.363636363636
47.72334147198126,44,204460,4646.818181818182
47.724202163983136,44,204524,4648.272727272727
47.7250461447984,44,204588,4649.727272727273
47.72591808717698,44,204652,4651.181818181818
47.726738017983735,44,204716,4652.636363636364
47.7275782590732,44,204780,4654.090909090909
47.72839805018157,44,204844,4655.545454545455
47.72922773100436,44,204908,4657.0
47.72997590014711,44,204972,4658.454545454545
47.73072969913483,44,205036,4659.909090909091
47.731325364205986,44,205100,4661.363636363636
47.731925880070776,44,205164,4662.818181818182
47.73249390395358,44,205228,4664.272727272727
47.96903530880809,44,205292,4665.727272727273
48.43432052992284,44,205356,4667.181818181818
48.43634495185688,44,205420,4668.636363636364
48.43794388184324,44,205484,4670.090909090909
48.44081821478903,44,205548,4671.545454545455
48.44241305580363,44,205612,4673.0
48.44388849288225,44,205676,4674.454545454545
48.44481982616708,44,205740,4675.909090909091
48.445662048179656,44,205804,4677.363636363636
48.44651365978643,44,205868,4678.818181818182
48.44724106788635,44,205932,4680.272727272727
48.44807347888127,44,205996,4681.727272727273
48.448972331825644,44,206060,4683.181818181818
48.44978987192735,44,206124,4684.636363636364
48.45063365390524,44,206188,4686.090909090909
48.45147584518418,44,206252,4687.545454545455
48.45226341485977,44,206316,4689.0
48.45418564416468,44,206380,4690.454545454545
48.455016075167805,44,206444,4691.909090909091
48.45584086608142,44,206508,4693.363636363636
48.456594314891845,44,206572,4694.818181818182
48.457320652902126,44,206636,4696.272727272727
48.458117763046175,44,206700,4697.727272727273
48.45889258291572,44,206764,4699.181818181818
48.45967776281759,44,206828,4700.636363636364
48.460487093776464,44,206892,4702.090909090909
48.46126479282975,44,206956,4703.545454545455
48.46198576083407,44,207020,4705.0
48.464170726947486,44,207084,4706.454545454545
48.46507764980197,44,207148,4707.909090909091
48.46589451096952,44,207212,4709.363636363636
48.46670504100621,44,207276,4710.818181818182
48.4675533818081,44,207340,4712.272727272727
48.46854972792789,44,207404,4713.727272727273
48.469384708907455,44,207468,4715.181818181818
48.47016744920984,44,207532,4716.636363636364
48.470968049019575,44,207596,4718.090909090909
48.47178632998839,44,207660,4719.545454545455
48.472574669867754,44,207724,4721.0
48.47352888388559,44,207788,4722.454545454545
48.47438209597021,44,207852,4723.909090909091
48.47501748194918,44,207916,4725.363636363636
48.47559764608741,44,207980,4726.818181818182
48.4761380800046,44,208044,4728.272727272727
48.63724831305444,44,208108,4729.727272727273
49.16001972183585,44,208156,4730.818181818182
49.16001972183585,44,208156,4730.818181818182
49.32583592412993,43,203435,4731.046511627907
49.32764970976859,43,203499,4732.53488372093
49.329218570142984,43,203563,4734.023255813953
49.331765283830464,43,203627,4735.511627906977
49.33347155805677,43,203691,4737.0
49.334974004887044,43,203755,4738.488372093023
49.335816986858845,43,203819,4739.976744186047
49.33726234314963,43,203883,4741.46511627907
49.33845925377682,43,203947,4742.953488372093
49.339324325788766,43,204011,4744.441860465116
49.340215637814254,43,204075,4745.930232558139
49.3410374391824,43,204139,4747.418604651163
49.341874870005995,43,204203,4748.906976744186
49.34270315198228,43,204267,4750.395348837209
49.34354750299826,43,204331,4751.883720930233
49.34455305803567,43,204395,4753.372093023256
49.34581445995718,43,204459,4754.860465116279
49.346656751818955,43,204523,4756.3488372093025
49.347497473005205,43,204587,4757.837209302325
49.349444412160665,43,204651,4759.325581395349
49.35020586196333,43,204715,4760.813953488372
49.35102706216276,43,204779,4762.302325581395
49.351819682866335,43,204843,4763.790697674419
49.35264119319618,43,204907,4765.279069767442
49.35343467304483,43,204971,4766.767441860465
49.35425884416327,43,205035,4768.2558139534885
49.35530049121007,43,205099,4769.7441860465115
49.356083110906184,43,205163,4771.232558139535
49.356939191929996,43,205227,4772.720930232558
49.35775145282969,43,205291,4774.209302325581
49.35857002297416,43,205355,4775.697674418605
49.3593844641,43,205419,4777.186046511628
49.360183264128864,43,205483,4778.674418604651
49.361014464870095,43,205547,4780.162790697675
49.36181202577427,43,205611,4781.6511627906975
49.362635605968535,43,205675,4783.139534883721
49.36341605614871,43,205739,4784.627906976744
49.364173856098205,43,205803,4786.116279069767
49.365202251821756,43,205867,4787.604651162791
49.36592037975788,43,205931,4789.093023255814
49.36652411520481,43,205995,4790.581395348837
49.36707407888025,43,206059,4792.069767441861
49.49661124218255,43,206123,4793.558139534884
49.858414891175926,43,206177,4794.813953488372
49.858414891175926,43,206177,4794.813953488372
49.964904230087996,42,201386,4794.9047619047615
49.96553901582956,42,201450,4796.428571428572
49.96605697879568,42,201514,4797.952380952381
49.96697545191273,42,201578,4799.476190476191
49.967515885829926,42,201642,4801.0
49.968013947829604,42,201706,4802.523809523809
49.96847089007497,42,201770,4804.047619047619
49.968952781986445,42,201834,4805.571428571428
49.96938806306571,42,201898,4807.0952380952385
49.96986619476229,42,201962,4808.619047619048
49.97035262780264,42,202026,4810.142857142857
49.970834659878165,42,202090,4811.666666666667
49.971310552209616,42,202154,4813.190476190476
49.97179673379287,42,202218,4814.714285714285
49.97228084690869,42,202282,4816.238095238095
49.97285776119679,42,202346,4817.761904761905
49.97429721802473,42,202410,4819.285714285715
49.97477994998917,42,202474,4820.809523809524
49.975261461921036,42,202538,4822.333333333333
49.97570599289611,42,202602,4823.857142857143
49.976138764061034,42,202666,4825.380952380952
49.97660901583731,42,202730,4826.9047619047615
49.97706304816529,42,202794,4828.428571428572
49.97752948012203,42,202858,4829.952380952381
49.97799616120756,42,202922,4831.476190476191
49.978484684135765,42,202986,4833.0
49.978906284086406,42,203050,4834.523809523809
49.97939248709008,42,203114,4836.047619047619
49.97987138899043,42,203178,4837.571428571428
49.98033675085753,42,203242,4839.0952380952385
49.98079677205533,42,203306,4840.619047619048
49.98125345399603,42,203370,4842.142857142857
49.98172108596191,42,203434,4843.666666666667
49.982193008065224,42,203498,4845.190476190476
49.98266251012683,42,203562,4846.714285714285
49.98314727190882,42,203626,4848.238095238095
49.98361535416916,42,203690,4849.761904761905
49.98404441494495,42,203754,4851.285714285715
49.98453251691535,42,203818,4852.809523809524
49.984999048989266,42,203882,4854.333333333333
49.98543532984331,42,203946,4855.857142857143
50.13729537790641,42,204010,4857.380952380952
50.60692961001769,42,204074,4858.9047619047615
50.60754003608599,42,204138,4860.428571428572
50.60857877181843,42,204202,4861.952380952381
50.60905882390216,42,204266,4863.476190476191
50.60954380594194,42,204330,4865.0
50.61002228921279,42,204394,4866.523809523809
50.61046834010631,42,204458,4868.047619047619
50.61095382180065,42,204522,4869.571428571428
50.611384802963585,42,204586,4871.0952380952385
50.61187070515007,42,204650,4872.619047619048
50.61235907813534,42,204714,4874.142857142857
50.61283595021814,42,204778,4875.666666666667
50.61331073194742,42,204842,4877.190476190476
50.61379388393834,42,204906,4878.714285714285
50.61428685719147,42,204970,4880.238095238095
50.614870831836015,42,205034,4881.761904761905
50.61620516516268,42,205098,4883.285714285715
50.61669652815908,42,205162,4884.809523809524
50.61718071997166,42,205226,4886.333333333333
50.61762068094686,42,205290,4887.857142857143
50.6180534819141,42,205354,4889.380952380952
50.61852386407554,42,205418,4890.9047619047615
50.61897780513391,42,205482,4892.428571428572
50.619446957018226,42,205546,4893.952380952381
50.619919929187745,42,205610,4895.476190476191
50.62039890093729,42,205674,4897.0
50.62083352310583,42,205738,4898.523809523809
50.62131501501426,42,205802,4900.047619047619
50.621789266821,42,205866,4901.571428571428
50.622256287839264,42,205930,4903.0952380952385
50.62271622987464,42,205994,4904.619047619048
50.623175002168864,42,206058,4906.142857142857
50.62363916402683,42,206122,4907.666666666667
50.624112056102604,42,206186,4909.190476190476
50.624571926891804,42,206250,4910.714285714285
50.62505305884406,42,206314,4912.238095238095
50.6255256109871,42,206378,4913.761904761905
50.62595778191462,42,206442,4915.285714285715
50.62644245522097,42,206506,4916.809523809524
50.62691234610975,42,206570,4918.333333333333
50.627341576851904,42,206634,4919.857142857143
50.78102626185864,42,206698,4921.380952380952
51.25268221506849,42,206762,4922.9047619047615
51.25326699996367,42,206826,4924.428571428572
51.25424164393917,42,206890,4925.952380952381
51.2547424971126,42,206954,4927.476190476191
51.25523586012423,42,207018,4929.0
51.255728632211685,42,207082,4930.523809523809
51.25616933312267,42,207146,4932.047619047619
51.25666375597939,42,207210,4933.571428571428
51.25715382909402,42,207274,4935.0952380952385
51.25763545092195,42,207338,4936.619047619048
51.25814266316593,42,207402,4938.142857142857
51.2586204148829,42,207466,4939.666666666667
51.259096757974476,42,207530,4941.190476190476
51.25959083996713,42,207594,4942.714285714285
51.26009125309065,42,207658,4944.238095238095
51.26067891810089,42,207722,4945.761904761905
51.26201075175777,42,207786,4947.285714285715
51.26250321418047,42,207850,4948.809523809524
51.26300208596513,42,207914,4950.333333333333
51.263451357837766,42,207978,4951.857142857143
51.26388995908201,42,208042,4953.380952380952
51.26435982109979,42,208106,4954.9047619047615
51.2648283331655,42,208170,4956.428571428572
51.26529160514474,42,208234,4957.952380952381
51.26577796693891,42,208298,4959.476190476191
51.266266079153866,42,208362,4961.0
51.26670699985698,42,208426,4962.523809523809
51.26719615282491,42,208490,4964.047619047619
51.267677755095065,42,208554,4965.571428571428
51.26815028721467,42,208618,4967.0952380952385
51.26861265907064,42,208682,4968.619047619048
51.26907515991479,42,208746,4970.142857142857
51.26954699214548,42,208810,4971.666666666667
51.270020524039865,42,208874,4973.190476190476
51.270484435837716,42,208938,4974.714285714285
51.270962118171155,42,209002,4976.238095238095
51.27143750991672,42,209066,4977.761904761905
51.27188094193116,42,209130,4979.285714285715
51.272364833857864,42,209194,4980.809523809524
51.27284894604236,42,209258,4982.333333333333
51.273278647102416,42,209322,4983.857142857143
51.4272323991172,42,209386,4985.380952380952
51.899313111789525,42,209450,4986.9047619047615
51.8999633891508,42,209514,4988.428571428572
51.90095275407657,42,209578,4989.952380952381
51.90146432677284,42,209642,4991.476190476191
51.901960488874465,42,209706,4993.0
51.90246258210391,42,209770,4994.523809523809
51.90290997317061,42,209834,4996.047619047619
51.90340090589598,42,209898,4997.571428571428
51.90389776788652,42,209962,4999.0952380952385
51.90437345998362,42,210026,5000.619047619048
51.90491245407611,42,210090,5002.142857142857
51.905388716142625,42,210154,5003.666666666667
51.90588021790609,42,210218,5005.190476190476
51.90636126091704,42,210282,5006.714285714285
51.906873654108495,42,210346,5008.238095238095
51.90746150910854,42,210410,5009.761904761905
51.90880358312279,42,210474,5011.285714285715
51.90929059498012,42,210538,5012.809523809524
51.90978884790093,42,210602,5014.333333333333
51.910239559132606,42,210666,5015.857142857143
51.910689890850335,42,210730,5017.380952380952
51.91116386279464,42,210794,5018.9047619047615
51.9116328638047,42,210858,5020.428571428572
51.91210228577256,42,210922,5021.952380952381
51.91259070811793,42,210986,5023.476190476191
51.913094331044704,42,211050,5025.0
51.91353525221348,42,211114,5026.523809523809
51.91402952512726,42,211178,5028.047619047619
51.91451621707529,42,211242,5029.571428571428
51.91499233990908,42,211306,5031.0952380952385
51.91545716114342,42,211370,5032.619047619048
51.915924503002316,42,211434,5034.142857142857
51.91639607492834,42,211498,5035.666666666667
51.91688522789627,42,211562,5037.190476190476
51.91734643885866,42,211626,5038.714285714285
51.91783760115504,42,211690,5040.238095238095
51.91830345289782,42,211754,5041.761904761905
51.918762545101345,42,211818,5043.285714285715
51.91926091816276,42,211882,5044.809523809524
51.91974873980507,42,211946,5046.333333333333
51.920189410913736,42,212010,5047.857142857143
52.07372634205967,42,212074,5049.380952380952
52.546189264860004,42,212138,5050.9047619047615
52.54682627180591,42,212202,5052.428571428572
52.547341813798994,42,212266,5053.952380952381
52.54825453693047,42,212330,5055.476190476191
52.548794091213495,42,212394,5057.0
52.54929823381826,42,212458,5058.523809523809
52.54976266575977,42,212522,5060.047619047619
52.5502591477707,42,212586,5061.571428571428
52.550766101107,42,212650,5063.0952380952385
52.55125068407506,42,212714,5064.619047619048
52.5517634768039,42,212778,5066.142857142857
52.5522503987886,42,212842,5067.666666666667
52.552749030757695,42,212906,5069.190476190476
52.553238573949784,42,212970,5070.714285714285
52.553746826946735,42,213034,5072.238095238095
52.554247988853604,42,213098,5073.761904761905
52.555686966050416,42,213162,5075.285714285715
52.556187328882515,42,213226,5076.809523809524
52.55669279117137,42,213290,5078.333333333333
52.55714265303686,42,213354,5079.857142857143
52.5576048749499,42,213418,5081.380952380952
52.55808807676658,42,213482,5082.9047619047615
52.55856763897464,42,213546,5084.428571428572
52.55904598115012,42,213610,5085.952380952381
52.55954171391204,42,213674,5087.476190476191
52.56004298618063,42,213738,5089.0
52.560489147901535,42,213802,5090.523809523809
52.5609909100458,42,213866,5092.047619047619
52.561481153126806,42,213930,5093.571428571428
52.56196521501988,42,213994,5095.0952380952385
52.562441437039524,42,214058,5096.619047619048
52.56291730888188,42,214122,5098.142857142857
52.563390211202204,42,214186,5099.666666666667
52.563887503929436,42,214250,5101.190476190476
52.56435191584751,42,214314,5102.714285714285
52.56485639791936,42,214378,5104.238095238095
52.56532507017255,42,214442,5105.761904761905
52.56577747222036,42,214506,5107.285714285715
52.56627868395299,42,214570,5108.809523809524
52.566782406996936,42,214634,5110.333333333333
52.56722788885236,42,214698,5111.857142857143
52.72095534391701,42,214762,5113.380952380952
53.193525210022926,42,214826,5114.9047619047615
53.19413397600874,42,214890,5116.428571428572
53.19466683920473,42,214954,5117.952380952381
53.195572511758655,42,215018,5119.476190476191
53.19611189607531,42,215082,5121.0
53.19662637915462,42,215146,5122.523809523809
53.1970843099989,42,215210,5124.047619047619
53.197597852908075,42,215274,5125.571428571428
53.198102545924485,42,215338,5127.0952380952385
53.198599848896265,42,215402,5128.619047619048
53.19910553097725,42,215466,5130.142857142857
53.19960049400106,42,215530,5131.666666666667
53.20009202696383,42,215594,5133.190476190476
53.20059326896444,42,215658,5134.714285714285
53.20109933195636,42,215722,5136.238095238095
53.20160262519494,42,215786,5137.761904761905
53.203114992938936,42,215850,5139.285714285715
53.203628265764564,42,215914,5140.809523809524
53.20414092903957,42,215978,5142.333333333333
53.20459956116974,42,216042,5143.857142857143
53.205048171803355,42,216106,5145.380952380952
53.20555021520704,42,216170,5146.9047619047615
53.20602734712884,42,216234,5148.428571428572
53.20651665888727,42,216298,5149.952380952381
53.20701357210055,42,216362,5151.476190476191
53.20754493493587,42,216426,5153.0
53.207994907163084,42,216490,5154.523809523809
53.208532540127635,42,216554,5156.047619047619
53.2090288028121,42,216618,5157.571428571428
53.20953202620149,42,216682,5159.0952380952385
53.210008228197694,42,216746,5160.619047619048
53.210494690109044,42,216810,5162.142857142857
53.210974401794374,42,216874,5163.666666666667
53.21147274505347,42,216938,5165.190476190476
53.21194552676752,42,217002,5166.714285714285
53.21244480879977,42,217066,5168.238095238095
53.212920361198485,42,217130,5169.761904761905
53.21336938301101,42,217194,5171.285714285715
53.21388063579798,42,217258,5172.809523809524
53.21437982888892,42,217322,5174.333333333333
53.214844500180334,42,217386,5175.857142857143
53.36585244676098,42,217450,5177.380952380952
53.83632696978748,42,217514,5178.9047619047615
53.83698408585042,42,217578,5180.428571428572
53.837523870170116,42,217642,5181.952380952381
53.838477184064686,42,217706,5183.476190476191
53.839020447805524,42,217770,5185.0
53.839539191219956,42,217834,5186.523809523809
53.84000717289746,42,217898,5188.047619047619
53.84052403597161,42,217962,5189.571428571428
53.84103555884212,42,218026,5191.0952380952385
53.84153991192579,42,218090,5192.619047619048
53.84205513494089,42,218154,5194.142857142857
53.84255694784224,42,218218,5195.666666666667
53.84305540006608,42,218282,5197.190476190476
53.84356245305389,42,218346,5198.714285714285
53.84407314611599,42,218410,5200.238095238095
53.84458076907322,42,218474,5201.761904761905
53.84604372596368,42,218538,5203.285714285715
53.846565259154886,42,218602,5204.809523809524
53.84707754198462,42,218666,5206.333333333333
53.84754905384034,42,218730,5207.857142857143
53.84800940612331,42,218794,5209.380952380952
53.848510447889566,42,218858,5210.9047619047615
53.84900391101837,42,218922,5212.428571428572
53.84949758416042,42,218986,5213.952380952381
53.84999257605523,42,219050,5215.476190476191
53.85050830896944,42,219114,5217.0
53.850960141047835,42,219178,5218.523809523809
53.85148299392313,42,219242,5220.047619047619
53.85197786614299,42,219306,5221.571428571428
53.85247809905559,42,219370,5223.0952380952385
53.85295686079189,42,219434,5224.619047619048
53.853445244021714,42,219498,5226.142857142857
53.85393065586686,42,219562,5227.666666666667
53.85443645901978,42,219626,5229.190476190476
53.85491470107809,42,219690,5230.714285714285
53.8554154029116,42,219754,5232.238095238095
53.85590439615771,42,219818,5233.761904761905
53.856358527205884,42,219882,5235.285714285715
53.856867420021445,42,219946,5236.809523809524
53.857360523194075,42,220010,5238.333333333333
53.85783690493554,42,220074,5239.857142857143
54.00986934779212,42,220138,5241.380952380952
54.48151774983853,42,220202,5242.9047619047615
54.48213554592803,42,220266,5244.428571428572
54.48267722921446,42,220330,5245.952380952381
54.48358458187431,42,220394,5247.476190476191
54.484133515972644,42,220458,5249.0
54.48466224921867,42,220522,5250.523809523809
54.48512894101441,42,220586,5252.047619047619
54.48564770491794,42,220650,5253.571428571428
54.48616939783096,42,220714,5255.0952380952385
54.48668038100004,42,220778,5256.619047619048
54.4871968338266,42,220842,5258.142857142857
54.48770262720063,42,220906,5259.666666666667
54.48820422915742,42,220970,5261.190476190476
54.48871359182522,42,221034,5262.714285714285
54.48922454519197,42,221098,5264.238095238095
54.48973498819396,42,221162,5265.761904761905
54.49118135496974,42,221226,5267.285714285715
54.49169806810096,42,221290,5268.809523809524
54.49221752118319,42,221354,5270.333333333333
54.4927400238812,42,221418,5271.857142857143
54.49321402609348,42,221482,5273.380952380952
54.49371856916696,42,221546,5274.9047619047615
54.49420719081536,42,221610,5276.428571428572
54.494718824047595,42,221674,5277.952380952381
54.4952206867747,42,221738,5279.476190476191
54.49574306095019,42,221802,5281.0
54.496199862100184,42,221866,5282.523809523809
54.49672725517303,42,221930,5284.047619047619
54.49722483800724,42,221994,5285.571428571428
54.49772958084941,42,222058,5287.0952380952385
54.49820925295353,42,222122,5288.619047619048
54.498704184778035,42,222186,5290.142857142857
54.499193508177996,42,222250,5291.666666666667
54.49969953112304,42,222314,5293.190476190476
54.5001770327799,42,222378,5294.714285714285
54.500690426211804,42,222442,5296.238095238095
54.50117672793567,42,222506,5297.761904761905
54.50164090981707,42,222570,5299.285714285715
54.50214734300971,42,222634,5300.809523809524
54.50265066511929,42,222698,5302.333333333333
54.50310705695301,42,222762,5303.857142857143
54.65552349900827,42,222826,5305.380952380952
54.7681498141028,42,222855,5306.071428571428
54.7681498141028,42,222855,5306.071428571428
55.12569428421557,41,217577,5306.756097560976
55.12628097878769,41,217641,5308.317073170731
55.12725982395932,41,217705,5309.878048780488
55.127820848021656,41,217769,5311.4390243902435
55.12833148101345,41,217833,5313.0
55.128858554176986,41,217897,5314.5609756097565
55.12937057809904,41,217961,5316.121951219512
55.129848659969866,41,218025,5317.682926829269
55.13035803195089,41,218089,5319.243902439024
55.13088660594076,41,218153,5320.804878048781
55.13138693803921,41,218217,5322.365853658536
55.131916681770235,41,218281,5323.926829268293
55.13241674518213,41,218345,5325.487804878048
55.13293547788635,41,218409,5327.048780487805
55.13344546081498,41,218473,5328.609756097561
55.133966833818704,41,218537,5330.170731707317
55.1354187107645,41,218601,5331.731707317073
55.135978755075485,41,218665,5333.292682926829
55.13652061903849,41,218729,5334.8536585365855
55.13700323086232,41,218793,5336.414634146341
55.137523914221674,41,218857,5337.975609756098
55.13801544578746,41,218921,5339.536585365854
55.13852022914216,41,218985,5341.09756097561
55.139036282896996,41,219049,5342.658536585366
55.13956688577309,41,219113,5344.219512195122
55.140028757974505,41,219177,5345.780487804878
55.140502280090004,41,219241,5347.341463414634
55.141027132980525,41,219305,5348.90243902439
55.14153612591326,41,219369,5350.463414634146
55.14204180799425,41,219433,5352.024390243902
55.14253762084991,41,219497,5353.585365853659
55.14302752399817,41,219561,5355.1463414634145
55.143529785797,41,219625,5356.707317073171
55.14403693890199,41,219689,5358.268292682927
55.14453050214797,41,219753,5359.829268292683
55.14504317520186,41,219817,5361.390243902439
55.14554204698652,41,219881,5362.951219512195
55.14605600014329,41,219945,5364.512195121952
55.14657031279057,41,220009,5366.073170731707
55.147034095134586,41,220073,5367.634146341464
55.3012314629741,41,220137,5369.195121951219
55.59510882012546,41,220184,5370.341463414634
55.59510882012546,41,220184,5370.341463414634
55.77219955716282,40,214824,5370.6
55.772807403001934,40,214888,5372.2
55.77379319816828,40,214952,5373.8
55.774341132026166,40,215016,5375.4
55.774863955099136,40,215080,5377.0
55.775385349057615,40,215144,5378.6
55.77591663179919,40,215208,5380.2
55.776394044049084,40,215272,5381.8
55.776924416888505,40,215336,5383.4
55.777454210910946,40,215400,5385.0
55.77796254400164,40,215464,5386.6
55.778498927131295,40,215528,5388.2
55.77900278987363,40,215592,5389.8
55.77952088275924,40,215656,5391.4
55.78002885589376,40,215720,5393.0
55.78055716911331,40,215784,5394.6
55.78200296591967,40,215848,5396.2
55.78253343887627,40,215912,5397.8
55.78306217305362,40,215976,5399.4
55.78359213611111,40,216040,5401.0
55.78407528903335,40,216104,5402.6
55.78460487211123,40,216168,5404.2
55.78511303476989,40,216232,5405.8
55.78562484821305,40,216296,5407.4
55.78614091081545,40,216360,5409.0
55.78668768517673,40,216424,5410.6
55.78715146705508,40,216488,5412.2
55.78762734821066,40,216552,5413.8
55.78815506212413,40,216616,5415.4
55.78867427492514,40,216680,5417.0
55.789186558220536,40,216744,5418.6
55.78969623101875,40,216808,5420.2
55.79019571421668,40,216872,5421.8
55.79071288695559,40,216936,5423.4
55.791205779183656,40,217000,5425.0
55.79173121182248,40,217064,5426.6
55.79223212506622,40,217128,5428.2
55.792754428926855,40,217192,5429.8
55.79326206119731,40,217256,5431.4
55.86791443312541,40,217266,5431.65
55.86791443312541,40,217266,5431.65
55.94777107704431,39,211879,5432.794871794872
56.41700428817421,39,211943,5434.4358974358975
56.417624483816326,39,212007,5436.076923076923
56.41818092716858,39,212071,5437.717948717948
56.41912524215877,39,212135,5439.358974358975
56.419719845987856,39,212199,5441.0
56.42024155007675,39,212263,5442.641025641025
56.42077380279079,39,212327,5444.282051282052
56.421252536121756,39,212391,5445.923076923077
56.42178284889087,39,212455,5447.5641025641025
56.42231141217053,39,212519,5449.205128205128
56.42282896488905,39,212583,5450.846153846154
56.42335994914174,39,212647,5452.48717948718
56.4238819219172,39,212711,5454.128205128205
56.42439968511462,39,212775,5455.7692307692305
56.42492938879877,39,212839,5457.410256410257
56.42547202203423,39,212903,5459.051282051282
56.42686488805339,39,212967,5460.692307692308
56.42739904113114,39,213031,5462.333333333333
56.42793227499351,39,213095,5463.974358974359
56.428409587126225,39,213159,5465.615384615385
56.42893284978345,39,213223,5467.25641025641
56.42944221291691,39,213287,5468.897435897436
56.42995769577101,39,213351,5470.538461538462
56.4304894390516,39,213415,5472.179487179487
56.431002291850746,39,213479,5473.820512820513
56.431535656098276,39,213543,5475.461538461538
56.43201208813116,39,213607,5477.102564102564
56.43249339982867,39,213671,5478.74358974359
56.43302606418729,39,213735,5480.384615384615
56.4335576267913,39,213799,5482.025641025641
56.43407534994185,39,213863,5483.666666666667
56.434592593926936,39,213927,5485.307692307692
56.435091585852206,39,213991,5486.948717948718
56.43561255885288,39,214055,5488.589743589743
56.43611156195402,39,214119,5490.2307692307695
56.4366228049621,39,214183,5491.871794871795
56.43714235816151,39,214247,5493.51282051282
56.437670052051544,39,214311,5495.153846153846
56.59251957619563,39,214375,5496.794871794872
57.06249408517033,39,214439,5498.4358974358975
57.063093159813434,39,214503,5500.076923076923
57.06411995599046,39,214567,5501.717948717948
57.06465082988143,39,214631,5503.358974358975
57.065220933873206,39,214695,5505.0
57.06575865810737,39,214759,5506.641025641025
57.06629565078765,39,214823,5508.282051282052
57.06678796419874,39,214887,5509.923076923077
57.0673143370077,39,214951,5511.5641025641025
57.06786167109385,39,215015,5513.205128205128
57.068380184005946,39,215079,5514.846153846154
57.068925357889384,39,215143,5516.48717948718
57.069452670868486,39,215207,5518.128205128205
57.06997545482591,39,215271,5519.7692307692305
57.07050548819825,39,215335,5521.410256410257
57.07103928178549,39,215399,5523.051282051282
57.07244612695649,39,215463,5524.692307692308
57.072990860790014,39,215527,5526.333333333333
57.07352959504351,39,215591,5527.974358974359
57.07400968717411,39,215655,5529.615384615385
57.074537170119584,39,215719,5531.25641025641
57.07505097286776,39,215783,5532.897435897436
57.07557265693322,39,215847,5534.538461538462
57.07610946986824,39,215911,5536.179487179487
57.07664139289409,39,215975,5537.820512820513
57.07716920692474,39,216039,5539.461538461538
57.07764666900039,39,216103,5541.102564102564
57.07813096093014,39,216167,5542.74358974359
57.07867578510195,39,216231,5544.384615384615
57.07919924892485,39,216295,5546.025641025641
57.07972632208839,39,216359,5547.666666666667
57.08023700490594,39,216423,5549.307692307692
57.080751528032124,39,216487,5550.948717948718
57.081271240953356,39,216551,5552.589743589743
57.08178169419989,39,216615,5554.2307692307695
57.08229287713766,39,216679,5555.871794871795
57.08282963000238,39,216743,5557.51282051282
57.083352903835475,39,216807,5559.153846153846
57.23822967801243,39,216871,5560.794871794872
57.70868714991957,39,216935,5562.4358974358975
57.70929384510964,39,216999,5564.076923076923
57.71030726097524,39,217063,5565.717948717948
57.71085246512666,39,217127,5567.358974358975
57.7114444100298,39,217191,5569.0
57.71197824412957,39,217255,5570.641025641025
57.71252233721316,39,217319,5572.282051282052
57.71301371976733,39,217383,5573.923076923077
57.71355805406347,39,217447,5575.5641025641025
57.714098596945405,39,217511,5577.205128205128
57.71463082078844,39,217575,5578.846153846154
57.715172613970935,39,217639,5580.48717948718
57.71570214815438,39,217703,5582.128205128205
57.71623002085835,39,217767,5583.7692307692305
57.71676541492343,39,217831,5585.410256410257
57.717307578772306,39,217895,5587.051282051282
57.71867060288787,39,217959,5588.692307692308
57.71926710801199,39,218023,5590.333333333333
57.719816071912646,39,218087,5591.974358974359
57.72030678484589,39,218151,5593.615384615385
57.720841047819704,39,218215,5595.25641025641
57.72135412087664,39,218279,5596.897435897436
57.721881203819066,39,218343,5598.538461538462
57.72241034777835,39,218407,5600.179487179487
57.72295641200617,39,218471,5601.820512820513
57.723512256052345,39,218535,5603.461538461538
57.723987217992544,39,218599,5605.102564102564
57.72447565989569,39,218663,5606.74358974359
57.725030484143645,39,218727,5608.384615384615
57.725568127818406,39,218791,5610.025641025641
57.7260923711583,39,218855,5611.666666666667
57.726622065063566,39,218919,5613.307692307692
57.7271378277801,39,218983,5614.948717948718
57.7276730411686,39,219047,5616.589743589743
57.72818084387109,39,219111,5618.2307692307695
57.72870016703382,39,219175,5619.871794871795
57.729231351055205,39,219239,5621.51282051282
57.72976960381493,39,219303,5623.153846153846
57.884798873215914,39,219367,5624.794871794872
58.22987596783787,39,219419,5626.128205128205
58.22987596783787,39,219419,5626.128205128205
58.3568286341615,38,213798,5626.263157894737
58.357512682210654,38,213862,5627.9473684210525
58.35809761704877,38,213926,5629.631578947368
58.35912767285481,38,213990,5631.315789473684
58.3597369780764,38,214054,5633.0
58.360279231797904,38,214118,5634.684210526316
58.360837305895984,38,214182,5636.368421052632
58.36132958903909,38,214246,5638.0526315789475
58.36188005283475,38,214310,5639.736842105263
58.362435136921704,38,214374,5641.421052631579
58.36296579008922,38,214438,5643.105263157895
58.36353242397308,38,214502,5644.789473684211
58.36406202800572,38,214566,5646.473684210527
58.36460486194119,38,214630,5648.1578947368425
58.36514146486297,38,214694,5649.8421052631575
58.365697659086436,38,214758,5651.526315789473
58.36713875597343,38,214822,5653.210526315789
58.36773659102619,38,214886,5654.894736842105
58.368280705064535,38,214950,5656.578947368421
58.36883051879704,38,215014,5658.263157894737
58.36932587111369,38,215078,5659.9473684210525
58.369859534781426,38,215142,5661.631578947368
58.370390768162906,38,215206,5663.315789473684
58.37094729207456,38,215270,5665.0
58.37149183591828,38,215334,5666.684210526316
58.3720533400774,38,215398,5668.368421052632
58.37254346301779,38,215462,5670.0526315789475
58.37303061503917,38,215526,5671.736842105263
58.37359102908522,38,215590,5673.421052631579
58.374137273058295,38,215654,5675.105263157895
58.37467801710591,38,215718,5676.789473684211
58.37520640017465,38,215782,5678.473684210527
58.375737413764,38,215846,5680.1578947368425
58.37625612691045,38,215910,5681.8421052631575
58.37678322009742,38,215974,5683.526315789473
58.37732312409207,38,216038,5685.210526315789
58.37786557804793,38,216102,5686.894736842105
58.53236213279888,38,216166,5688.578947368421
58.96858243690804,38,216227,5690.184210526316
58.96858243690804,38,216227,5690.184210526316
59.00432467320934,37,210533,5690.081081081081
59.004960868973285,37,210597,5691.810810810811
59.00605695601553,37,210661,5693.540540540541
59.00662047090009,37,210725,5695.27027027027
59.007212665863335,37,210789,5697.0
59.00777572020888,37,210853,5698.72972972973
59.00832050386816,37,210917,5700.459459459459
59.00887800799683,37,210981,5702.189189189189
59.00937844114378,37,211045,5703.918918918919
59.0099372449331,37,211109,5705.648648648648
59.01048397878185,37,211173,5707.378378378378
59.011038491968066,37,211237,5709.108108108108
59.01157947583124,37,211301,5710.8378378378375
59.01211855979636,37,211365,5712.5675675675675
59.01266549387947,37,211429,5714.2972972972975
59.013219418004155,37,211493,5716.027027027027
59.01459890278056,37,211557,5717.756756756757
59.015186377801,37,211621,5719.486486486487
59.01574014220387,37,211685,5721.216216216216
59.01624166406691,37,211749,5722.945945945946
59.01677826792002,37,211813,5724.675675675676
59.01733014220372,37,211877,5726.405405405405
59.017883685883135,37,211941,5728.135135135135
59.01843278994784,37,212005,5729.864864864865
59.018985733855516,37,212069,5731.594594594595
59.01949090696871,37,212133,5733.324324324324
59.019987610168755,37,212197,5735.054054054054
59.020530893001705,37,212261,5736.783783783784
59.02109871804714,37,212325,5738.513513513513
59.0216448311694,37,212389,5740.243243243243
59.02219417504966,37,212453,5741.972972972973
59.02273884881288,37,212517,5743.7027027027025
59.02328429277986,37,212581,5745.4324324324325
59.02383241709322,37,212645,5747.1621621621625
59.0243522701785,37,212709,5748.891891891892
59.02488994412124,37,212773,5750.621621621622
59.18003291497007,37,212837,5752.351351351352
59.49371963413432,37,212886,5753.675675675676
59.49371963413432,37,212886,5753.675675675676
59.59434930421412,36,207135,5753.75
59.59434930421412,36,207135,5753.75
59.649848219938576,35,201379,5753.685714285714
59.65047180606052,35,201443,5755.5142857142855
59.65155951399356,35,201507,5757.342857142857
59.652111577801406,35,201571,5759.171428571429
59.65269736293703,35,201635,5761.0
59.653253256808966,35,201699,5762.828571428571
59.65380984079093,35,201763,5764.657142857143
59.65436213510111,35,201827,5766.4857142857145
59.654874107800424,35,201891,5768.314285714286
59.655431202147156,35,201955,5770.142857142857
59.65597822610289,35,202019,5771.971428571429
59.65654125018045,35,202083,5773.8
59.657079042866826,35,202147,5775.628571428571
59.65762885706499,35,202211,5777.457142857143
59.658170490991324,35,202275,5779.285714285715
59.65873275604099,35,202339,5781.114285714286
59.66003586910665,35,202403,5782.942857142857
59.660629873164,35,202467,5784.771428571428
59.66118322685361,35,202531,5786.6
59.661689210217446,35,202595,5788.428571428572
59.6622205642052,35,202659,5790.257142857143
59.6627572667785,35,202723,5792.085714285714
59.663305301219225,35,202787,5793.914285714286
59.66385533520952,35,202851,5795.742857142857
59.66439298912883,35,202915,5797.571428571428
59.66496240301058,35,202979,5799.4
59.66545541584492,35,203043,5801.228571428572
59.66598902922124,35,203107,5803.057142857143
59.666549073997885,35,203171,5804.885714285714
59.66708983713761,35,203235,5806.714285714285
59.667634521145374,35,203299,5808.542857142857
59.66818181518465,35,203363,5810.371428571429
59.66874782880768,35,203427,5812.2
59.669276292901486,35,203491,5814.028571428571
59.825472351163626,35,203555,5815.857142857143
59.88636295404285,35,203579,5816.542857142857
59.88636295404285,35,203579,5816.542857142857
60.29219867801294,34,197794,5817.470588235294
60.292936576064676,34,197858,5819.35294117647
60.29350924119353,34,197922,5821.235294117647
60.294672570191324,34,197986,5823.117647058823
60.29529225593433,34,198050,5825.0
60.29588085087016,34,198114,5826.882352941177
60.296473016031086,34,198178,5828.764705882353
60.296984589193016,34,198242,5830.64705882353
60.29755679285154,34,198306,5832.529411764706
60.298109537921846,34,198370,5834.411764705882
60.2986909118481,34,198434,5836.294117647059
60.29926066705957,34,198498,5838.176470588235
60.29978035017848,34,198562,5840.058823529412
60.300346043892205,34,198626,5841.941176470588
60.30090660788119,34,198690,5843.823529411765
60.30147871281952,34,198754,5845.705882352941
60.30286174779758,34,198818,5847.588235294118
60.303469182923436,34,198882,5849.470588235294
60.3040300081484,34,198946,5851.35294117647
60.30454412987456,34,199010,5853.235294117647
60.3050836538896,34,199074,5855.117647058823
60.305628567934036,34,199138,5857.0
60.30618776194751,34,199202,5858.882352941177
60.30675094621256,34,199266,5860.764705882353
60.30731110088527,34,199330,5862.64705882353
60.30786442477256,34,199394,5864.529411764706
60.30843382887542,34,199458,5866.411764705882
60.308977453038096,34,199522,5868.294117647059
60.30954165710136,34,199586,5870.176470588235
60.31009096093476,34,199650,5872.058823529412
60.31064468482509,34,199714,5873.941176470588
60.311190489213914,34,199778,5875.823529411765
60.31174768321216,34,199842,5877.705882352941
60.46692280517891,34,199906,5879.588235294118
60.93403194192797,34,199970,5881.470588235294
60.934721359051764,34,200034,5883.35294117647
60.935280464123935,34,200098,5885.235294117647
60.9363999417983,34,200162,5887.117647058823
60.93699019681662,34,200226,5889.0
60.93755767121911,34,200290,5890.882352941177
60.938122484833,34,200354,5892.764705882353
60.93864067783579,34,200418,5894.64705882353
60.93920311285183,34,200482,5896.529411764706
60.93976853694767,34,200546,5898.411764705882
60.940342091955245,34,200610,5900.294117647059
60.94090689579025,34,200674,5902.176470588235
60.94139852793887,34,200738,5904.058823529412
60.94197152322158,34,200802,5905.941176470588
60.94253707677126,34,200866,5907.823529411765
60.943111442029476,34,200930,5909.705882352941
60.94441173505038,34,200994,5911.588235294118
60.9450297402218,34,201058,5913.470588235294
60.94560226518661,34,201122,5915.35294117647
60.946111638098955,34,201186,5917.235294117647
60.94666106207296,34,201250,5919.117647058823
60.94719366496429,34,201314,5921.0
60.94776243995875,34,201378,5922.882352941177
60.94831742392853,34,201442,5924.764705882353
60.94888839777559,34,201506,5926.64705882353
60.94945174315944,34,201570,5928.529411764706
60.95001960685477,34,201634,5930.411764705882
60.95057053118944,34,201698,5932.294117647059
60.951136904768646,34,201762,5934.176470588235
60.95169466920197,34,201826,5936.058823529412
60.952243722975254,34,201890,5937.941176470588
60.952795166987926,34,201954,5939.823529411765
60.95333593105897,34,202018,5941.705882352941
61.109858287032694,34,202082,5943.588235294118
61.579621160868555,34,202146,5945.470588235294
61.58028237801045,34,202210,5947.35294117647
61.58086325181648,34,202274,5949.235294117647
61.581969091203064,34,202338,5951.117647058823
61.58256394602358,34,202402,5953.0
61.583131180144846,34,202466,5954.882352941177
61.58371084416285,34,202530,5956.764705882353
61.58422477776185,34,202594,5958.64705882353
61.58479783218354,34,202658,5960.529411764706
61.585356095805764,34,202722,5962.411764705882
61.58594245091081,34,202786,5964.294117647059
61.58650691481307,34,202850,5966.176470588235
61.587010708171874,34,202914,5968.058823529412
61.58758497284725,34,202978,5969.941176470588
61.58814419712871,34,203042,5971.823529411765
61.58872196217999,34,203106,5973.705882352941
61.59003781480715,34,203170,5975.588235294118
61.59065870102495,34,203234,5977.470588235294
61.59123077476397,34,203298,5979.35294117647
61.59175819903612,34,203362,5981.235294117647
61.592320752795786,34,203426,5983.117647058823
61.5928753670305,34,203490,5985.0
61.59345285082236,34,203554,5986.882352941177
61.594014956150204,34,203618,5988.764705882353
61.59458993002772,34,203682,5990.64705882353
61.595153574831784,34,203746,5992.529411764706
61.59573255898431,34,203810,5994.411764705882
61.59628438297659,34,203874,5996.294117647059
61.59686128795147,34,203938,5998.176470588235
61.59741924190894,34,204002,6000.058823529412
61.59798158612102,34,204066,6001.941176470588
61.59854434011504,34,204130,6003.823529411765
61.59908819384873,34,204194,6005.705882352941
61.75568942213431,34,204258,6007.588235294118
62.22580075496808,34,204322,6009.470588235294
62.22647894220427,34,204386,6011.35294117647
62.22756014019251,34,204450,6013.235294117647
62.22820450598374,34,204514,6015.117647058823
62.2287921612151,34,204578,6017.0
62.22935535479337,34,204642,6018.882352941177
62.2299374002032,34,204706,6020.764705882353
62.230463842861354,34,204770,6022.64705882353
62.23103301785886,34,204834,6024.529411764706
62.2316069919616,34,204898,6026.411764705882
62.232186457142234,34,204962,6028.294117647059
62.2327725822106,34,205026,6030.176470588235
62.23327892506495,34,205090,6032.058823529412
62.23386846994981,34,205154,6033.941176470588
62.23444034392014,34,205218,6035.823529411765
62.23501710919663,34,205282,6037.705882352941
62.23635128187016,34,205346,6039.588235294118
62.23698588879779,34,205410,6041.470588235294
62.237574292812496,34,205474,6043.35294117647
62.23809694685042,34,205538,6045.235294117647
62.23866010084748,34,205602,6047.117647058823
62.23920877510682,34,205666,6049.0
62.2397904698737,34,205730,6050.882352941177
62.24035378405824,34,205794,6052.764705882353
62.240931348875165,34,205858,6054.64705882353
62.24149895319715,34,205922,6056.529411764706
62.24207402719185,34,205986,6058.411764705882
62.24263477185741,34,206050,6060.294117647059
62.24320912593976,34,206114,6062.176470588235
62.243776441086084,34,206178,6064.058823529412
62.24433653475717,34,206242,6065.941176470588
62.24490197887644,34,206306,6067.823529411765
62.24545901315287,34,206370,6069.705882352941
62.402006139978766,34,206434,6071.588235294118
62.872757519129664,34,206498,6073.470588235294
62.87339676497504,34,206562,6075.35294117647
62.87452971376479,34,206626,6077.235294117647
62.875154399778694,34,206690,6079.117647058823
62.87574740406126,34,206754,6081.0
62.87631651898846,34,206818,6082.882352941177
62.876903294119984,34,206882,6084.764705882353
62.87743466719985,34,206946,6086.64705882353
62.87801045179367,34,207010,6088.529411764706
62.87858402682468,34,207074,6090.411764705882
62.87917070090771,34,207138,6092.294117647059
62.87974496604875,34,207202,6094.176470588235
62.88025495922193,34,207266,6096.058823529412
62.880841423757374,34,207330,6097.941176470588
62.88141412800178,34,207394,6099.823529411765
62.88200673321262,34,207458,6101.705882352941
62.883284085895866,34,207522,6103.588235294118
62.883909680880606,34,207586,6105.470588235294
62.88449627580121,34,207650,6107.35294117647
62.88502101879567,34,207714,6109.235294117647
62.88558665383607,34,207778,6111.117647058823
62.88613815791905,34,207842,6113.0
62.886727382894605,34,207906,6114.882352941177
62.887299987021834,34,207970,6116.764705882353
62.88788281194866,34,208034,6118.64705882353
62.888467066921294,34,208098,6120.529411764706
62.889053721912205,34,208162,6122.411764705882
62.88963011605665,34,208226,6124.294117647059
62.890213530976325,34,208290,6126.176470588235
62.8907902459614,34,208354,6128.058823529412
62.89135529007763,34,208418,6129.941176470588
62.8919312749058,34,208482,6131.823529411765
62.89250007877126,34,208546,6133.705882352941
63.04939214512706,34,208610,6135.588235294118
63.52131308289245,34,208674,6137.470588235294
63.52204460091889,34,208738,6139.35294117647
63.52316652005538,34,208802,6141.235294117647
63.523814706131816,34,208866,6143.117647058823
63.5244073709473,34,208930,6145.0
63.52499547600746,34,208994,6146.882352941177
63.5255848611705,34,209058,6148.764705882353
63.52611408382654,34,209122,6150.64705882353
63.52670374978334,34,209186,6152.529411764706
63.52727655414492,34,209250,6154.411764705882
63.527876309119165,34,209314,6156.294117647059
63.52845899388194,34,209378,6158.176470588235
63.52897354681045,34,209442,6160.058823529412
63.52956551220268,34,209506,6161.941176470588
63.530138017144054,34,209570,6163.823529411765
63.530735461972654,34,209634,6165.705882352941
63.532139346934855,34,209698,6167.588235294118
63.5327725331299,34,209762,6169.470588235294
63.533361467998475,34,209826,6171.35294117647
63.53390802210197,34,209890,6173.235294117647
63.53448500717059,34,209954,6175.117647058823
63.53504515113309,34,210018,6177.0
63.53563861595467,34,210082,6178.882352941177
63.536212460137904,34,210146,6180.764705882353
63.536793725099415,34,210210,6182.64705882353
63.53736570989713,34,210274,6184.529411764706
63.537959325127304,34,210338,6186.411764705882
63.5385301890783,34,210402,6188.294117647059
63.53911597421393,34,210466,6190.176470588235
63.53969753906131,34,210530,6192.058823529412
63.54026771290228,34,210594,6193.941176470588
63.54084170795977,34,210658,6195.823529411765
63.54140683216974,34,210722,6197.705882352941
63.69909449806437,34,210786,6199.588235294118
64.17273700004444,34,210850,6201.470588235294
64.1734587578103,34,210914,6203.35294117647
64.17405465291813,34,210978,6205.235294117647
64.17525370279327,34,211042,6207.117647058823
64.17588026914746,34,211106,6209.0
64.17648400412872,34,211170,6210.882352941177
64.17707485007122,34,211234,6212.764705882353
64.17762111313641,34,211298,6214.64705882353
64.17820979794487,34,211362,6216.529411764706
64.17879677284509,34,211426,6218.411764705882
64.17939192801714,34,211490,6220.294117647059
64.17998071294278,34,211554,6222.176470588235
64.18051176704466,34,211618,6224.058823529412
64.18110930221155,34,211682,6225.941176470588
64.18170245690271,34,211746,6227.823529411765
64.18232324300334,34,211810,6229.705882352941
64.18372787814587,34,211874,6231.588235294118
64.18438999494538,34,211938,6233.470588235294
64.18499652994797,34,212002,6235.35294117647
64.18554118415341,34,212066,6237.235294117647
64.18611441878602,34,212130,6239.117647058823
64.18668830301613,34,212194,6241.0
64.18727977806702,34,212258,6242.882352941177
64.18787216302007,34,212322,6244.764705882353
64.18846545787528,34,212386,6246.64705882353
64.1890454730019,34,212450,6248.529411764706
64.18964164797217,34,212514,6250.411764705882
64.19021412311122,34,212578,6252.294117647059
64.1908135781996,34,212642,6254.176470588235
64.19139267178252,34,212706,6256.058823529412
64.19198146695271,34,212770,6257.941176470588
64.19256347185001,34,212834,6259.823529411765
64.19313590601087,34,212898,6261.705882352941
64.3500163918361,34,212962,6263.588235294118
64.8235827810131,34,213026,6265.470588235294
64.82429444976151,34,213090,6267.35294117647
64.82549142977223,34,213154,6269.235294117647
64.82615796709433,34,213218,6271.117647058823
64.82677636202425,34,213282,6273.0
64.82737316796556,34,213346,6274.882352941177
64.82798031298444,34,213410,6276.764705882353
64.828529976774,34,213474,6278.64705882353
64.82912673195824,34,213538,6280.529411764706
64.82972420705482,34,213602,6282.411764705882
64.83033320307732,34,213666,6284.294117647059
64.830968238879,34,213730,6286.176470588235
64.83150480221957,34,213794,6288.058823529412
64.8321055280976,34,213858,6289.941176470588
64.83270570309833,34,213922,6291.823529411765
64.83330826787278,34,213986,6293.705882352941
64.83475032402202,34,214050,6295.588235294118
64.83541297120973,34,214114,6297.470588235294
64.83604384679347,34,214178,6299.35294117647
64.83660320192575,34,214242,6301.235294117647
64.83718391600996,34,214306,6303.117647058823
64.83776761079207,34,214370,6305.0
64.83836795575917,34,214434,6306.882352941177
64.83896388113499,34,214498,6308.764705882353
64.83956997701898,34,214562,6310.64705882353
64.84015604108572,34,214626,6312.529411764706
64.84076110692695,34,214690,6314.411764705882
64.84134181076661,34,214754,6316.294117647059
64.84195237699896,34,214818,6318.176470588235
64.84254796197638,34,214882,6320.058823529412
64.84313053684309,34,214946,6321.941176470588
64.84371959185228,34,215010,6323.823529411765
64.84429323580116,34,215074,6325.705882352941
65.00022016791627,34,215138,6327.588235294118
65.47509776009247,34,215202,6329.470588235294
65.47585905017331,34,215266,6331.35294117647
65.47647391492501,34,215330,6333.235294117647
65.47709116106853,34,215394,6335.117647058823
65.47816453780979,34,215458,6337.0
65.47878158418462,34,215522,6338.882352941177
65.47938999906182,34,215586,6340.764705882353
65.47994991298765,34,215650,6342.64705882353
65.48055919911712,34,215714,6344.529411764706
65.48115213401616,34,215778,6346.411764705882
65.48176654893905,34,215842,6348.294117647059
65.48235786380246,34,215906,6350.176470588235
65.48289053793997,34,215970,6352.058823529412
65.48350045317784,34,216034,6353.941176470588
65.48409685818478,34,216098,6355.823529411765
65.48471347382292,34,216162,6357.705882352941
65.48610689910129,34,216226,6359.588235294118
65.48678950686008,34,216290,6361.470588235294
65.48739596176893,34,216354,6363.35294117647
65.48795531596988,34,216418,6365.235294117647
65.48855408094823,34,216482,6367.117647058823
65.48913212586194,34,216546,6369.0
65.48974786093459,34,216610,6370.882352941177
65.490338887088,34,216674,6372.764705882353
65.49095141189173,34,216738,6374.64705882353
65.49155038688332,34,216802,6376.529411764706
65.49215927300975,34,216866,6378.411764705882
65.49275887804106,34,216930,6380.294117647059
65.49336765287444,34,216994,6382.176470588235
65.49397049890831,34,217058,6384.058823529412
65.49456931417808,34,217122,6385.941176470588
65.49515931913629,34,217186,6387.823529411765
65.49575753416866,34,217250,6389.705882352941
65.6532940659672,34,217314,6391.588235294118
66.12967734690756,34,217378,6393.470588235294
66.13043338619173,34,217442,6395.35294117647
66.1310477219522,34,217506,6397.235294117647
66.13226613216102,34,217570,6399.117647058823
66.13290140917525,34,217634,6401.0
66.13352214405313,34,217698,6402.882352941177
66.13413072982803,34,217762,6404.764705882353
66.13468582415953,34,217826,6406.64705882353
66.13529049884528,34,217890,6408.529411764706
66.13589033391327,34,217954,6410.411764705882
66.13651181012392,34,218018,6412.294117647059
66.13710390496999,34,218082,6414.176470588235
66.13763939822093,34,218146,6416.058823529412
66.13824451388791,34,218210,6417.941176470588
66.13885074900463,34,218274,6419.823529411765
66.13947306480259,34,218338,6421.705882352941
66.14090385101736,34,218402,6423.588235294118
66.14158490905538,34,218466,6425.470588235294
66.14219967415556,34,218530,6427.35294117647
66.14275853801519,34,218594,6429.235294117647
66.14334704307839,34,218658,6431.117647058823
66.14393228804693,34,218722,6433.0
66.14455006411299,34,218786,6434.882352941177
66.1451533487998,34,218850,6436.764705882353
66.14576076390222,34,218914,6438.64705882353
66.14635581895709,34,218978,6440.529411764706
66.14697855478153,34,219042,6442.411764705882
66.14757716003805,34,219106,6444.294117647059
66.14818482613191,34,219170,6446.176470588235
66.14878845121711,34,219234,6448.058823529412
66.1493827458471,34,219298,6449.941176470588
66.14998188102618,34,219362,6451.823529411765
66.15057349577546,34,219426,6453.705882352941
66.30818636994809,34,219490,6455.588235294118
66.78575191088021,34,219554,6457.470588235294
66.78648837888613,34,219618,6459.35294117647
66.78710789512843,34,219682,6461.235294117647
66.78838578704745,34,219746,6463.117647058823
66.78906774520874,34,219810,6465.0
66.78970450116321,34,219874,6466.882352941177
66.79032867681235,34,219938,6468.764705882353
66.79090139083564,34,220002,6470.64705882353
66.79153072694317,34,220066,6472.529411764706
66.79214067291468,34,220130,6474.411764705882
66.79277394898236,34,220194,6476.294117647059
66.79338307399303,34,220258,6478.176470588235
66.79393068794161,34,220322,6480.058823529412
66.79455943405628,34,220386,6481.941176470588
66.79516815021634,34,220450,6483.823529411765
66.79579582484439,34,220514,6485.705882352941
66.79723945213482,34,220578,6487.588235294118
66.7979371198453,34,220642,6489.470588235294
66.79857101617381,34,220706,6491.35294117647
66.79914651997387,34,220770,6493.235294117647
66.79979317681864,34,220834,6495.117647058823
66.80037916218862,34,220898,6497.0
66.80100102676079,34,220962,6498.882352941177
66.80161611316726,34,221026,6500.764705882353
66.8022274482064,34,221090,6502.64705882353
66.80283997394145,34,221154,6504.529411764706
66.80347015988082,34,221218,6506.411764705882
66.80407213512808,34,221282,6508.294117647059
66.80469728121534,34,221346,6510.176470588235
66.80530247604474,34,221410,6512.058823529412
66.8059125719592,34,221474,6513.941176470588
66.80652012676,34,221538,6515.823529411765
66.80711618205532,34,221602,6517.705882352941
66.96453068079427,34,221666,6519.588235294118
67.44247895199805,34,221730,6521.470588235294
67.4431790788658,34,221794,6523.35294117647
67.44436145899817,34,221858,6525.235294117647
67.44505218695849,34,221922,6527.117647058823
67.4456895631738,34,221986,6529.0
67.4463398992084,34,222050,6530.882352941177
67.44697672594339,34,222114,6532.764705882353
67.44754739012569,34,222178,6534.64705882353
67.44816433591768,34,222242,6536.529411764706
67.4487776812166,34,222306,6538.411764705882
67.44946720916778,34,222370,6540.294117647059
67.4500924940221,34,222434,6542.176470588235
67.45065195905045,34,222498,6544.058823529412
67.45127440383658,34,222562,6545.941176470588
67.45189546979964,34,222626,6547.823529411765
67.4525322560221,34,222690,6549.705882352941
67.45400166278705,34,222754,6551.588235294118
67.45469828089699,34,222818,6553.470588235294
67.45532221719623,34,222882,6555.35294117647
67.45588810089976,34,222946,6557.235294117647
67.4565544379875,34,223010,6559.117647058823
67.45715647283942,34,223074,6561.0
67.45778225921094,34,223138,6562.882352941177
67.45839079516008,34,223202,6564.764705882353
67.45901603996754,34,223266,6566.64705882353
67.45963440602645,34,223330,6568.529411764706
67.46025531180203,34,223394,6570.411764705882
67.46086565684527,34,223458,6572.294117647059
67.46150065399706,34,223522,6574.176470588235
67.46211184887215,34,223586,6576.058823529412
67.46272533386946,34,223650,6577.941176470588
67.46333129005507,34,223714,6579.823529411765
67.46393511490896,34,223778,6581.705882352941
67.62202726118267,34,223842,6583.588235294118
68.09972108481452,34,223906,6585.470588235294
68.10041639301926,34,223970,6587.35294117647
68.10160921281204,34,224034,6589.235294117647
68.1022970401682,34,224098,6591.117647058823
68.10293680708855,34,224162,6593.0
68.10356268193573,34,224226,6594.882352941177
68.10418417816982,34,224290,6596.764705882353
68.10475654294714,34,224354,6598.64705882353
68.1053805090487,34,224418,6600.529411764706
68.10600472381338,34,224482,6602.411764705882
68.10664985096082,34,224546,6604.294117647059
68.10726555576548,34,224610,6606.176470588235
68.10782179003581,34,224674,6608.058823529412
68.10846706712618,34,224738,6609.941176470588
68.10908580198884,34,224802,6611.823529411765
68.10972643876448,34,224866,6613.705882352941
68.11121390620247,34,224930,6615.588235294118
68.11189042311162,34,224994,6617.470588235294
68.11252995906398,34,225058,6619.35294117647
68.11309719411656,34,225122,6621.235294117647
68.11371777020395,34,225186,6623.117647058823
68.11431392515078,34,225250,6625.0
68.11497601214796,34,225314,6626.882352941177
68.1156051568687,34,225378,6628.764705882353
68.11622949317098,34,225442,6630.64705882353
68.11684947879985,34,225506,6632.529411764706
68.11749228509143,34,225570,6634.411764705882
68.11810351116583,34,225634,6636.294117647059
68.11873873695731,34,225698,6638.176470588235
68.11935293208808,34,225762,6640.058823529412
68.11999075906351,34,225826,6641.941176470588
68.12060740403831,34,225890,6643.823529411765
68.12120799021795,34,225954,6645.705882352941
68.27897583693266,34,226018,6647.588235294118
68.75896245893091,34,226082,6649.470588235294
68.7596795167774,34,226146,6651.35294117647
68.76087240688503,34,226210,6653.235294117647
68.76157554518431,34,226274,6655.117647058823
68.76221365202218,34,226338,6657.0
68.76284540817142,34,226402,6658.882352941177
68.76348270382732,34,226466,6660.764705882353
68.76404411811382,34,226530,6662.64705882353
68.76468173414469,34,226594,6664.529411764706
68.76529850019142,34,226658,6666.411764705882
68.76594153605402,34,226722,6668.294117647059
68.76656621182337,34,226786,6670.176470588235
68.76712218578905,34,226850,6672.058823529412
68.76776176178828,34,226914,6673.941176470588
68.76838638819754,34,226978,6675.823529411765
68.76903029391542,34,227042,6677.705882352941
68.77054529218003,34,227106,6679.588235294118
68.77122351014987,34,227170,6681.470588235294
68.77186907595024,34,227234,6683.35294117647
68.7724532308057,34,227298,6685.235294117647
68.77307310700417,34,227362,6687.117647058823
68.77368003176525,34,227426,6689.0
68.7743070279248,34,227490,6690.882352941177
68.77493725391105,34,227554,6692.764705882353
68.77557252999395,34,227618,6694.64705882353
68.7761907861568,34,227682,6696.529411764706
68.77683077193797,34,227746,6698.411764705882
68.77745561813936,34,227810,6700.294117647059
68.77808822412044,34,227874,6702.176470588235
68.77871839981526,34,227938,6704.058823529412
68.77933644503355,34,228002,6705.941176470588
68.77995872078463,34,228066,6707.823529411765
68.78057123720646,34,228130,6709.705882352941
68.93909863382578,34,228194,6711.588235294118
69.42413446400315,34,228258,6713.470588235294
69.42490113293752,34,228322,6715.35294117647
69.42611007392406,34,228386,6717.235294117647
69.42681436100975,34,228450,6719.117647058823
69.42747402796522,34,228514,6721.0
69.42810509400442,34,228578,6722.882352941177
69.42874980019405,34,228642,6724.764705882353
69.42932222504169,34,228706,6726.64705882353
69.43003330286592,34,228770,6728.529411764706
69.43070869985968,34,228834,6730.411764705882
69.43137956690043,34,228898,6732.294117647059
69.43203515280038,34,228962,6734.176470588235
69.43261274788529,34,229026,6736.058823529412
69.4332581651397,34,229090,6737.941176470588
69.4339006007649,34,229154,6739.823529411765
69.4345570881851,34,229218,6741.705882352941
69.43609636696056,34,229282,6743.588235294118
69.43679881421849,34,229346,6745.470588235294
69.43745467113331,34,229410,6747.35294117647
69.4380331961438,34,229474,6749.235294117647
69.4386672321707,34,229538,6751.117647058823
69.43927638698369,34,229602,6753.0
69.43991785310209,34,229666,6754.882352941177
69.44055618904531,34,229730,6756.764705882353
69.44118598476052,34,229794,6758.64705882353
69.4418152119033,34,229858,6760.529411764706
69.4424631181173,34,229922,6762.411764705882
69.44308515405282,34,229986,6764.294117647059
69.44373107003048,34,230050,6766.176470588235
69.44435447594151,34,230114,6768.058823529412
69.44498572219163,34,230178,6769.941176470588
69.44560840819031,34,230242,6771.823529411765
69.44623704394326,34,230306,6773.705882352941
69.60221403604373,34,230370,6775.588235294118
70.08491205610335,34,230434,6777.470588235294
70.08568333601579,34,230498,6779.35294117647
70.0863296422176,34,230562,6781.235294117647
70.08766668615863,34,230626,6783.117647058823
70.08850873680785,34,230690,6785.0
70.08915470400825,34,230754,6786.882352941177
70.08981279982254,34,230818,6788.764705882353
70.09039652487263,34,230882,6790.64705882353
70.09105650195852,34,230946,6792.529411764706
70.09175145998597,34,231010,6794.411764705882
70.09245940716937,34,231074,6796.294117647059
70.09309231396765,34,231138,6798.176470588235
70.09366433788091,34,231202,6800.058823529412
70.09430420398712,34,231266,6801.941176470588
70.09494418976828,34,231330,6803.823529411765
70.0956038669683,34,231394,6805.705882352941
70.09716095682234,34,231458,6807.588235294118
70.09785875398666,34,231522,6809.470588235294
70.09852036088705,34,231586,6811.35294117647
70.09910848597065,34,231650,6813.235294117647
70.09975101193413,34,231714,6815.117647058823
70.10036252811551,34,231778,6817.0
70.10101344389841,34,231842,6818.882352941177
70.10167625080794,34,231906,6820.764705882353
70.10232629720122,34,231970,6822.64705882353
70.10300440480933,34,232034,6824.529411764706
70.1036724918522,34,232098,6826.411764705882
70.10430465778336,34,232162,6828.294117647059
70.10496240388602,34,232226,6830.176470588235
70.10561006097123,34,232290,6832.058823529412
70.10624328721315,34,232354,6833.941176470588
70.10687387315556,34,232418,6835.823529411765
70.10751929879189,34,232482,6837.705882352941
70.26564923580736,34,232546,6839.588235294118
70.74857743177563,34,232610,6841.470588235294
70.74938201205805,34,232674,6843.35294117647
70.75011128094047,34,232738,6845.235294117647
70.75141855375841,34,232802,6847.117647058823
70.75221743388101,34,232866,6849.0
70.75288344081491,34,232930,6850.882352941177
70.75354342814535,34,232994,6852.764705882353
70.75413084309548,34,233058,6854.64705882353
70.75478884903714,34,233122,6856.529411764706
70.75543323578313,34,233186,6858.411764705882
70.75609099306166,34,233250,6860.294117647059
70.75673031900078,34,233314,6862.176470588235
70.75730624282733,34,233378,6864.058823529412
70.75796969002113,34,233442,6865.941176470588
70.75861807679757,34,233506,6867.823529411765
70.75927374279127,34,233570,6869.705882352941
70.76084344321862,34,233634,6871.588235294118
70.76154234120622,34,233698,6873.470588235294
70.76220017718151,34,233762,6875.35294117647
70.76279866276309,34,233826,6877.235294117647
70.76344182901084,34,233890,6879.117647058823
70.76405748398975,34,233954,6881.0
70.76471594115719,34,234018,6882.882352941177
70.76535539701581,34,234082,6884.764705882353
70.76600630395114,34,234146,6886.64705882353
70.76664669020101,34,234210,6888.529411764706
70.76730054616928,34,234274,6890.411764705882
70.76794643281028,34,234338,6892.294117647059
70.76860785018653,34,234402,6894.176470588235
70.76924687577412,34,234466,6896.058823529412
70.76988941198215,34,234530,6897.941176470588
70.77052363799885,34,234594,6899.823529411765
70.77114763390273,34,234658,6901.705882352941
70.92959909886122,34,234722,6903.588235294118
71.41340351710096,34,234786,6905.470588235294
71.41420939797536,34,234850,6907.35294117647
71.4155524619855,34,234914,6909.235294117647
71.41629194095731,34,234978,6911.117647058823
71.41696006711572,34,235042,6913.0
71.41761304391548,34,235106,6914.882352941177
71.41826373990625,34,235170,6916.764705882353
71.41885827621445,34,235234,6918.64705882353
71.41952282283455,34,235298,6920.529411764706
71.42015837877989,34,235362,6922.411764705882
71.42082675592974,34,235426,6924.294117647059
71.42147744214162,34,235490,6926.176470588235
71.42205245606601,34,235554,6928.058823529412
71.42271287320182,34,235618,6929.941176470588
71.4233534000814,34,235682,6931.823529411765
71.42401965614408,34,235746,6933.705882352941
71.42560090590268,34,235810,6935.588235294118
71.42629493400455,34,235874,6937.470588235294
71.4269580510445,34,235938,6939.35294117647
71.4275563461706,34,236002,6941.235294117647
71.42818702198565,34,236066,6943.117647058823
71.42881457787007,34,236130,6945.0
71.42947240406647,34,236194,6946.882352941177
71.43010949110612,34,236258,6948.764705882353
71.43076358688995,34,236322,6950.64705882353
71.43139769276604,34,236386,6952.529411764706
71.43206821009517,34,236450,6954.411764705882
71.43272067699581,34,236514,6956.294117647059
71.43337238300592,34,236578,6958.176470588235
71.43401985010132,34,236642,6960.058823529412
71.4346648058854,34,236706,6961.941176470588
71.43530022213235,34,236770,6963.823529411765
71.43594769900665,34,236834,6965.705882352941
71.5947330519557,34,236898,6967.588235294118
72.08040637802333,34,236962,6969.470588235294
72.0812263879925,34,237026,6971.35294117647
72.0818982347846,34,237090,6973.235294117647
72.08323878003284,34,237154,6975.117647058823
72.08411148190498,34,237218,6977.0
72.08479958912358,34,237282,6978.882352941177
72.08547712583095,34,237346,6980.764705882353
72.08607373107225,34,237410,6982.64705882353
72.08674931805581,34,237474,6984.529411764706
72.0873928652145,34,237538,6986.411764705882
72.08807142218575,34,237602,6988.294117647059
72.0887252278626,34,237666,6990.176470588235
72.08930945303291,34,237730,6992.058823529412
72.08999487105757,34,237794,6993.941176470588
72.09065226698294,34,237858,6995.823529411765
72.09131870418787,34,237922,6997.705882352941
72.09286605287343,34,237986,6999.588235294118
72.0936105218716,34,238050,7001.470588235294
72.0942771891132,34,238114,7003.35294117647
72.09488559514284,34,238178,7005.235294117647
72.09553922107443,34,238242,7007.117647058823
72.09616333711892,34,238306,7009.0
72.09682824416086,34,238370,7010.882352941177
72.09748296020553,34,238434,7012.764705882353
72.09813382709399,34,238498,7014.64705882353
72.09878687281162,34,238562,7016.529411764706
72.09945764997974,34,238626,7018.411764705882
72.1000950760208,34,238690,7020.294117647059
72.10076000308618,34,238754,7022.176470588235
72.10140585014597,34,238818,7024.058823529412
72.1020640861243,34,238882,7025.941176470588
72.1027131229639,34,238946,7027.823529411765
72.1033534691669,34,239010,7029.705882352941
72.26258827419952,34,239074,7031.588235294118
72.57646266603842,34,239122,7033.0
72.57646266603842,34,239122,7033.0
72.74804944405332,33,232097,7033.242424242424
72.74880980281159,33,232161,7035.181818181818
72.74953623209149,33,232225,7037.121212121212
72.75086605502293,33,232289,7039.060606060606
72.75174764776602,33,232353,7041.0
72.75244404515252,33,232417,7042.939393939394
72.75311324186623,33,232481,7044.878787878788
72.75371999805793,33,232545,7046.818181818182
72.75436471402645,33,232609,7048.757575757576
72.75504587078467,33,232673,7050.69696969697
72.7557019079104,33,232737,7052.636363636364
72.75634732376784,33,232801,7054.575757575758
72.75693985912949,33,232865,7056.515151515152
72.75761539582163,33,232929,7058.454545454545
72.75826607318595,33,232993,7060.393939393939
72.7589440299198,33,233057,7062.333333333333
72.76052374020219,33,233121,7064.272727272727
72.76114908605814,33,233185,7066.212121212121
72.76181919313967,33,233249,7068.151515151515
72.76248785015196,33,233313,7070.090909090909
72.76308903517202,33,233377,7072.030303030303
72.76374351186678,33,233441,7073.969696969697
72.7643754677847,33,233505,7075.909090909091
72.76504479488358,33,233569,7077.848484848485
72.76570333121344,33,233633,7079.787878787879
72.76635508798063,33,233697,7081.727272727273
72.76702097477391,33,233761,7083.666666666667
72.76767353108153,33,233825,7085.606060606061
72.76833566790447,33,233889,7087.545454545455
72.76899595512077,33,233953,7089.484848484848
72.769646640867,33,234017,7091.424242424242
72.77036258997396,33,234081,7093.363636363636
72.92938530817628,33,234145,7095.30303030303
73.414510239847,33,234209,7097.242424242424
73.41526428982615,33,234273,7099.181818181818
73.41593747586012,33,234337,7101.121212121212
73.41724422993138,33,234401,7103.060606060606
73.41814884310588,33,234465,7105.0
73.41884993994609,33,234529,7106.939393939394
73.41953878803179,33,234593,7108.878787878788
73.42014680290595,33,234657,7110.818181818182
73.42080985987559,33,234721,7112.757575757576
73.42150259716436,33,234785,7114.69696969697
73.42216316377744,33,234849,7116.636363636364
73.4228650717996,33,234913,7118.575757575758
73.42347236676142,33,234977,7120.515151515152
73.42415067506954,33,235041,7122.454545454545
73.42482101218775,33,235105,7124.393939393939
73.42550637898967,33,235169,7126.333333333333
73.42719736183062,33,235233,7128.272727272727
73.42800385178998,33,235297,7130.212121212121
73.42863738816231,33,235361,7132.151515151515
73.42932510608807,33,235425,7134.090909090909
73.43000018317252,33,235489,7136.030303030303
73.43061362812296,33,235553,7137.969696969697
73.43126273481175,33,235617,7139.909090909091
73.4319047308527,33,235681,7141.848484848485
73.4325738279149,33,235745,7143.787878787879
73.43324140505865,33,235809,7145.727272727273
73.43392081186175,33,235873,7147.666666666667
73.43458841880783,33,235937,7149.606060606061
73.43526638578624,33,236001,7151.545454545455
73.43593644304201,33,236065,7153.484848484848
73.43660284997895,33,236129,7155.424242424242
73.4373240978457,33,236193,7157.363636363636
73.59603396011516,33,236257,7159.30303030303
74.08158063190058,33,236321,7161.242424242424
74.08233559085056,33,236385,7163.181818181818
74.0830127778463,33,236449,7165.121212121212
74.08424900984392,33,236513,7167.060606060606
74.0849636378698,33,236577,7169.0
74.08567127585411,33,236641,7170.939393939394
74.08635232318193,33,236705,7172.878787878788
74.08697267901152,33,236769,7174.818181818182
74.08763948595151,33,236833,7176.757575757576
74.08832263294607,33,236897,7178.69696969697
74.0889947800897,33,236961,7180.636363636364
74.08965970715508,33,237025,7182.575757575758
74.09025639202446,33,237089,7184.515151515152
74.09094348875806,33,237153,7186.454545454545
74.09162114700302,33,237217,7188.393939393939
74.09230687376112,33,237281,7190.333333333333
74.09396566590294,33,237345,7192.272727272727
74.09463958302513,33,237409,7194.212121212121
74.09526923904195,33,237473,7196.151515151515
74.09599729720503,33,237537,7198.090909090909
74.0966955148615,33,237601,7200.030303030303
74.09731002012268,33,237665,7201.969696969697
74.09797573694959,33,237729,7203.909090909091
74.09863103413954,33,237793,7205.848484848485
74.09929119097069,33,237857,7207.787878787879
74.0999661278911,33,237921,7209.727272727273
74.10064662480727,33,237985,7211.666666666667
74.1013009720482,33,238049,7213.606060606061
74.1019859588705,33,238113,7215.545454545455
74.10265765618533,33,238177,7217.484848484848
74.10331775294617,33,238241,7219.424242424242
74.10407654196024,33,238305,7221.363636363636
74.26413915818557,33,238369,7223.30303030303
74.75250509101897,33,238433,7225.242424242424
74.75334014184773,33,238497,7227.181818181818
74.7540409299545,33,238561,7229.121212121212
74.75474009802565,33,238625,7231.060606060606
74.75595928914845,33,238689,7233.0
74.75666695693508,33,238753,7234.939393939394
74.75735698407516,33,238817,7236.878787878788
74.75805308204144,33,238881,7238.818181818182
74.75872461916879,33,238945,7240.757575757576
74.759410336148,33,239009,7242.69696969697
74.7600879240781,33,239073,7244.636363636364
74.76076090103015,33,239137,7246.575757575758
74.76136450609192,33,239201,7248.515151515152
74.76205600285903,33,239265,7250.454545454545
74.76273360010237,33,239329,7252.393939393939
74.76342156808823,33,239393,7254.333333333333
74.7644859449938,33,239457,7256.272727272727
74.76595906214789,33,239521,7258.212121212121
74.76676449319348,33,239585,7260.151515151515
74.76746653113514,33,239649,7262.090909090909
74.76814701780677,33,239713,7264.030303030303
74.76876980392262,33,239777,7265.969696969697
74.76944580115378,33,239841,7267.909090909091
74.77009615721181,33,239905,7269.848484848485
74.77077497402206,33,239969,7271.787878787879
74.77146039204672,33,240033,7273.727272727273
74.77213887916878,33,240097,7275.666666666667
74.77280490612611,33,240161,7277.606060606061
74.77349391300231,33,240225,7279.545454545455
74.77416153997183,33,240289,7281.484848484848
74.77483193716034,33,240353,7283.424242424242
74.77560722688213,33,240417,7285.363636363636
74.9349140431732,33,240481,7287.30303030303
75.42412670794874,33,240545,7289.242424242424
75.4249702389352,33,240609,7291.181818181818
75.42568231699988,33,240673,7293.121212121212
75.42638467485085,33,240737,7295.060606060606
75.42764844698831,33,240801,7297.0
75.42834820505232,33,240865,7298.939393939394
75.42904814286157,33,240929,7300.878787878788
75.42974202986807,33,240993,7302.818181818182
75.4304060167633,33,241057,7304.757575757576
75.43110307492316,33,241121,7306.69696969697
75.43177666189149,33,241185,7308.636363636364
75.43245549919084,33,241249,7310.575757575758
75.4330618637614,33,241313,7312.515151515152
75.43375138193369,33,241377,7314.454545454545
75.43443371914327,33,241441,7316.393939393939
75.43512360705063,33,241505,7318.333333333333
75.43620343413204,33,241569,7320.272727272727
75.43692187219858,33,241633,7322.212121212121
75.43836484896019,33,241697,7324.151515151515
75.43911968776956,33,241761,7326.090909090909
75.43981698621064,33,241825,7328.030303030303
75.44050494302064,33,241889,7329.969696969697
75.441124828998,33,241953,7331.909090909091
75.44180670613423,33,242017,7333.848484848485
75.44246748276055,33,242081,7335.787878787879
75.44313328992575,33,242145,7337.727272727273
75.4438261971809,33,242209,7339.666666666667
75.44449620414525,33,242273,7341.606060606061
75.44517385121435,33,242337,7343.545454545455
75.44585287896916,33,242401,7345.484848484848
75.44652705593035,33,242465,7347.424242424242
75.44725488405675,33,242529,7349.363636363636
75.60756213590503,33,242593,7351.30303030303
76.09559531090781,33,242657,7353.242424242424
76.09717952087522,33,242721,7355.181818181818
76.09796350076795,33,242785,7357.121212121212
76.09933349583298,33,242849,7359.060606060606
76.1002593790181,33,242913,7361.0
76.10099936788902,33,242977,7362.939393939394
76.10171021614224,33,243041,7364.878787878788
76.10240541398525,33,243105,7366.818181818182
76.10308877099305,33,243169,7368.757575757576
76.10379354888573,33,243233,7370.69696969697
76.10448764590546,33,243297,7372.636363636364
76.10516449296847,33,243361,7374.575757575758
76.10578668909147,33,243425,7376.515151515152
76.10649240715429,33,243489,7378.454545454545
76.10717526404187,33,243553,7380.393939393939
76.10788140213117,33,243617,7382.333333333333
76.1088813780807,33,243681,7384.272727272727
76.11032028403133,33,243745,7386.212121212121
76.11120398622006,33,243809,7388.151515151515
76.11198120610788,33,243873,7390.090909090909
76.11269068391994,33,243937,7392.030303030303
76.11338172107935,33,244001,7393.969696969697
76.11401320807636,33,244065,7395.909090909091
76.11469753505662,33,244129,7397.848484848485
76.11535698221996,33,244193,7399.787878787879
76.11604762915522,33,244257,7401.727272727273
76.1167478770949,33,244321,7403.666666666667
76.11741749383509,33,244385,7405.606060606061
76.1181141519919,33,244449,7407.545454545455
76.11880313884467,33,244513,7409.484848484848
76.11948775593191,33,244577,7411.424242424242
76.12023294484243,33,244641,7413.363636363636
76.18676405120641,33,244650,7413.636363636364
76.18676405120641,33,244650,7413.636363636364
76.2805301072076,32,237280,7415.0
76.76791799487546,32,237344,7417.0
76.76957483682781,32,237408,7419.0
76.7703270460479,32,237472,7421.0
76.77164427982643,32,237536,7423.0
76.7723668878898,32,237600,7425.0
76.77307214587927,32,237664,7427.0
76.77377823414281,32,237728,7429.0
76.77448646211997,32,237792,7431.0
76.77516918908805,32,237856,7433.0
76.77588481688872,32,237920,7435.0
76.7765710838139,32,237984,7437.0
76.77725123194978,32,238048,7439.0
76.77787847816944,32,238112,7441.0
76.77858844585717,32,238176,7443.0
76.77927183313295,32,238240,7445.0
76.77997545106336,32,238304,7447.0
76.78105971775949,32,238368,7449.0
76.78262485796586,32,238432,7451.0
76.78344761906192,32,238496,7453.0
76.78420861810446,32,238560,7455.0
76.78494146699086,32,238624,7457.0
76.78575602686033,32,238688,7459.0
76.78644796507433,32,238752,7461.0
76.78711254196241,32,238816,7463.0
76.78780410904437,32,238880,7465.0
76.78850716678426,32,238944,7467.0
76.78918331395835,32,239008,7469.0
76.78988371184096,32,239072,7471.0
76.7905756291002,32,239136,7473.0
76.79125090688467,32,239200,7475.0
76.79199111508206,32,239264,7477.0
76.95307673607022,32,239328,7479.0
77.4423727542162,32,239392,7481.0
77.44414683803916,32,239456,7483.0
77.4449166781269,32,239520,7485.0
77.44636641489342,32,239584,7487.0
77.447266058065,32,239648,7489.0
77.44799086591229,32,239712,7491.0
77.4487268649973,32,239776,7493.0
77.44945086305961,32,239840,7495.0
77.45014233002439,32,239904,7497.0
77.45086430897936,32,239968,7499.0
77.45156665705144,32,240032,7501.0
77.45225442387164,32,240096,7503.0
77.45288308989257,32,240160,7505.0
77.45359662780538,32,240224,7507.0
77.45429053483531,32,240288,7509.0
77.45500777382404,32,240352,7511.0
77.45600859913975,32,240416,7513.0
77.45734131289646,32,240480,7515.0
77.45823370618746,32,240544,7517.0
77.45898611377925,32,240608,7519.0
77.45969833200797,32,240672,7521.0
77.46039204020053,32,240736,7523.0
77.46103631705046,32,240800,7525.0
77.46171052288264,32,240864,7527.0
77.462400150951,32,240928,7529.0
77.463115029037,32,240992,7531.0
77.46381585719064,32,241056,7533.0
77.4645255249925,32,241120,7535.0
77.46520891180262,32,241184,7537.0
77.46589762018993,32,241248,7539.0
77.46658621681854,32,241312,7541.0
77.62725395802408,32,241376,7543.0
78.11646885285154,32,241440,7545.0
78.11847433401272,32,241504,7547.0
78.11926978407428,32,241568,7549.0
78.1200065719895,32,241632,7551.0
78.12130801519379,32,241696,7553.0
78.1220389441587,32,241760,7555.0
78.12275851191953,32,241824,7557.0
78.12347385007888,32,241888,7559.0
78.12416094681248,32,241952,7561.0
78.12487978581339,32,242016,7563.0
78.12558554392308,32,242080,7565.0
78.1262836609967,32,242144,7567.0
78.1262836609967,32,242144,7567.0
78.12698616879061,31,234591,7567.451612903225
78.1277240482159,31,234655,7569.5161290322585
78.1284393761307,31,234719,7571.580645161291
78.12915803398937,31,234783,7573.645161290323
78.13020314089954,31,234847,7575.709677419355
78.13182746199891,31,234911,7577.774193548387
78.13267933297902,31,234975,7579.8387096774195
78.13344604289159,31,235039,7581.903225806452
78.13415004080161,31,235103,7583.967741935484
78.1348604192026,31,235167,7586.032258064516
78.13550868490711,31,235231,7588.096774193548
78.13618179177865,31,235295,7590.1612903225805
78.1368826800026,31,235359,7592.225806451613
78.13759696809575,31,235423,7594.290322580645
78.13829127606004,31,235487,7596.354838709677
78.1389993741177,31,235551,7598.419354838709
78.13973314221948,31,235615,7600.4838709677415
78.1405200920999,31,235679,7602.548387096775
78.1412806911394,31,235743,7604.612903225807
78.30101500777528,31,235807,7606.677419354839
78.78776356112212,31,235871,7608.741935483871
78.7888220581226,31,235935,7610.806451612903
78.78979057213292,31,235999,7612.870967741936
78.7907974878326,31,236063,7614.935483870968
78.7915575671941,31,236127,7617.0
78.79284288920462,31,236191,7619.064516129032
78.79358749790117,31,236255,7621.129032258064
78.79429599596187,31,236319,7623.193548387097
78.79501842381433,31,236383,7625.258064516129
78.79574299277738,31,236447,7627.322580645161
78.79644808080047,31,236511,7629.387096774193
78.7971497378312,31,236575,7631.451612903225
78.79778330493718,31,236639,7633.5161290322585
78.79849681211635,31,236703,7635.580645161291
78.79919824982062,31,236767,7637.645161290323
78.79992840904742,31,236831,7639.709677419355
78.80097812600434,31,236895,7641.774193548387
78.80245092278346,31,236959,7643.8387096774195
78.80329785402864,31,237023,7645.903225806452
78.8040400929749,31,237087,7647.967741935484
78.80475951079279,31,237151,7650.032258064516
78.80547783989459,31,237215,7652.096774193548
78.80611909599975,31,237279,7654.1612903225805
78.80680202320218,31,237343,7656.225806451613
78.80752281099558,31,237407,7658.290322580645
78.80821227887645,31,237471,7660.354838709677
78.80892187682912,31,237535,7662.419354838709
78.80962315388024,31,237599,7664.4838709677415
78.81031924206764,31,237663,7666.548387096775
78.81101226015016,31,237727,7668.612903225807
78.97317722812295,31,237791,7670.677419354839
79.46122447401285,31,237855,7672.741935483871
79.46233232179657,31,237919,7674.806451612903
79.46340611902997,31,237983,7676.870967741936
79.46415188815445,31,238047,7678.935483870968
79.4653567080386,31,238111,7681.0
79.46607608580962,31,238175,7683.064516129032
79.46680519497022,31,238239,7685.129032258064
79.46752373315394,31,238303,7687.193548387097
79.46823348104954,31,238367,7689.258064516129
79.46897980989888,31,238431,7691.322580645161
79.46968422783539,31,238495,7693.387096774193
79.4703841661103,31,238559,7695.451612903225
79.47102355211973,31,238623,7697.5161290322585
79.47172820009291,31,238687,7699.580645161291
79.4724397379905,31,238751,7701.645161290323
79.47316251602024,31,238815,7703.709677419355
79.47480966802686,31,238879,7705.774193548387
79.47574161086231,31,238943,7707.8387096774195
79.4765627621673,31,239007,7709.903225806452
79.47729901084676,31,239071,7711.967741935484
79.47802070900798,31,239135,7714.032258064516
79.47874315781519,31,239199,7716.096774193548
79.47938834410161,31,239263,7718.1612903225805
79.48007554095238,31,239327,7720.225806451613
79.480805659201,31,239391,7722.290322580645
79.48151546809822,31,239455,7724.354838709677
79.48222383484244,31,239519,7726.419354838709
79.48293859418482,31,239583,7728.4838709677415
79.4836545418948,31,239647,7730.548387096775
79.48434269893914,31,239711,7732.612903225807
79.64768745796755,31,239775,7734.677419354839
80.13623535586521,31,239839,7736.741935483871
80.13746174704283,31,239903,7738.806451612903
80.13849523290992,31,239967,7740.870967741936
80.1392325120978,31,240031,7742.935483870968
80.1404665731825,31,240095,7745.0
80.14118004078045,31,240159,7747.064516129032
80.14190946891904,31,240223,7749.129032258064
80.1426218370907,31,240287,7751.193548387097
80.14334069611505,31,240351,7753.258064516129
80.14407195383683,31,240415,7755.322580645161
80.14477605186403,31,240479,7757.387096774193
80.14548985986039,31,240543,7759.451612903225
80.1461242758669,31,240607,7761.5161290322585
80.14683339418843,31,240671,7763.580645161291
80.14754939218983,31,240735,7765.645161290323
80.14827390993014,31,240799,7767.709677419355
80.14939843909815,31,240863,7769.774193548387
80.15103351976722,31,240927,7771.8387096774195
80.15193223301321,31,240991,7773.903225806452
80.15268501220271,31,241055,7775.967741935484
80.15340247098356,31,241119,7778.032258064516
80.15412781899795,31,241183,7780.096774193548
80.15478728618473,31,241247,7782.1612903225805
80.15548313315958,31,241311,7784.225806451613
80.15621219202876,31,241375,7786.290322580645
80.15692558977753,31,241439,7788.354838709677
80.1576585280709,31,241503,7790.419354838709
80.15836896607652,31,241567,7792.4838709677415
80.15908861486241,31,241631,7794.548387096775
80.1598027930595,31,241695,7796.612903225807
80.32435820205137,31,241759,7798.677419354839
80.81432662485167,31,241823,7800.741935483871
80.8164494689554,31,241887,7802.806451612903
80.81846487009898,31,241951,7804.870967741936
80.82012948207557,31,242015,7806.935483870968
80.82316728914157,31,242079,7809.0
80.8244952429086,31,242143,7811.064516129032
80.82575590489432,31,242207,7813.129032258064
80.82706574816257,31,242271,7815.193548387097
80.82834361121058,31,242335,7817.258064516129
80.82964370399714,31,242399,7819.322580645161
80.830930005759,31,242463,7821.387096774193
80.83217982808128,31,242527,7823.451612903225
80.83346235007048,31,242591,7825.5161290322585
80.83460828894749,31,242655,7827.580645161291
80.83587189111859,31,242719,7829.645161290323
80.83716752380133,31,242783,7831.709677419355
80.8384770671837,31,242847,7833.774193548387
80.8403627849184,31,242911,7835.8387096774195
80.8428035969846,31,242975,7837.903225806452
80.84431233489886,31,243039,7839.967741935484
80.845659928862,31,243103,7842.032258064516
80.84694957220927,31,243167,7844.096774193548
80.84810530114919,31,243231,7846.1612903225805
80.84932615188882,31,243295,7848.225806451613
80.85062556480989,31,243359,7850.290322580645
80.85187390679494,31,243423,7852.354838709677
80.85314885899425,31,243487,7854.419354838709
80.85419423505664,31,243551,7856.4838709677415
80.8551432499662,31,243615,7858.548387096775
80.85617520613596,31,243679,7860.612903225807
81.00102787604555,31,243743,7862.677419354839
81.4920884668827,31,243807,7864.741935483871
81.49383109109476,31,243871,7866.806451612903
81.49547839304432,31,243935,7868.870967741936
81.49684840813279,31,243999,7870.935483870968
81.49953600484878,31,244063,7873.0
81.50111327599734,31,244127,7875.064516129032
81.50240264786407,31,244191,7877.129032258064
81.50374479219317,31,244255,7879.193548387097
81.5050413152203,31,244319,7881.258064516129
81.50632087700069,31,244383,7883.322580645161
81.50762418098748,31,244447,7885.387096774193
81.50887285219505,31,244511,7887.451612903225
81.51013953378424,31,244575,7889.5161290322585
81.51128665311262,31,244639,7891.580645161291
81.51257434580475,31,244703,7893.645161290323
81.51387928891927,31,244767,7895.709677419355
81.51504606893286,31,244831,7897.774193548387
81.51693669706583,31,244895,7899.8387096774195
81.51959087420255,31,244959,7901.903225806452
81.52097702911124,31,245023,7903.967741935484
81.52266995189711,31,245087,7906.032258064516
81.52396315475926,31,245151,7908.096774193548
81.52528361789882,31,245215,7910.1612903225805
81.526587810833,31,245279,7912.225806451613
81.5278734229505,31,245343,7914.290322580645
81.52921573678032,31,245407,7916.354838709677
81.5305742919445,31,245471,7918.419354838709
81.53187425481156,31,245535,7920.4838709677415
81.53302058391273,31,245599,7922.548387096775
81.53396456781775,31,245663,7924.612903225807
81.67903994303197,31,245727,7926.677419354839
82.17217898694798,31,245791,7928.741935483871
82.1741504771635,31,245855,7930.806451612903
82.17607608577237,31,245919,7932.870967741936
82.17784147104248,31,245983,7934.935483870968
82.1809764499776,31,246047,7937.0
82.1824872479774,31,246111,7939.064516129032
82.18376342114061,31,246175,7941.129032258064
82.18505939282477,31,246239,7943.193548387097
82.18634994607419,31,246303,7945.258064516129
82.18765445891768,31,246367,7947.322580645161
82.18894582195207,31,246431,7949.387096774193
82.1902017542161,31,246495,7951.451612903225
82.19149299710989,31,246559,7953.5161290322585
82.19263272499666,31,246623,7955.580645161291
82.19390884786844,31,246687,7957.645161290323
82.19521159119904,31,246751,7959.709677419355
82.19637931091711,31,246815,7961.774193548387
82.19770374381915,31,246879,7963.8387096774195
82.19961008196697,31,246943,7965.903225806452
82.2023656917736,31,247007,7967.967741935484
82.20400218386203,31,247071,7970.032258064516
82.20527974609286,31,247135,7972.096774193548
82.20662317983806,31,247199,7974.1612903225805
82.20801298506558,31,247263,7976.225806451613
82.2092702370137,31,247327,7978.290322580645
82.210591040086,31,247391,7980.354838709677
82.21186204301193,31,247455,7982.419354838709
82.21325936820358,31,247519,7984.4838709677415
82.21439382713288,31,247583,7986.548387096775
82.21534765092656,31,247647,7988.612903225807
82.35989605309442,31,247711,7990.677419354839
82.85428312793374,31,247775,7992.741935483871
82.85626925900578,31,247839,7994.806451612903
82.85823208885267,31,247903,7996.870967741936
82.85992251103744,31,247967,7998.935483870968
82.86312539177015,31,248031,8001.0
82.86464197095484,31,248095,8003.064516129032
82.86593323387206,31,248159,8005.129032258064
82.86724354699254,31,248223,8007.193548387097
82.86855974979699,31,248287,8009.258064516129
82.86986710317433,31,248351,8011.322580645161
82.87118114717305,31,248415,8013.387096774193
82.87246372876689,31,248479,8015.451612903225
82.87375584198162,31,248543,8017.5161290322585
82.87490710103884,31,248607,8019.580645161291
82.87619570409879,31,248671,8021.645161290323
82.87752095703036,31,248735,8023.709677419355
82.87869412684813,31,248799,8025.774193548387
82.8799894200638,31,248863,8027.8387096774195
82.881321744062,31,248927,8029.903225806452
82.88331174384803,31,248991,8031.967741935484
82.8859349610284,31,249055,8034.032258064516
82.88758820202202,31,249119,8036.096774193548
82.88909426983446,31,249183,8038.1612903225805
82.89040213404223,31,249247,8040.225806451613
82.89169917581603,31,249311,8042.290322580645
82.89301098976284,31,249375,8044.354838709677
82.89429742190987,31,249439,8046.419354838709
82.89536595903337,31,249503,8048.4838709677415
82.89634169405326,31,249567,8050.548387096775
82.89734228886664,31,249631,8052.612903225807
83.04243637481704,31,249695,8054.677419354839
83.53735847398639,31,249759,8056.741935483871
83.53932134388015,31,249823,8058.806451612903
83.54145233798772,31,249887,8060.870967741936
83.54308933019638,31,249951,8062.935483870968
83.54471369087696,31,250015,8065.0
83.54776300815865,31,250079,8067.064516129032
83.5492833359167,31,250143,8069.129032258064
83.55058613978326,31,250207,8071.193548387097
83.55190777312964,31,250271,8073.258064516129
83.5532186361961,31,250335,8075.322580645161
83.55454970011488,31,250399,8077.387096774193
83.55586899304762,31,250463,8079.451612903225
83.5571503858082,31,250527,8081.5161290322585
83.55845236917958,31,250591,8083.580645161291
83.55962287820876,31,250655,8085.645161290323
83.56092096120119,31,250719,8087.709677419355
83.56210599094629,31,250783,8089.774193548387
83.56339809391648,31,250847,8091.8387096774195
83.56474920781329,31,250911,8093.903225806452
83.56604399112985,31,250975,8095.967741935484
83.56738053495064,31,251039,8098.032258064516
83.5693851960823,31,251103,8100.096774193548
83.5717020551674,31,251167,8102.1612903225805
83.57327945390716,31,251231,8104.225806451613
83.57460518786684,31,251295,8106.290322580645
83.57585579995066,31,251359,8108.354838709677
83.57701238896698,31,251423,8110.419354838709
83.57799428422004,31,251487,8112.4838709677415
83.57896037818864,31,251551,8114.548387096775
83.58005874603987,31,251615,8116.612903225807
83.72537314798683,31,251679,8118.677419354839
84.2207550178282,31,251743,8120.741935483871
84.22279589995742,31,251807,8122.806451612903
84.2249496448785,31,251871,8124.870967741936
84.22663466678932,31,251935,8126.935483870968
84.22835626080632,31,251999,8129.0
84.23139228811488,31,252063,8131.064516129032
84.23295670701191,31,252127,8133.129032258064
84.23424680996686,31,252191,8135.193548387097
84.23557263379917,31,252255,8137.258064516129
84.23688687710091,31,252319,8139.322580645161
84.23821210116148,31,252383,8141.387096774193
84.23954986408353,31,252447,8143.451612903225
84.24084031721577,31,252511,8145.5161290322585
84.24214700981975,31,252575,8147.580645161291
84.24332690006122,31,252639,8149.645161290323
84.2446451629512,31,252703,8151.709677419355
84.24583951383829,31,252767,8153.774193548387
84.24715220695361,31,252831,8155.8387096774195
84.24851057119668,31,252895,8157.903225806452
84.24981159390882,31,252959,8159.967741935484
84.25116585893556,31,253023,8162.032258064516
84.25249385181814,31,253087,8164.096774193548
84.25457167485729,31,253151,8166.1612903225805
84.25673941010609,31,253215,8168.225806451613
84.25831686984748,31,253279,8170.290322580645
84.25959592219442,31,253343,8172.354838709677
84.26083945389837,31,253407,8174.419354838709
84.26183614879847,31,253471,8176.4838709677415
84.26281303400174,31,253535,8178.548387096775
84.26391774183139,31,253599,8180.612903225807
84.40829239878803,31,253663,8182.677419354839
85.11754563776776,31,253727,8184.741935483871
85.1196924620308,31,253791,8186.806451612903
85.12196984980255,31,253855,8188.870967741936
85.12366113299504,31,253919,8190.935483870968
85.12537161586806,31,253983,8193.0
85.12871415121481,31,254047,8195.064516129032
85.13030805112794,31,254111,8197.129032258064
85.13163301488385,31,254175,8199.193548387097
85.13301263004541,31,254239,8201.258064516129
85.1343961651437,31,254303,8203.322580645161
85.13576374994591,31,254367,8205.387096774193
85.13710449403152,31,254431,8207.451612903225
85.13841410679743,31,254495,8209.516129032258
85.13975171092898,31,254559,8211.58064516129
85.14093844080344,31,254623,8213.645161290322
85.14225948415697,31,254687,8215.709677419354
85.14348043501377,31,254751,8217.774193548386
85.14481681911275,31,254815,8219.838709677419
85.14617672376335,31,254879,8221.90322580645
85.14753794809803,31,254943,8223.967741935483
85.14886884205043,31,255007,8226.032258064517
85.15024150721729,31,255071,8228.09677419355
85.15207201289013,31,255135,8230.161290322581
85.15431390004233,31,255199,8232.225806451614
85.15603145305067,31,255263,8234.290322580646
85.15733458613977,31,255327,8236.354838709678
85.15829857997596,31,255391,8238.41935483871
85.15928764594719,31,255455,8240.483870967742
85.16028092103079,31,255519,8242.548387096775
85.16141487983987,31,255583,8244.612903225807
85.30599675280973,31,255647,8246.677419354839
85.80260515399277,31,255711,8248.741935483871
85.80437855888158,31,255775,8250.806451612903
85.80604887101799,31,255839,8252.870967741936
85.80802485113963,31,255903,8254.935483870968
85.80983871687204,31,255967,8257.0
85.81158197112381,31,256031,8259.064516129032
85.81329078506678,31,256095,8261.129032258064
85.81675314204767,31,256159,8263.193548387097
85.81833069212735,31,256223,8265.258064516129
85.81966246617958,31,256287,8267.322580645161
85.82101171975955,31,256351,8269.387096774193
85.8223893949762,31,256415,8271.451612903225
85.82383337197825,31,256479,8273.516129032258
85.82517118612304,31,256543,8275.58064516129
85.82659179111943,31,256607,8277.645161290322
85.82787300413474,31,256671,8279.709677419354
85.82911762595177,31,256735,8281.774193548386
85.83049248997122,31,256799,8283.838709677419
85.83196415798739,31,256863,8285.90322580645
85.8333663130179,31,256927,8287.967741935483
85.83472673781216,31,256991,8290.032258064517
85.83611460309476,31,257055,8292.09677419355
85.83747703721747,31,257119,8294.161290322581
85.83884147182107,31,257183,8296.225806451614
85.84031067881733,31,257247,8298.290322580646
85.84239404182881,31,257311,8300.354838709678
85.84367737499997,31,257375,8302.41935483871
85.84468173980713,31,257439,8304.483870967742
85.84568893490359,31,257503,8306.548387096775
85.84667233005166,31,257567,8308.612903225807
85.99234785092995,31,257631,8310.677419354839
86.25181070389226,31,257673,8312.032258064517
86.25181070389226,31,257673,8312.032258064517
86.48900115303695,30,249374,8312.466666666667
86.49070329591632,30,249438,8314.6
86.49237837921828,30,249502,8316.733333333334
86.49436596920714,30,249566,8318.866666666667
86.49617463489994,30,249630,8321.0
86.4979283590801,30,249694,8323.133333333333
86.49966456322,30,249758,8325.266666666666
86.50316638220102,30,249822,8327.4
86.50477116322145,30,249886,8329.533333333333
86.5060990168713,30,249950,8331.666666666666
86.50749461213127,30,250014,8333.8
86.50884214602411,30,250078,8335.933333333332
86.5101932301186,30,250142,8338.066666666668
86.51152235409245,30,250206,8340.2
86.51273326482624,30,250270,8342.333333333334
86.51405180804431,30,250334,8344.466666666667
86.51527454890311,30,250398,8346.6
86.51663898397237,30,250462,8348.733333333334
86.51801264798269,30,250526,8350.866666666667
86.51936126220971,30,250590,8353.0
86.52071024710312,30,250654,8355.133333333333
86.52209764206782,30,250718,8357.266666666666
86.52345832576975,30,250782,8359.4
86.52437357977033,30,250846,8361.533333333333
86.52521530119702,30,250910,8363.666666666666
86.52640392119065,30,250974,8365.8
86.52736561512575,30,251038,8367.933333333332
86.52813223516569,30,251102,8370.066666666668
86.52887404290959,30,251166,8372.2
86.67816325603053,30,251230,8374.333333333334
87.17360696708784,30,251294,8376.466666666667
87.17549683479592,30,251358,8378.6
87.1769137410447,30,251422,8380.733333333334
87.1788900909014,30,251486,8382.866666666667
87.18071193713695,30,251550,8385.0
87.18240934005007,30,251614,8387.133333333333
87.1838485468179,30,251678,8389.266666666666
87.18751104921103,30,251742,8391.4
87.18918463215232,30,251806,8393.533333333333
87.19053094601259,30,251870,8395.666666666666
87.19189775083214,30,251934,8397.8
87.19326033489779,30,251998,8399.933333333332
87.1946333302185,30,252062,8402.066666666668
87.19596550380811,30,252126,8404.2
87.19718973478302,30,252190,8406.333333333334
87.19853160902858,30,252254,8408.466666666667
87.19976986991242,30,252318,8410.6
87.20114366477355,30,252382,8412.733333333334
87.20254027005285,30,252446,8414.866666666667
87.20399691676721,30,252510,8417.0
87.2053491519764,30,252574,8419.133333333333
87.20675388677046,30,252638,8421.266666666666
87.2081054309383,30,252702,8423.4
87.20946974586695,30,252766,8425.533333333333
87.21084516076371,30,252830,8427.666666666666
87.21221984596923,30,252894,8429.8
87.21382411615923,30,252958,8431.933333333332
87.2150669679977,30,253022,8434.066666666668
87.21605740301311,30,253086,8436.2
87.3631637901999,30,253150,8438.333333333334
87.93799493322149,30,253214,8440.466666666667
87.94047355512157,30,253278,8442.6
87.94267744105309,30,253342,8444.733333333334
87.94472533278167,30,253406,8446.866666666667
87.94708222290501,30,253470,8449.0
87.95126587897539,30,253534,8451.133333333333
87.95337557187304,30,253598,8453.266666666666
87.95528049115092,30,253662,8455.4
87.95691998209804,30,253726,8457.533333333333
87.95779257407412,30,253790,8459.666666666666
87.95869448687881,30,253854,8461.8
87.95958740916103,30,253918,8463.933333333332
87.96051215287298,30,253982,8466.066666666668
87.96138287521899,30,254046,8468.2
87.96219677617773,30,254110,8470.333333333334
87.96332163410261,30,254174,8472.466666666667
87.9647577800788,30,254238,8474.6
87.96643469296396,30,254302,8476.733333333334
87.96815253701061,30,254366,8478.866666666667
87.96986467018723,30,254430,8481.0
87.97155127301812,30,254494,8483.133333333333
87.97387038078159,30,254558,8485.266666666666
87.97533478820696,30,254622,8487.4
87.97658791998401,30,254686,8489.533333333333
87.97785129211843,30,254750,8491.666666666666
87.9790296619758,30,254814,8493.8
87.98009692877531,30,254878,8495.933333333332
87.98123328806832,30,254942,8498.066666666668
87.98234242619947,30,255006,8500.2
88.12451614812016,30,255070,8502.333333333334
88.62233299901709,30,255134,8504.466666666667
88.62459463719279,30,255198,8506.6
88.62617816682905,30,255262,8508.733333333334
88.62793238088489,30,255326,8510.866666666667
88.629529831931,30,255390,8513.0
88.63263563113287,30,255454,8515.133333333333
88.63445777678862,30,255518,8517.266666666666
88.6361477598548,30,255582,8519.4
88.63757994584739,30,255646,8521.533333333333
88.63894044980407,30,255710,8523.666666666666
88.64028688380495,30,255774,8525.8
88.6416470487602,30,255838,8527.933333333332
88.64337657298893,30,255902,8530.066666666668
88.6447498970665,30,255966,8532.2
88.64598937891424,30,256030,8534.333333333334
88.64733711304143,30,256094,8536.466666666667
88.6486066551879,30,256158,8538.6
88.64999631000683,30,256222,8540.733333333334
88.6514038159512,30,256286,8542.866666666667
88.65290652401745,30,256350,8545.0
88.65500477701426,30,256414,8547.133333333333
88.65672734100372,30,256478,8549.266666666666
88.65841893386096,30,256542,8551.4
88.66085734590888,30,256606,8553.533333333333
88.66236984403804,30,256670,8555.666666666666
88.66361396480352,30,256734,8557.8
88.66466931207106,30,256798,8559.933333333332
88.6656807679683,30,256862,8562.066666666668
88.66667428286746,30,256926,8564.2
88.81254988908768,30,256990,8566.333333333334
89.3116078521125,30,257054,8568.466666666667
89.3138251779601,30,257118,8570.6
89.31571424519643,30,257182,8572.733333333334
89.3174004778266,30,257246,8574.866666666667
89.31907636113465,30,257310,8577.0
89.32260457007214,30,257374,8579.133333333333
89.32445083698258,30,257438,8581.266666666666
89.32615952007473,30,257502,8583.4
89.32759947702289,30,257566,8585.533333333333
89.32897081179544,30,257630,8587.666666666666
89.33033583592623,30,257694,8589.8
89.3316939198412,30,257758,8591.933333333332
89.33308232622221,30,257822,8594.066666666668
89.33445490011945,30,257886,8596.2
89.33569634193555,30,257950,8598.333333333334
89.33706959709525,30,258014,8600.466666666667
89.33844921179116,30,258078,8602.6
89.33986486680806,30,258142,8604.733333333334
89.34129459410906,30,258206,8606.866666666667
89.34272339986637,30,258270,8609.0
89.34411445492879,30,258334,8611.133333333333
89.34556003194302,30,258398,8613.266666666666
89.34757861308753,30,258462,8615.4
89.34936649817973,30,258526,8617.533333333333
89.35101382993162,30,258590,8619.666666666666
89.35271185310557,30,258654,8621.8
89.35397153487429,30,258718,8623.933333333332
89.3552130558528,30,258782,8626.066666666668
89.35621522180736,30,258846,8628.2
89.50250944821164,30,258910,8630.333333333334
90.00646365480497,30,258974,8632.466666666667
90.0089656081982,30,259038,8634.6
90.0109380078502,30,259102,8636.733333333334
90.01273101381958,30,259166,8638.866666666667
90.01441898616031,30,259230,8641.0
90.01601744676009,30,259294,8643.133333333333
90.0194385331124,30,259358,8645.266666666666
90.02129071997479,30,259422,8647.4
90.02315251808614,30,259486,8649.533333333333
90.0246415049769,30,259550,8651.666666666666
90.02604540111497,30,259614,8653.8
90.0274085458368,30,259678,8655.933333333332
90.0287810601294,30,259742,8658.066666666668
90.03019455587491,30,259806,8660.2
90.03145834803581,30,259870,8662.333333333334
90.03283178294078,30,259934,8664.466666666667
90.03409622516483,30,259998,8666.6
90.03550029080361,30,260062,8668.733333333334
90.03693194687366,30,260126,8670.866666666667
90.0383384921588,30,260190,8673.0
90.03974802792072,30,260254,8675.133333333333
90.0411751139909,30,260318,8677.266666666666
90.0435945452191,30,260382,8679.4
90.0453906711191,30,260446,8681.533333333333
90.04707997385412,30,260510,8683.666666666666
90.04847907880321,30,260574,8685.8
90.04974362114444,30,260638,8687.933333333332
90.05076520703733,30,260702,8690.066666666668
90.05182006396353,30,260766,8692.2
90.19690196914598,30,260830,8694.333333333334
90.69793221214786,30,260894,8696.466666666667
90.70023074001074,30,260958,8698.6
90.70214320905507,30,261022,8700.733333333334
90.7039097729139,30,261086,8702.866666666667
90.70561521686614,30,261150,8705.0
90.70721657713875,30,261214,8707.133333333333
90.71063242387027,30,261278,8709.266666666666
90.71247680997476,30,261342,8711.4
90.71419582376257,30,261406,8713.533333333333
90.71566033083946,30,261470,8715.666666666666
90.71706792712212,30,261534,8717.8
90.71847975300625,30,261598,8719.933333333332
90.7198472567834,30,261662,8722.066666666668
90.72121307207271,30,261726,8724.2
90.72247848380357,30,261790,8726.333333333334
90.72384871914983,30,261854,8728.466666666667
90.72518775286153,30,261918,8730.6
90.72660964913666,30,261982,8732.733333333334
90.72807217622176,30,262046,8734.866666666667
90.7295993338339,30,262110,8737.0
90.73102620011196,30,262174,8739.133333333333
90.732478256803,30,262238,8741.266666666666
90.7348780380562,30,262302,8743.4
90.73663631314412,30,262366,8745.533333333333
90.73818229185417,30,262430,8747.666666666666
90.73930273018777,30,262494,8749.8
90.7406736551784,30,262558,8751.933333333332
90.74191930703819,30,262622,8754.066666666668
90.74292988190427,30,262686,8756.2
90.92709100712091,30,262750,8758.333333333334
91.43041090806946,30,262814,8760.466666666667
91.43277805810794,30,262878,8762.6
91.43466318584979,30,262942,8764.733333333334
91.43648727191612,30,263006,8766.866666666667
91.43843469209969,30,263070,8769.0
91.4403453799896,30,263134,8771.133333333333
91.44393145106733,30,263198,8773.266666666666
91.44581479905173,30,263262,8775.4
91.4475656831637,30,263326,8777.533333333333
91.44902234012261,30,263390,8779.666666666666
91.45045350585133,30,263454,8781.8
91.45186138199642,30,263518,8783.933333333332
91.45324254687876,30,263582,8786.066666666668
91.45462386216968,30,263646,8788.2
91.4558844040148,30,263710,8790.333333333334
91.45726319821551,30,263774,8792.466666666667
91.4585711620748,30,263838,8794.6
91.45998883806169,30,263902,8796.733333333334
91.46144911507145,30,263966,8798.866666666667
91.4628792507574,30,264030,8801.0
91.4642927069217,30,264094,8803.133333333333
91.46575589384884,30,264158,8805.266666666666
91.46725685195997,30,264222,8807.4
91.46966252289712,30,264286,8809.533333333333
91.47138852719218,30,264350,8811.666666666666
91.47291072504595,30,264414,8813.8
91.4741411358118,30,264478,8815.933333333332
91.4751741620712,30,264542,8818.066666666668
91.47618195787072,30,264606,8820.2
91.79868740821257,30,264670,8822.333333333334
92.50265533197671,30,264734,8824.466666666667
92.50517857586965,30,264798,8826.6
92.50706837279722,30,264862,8828.733333333334
92.50874857604504,30,264926,8830.866666666667
92.510194783099,30,264990,8833.0
92.51212177192792,30,265054,8835.133333333333
92.51572707295418,30,265118,8837.266666666666
92.5178079358302,30,265182,8839.4
92.51961652096361,30,265246,8841.533333333333
92.52109243907034,30,265310,8843.666666666666
92.52249163389206,30,265374,8845.8
92.5239106300287,30,265438,8847.933333333332
92.52532924618572,30,265502,8850.066666666668
92.52674730215222,30,265566,8852.2
92.52802229393274,30,265630,8854.333333333334
92.52941364981234,30,265694,8856.466666666667
92.53072324302047,30,265758,8858.6
92.53214480914176,30,265822,8860.733333333334
92.53361367620528,30,265886,8862.866666666667
92.53506269305944,30,265950,8865.0
92.53650617878884,30,266014,8867.133333333333
92.53922507818788,30,266078,8869.266666666666
92.54096870217472,30,266142,8871.4
92.54240387910977,30,266206,8873.533333333333
92.54361139889807,30,266270,8875.666666666666
92.5446960767731,30,266334,8877.8
92.5458409958519,30,266398,8879.933333333332
92.54711327794939,30,266462,8882.066666666668
92.54813991393894,30,266526,8884.2
92.6937467129901,30,266590,8886.333333333334
93.22777240118012,30,266654,8888.466666666667
93.23007960012183,30,266718,8890.6
93.23197165690362,30,266782,8892.733333333334
93.23377191321924,30,266846,8894.866666666667
93.2357742539607,30,266910,8897.0
93.23876240011305,30,266974,8899.133333333333
93.24070863891393,30,267038,8901.266666666666
93.24256237596273,30,267102,8903.4
93.244292689953,30,267166,8905.533333333333
93.24576138705015,30,267230,8907.666666666666
93.2471504821442,30,267294,8909.8
93.24856768781319,30,267358,8911.933333333332
93.24984371988103,30,267422,8914.066666666668
93.25125801609829,30,267486,8916.2
93.25264934077859,30,267550,8918.333333333334
93.25403812713921,30,267614,8920.466666666667
93.25534518016502,30,267678,8922.6
93.25783565314487,30,267742,8924.733333333334
93.25971641996875,30,267806,8926.866666666667
93.2614716552198,30,267870,8929.0
93.2629121011123,30,267934,8931.133333333333
93.26444832002744,30,267998,8933.266666666666
93.26606366084889,30,268062,8935.4
93.26739519508556,30,268126,8937.533333333333
93.26983026694506,30,268190,8939.666666666666
93.27122072177008,30,268254,8941.8
93.27257637586445,30,268318,8943.933333333332
93.27385788876563,30,268382,8946.066666666668
93.27489298488945,30,268446,8948.2
93.43096712883562,30,268510,8950.333333333334
94.14816747698933,30,268574,8952.466666666667
94.1508140238002,30,268638,8954.6
94.15283302590251,30,268702,8956.733333333334
94.1545357988216,30,268766,8958.866666666667
94.15600340580568,30,268830,8961.0
94.15802292712033,30,268894,8963.133333333333
94.16183494403958,30,268958,8965.266666666666
94.1637366921641,30,269022,8967.4
94.16552004683763,30,269086,8969.533333333333
94.1669937139377,30,269150,8971.666666666666
94.16838223021477,30,269214,8973.8
94.16981221595779,30,269278,8975.933333333332
94.17110590776429,30,269342,8978.066666666668
94.1725467350334,30,269406,8980.2
94.17395025119185,30,269470,8982.333333333334
94.17534501617774,30,269534,8984.466666666667
94.17666978901252,30,269598,8986.6
94.17813662579283,30,269662,8988.733333333334
94.17961912415922,30,269726,8990.866666666667
94.18118037376553,30,269790,8993.0
94.18264457117766,30,269854,8995.133333333333
94.18411312811077,30,269918,8997.266666666666
94.1866153809242,30,269982,8999.4
94.18833013484254,30,270046,9001.533333333333
94.18960149679333,30,270110,9003.666666666666
94.19074784591794,30,270174,9005.8
94.19203061796725,30,270238,9007.933333333332
94.1933292420581,30,270302,9010.066666666668
94.19453514181077,30,270366,9012.2
94.34082974819466,30,270430,9014.333333333334
94.84919215599075,30,270494,9016.466666666667
94.85187185415998,30,270558,9018.6
94.85380843281746,30,270622,9020.733333333334
94.85581924393773,30,270686,9022.866666666667
94.85758776916191,30,270750,9025.0
94.85963929118589,30,270814,9027.133333333333
94.8636552230455,30,270878,9029.266666666666
94.86591352988034,30,270942,9031.4
94.86781175807118,30,271006,9033.533333333333
94.86939807794988,30,271070,9035.666666666666
94.87092462694272,30,271134,9037.8
94.87260807910934,30,271198,9039.933333333332
94.8739306628704,30,271262,9042.066666666668
94.87537484010682,30,271326,9044.2
94.87681983597577,30,271390,9046.333333333334
94.87824845220894,30,271454,9048.466666666667
94.8795875958167,30,271518,9050.6
94.88104248279706,30,271582,9052.733333333334
94.88253953121603,30,271646,9054.866666666667
94.88402507919818,30,271710,9057.0
94.88549093576148,30,271774,9059.133333333333
94.88702579494566,30,271838,9061.266666666666
94.88925134111196,30,271902,9063.4
94.89061786606908,30,271966,9065.533333333333
94.89188655791804,30,272030,9067.666666666666
94.89314746996388,30,272094,9069.8
94.89452029392123,30,272158,9071.933333333332
94.8958340077661,30,272222,9074.066666666668
94.89688412379473,30,272286,9076.2
95.04291986394674,30,272350,9078.333333333334
95.55053792288527,30,272414,9080.466666666667
95.55309201776981,30,272478,9082.6
95.55501038581133,30,272542,9084.733333333334
95.55674342019483,30,272606,9086.866666666667
95.55822786781937,30,272670,9089.0
95.56024262914434,30,272734,9091.133333333333
95.56383448978886,30,272798,9093.266666666666
95.56574200792238,30,272862,9095.4
95.56751893321052,30,272926,9097.533333333333
95.5690085911192,30,272990,9099.666666666666
95.57043809676543,30,273054,9101.8
95.57188166398555,30,273118,9103.933333333332
95.5731933270581,30,273182,9106.066666666668
95.57464995421469,30,273246,9108.2
95.57606917014346,30,273310,9110.333333333334
95.57748909620568,30,273374,9112.466666666667
95.57881776010618,30,273438,9114.6
95.58037538919598,30,273502,9116.733333333334
95.58187373680994,30,273566,9118.866666666667
95.5834612972103,30,273630,9121.0
95.58492011390626,30,273694,9123.133333333333
95.58752581011504,30,273758,9125.266666666666
95.58924865396693,30,273822,9127.4
95.59036112204194,30,273886,9129.533333333333
95.59144329885021,30,273950,9131.666666666666
95.59255572780967,30,274014,9133.8
95.59372014692053,30,274078,9135.933333333332
95.59509285213426,30,274142,9138.066666666668
95.596301632002,30,274206,9140.2
95.63565491884947,30,274214,9140.466666666667
95.63565491884947,30,274214,9140.466666666667
95.74427201086655,29,265117,9141.965517241379
96.25073810108006,29,265181,9144.172413793103
96.25332906702533,29,265245,9146.379310344828
96.25526762520894,29,265309,9148.586206896553
96.25699095893651,29,265373,9150.793103448275
96.25851049786434,29,265437,9153.0
96.26058947993442,29,265501,9155.206896551725
96.26438319589943,29,265565,9157.413793103447
96.26633574580774,29,265629,9159.620689655172
96.26824168395251,29,265693,9161.827586206897
96.26975656300783,29,265757,9164.034482758621
96.27122469991446,29,265821,9166.241379310344
96.2727451780811,29,265885,9168.448275862069
96.27423062594607,29,265949,9170.655172413793
96.27556914975867,29,266013,9172.862068965518
96.27702642697841,29,266077,9175.068965517241
96.27846942283213,29,266141,9177.275862068966
96.27980824699625,29,266205,9179.48275862069
96.28128460422158,29,266269,9181.689655172413
96.28285337379202,29,266333,9183.896551724138
96.28432313213125,29,266397,9186.103448275862
96.28584572020918,29,266461,9188.310344827587
96.28846303699538,29,266525,9190.51724137931
96.29025517217815,29,266589,9192.724137931034
96.29154378408566,29,266653,9194.931034482759
96.29272263403982,29,266717,9197.137931034482
96.29384249309078,29,266781,9199.344827586207
96.29495421098545,29,266845,9201.551724137931
96.29613365093246,29,266909,9203.758620689656
96.29740988276899,29,266912,9203.862068965518
96.29740988276899,29,266912,9203.862068965518
96.44425975298509,28,257756,9205.57142857143
96.94945243094116,28,257820,9207.857142857143
96.95201625581831,28,257884,9210.142857142857
96.95397903583944,28,257948,9212.42857142857
96.95571806002408,28,258012,9214.714285714286
96.95721810683608,28,258076,9217.0
96.95925677893683,28,258140,9219.285714285714
96.96307946601883,28,258204,9221.57142857143
96.96502676513046,28,258268,9223.857142857143
96.96685334201902,28,258332,9226.142857142857
96.96838221000507,28,258396,9228.42857142857
96.96983836684376,28,258460,9230.714285714286
96.97129906388,28,258524,9233.0
96.97264578798786,28,258588,9235.285714285714
96.97410283517092,28,258652,9237.57142857143
96.9755591917783,28,258716,9239.857142857143
96.97690466605127,28,258780,9242.142857142857
96.97838912392035,28,258844,9244.42857142857
96.97992066200823,28,258908,9246.714285714286
96.98140330985188,28,258972,9249.0
96.9829341089353,28,259036,9251.285714285714
96.98450548900291,28,259100,9253.57142857143
96.98599771596491,28,259164,9255.857142857143
96.98834102600813,28,259228,9258.142857142857
96.99023687420413,28,259292,9260.42857142857
96.99153096694499,28,259356,9262.714285714286
96.99262207420543,28,259420,9265.0
96.99386572604999,28,259484,9267.285714285714
97.14338097395375,28,259548,9269.57142857143
97.65029959520325,28,259612,9271.857142857143
97.65284158894792,28,259676,9274.142857142857
97.65480075916275,28,259740,9276.42857142857
97.65654401294887,28,259804,9278.714285714286
97.65804834105074,28,259868,9281.0
97.66009656293318,28,259932,9283.285714285714
97.66387491906062,28,259996,9285.57142857143
97.6658163079992,28,260060,9287.857142857143
97.66763144405559,28,260124,9290.142857142857
97.66915396181867,28,260188,9292.42857142857
97.67074887314811,28,260252,9294.714285714286
97.67221598979086,28,260316,9297.0
97.67356787389144,28,260380,9299.285714285714
97.6750323609449,28,260444,9301.57142857143
97.67648282786831,28,260508,9303.857142857143
97.67782819177955,28,260572,9306.142857142857
97.67930851876736,28,260636,9308.42857142857
97.68084317818284,28,260700,9310.714285714286
97.6823294959031,28,260764,9313.0
97.68394429702312,28,260828,9315.285714285714
97.685835884884,28,260892,9317.57142857143
97.68735119281337,28,260956,9319.857142857143
97.68974277377129,28,261020,9322.142857142857
97.69147323817015,28,261084,9324.42857142857
97.69288587383926,28,261148,9326.714285714286
97.69408809393644,28,261212,9329.0
97.69537354586646,28,261276,9331.285714285714
97.84419693611562,28,261340,9333.57142857143
98.35101669514552,28,261404,9335.857142857143
98.3527420591563,28,261468,9338.142857142857
98.35395090887323,28,261532,9340.42857142857
98.35502677690238,28,261596,9342.714285714286
98.35592231014743,28,261660,9345.0
98.35693789506331,28,261724,9347.285714285714
98.35826685884967,28,261788,9349.57142857143
98.36075875209644,28,261852,9351.857142857143
98.36185225984082,28,261916,9354.142857142857
98.36275300290436,28,261980,9356.42857142857
98.36359988385811,28,262044,9358.714285714286
98.3644669461064,28,262108,9361.0
98.36523998621851,28,262172,9363.285714285714
98.36610010685399,28,262236,9365.57142857143
98.36695247888565,28,262300,9367.857142857143
98.36775390896946,28,262364,9370.142857142857
98.36867727292702,28,262428,9372.42857142857
98.36958527611569,28,262492,9374.714285714286
98.37045694794506,28,262556,9377.0
98.3713394398801,28,262620,9379.285714285714
98.37220580177382,28,262684,9381.57142857143
98.37307566404343,28,262748,9383.857142857143
98.37393586616963,28,262812,9386.142857142857
98.37481785798445,28,262876,9388.42857142857
98.37615118175745,28,262940,9390.714285714286
98.37715499708429,28,263004,9393.0
98.37812648201361,28,263068,9395.285714285714
98.5454089390114,28,263132,9397.57142857143
99.05319934291765,28,263196,9399.857142857143
99.05470388103276,28,263260,9402.142857142857
99.05583821982145,28,263324,9404.42857142857
99.05685533490032,28,263388,9406.714285714286
99.05773447779939,28,263452,9409.0
99.0589177981019,28,263516,9411.285714285714
99.06115198414773,28,263580,9413.57142857143
99.06230165297166,28,263644,9415.857142857143
99.06337807094678,28,263708,9418.142857142857
99.06441891705617,28,263772,9420.42857142857
99.06527073914185,28,263836,9422.714285714286
99.066138620954,28,263900,9425.0
99.06691775005311,28,263964,9427.285714285714
99.06777134211734,28,264028,9429.57142857143
99.06862192414701,28,264092,9431.857142857143
99.06940038315952,28,264156,9434.142857142857
99.070311835967,28,264220,9436.42857142857
99.07124557998031,28,264284,9438.714285714286
99.07213597279042,28,264348,9441.0
99.07302947482094,28,264412,9443.285714285714
99.07389944698662,28,264476,9445.57142857143
99.07537821494043,28,264540,9447.857142857143
99.07645469205454,28,264604,9450.142857142857
99.07757310010493,28,264668,9452.42857142857
99.07865448715165,28,264732,9454.714285714286
99.07971512479708,28,264796,9457.0
99.08069147914648,28,264860,9459.285714285714
99.3348308368586,28,264924,9461.57142857143
99.84083245508373,28,264988,9463.857142857143
99.84234184306115,28,265052,9466.142857142857
99.84351073298603,28,265116,9468.42857142857
99.84453549887985,28,265180,9470.714285714286
99.84541377099231,28,265244,9473.0
99.84666957287118,28,265308,9475.285714285714
99.84908215422183,28,265372,9477.57142857143
99.85033449484035,28,265436,9479.857142857143
99.85143496282399,28,265500,9482.142857142857
99.85247327014804,28,265564,9484.42857142857
99.85332779120654,28,265628,9486.714285714286
99.854332187213,28,265692,9489.0
99.8551403968595,28,265756,9491.285714285714
99.8560082889162,28,265820,9493.57142857143
99.85686931107193,28,265884,9495.857142857143
99.85766640119255,28,265948,9498.142857142857
99.85854315385222,28,266012,9500.42857142857
99.85943984612823,28,266076,9502.714285714286
99.86030670814216,28,266140,9505.0
99.86120016081259,28,266204,9507.285714285714
99.86208012280986,28,266268,9509.57142857143
99.86295397486538,28,266332,9511.857142857143
99.86437428090721,28,266396,9514.142857142857
99.86553048016503,28,266460,9516.42857142857
99.86654732609168,28,266524,9518.714285714286
99.86738920677453,28,266588,9521.0
99.8683823030442,28,266652,9523.285714285714
100.03645867016166,28,266716,9525.57142857143
100.46637288108468,28,266773,9527.607142857143
100.46637288108468,28,266773,9527.607142857143
100.54524408886209,27,257243,9527.518518518518
100.54674105579033,27,257307,9529.888888888889
100.54800066817552,27,257371,9532.25925925926
100.54903026483953,27,257435,9534.62962962963
100.54999654879794,27,257499,9537.0
100.55127151077613,27,257563,9539.37037037037
100.55367201194167,27,257627,9541.74074074074
100.55483431182802,27,257691,9544.111111111111
100.55592675879598,27,257755,9546.481481481482
100.55684427218512,27,257819,9548.851851851852
100.55773540493101,27,257883,9551.222222222223
100.558536935132,27,257947,9553.592592592593
100.55941441701725,27,258011,9555.962962962964
100.56028429884464,27,258075,9558.333333333334
100.56108614988625,27,258139,9560.703703703704
100.56196507206187,27,258203,9563.074074074075
100.5628868159838,27,258267,9565.444444444445
100.56381765892729,27,258331,9567.814814814816
100.56472596200183,27,258395,9570.185185185184
100.5656393552199,27,258459,9572.555555555555
100.56653312779963,27,258523,9574.925925925925
100.56739425007254,27,258587,9577.296296296296
100.56884129578248,27,258651,9579.666666666666
100.57011016784236,27,258715,9582.037037037036
100.57122543687001,27,258779,9584.407407407407
100.57225089287385,27,258843,9586.777777777777
100.7405931968242,27,258907,9589.148148148148
101.24912560917437,27,258971,9591.518518518518
101.2506467369385,27,259035,9593.888888888889
101.25181208690628,27,259099,9596.25925925926
101.25283756293356,27,259163,9598.62962962963
101.25372903607786,27,259227,9601.0
101.254945976194,27,259291,9603.37037037037
101.25738191790879,27,259355,9605.74074074074
101.25855810800567,27,259419,9608.111111111111
101.25965244602412,27,259483,9610.481481481482
101.26057388912886,27,259547,9612.851851851852
101.2614673008211,27,259611,9615.222222222223
101.26226176181808,27,259675,9617.592592592593
101.26314523397014,27,259739,9619.962962962964
101.2640144159086,27,259803,9622.333333333334
101.26482014590874,27,259867,9624.703703703704
101.26573256915435,27,259931,9627.074074074075
101.26665386278182,27,259995,9629.444444444445
101.26759251579642,27,260059,9631.814814814816
101.26851782016456,27,260123,9634.185185185184
101.26939554186538,27,260187,9636.555555555555
101.27028242498636,27,260251,9638.925925925925
101.27115060715005,27,260315,9641.296296296296
101.272437449079,27,260379,9643.666666666666
101.27346415491775,27,260443,9646.037037037036
101.27458259416744,27,260507,9648.407407407407
101.27564565977082,27,260571,9650.777777777777
101.44472777377814,27,260635,9653.148148148148
102.02549464488402,27,260699,9655.518518518518
102.02712333621457,27,260763,9657.888888888889
102.02832993678749,27,260827,9660.25925925926
102.02938623400405,27,260891,9662.62962962963
102.03030861681327,27,260955,9665.0
102.03158518020064,27,261019,9667.37037037037
102.03402279084548,27,261083,9669.74074074074
102.03521404089406,27,261147,9672.111111111111
102.0363225787878,27,261211,9674.481481481482
102.03725460311398,27,261275,9676.851851851852
102.03814986580983,27,261339,9679.222222222223
102.03896307619289,27,261403,9681.592592592593
102.03986513894051,27,261467,9683.962962962964
102.04074416076764,27,261531,9686.333333333334
102.04155690176412,27,261595,9688.703703703704
102.04248455585912,27,261659,9691.074074074075
102.04344687983394,27,261723,9693.444444444445
102.04434602288529,27,261787,9695.814814814816
102.04526357585564,27,261851,9698.185185185184
102.04615430906415,27,261915,9700.555555555555
102.04705413104966,27,261979,9702.925925925925
102.04855006886646,27,262043,9705.296296296296
102.04954635491595,27,262107,9707.666666666666
102.05058752093464,27,262171,9710.037037037036
102.05162453697994,27,262235,9712.407407407407
102.05249893898144,27,262299,9714.777777777777
102.22104666894302,27,262363,9717.148148148148
102.73133066482842,27,262427,9719.518518518518
102.73289866419509,27,262491,9721.888888888889
102.73411471489817,27,262555,9724.25925925926
102.73516688216478,27,262619,9726.62962962963
102.7360806548968,27,262683,9729.0
102.73735688719898,27,262747,9731.37037037037
102.73978808894753,27,262811,9733.74074074074
102.74098087893799,27,262875,9736.111111111111
102.74209890700877,27,262939,9738.481481481482
102.74303372111171,27,263003,9740.851851851852
102.74393481388688,27,263067,9743.222222222223
102.7447451739572,27,263131,9745.592592592593
102.74564820714295,27,263195,9747.962962962964
102.74653438013047,27,263259,9750.333333333334
102.74734270013869,27,263323,9752.703703703704
102.748266113922,27,263387,9755.074074074075
102.74925093911588,27,263451,9757.444444444445
102.75016517192125,27,263515,9759.814814814816
102.75109287491068,27,263579,9762.185185185184
102.75198923796415,27,263643,9764.555555555555
102.75288449088112,27,263707,9766.925925925925
102.7543386570178,27,263771,9769.296296296296
102.75536184292287,27,263835,9771.666666666666
102.75643387017772,27,263899,9774.037037037036
102.7574784969911,27,263963,9776.407407407407
102.7583452691324,27,264027,9778.777777777777
102.92815503990278,27,264045,9779.444444444445
102.92815503990278,27,264045,9779.444444444445
102.92947543412447,26,254298,9780.692307692309
102.99419548315927,26,254304,9780.923076923076
102.99419548315927,26,254304,9780.923076923076
103.45149571681395,25,244889,9795.56
103.45302019594237,25,244953,9798.12
103.45420398609713,25,245017,9800.68
103.45525401178747,25,245081,9803.24
103.45616689510643,25,245145,9805.8
103.4574774489738,25,245209,9808.36
103.45981880789623,25,245273,9810.92
103.46099786786363,25,245337,9813.48
103.46210501575842,25,245401,9816.04
103.46311530191451,25,245465,9818.6
103.4640164040029,25,245529,9821.16
103.46482575498521,25,245593,9823.72
103.46571585675701,25,245657,9826.28
103.46660690987483,25,245721,9828.84
103.46741162007675,25,245785,9831.4
103.46833936404437,25,245849,9833.96
103.46934209903702,25,245913,9836.52
103.47025779215619,25,245977,9839.08
103.47117819590494,25,246041,9841.64
103.47207892918959,25,246105,9844.2
103.47296489076689,25,246169,9846.76
103.4739739461802,25,246233,9849.32
103.4754638839513,25,246297,9851.88
103.47664394415915,25,246361,9854.44
103.47774309199303,25,246425,9857.0
103.97659564809874,25,246473,9858.92
103.97659564809874,25,246473,9858.92
104.15401271218434,24,236632,9859.666666666666
104.15558256208897,24,236696,9862.333333333334
104.15677760215476,24,236760,9865.0
104.15783194918185,24,236824,9867.666666666666
104.15875183185562,24,236888,9870.333333333334
104.16000243416056,24,236952,9873.0
104.16235806420445,24,237016,9875.666666666666
104.1635629539378,24,237080,9878.333333333334
104.16468103276566,24,237144,9881.0
104.16562621714547,24,237208,9883.666666666666
104.16653206013143,24,237272,9886.333333333334
104.16733537008986,24,237336,9889.0
104.16824095277116,24,237400,9891.666666666666
104.1691253548488,24,237464,9894.333333333334
104.16994159622118,24,237528,9897.0
104.17084035789594,24,237592,9899.666666666666
104.17176225176081,24,237656,9902.333333333334
104.1727251461707,24,237720,9905.0
104.17364044021815,24,237784,9907.666666666666
104.17453305190429,24,237848,9910.333333333334
104.17554773809388,24,237912,9913.0
104.17702817497775,24,237976,9915.666666666666
104.17822516616434,24,238040,9918.333333333334
104.17931527318433,24,238104,9921.0
104.38274946575984,24,238125,9921.875
104.38274946575984,24,238125,9921.875
104.92656701197848,23,228247,9923.782608695652
104.92812688089907,23,228311,9926.565217391304
104.92936602281407,23,228375,9929.347826086956
104.93043731991202,23,228439,9932.130434782608
104.93134915316477,23,228503,9934.91304347826
104.93264591507614,23,228567,9937.695652173914
104.93509564781561,23,228631,9940.478260869566
104.93625653721392,23,228695,9943.260869565218
104.9373411340639,23,228759,9946.04347826087
104.93824194697663,23,228823,9948.826086956522
104.93915090989321,23,228887,9951.608695652174
104.93997110100463,23,228951,9954.391304347826
104.94087457377464,23,229015,9957.173913043478
104.9417045651935,23,229079,9959.95652173913
104.94262020802125,23,229143,9962.739130434782
104.94354929216206,23,229207,9965.521739130434
104.94453246705234,23,229271,9968.304347826086
104.94546444993466,23,229335,9971.08695652174
104.9463757830672,23,229399,9973.869565217392
104.94725937582552,23,229463,9976.652173913044
104.94818097911775,23,229527,9979.434782608696
104.94914265302941,23,229591,9982.217391304348
104.9503251328133,23,229655,9985.0
105.87751580914482,23,229719,9987.782608695652
105.88023294787854,23,229783,9990.565217391304
105.88237736281008,23,229847,9993.347826086956
105.88428432121873,23,229911,9996.130434782608
105.8859090320766,23,229975,9998.91304347826
105.88822649093345,23,230039,10001.695652173914
105.89250394888222,23,230103,10004.478260869566
105.89462168281898,23,230167,10007.260869565218
105.89660379290581,23,230231,10010.04347826087
105.89843593910336,23,230295,10012.826086956522
105.90007890108973,23,230359,10015.608695652174
105.90153378807008,23,230423,10018.391304347826
105.90311318822205,23,230487,10021.173913043478
105.90458433516324,23,230551,10023.95652173913
105.90624919719994,23,230615,10026.739130434782
105.90786958811805,23,230679,10029.521739130434
105.90950956987217,23,230743,10032.304347826086
105.91109828976914,23,230807,10035.08695652174
105.91269215987995,23,230871,10037.869565217392
105.91424833005294,23,230935,10040.652173913044
105.91593915317208,23,230999,10043.434782608696
105.91759632481262,23,231063,10046.217391304348
105.9187774551101,23,231127,10049.0
106.73618594976142,23,231191,10051.782608695652
106.73779240017757,23,231255,10054.565217391304
106.73902305215597,23,231319,10057.347826086956
106.74011486908421,23,231383,10060.130434782608
106.74107211409137,23,231447,10062.91304347826
106.74242160795256,23,231511,10065.695652173914
106.74489563982934,23,231575,10068.478260869566
106.74608979094774,23,231639,10071.260869565218
106.74717748817056,23,231703,10074.04347826087
106.74809489119798,23,231767,10076.826086956522
106.74900805484504,23,231831,10079.608695652174
106.7498480360955,23,231895,10082.391304347826
106.75076652877033,23,231959,10085.173913043478
106.75159930018708,23,232023,10087.95652173913
106.75251640286297,23,232087,10090.739130434782
106.75345617718995,23,232151,10093.521739130434
106.75446037296206,23,232215,10096.304347826086
106.75539306597784,23,232279,10099.08695652174
106.75631727976725,23,232343,10101.869565217392
106.75720701180398,23,232407,10104.652173913044
106.75814734585583,23,232471,10107.434782608696
106.75912976078689,23,232535,10110.217391304348
106.76033075107262,23,232599,10113.0
107.73024233896285,23,232663,10115.782608695652
107.73184301983565,23,232727,10118.565217391304
107.7330799610354,23,232791,10121.347826086956
107.73415390821174,23,232855,10124.130434782608
107.7350913118571,23,232919,10126.91304347826
107.73639081511647,23,232983,10129.695652173914
107.73884395696223,23,233047,10132.478260869566
107.74007825786248,23,233111,10135.260869565218
107.74123963806778,23,233175,10138.04347826087
107.74220895208418,23,233239,10140.826086956522
107.74314053589478,23,233303,10143.608695652174
107.74397680722177,23,233367,10146.391304347826
107.74490739079192,23,233431,10149.173913043478
107.7457494721748,23,233495,10151.95652173913
107.74667174508795,23,233559,10154.739130434782
107.74761040881276,23,233623,10157.521739130434
107.74856217298657,23,233687,10160.304347826086
107.74948867689818,23,233751,10163.08695652174
107.75038925977424,23,233815,10165.869565217392
107.75127848191187,23,233879,10168.652173913044
107.75220731506124,23,233943,10171.434782608696
107.75319845089689,23,234007,10174.217391304348
107.75440834090114,23,234071,10177.0
108.4349525491707,23,234135,10179.782608695652
108.43655500002205,23,234199,10182.565217391304
108.43778772093356,23,234263,10185.347826086956
108.43887548800558,23,234327,10188.130434782608
108.43984724301845,23,234391,10190.91304347826
108.44113719603047,23,234455,10193.695652173914
108.44358726777136,23,234519,10196.478260869566
108.44484638003632,23,234583,10199.260869565218
108.4460143391043,23,234647,10202.04347826087
108.44708410697058,23,234711,10204.826086956522
108.44802263006568,23,234775,10207.608695652174
108.44886499177665,23,234839,10210.391304347826
108.44981754617766,23,234903,10213.173913043478
108.45066961692646,23,234967,10215.95652173913
108.45160363102332,23,235031,10218.739130434782
108.45253954501823,23,235095,10221.521739130434
108.4535002191551,23,235159,10224.304347826086
108.45443516317755,23,235223,10227.08695652174
108.45536293601617,23,235287,10229.869565217392
108.45626775920391,23,235351,10232.652173913044
108.45720878290012,23,235415,10235.434782608696
108.45818062778562,23,235479,10238.217391304348
108.45908242976293,23,235543,10241.0
109.14149361476302,23,235607,10243.782608695652
109.14308583596721,23,235671,10246.565217391304
109.14434724813327,23,235735,10249.347826086956
109.14546209620312,23,235799,10252.130434782608
109.14644485106692,23,235863,10254.91304347826
109.14777980512008,23,235927,10257.695652173914
109.15028000809252,23,235991,10260.478260869566
109.15155063010752,23,236055,10263.260869565218
109.15275710076094,23,236119,10266.04347826087
109.15377948712558,23,236183,10268.826086956522
109.15475095110014,23,236247,10271.608695652174
109.15560458321124,23,236311,10274.391304347826
109.15655683679506,23,236375,10277.173913043478
109.15740432776511,23,236439,10279.95652173913
109.1583688929677,23,236503,10282.739130434782
109.1593534881249,23,236567,10285.521739130434
109.16036853380501,23,236631,10288.304347826086
109.16133077815175,23,236695,10291.08695652174
109.16226527187973,23,236759,10293.869565217392
109.16317063383758,23,236823,10296.652173913044
109.16414485918358,23,236887,10299.434782608696
109.16508976276964,23,236951,10302.217391304348
109.166292054113,23,237015,10305.0
109.85066561913118,23,237079,10307.782608695652
109.85225497884676,23,237143,10310.565217391304
109.85352186113596,23,237207,10313.347826086956
109.85461683897302,23,237271,10316.130434782608
109.85556878289208,23,237335,10318.91304347826
109.85688156588003,23,237399,10321.695652173914
109.85939047997817,23,237463,10324.478260869566
109.8606342910789,23,237527,10327.260869565218
109.86181580089033,23,237591,10330.04347826087
109.86288596782833,23,237655,10332.826086956522
109.8638573619537,23,237719,10335.608695652174
109.8647082541138,23,237783,10338.391304347826
109.86564577789977,23,237847,10341.173913043478
109.86650116881356,23,237911,10343.95652173913
109.86743307299912,23,237975,10346.739130434782
109.86837508715689,23,238039,10349.521739130434
109.86940682306886,23,238103,10352.304347826086
109.87036003684625,23,238167,10355.08695652174
109.87128884112462,23,238231,10357.869565217392
109.87219220399857,23,238295,10360.652173913044
109.87315466813743,23,238359,10363.434782608696
109.87415426317602,23,238423,10366.217391304348
109.87512855790555,23,238487,10369.0
110.56084932712838,23,238551,10371.782608695652
110.56246467819437,23,238615,10374.565217391304
110.56376240076497,23,238679,10377.347826086956
110.5648631490767,23,238743,10380.130434782608
110.56582426279783,23,238807,10382.91304347826
110.5670932950452,23,238871,10385.695652173914
110.56958208791912,23,238935,10388.478260869566
110.57083501992747,23,238999,10391.260869565218
110.57200491894037,23,239063,10394.04347826087
110.57310226699337,23,239127,10396.826086956522
110.57409843197092,23,239191,10399.608695652174
110.57496341411024,23,239255,10402.391304347826
110.5759048378095,23,239319,10405.173913043478
110.57677259994671,23,239383,10407.95652173913
110.57772150402889,23,239447,10410.739130434782
110.57870458904654,23,239511,10413.521739130434
110.57973326509818,23,239575,10416.304347826086
110.58070435002446,23,239639,10419.08695652174
110.5816486440599,23,239703,10421.869565217392
110.58256967691705,23,239767,10424.652173913044
110.58355925185606,23,239831,10427.434782608696
110.58450974617153,23,239895,10430.217391304348
110.5854387502186,23,239959,10433.0
111.27141737518832,23,240023,10435.782608695652
111.27295876387507,23,240087,10438.565217391304
111.27426327718422,23,240151,10441.347826086956
111.2755021979101,23,240215,10444.130434782608
111.2766525382176,23,240279,10446.91304347826
111.27795952092856,23,240343,10449.695652173914
111.28054845705628,23,240407,10452.478260869566
111.2818207689561,23,240471,10455.260869565218
111.28301144903526,23,240535,10458.04347826087
111.28409289615229,23,240599,10460.826086956522
111.2850716910325,23,240663,10463.608695652174
111.28608659701422,23,240727,10466.391304347826
111.28704800084233,23,240791,10469.173913043478
111.28792479308322,23,240855,10471.95652173913
111.28890476794913,23,240919,10474.739130434782
111.28992136381567,23,240983,10477.521739130434
111.29093588888645,23,241047,10480.304347826086
111.2919086040929,23,241111,10483.08695652174
111.2928658882156,23,241175,10485.869565217392
111.29379273205996,23,241239,10488.652173913044
111.29477276699618,23,241303,10491.434782608696
111.2957517709583,23,241367,10494.217391304348
111.29670283477753,23,241431,10497.0
111.98350275121629,23,241495,10499.782608695652
111.98503293003887,23,241559,10502.565217391304
111.98632700322196,23,241623,10505.347826086956
111.98752803308889,23,241687,10508.130434782608
111.98869614303112,23,241751,10510.91304347826
111.98997796606272,23,241815,10513.695652173914
111.99253022996709,23,241879,10516.478260869566
111.99380606319755,23,241943,10519.260869565218
111.99500222317874,23,242007,10522.04347826087
111.99608896998689,23,242071,10524.826086956522
111.9970487151295,23,242135,10527.608695652174
111.99804008984938,23,242199,10530.391304347826
111.99901958508417,23,242263,10533.173913043478
111.99990473687649,23,242327,10535.95652173913
112.0008807121776,23,242391,10538.739130434782
112.00189039716497,23,242455,10541.521739130434
112.00289631308988,23,242519,10544.304347826086
112.00387945817783,23,242583,10547.08695652174
112.00483498210087,23,242647,10549.869565217392
112.00576222594827,23,242711,10552.652173913044
112.00673436000943,23,242775,10555.434782608696
112.00768577400595,23,242839,10558.217391304348
112.00864201784134,23,242903,10561.0
112.69751925719902,23,242967,10563.782608695652
112.69907312607393,23,243031,10566.565217391304
112.70040438976139,23,243095,10569.347826086956
112.70163524104282,23,243159,10572.130434782608
112.70279328990728,23,243223,10574.91304347826
112.70531948516145,23,243287,10577.695652173914
112.70665160799399,23,243351,10580.478260869566
112.70791780995205,23,243415,10583.260869565218
112.70911516109481,23,243479,10586.04347826087
112.71014400711283,23,243543,10588.826086956522
112.71111728111282,23,243607,10591.608695652174
112.71209776587784,23,243671,10594.391304347826
112.71309123095125,23,243735,10597.173913043478
112.71397201297805,23,243799,10599.95652173913
112.71498239878565,23,243863,10602.739130434782
112.71600912511349,23,243927,10605.521739130434
112.71701892092824,23,243991,10608.304347826086
112.71798818511888,23,244055,10611.08695652174
112.7189403497614,23,244119,10613.869565217392
112.71989192301407,23,244183,10616.652173913044
112.7208739281632,23,244247,10619.434782608696
112.72183721279725,23,244311,10622.217391304348
112.7231038347818,23,244375,10625.0
113.4128605760634,23,244439,10627.782608695652
113.41447208588943,23,244503,10630.565217391304
113.41581449005753,23,244567,10633.347826086956
113.41678273491561,23,244631,10636.130434782608
113.41798021504655,23,244695,10638.91304347826
113.41932907886803,23,244759,10641.695652173914
113.42186527419835,23,244823,10644.478260869566
113.42315918719396,23,244887,10647.260869565218
113.42438531806692,23,244951,10650.04347826087
113.42550398595631,23,245015,10652.826086956522
113.42648155102506,23,245079,10655.608695652174
113.42746140481904,23,245143,10658.391304347826
113.42844060016796,23,245207,10661.173913043478
113.42933102278039,23,245271,10663.95652173913
113.43032990815118,23,245335,10666.739130434782
113.43135639419779,23,245399,10669.521739130434
113.43239024979994,23,245463,10672.304347826086
113.4333764850162,23,245527,10675.08695652174
113.4343771408312,23,245591,10677.869565217392
113.435323134996,23,245655,10680.652173913044
113.43630788009614,23,245719,10683.434782608696
113.43732534488663,23,245783,10686.217391304348
113.43859455781057,23,245847,10689.0
114.1287102769129,23,245911,10691.782608695652
114.13035696884617,23,245975,10694.565217391304
114.1317312438041,23,246039,10697.347826086956
114.13270678790286,23,246103,10700.130434782608
114.1339359190315,23,246167,10702.91304347826
114.13524513319135,23,246231,10705.695652173914
114.13766829390079,23,246295,10708.478260869566
114.13894552597776,23,246359,10711.260869565218
114.14011491602287,23,246423,10714.04347826087
114.14108944078907,23,246487,10716.826086956522
114.14206453505903,23,246551,10719.608695652174
114.14305185014382,23,246615,10722.391304347826
114.14405151596293,23,246679,10725.173913043478
114.14495074888691,23,246743,10727.95652173913
114.14593436289579,23,246807,10730.739130434782
114.14691574778408,23,246871,10733.521739130434
114.1479217838496,23,246935,10736.304347826086
114.1489293789491,23,246999,10739.08695652174
114.14994978485629,23,247063,10741.869565217392
114.15090773906559,23,247127,10744.652173913044
114.15197867620736,23,247191,10747.434782608696
114.15329123986885,23,247255,10750.217391304348
114.15450581116602,23,247319,10753.0
114.84814208885655,23,247383,10755.782608695652
114.84993467386812,23,247447,10758.565217391304
114.85135735105723,23,247511,10761.347826086956
114.85267345421016,23,247575,10764.130434782608
114.85386988380924,23,247639,10766.91304347826
114.85529197985306,23,247703,10769.695652173914
114.85786153515801,23,247767,10772.478260869566
114.85919074900448,23,247831,10775.260869565218
114.86041331011802,23,247895,10778.04347826087
114.86156215891242,23,247959,10780.826086956522
114.86255515413359,23,248023,10783.608695652174
114.86355323903263,23,248087,10786.391304347826
114.86454569501802,23,248151,10789.173913043478
114.8655399098061,23,248215,10791.95652173913
114.86654827510938,23,248279,10794.739130434782
114.86756282113492,23,248343,10797.521739130434
114.86858686711639,23,248407,10800.304347826086
114.86968896491453,23,248471,10803.08695652174
114.87068371009082,23,248535,10805.869565217392
114.87164714420214,23,248599,10808.652173913044
114.87266884976998,23,248663,10811.434782608696
114.87371168704703,23,248727,10814.217391304348
114.8749901689589,23,248791,10817.0
115.57041574316099,23,248855,10819.782608695652
115.57270557107404,23,248919,10822.565217391304
115.57455724803731,23,248983,10825.347826086956
115.57586028100923,23,249047,10828.130434782608
115.5774876321666,23,249111,10830.91304347826
115.57936001988128,23,249175,10833.695652173914
115.58257280103862,23,249239,10836.478260869566
115.58429752476513,23,249303,10839.260869565218
115.58589011477306,23,249367,10842.04347826087
115.58693313179538,23,249431,10844.826086956522
115.58806532016024,23,249495,10847.608695652174
115.5893826438114,23,249559,10850.391304347826
115.59074977785349,23,249623,10853.173913043478
115.59193296777084,23,249687,10855.95652173913
115.5932292509824,23,249751,10858.739130434782
115.59452976379544,23,249815,10861.521739130434
115.5958516378887,23,249879,10864.304347826086
115.5972213121131,23,249943,10867.08695652174
115.59850516496226,23,250007,10869.869565217392
115.60049493517727,23,250071,10872.652173913044
115.60201664408669,23,250135,10875.434782608696
115.6033849180676,23,250199,10878.217391304348
115.60465914104134,23,250263,10881.0
116.29162807017565,23,250327,10883.782608695652
116.29320238996297,23,250391,10886.565217391304
116.29457912500948,23,250455,10889.347826086956
116.29587756795809,23,250519,10892.130434782608
116.29779034620151,23,250583,10894.91304347826
116.29938082676381,23,250647,10897.695652173914
116.30114653101191,23,250711,10900.478260869566
116.30285725509748,23,250775,10903.260869565218
116.30445496505126,23,250839,10906.04347826087
116.30579755920917,23,250903,10908.826086956522
116.30708331195638,23,250967,10911.608695652174
116.30838191416115,23,251031,10914.391304347826
116.30967676686123,23,251095,10917.173913043478
116.31166479783133,23,251159,10919.95652173913
116.31303794309497,23,251223,10922.739130434782
116.31468006409705,23,251287,10925.521739130434
116.31626491388306,23,251351,10928.304347826086
116.31765015888959,23,251415,10931.08695652174
116.31893088202924,23,251479,10933.869565217392
116.3201684630476,23,251543,10936.652173913044
116.32150836708024,23,251607,10939.434782608696
116.32279642019421,23,251671,10942.217391304348
116.32405286189169,23,251735,10945.0
117.01475189579651,23,251799,10947.782608695652
117.01637607719749,23,251863,10950.565217391304
117.01776903215796,23,251927,10953.347826086956
117.01910028606653,23,251991,10956.130434782608
117.02124920999631,23,252055,10958.91304347826
117.02292384300381,23,252119,10961.695652173914
117.02475926885381,23,252183,10964.478260869566
117.0266346661374,23,252247,10967.260869565218
117.0282444069162,23,252311,10970.04347826087
117.0296447230503,23,252375,10972.826086956522
117.03095400612801,23,252439,10975.608695652174
117.03226277884096,23,252503,10978.391304347826
117.03357080183923,23,252567,10981.173913043478
117.03489495581016,23,252631,10983.95652173913
117.036815864034,23,252695,10986.739130434782
117.03853644803166,23,252759,10989.521739130434
117.04021504102275,23,252823,10992.304347826086
117.04173772921786,23,252887,10995.08695652174
117.04303418193012,23,252951,10997.869565217392
117.04429604392499,23,253015,11000.652173913044
117.04566709883511,23,253079,11003.434782608696
117.04697238095105,23,253143,11006.217391304348
117.0482389042154,23,253207,11009.0
117.73821806907654,23,253271,11011.782608695652
117.73986415099353,23,253335,11014.565217391304
117.7412442159839,23,253399,11017.347826086956
117.7426114808768,23,253463,11020.130434782608
117.74483694694936,23,253527,11022.91304347826
117.74648179905489,23,253591,11025.695652173914
117.74827547417954,23,253655,11028.478260869566
117.74999964796007,23,253719,11031.260869565218
117.75167720019817,23,253783,11034.04347826087
117.7530476548709,23,253847,11036.826086956522
117.75437110895291,23,253911,11039.608695652174
117.75569539191201,23,253975,11042.391304347826
117.75702706584707,23,254039,11045.173913043478
117.75846305210143,23,254103,11047.95652173913
117.7605898459442,23,254167,11050.739130434782
117.76233694003895,23,254231,11053.521739130434
117.76406117388979,23,254295,11056.304347826086
117.76559782307595,23,254359,11059.08695652174
117.76689732586965,23,254423,11061.869565217392
117.76817284803838,23,254487,11064.652173913044
117.76954870298505,23,254551,11067.434782608696
117.77085846615955,23,254615,11070.217391304348
117.77213771920651,23,254679,11073.0
118.46401342190802,23,254743,11075.782608695652
118.46562671288848,23,254807,11078.565217391304
118.46700823819265,23,254871,11081.347826086956
118.46834887191653,23,254935,11084.130434782608
118.47050250694156,23,254999,11086.91304347826
118.47210790682584,23,255063,11089.695652173914
118.47390346322209,23,255127,11092.478260869566
118.47564185690135,23,255191,11095.260869565218
118.4772696881555,23,255255,11098.04347826087
118.4786846539937,23,255319,11100.826086956522
118.48001258820295,23,255383,11103.608695652174
118.48133620107546,23,255447,11106.391304347826
118.4826656151563,23,255511,11109.173913043478
118.4839900280349,23,255575,11111.95652173913
118.48593003721908,23,255639,11114.739130434782
118.48767409101129,23,255703,11117.521739130434
118.48937929514796,23,255767,11120.304347826086
118.49091448402032,23,255831,11123.08695652174
118.49221909698099,23,255895,11125.869565217392
118.49349664896727,23,255959,11128.652173913044
118.4948686840944,23,256023,11131.434782608696
118.49617102695629,23,256087,11134.217391304348
118.49745702883229,23,256151,11137.0
119.18914460809901,23,256215,11139.782608695652
119.19075485877693,23,256279,11142.565217391304
119.1921564838849,23,256343,11145.347826086956
119.19350323779508,23,256407,11148.130434782608
119.19550771918148,23,256471,11150.91304347826
119.19719729200006,23,256535,11153.695652173914
119.19900787808001,23,256599,11156.478260869566
119.20075881201774,23,256663,11159.260869565218
119.20239721378312,23,256727,11162.04347826087
119.20380654884502,23,256791,11164.826086956522
119.2051613740623,23,256855,11167.608695652174
119.20650516776368,23,256919,11170.391304347826
119.20803080592304,23,256983,11173.173913043478
119.20991010405123,23,257047,11175.95652173913
119.21156006585807,23,257111,11178.739130434782
119.21314691612497,23,257175,11181.521739130434
119.21472657611594,23,257239,11184.304347826086
119.21605488983914,23,257303,11187.08695652174
119.21736285276711,23,257367,11189.869565217392
119.21864296495914,23,257431,11192.652173913044
119.21998998895288,23,257495,11195.434782608696
119.22130209207535,23,257559,11198.217391304348
119.22265813685954,23,257623,11201.0
119.91428028419614,23,257687,11203.782608695652
119.91575591079891,23,257751,11206.565217391304
119.91692235087976,23,257815,11209.347826086956
119.91829305607826,23,257879,11212.130434782608
119.91979185398668,23,257943,11214.91304347826
119.92194824805483,23,258007,11217.695652173914
119.92385730613023,23,258071,11220.478260869566
119.92569690290838,23,258135,11223.260869565218
119.92738711601123,23,258199,11226.04347826087
119.92884510289878,23,258263,11228.826086956522
119.93022375786677,23,258327,11231.608695652174
119.93159544188529,23,258391,11234.391304347826
119.9329481171444,23,258455,11237.173913043478
119.93416977813467,23,258519,11239.95652173913
119.9358018990606,23,258583,11242.739130434782
119.93716331385076,23,258647,11245.521739130434
119.9385735290125,23,258711,11248.304347826086
119.9399281530641,23,258775,11251.08695652174
119.94160057604313,23,258839,11253.869565217392
119.94291114900261,23,258903,11256.652173913044
119.94448876893148,23,258967,11259.434782608696
119.94596240576357,23,259031,11262.217391304348
119.94728193012998,23,259095,11265.0
120.64524039719254,23,259159,11267.782608695652
120.64741905219853,23,259223,11270.565217391304
120.64950751513243,23,259287,11273.347826086956
120.65128557011485,23,259351,11276.130434782608
120.6530912858434,23,259415,11278.91304347826
120.65636199899018,23,259479,11281.695652173914
120.65883036097512,23,259543,11284.478260869566
120.66117066098377,23,259607,11287.260869565218
120.66346347890794,23,259671,11290.04347826087
120.66536316694692,23,259735,11292.826086956522
120.6671548821032,23,259799,11295.608695652174
120.66896701790392,23,259863,11298.391304347826
120.67077113408595,23,259927,11301.173913043478
120.6724141552113,23,259991,11303.95652173913
120.67462308099493,23,260055,11306.739130434782
120.67649343889207,23,260119,11309.521739130434
120.67833435488865,23,260183,11312.304347826086
120.68027114402503,23,260247,11315.08695652174
120.68206825992092,23,260311,11317.869565217392
120.68403129000217,23,260375,11320.652173913044
120.6857599131763,23,260439,11323.434782608696
120.68726104078814,23,260503,11326.217391304348
120.68863504612818,23,260567,11329.0
121.37520347489044,23,260631,11331.782608695652
121.37688638782129,23,260695,11334.565217391304
121.37831105384976,23,260759,11337.347826086956
121.37967964820564,23,260823,11340.130434782608
121.38115451578051,23,260887,11342.91304347826
121.38307460397482,23,260951,11345.695652173914
121.38511574594304,23,261015,11348.478260869566
121.38696131296456,23,261079,11351.260869565218
121.3886555461213,23,261143,11354.04347826087
121.39008172182366,23,261207,11356.826086956522
121.3914406360127,23,261271,11359.608695652174
121.39279756089672,23,261335,11362.391304347826
121.39417337579653,23,261399,11365.173913043478
121.39563594199717,23,261463,11367.95652173913
121.39700275706127,23,261527,11370.739130434782
121.39835368189961,23,261591,11373.521739130434
121.40019195806235,23,261655,11376.304347826086
121.40184734994546,23,261719,11379.08695652174
121.40337824914604,23,261783,11381.869565217392
121.40469224192202,23,261847,11384.652173913044
121.4062277409248,23,261911,11387.434782608696
121.40769208781421,23,261975,11390.217391304348
121.40900544077158,23,262039,11393.0
122.1070456202142,23,262103,11395.782608695652
122.10868916194886,23,262167,11398.565217391304
122.11014733882621,23,262231,11401.347826086956
122.1115169338882,23,262295,11404.130434782608
122.11300228117034,23,262359,11406.91304347826
122.11510767508298,23,262423,11409.695652173914
122.11709360498935,23,262487,11412.478260869566
122.11890223110095,23,262551,11415.260869565218
122.12058361293748,23,262615,11418.04347826087
122.12200457882136,23,262679,11420.826086956522
122.12335169315338,23,262743,11423.608695652174
122.12471893802285,23,262807,11426.391304347826
122.12608199287206,23,262871,11429.173913043478
122.12754832999781,23,262935,11431.95652173913
122.1289179539308,23,262999,11434.739130434782
122.13027533888817,23,263063,11437.521739130434
122.13212280580774,23,263127,11440.304347826086
122.13382225902751,23,263191,11443.08695652174
122.13541105901822,23,263255,11445.869565217392
122.13680998422205,23,263319,11448.652173913044
122.13850246695802,23,263383,11451.434782608696
122.14006184693426,23,263447,11454.217391304348
122.14136418001726,23,263511,11457.0
122.58496331516653,23,263553,11458.826086956522
122.58496331516653,23,263553,11458.826086956522
122.8384976061061,22,252118,11459.90909090909
122.84067299077287,22,252182,11462.818181818182
122.84260269021615,22,252246,11465.727272727272
122.84438577480614,22,252310,11468.636363636364
122.84697513980791,22,252374,11471.545454545454
122.85078945709392,22,252438,11474.454545454546
122.85326264984906,22,252502,11477.363636363636
122.85564651992172,22,252566,11480.272727272728
122.85788620682433,22,252630,11483.181818181818
122.8597572138533,22,252694,11486.09090909091
122.86157529987395,22,252758,11489.0
122.86338840611279,22,252822,11491.90909090909
122.86529027391225,22,252886,11494.818181818182
122.86695020599291,22,252950,11497.727272727272
122.86877522291616,22,253014,11500.636363636364
122.87061290908605,22,253078,11503.545454545454
122.87353899283335,22,253142,11506.454545454546
122.87581280106679,22,253206,11509.363636363636
122.87768281809986,22,253270,11512.272727272728
122.87921381695196,22,253334,11515.181818181818
122.88091235002503,22,253398,11518.09090909091
122.88255512202159,22,253462,11521.0
123.57011924590915,22,253526,11523.90909090909
123.57235018210486,22,253590,11526.818181818182
123.57410320593044,22,253654,11529.727272727272
123.57589254202321,22,253718,11532.636363636364
123.57759330514818,22,253782,11535.545454545454
123.58070643385872,22,253846,11538.454545454546
123.58257840108126,22,253910,11541.363636363636
123.58436242584139,22,253974,11544.272727272728
123.5860512489453,22,254038,11547.181818181818
123.58748470479622,22,254102,11550.09090909091
123.58884816989303,22,254166,11553.0
123.59021089412272,22,254230,11555.90909090909
123.59162067016587,22,254294,11558.818181818182
123.59290777193382,22,254358,11561.727272727272
123.59429307794198,22,254422,11564.636363636364
123.59568335302174,22,254486,11567.545454545454
123.59707329794765,22,254550,11570.454545454546
123.59852366521955,22,254614,11573.363636363636
123.59984459821135,22,254678,11576.272727272728
123.60190917085856,22,254742,11579.181818181818
123.6036293739453,22,254806,11582.09090909091
123.6051493929699,22,254870,11585.0
124.30335075594485,22,254934,11587.90909090909
124.30574377579615,22,254998,11590.818181818182
124.30763485375792,22,255062,11593.727272727272
124.30949720088392,22,255126,11596.636363636364
124.3113335580565,22,255190,11599.545454545454
124.31332899816334,22,255254,11602.454545454546
124.3168929987587,22,255318,11605.363636363636
124.31862290296704,22,255382,11608.272727272728
124.3199815270491,22,255446,11611.181818181818
124.32157319691032,22,255510,11614.09090909091
124.3230339740403,22,255574,11617.0
124.32446631090716,22,255638,11619.90909090909
124.3258691560477,22,255702,11622.818181818182
124.3269360428676,22,255766,11625.727272727272
124.32802747096866,22,255830,11628.636363636364
124.32909769797698,22,255894,11631.545454545454
124.3301765951328,22,255958,11634.454545454546
124.33125313185155,22,256022,11637.363636363636
124.33229158911854,22,256086,11640.272727272728
124.333404306788,22,256150,11643.181818181818
124.33452019514516,22,256214,11646.09090909091
124.33578169718385,22,256278,11649.0
125.03820721711963,22,256342,11651.90909090909
125.04058119701222,22,256406,11654.818181818182
125.04244550410658,22,256470,11657.727272727272
125.04424626985565,22,256534,11660.636363636364
125.04603852517903,22,256598,11663.545454545454
125.04792798310518,22,256662,11666.454545454546
125.051281707827,22,256726,11669.363636363636
125.05304221296683,22,256790,11672.272727272728
125.05468720383942,22,256854,11675.181818181818
125.05605881894007,22,256918,11678.09090909091
125.05745963519439,22,256982,11681.0
125.05884539987892,22,257046,11683.90909090909
125.06021898519248,22,257110,11686.818181818182
125.06147845601663,22,257174,11689.727272727272
125.06286904076114,22,257238,11692.636363636364
125.06426156684756,22,257302,11695.545454545454
125.06567126279697,22,257366,11698.454545454546
125.0670497068204,22,257430,11701.363636363636
125.06837906083092,22,257494,11704.272727272728
125.06982742808759,22,257558,11707.181818181818
125.07140744803473,22,257622,11710.09090909091
125.07275998219848,22,257686,11713.0
125.7728599528782,22,257750,11715.90909090909
125.77451436500996,22,257814,11718.818181818182
125.77597380196676,22,257878,11721.727272727272
125.77735295705497,22,257942,11724.636363636364
125.77916496293619,22,258006,11727.545454545454
125.78056067787111,22,258070,11730.454545454546
125.78201421489939,22,258134,11733.363636363636
125.78345220116898,22,258198,11736.272727272728
125.78484749700874,22,258262,11739.181818181818
125.7862120908685,22,258326,11742.09090909091
125.78770949877799,22,258390,11745.0
125.7891704258509,22,258454,11747.90909090909
125.79072262486443,22,258518,11750.818181818182
125.79232890577987,22,258582,11753.727272727272
125.79373777192086,22,258646,11756.636363636364
125.7951350971125,22,258710,11759.545454545454
125.79654971277341,22,258774,11762.454545454546
125.79793315799907,22,258838,11765.363636363636
125.79926874209195,22,258902,11768.272727272728
125.80068975780159,22,258966,11771.181818181818
125.8020696528256,22,259030,11774.09090909091
125.80342121701688,22,259094,11777.0
126.50907201785594,22,259158,11779.90909090909
126.51173946587369,22,259222,11782.818181818182
126.51363826403394,22,259286,11785.727272727272
126.51527467602864,22,259350,11788.636363636364
126.51670371182263,22,259414,11791.545454545454
126.51866483082995,22,259478,11794.454545454546
126.52172647882253,22,259542,11797.363636363636
126.5235899859108,22,259606,11800.272727272728
126.52533545019105,22,259670,11803.181818181818
126.52693484118208,22,259734,11806.09090909091
126.52834176691249,22,259798,11809.0
126.52976155187935,22,259862,11811.90909090909
126.53120923880488,22,259926,11814.818181818182
126.53249158104882,22,259990,11817.727272727272
126.53389581711963,22,260054,11820.636363636364
126.53530461294577,22,260118,11823.545454545454
126.53681142115965,22,260182,11826.454545454546
126.53822696721181,22,260246,11829.363636363636
126.53968427376822,22,260310,11832.272727272728
126.54161675320938,22,260374,11835.181818181818
126.54331960622221,22,260438,11838.09090909091
126.54495440702885,22,260502,11841.0
127.2479963619262,22,260566,11843.90909090909
127.25051865587011,22,260630,11846.818181818182
127.25240937387571,22,260694,11849.727272727272
127.25406440580264,22,260758,11852.636363636364
127.25551427295431,22,260822,11855.545454545454
127.25749147310853,22,260886,11858.454545454546
127.26058782078326,22,260950,11861.363636363636
127.26243542786688,22,261014,11864.272727272728
127.26437167683616,22,261078,11867.181818181818
127.26616698177531,22,261142,11870.09090909091
127.26761902915314,22,261206,11873.0
127.26901887496933,22,261270,11875.90909090909
127.2704543210566,22,261334,11878.818181818182
127.27173401415348,22,261398,11881.727272727272
127.27313446905464,22,261462,11884.636363636364
127.27455608500168,22,261526,11887.545454545454
127.27606931282207,22,261590,11890.454545454546
127.2774879890494,22,261654,11893.363636363636
127.27896317699924,22,261718,11896.272727272728
127.28083104407415,22,261782,11899.181818181818
127.28259503887966,22,261846,11902.09090909091
127.28413677820936,22,261910,11905.0
127.98869396094233,22,261974,11907.90909090909
127.99193108314648,22,262038,11910.818181818182
127.99453051900491,22,262102,11913.727272727272
127.99690490914509,22,262166,11916.636363636364
127.99918351694942,22,262230,11919.545454545454
128.00188775500283,22,262294,11922.454545454546
128.00647062202916,22,262358,11925.363636363636
128.00895800394937,22,262422,11928.272727272728
128.01127454312518,22,262486,11931.181818181818
128.0134217068553,22,262550,11934.09090909091
128.01532807620242,22,262614,11937.0
128.0172589640133,22,262678,11939.90909090909
128.01918446319178,22,262742,11942.818181818182
128.0209134267643,22,262806,11945.727272727272
128.0227979151532,22,262870,11948.636363636364
128.02475515380502,22,262934,11951.545454545454
128.0267357151024,22,262998,11954.454545454546
128.0282826940529,22,263062,11957.363636363636
128.0296479491517,22,263126,11960.272727272728
128.03106125397608,22,263190,11963.181818181818
128.03254903201014,22,263254,11966.09090909091
128.0340105588548,22,263318,11969.0
128.7301109880209,22,263382,11971.90909090909
128.7325931810774,22,263446,11974.818181818182
128.73456014087424,22,263510,11977.727272727272
128.7363585359417,22,263574,11980.636363636364
128.73806281900033,22,263638,11983.545454545454
128.74022226408124,22,263702,11986.454545454546
128.7436059601605,22,263766,11989.363636363636
128.7454200061038,22,263830,11992.272727272728
128.7471111388877,22,263894,11995.181818181818
128.74861501716077,22,263958,11998.09090909091
128.75004208320752,22,264022,12001.0
128.75148973008618,22,264086,12003.90909090909
128.75290732597932,22,264150,12006.818181818182
128.75419359793887,22,264214,12009.727272727272
128.75562102394179,22,264278,12012.636363636364
128.7570406398736,22,264342,12015.545454545454
128.75848572701216,22,264406,12018.454545454546
128.75990183185786,22,264470,12021.363636363636
128.76124348584563,22,264534,12024.272727272728
128.76267905300483,22,264598,12027.181818181818
128.76460800180212,22,264662,12030.09090909091
128.76609054906294,22,264726,12033.0
129.26229798607528,22,264772,12035.09090909091
129.26229798607528,22,264772,12035.09090909091
129.3904610821046,21,252750,12035.714285714286
129.3904610821046,21,252750,12035.714285714286
129.4728189180605,20,240724,12036.2
129.47576077189296,20,240788,12039.4
129.47809677105397,20,240852,12042.6
129.48033546796069,20,240916,12045.8
129.48224989697337,20,240980,12049.0
129.486919764895,20,241044,12052.2
129.48950173007324,20,241108,12055.4
129.49141984898597,20,241172,12058.6
129.49331372603774,20,241236,12061.8
129.49522321484983,20,241300,12065.0
129.49710777308792,20,241364,12068.2
129.49886422697455,20,241428,12071.4
129.50075297476724,20,241492,12074.6
129.50266469316557,20,241556,12077.8
129.50458291219547,20,241620,12081.0
129.50646578986198,20,241684,12084.2
129.508271436207,20,241748,12087.4
129.51018197415397,20,241812,12090.6
129.51216779416427,20,241876,12093.8
129.5137486238964,20,241940,12097.0
129.60979766678065,20,241952,12097.6
129.60979766678065,20,241952,12097.6
130.2134879650548,19,229907,12100.368421052632
130.21704951487482,19,229971,12103.736842105263
130.21946655679494,19,230035,12107.105263157895
130.2217051028274,19,230099,12110.473684210527
130.22359297098592,19,230163,12113.842105263158
130.2255546511151,19,230227,12117.21052631579
130.2284627747722,19,230291,12120.578947368422
130.23239046381786,19,230355,12123.947368421053
130.23469986207783,19,230419,12127.315789473685
130.23690914921463,19,230483,12130.684210526315
130.23884872719646,19,230547,12134.052631578947
130.24061570176855,19,230611,12137.421052631578
130.24252247111872,19,230675,12140.78947368421
130.24443689920008,19,230739,12144.157894736842
130.2463683881797,19,230803,12147.526315789473
130.24837563885376,19,230867,12150.894736842105
130.25021150615066,19,230931,12154.263157894737
130.25210897391662,19,230995,12157.631578947368
130.25369655387476,19,231059,12161.0
130.9551333580166,19,231123,12164.368421052632
130.95700193475932,19,231187,12167.736842105263
130.95881218090653,19,231251,12171.105263157895
130.9605357637629,19,231315,12174.473684210527
130.9621116439812,19,231379,12177.842105263158
130.96498189680278,19,231443,12181.21052631579
130.9669116260484,19,231507,12184.578947368422
130.9685507179238,19,231571,12187.947368421053
130.9699970940128,19,231635,12191.315789473685
130.97147170081735,19,231699,12194.684210526315
130.9729337580502,19,231763,12198.052631578947
130.97424792218953,19,231827,12201.421052631578
130.97569059813395,19,231891,12204.78947368421
130.9771361751482,19,231955,12208.157894736842
130.9786025318317,19,232019,12211.526315789473
130.98052070988342,19,232083,12214.894736842105
130.9821093911305,19,232147,12218.263157894737
130.98364138882607,19,232211,12221.631578947368
130.98512873705477,19,232275,12225.0
131.23237825883552,19,232299,12226.263157894737
131.23237825883552,19,232299,12226.263157894737
131.69599561020732,18,220114,12228.555555555555
131.69862788682804,18,220178,12232.111111111111
131.7011138801463,18,220242,12235.666666666666
131.70354550099,18,220306,12239.222222222223
131.70583126880229,18,220370,12242.777777777777
131.70949811208993,18,220434,12246.333333333334
131.71180843003094,18,220498,12249.888888888889
131.71400635596365,18,220562,12253.444444444445
131.71595852589235,18,220626,12257.0
131.71800698712468,18,220690,12260.555555555555
131.7197528919205,18,220754,12264.111111111111
131.72167450981215,18,220818,12267.666666666666
131.72362856008112,18,220882,12271.222222222223
131.72557351877913,18,220946,12274.777777777777
131.72749962797388,18,221010,12278.333333333334
131.72938568610698,18,221074,12281.888888888889
131.7313143038191,18,221138,12285.444444444445
131.7333514657803,18,221202,12289.0
132.43816498480737,18,221266,12292.555555555555
132.44136197678745,18,221330,12296.111111111111
132.4439145210199,18,221394,12299.666666666666
132.44629537081346,18,221458,12303.222222222223
132.44856808893383,18,221522,12306.777777777777
132.45236647501588,18,221586,12310.333333333334
132.4547197651118,18,221650,12313.888888888889
132.45692604081705,18,221714,12317.444444444445
132.4588698898442,18,221778,12321.0
132.46079144906253,18,221842,12324.555555555555
132.4625602727756,18,221906,12328.111111111111
132.46451707277447,18,221970,12331.666666666666
132.466500103008,18,222034,12335.222222222223
132.46850500395522,18,222098,12338.777777777777
132.47046780399978,18,222162,12342.333333333334
132.4723353208974,18,222226,12345.888888888889
132.4743280308321,18,222290,12349.444444444445
132.4764218837954,18,222354,12353.0
133.18222577916458,18,222418,12356.555555555555
133.18411202682182,18,222482,12360.111111111111
133.1860814858228,18,222546,12363.666666666666
133.187815700192,18,222610,12367.222222222223
133.19057630980387,18,222674,12370.777777777777
133.19262005202472,18,222738,12374.333333333334
133.1943323952146,18,222802,12377.888888888889
133.1958043719642,18,222866,12381.444444444445
133.19726074906066,18,222930,12385.0
133.19872273690999,18,222994,12388.555555555555
133.20004910975695,18,223058,12392.111111111111
133.20152688818052,18,223122,12395.666666666666
133.2029899652116,18,223186,12399.222222222223
133.20451287319884,18,223250,12402.777777777777
133.2060678228736,18,223314,12406.333333333334
133.20772759383544,18,223378,12409.888888888889
133.20941948797554,18,223442,12413.444444444445
133.21107833879068,18,223506,12417.0
133.92748842202127,18,223570,12420.555555555555
133.9293473190628,18,223634,12424.111111111111
133.93116843514144,18,223698,12427.666666666666
133.9329250701703,18,223762,12431.222222222223
133.93551317602396,18,223826,12434.777777777777
133.93749855598435,18,223890,12438.333333333334
133.93914274778217,18,223954,12441.888888888889
133.94072128692642,18,224018,12445.444444444445
133.9422384761274,18,224082,12449.0
133.94377152482048,18,224146,12452.555555555555
133.9451131480746,18,224210,12456.111111111111
133.9465876459144,18,224274,12459.666666666666
133.94805121282116,18,224338,12463.222222222223
133.94954093080014,18,224402,12466.777777777777
133.95135420700535,18,224466,12470.333333333334
133.95279593300074,18,224530,12473.888888888889
133.95451557682827,18,224594,12477.444444444445
133.95621195994318,18,224658,12481.0
134.67461984278634,18,224722,12484.555555555555
134.67789220577106,18,224786,12488.111111111111
134.68047146080062,18,224850,12491.666666666666
134.68316715909168,18,224914,12495.222222222223
134.68530828412622,18,224978,12498.777777777777
134.6876800940372,18,225042,12502.333333333334
134.6915952730924,18,225106,12505.888888888889
134.69406015519053,18,225170,12509.444444444445
134.69658909877762,18,225234,12513.0
134.6986010298133,18,225298,12516.555555555555
134.7004057560116,18,225362,12520.111111111111
134.7023951858282,18,225426,12523.666666666666
134.70440089702606,18,225490,12527.222222222223
134.70645365910605,18,225554,12530.777777777777
134.708440259099,18,225618,12534.333333333334
134.71033885795623,18,225682,12537.888888888889
134.71233035810292,18,225746,12541.444444444445
134.71431949781254,18,225810,12545.0
135.42136331414804,18,225874,12548.555555555555
135.4232824719511,18,225938,12552.111111111111
135.4251460088417,18,226002,12555.666666666666
135.42690436402336,18,226066,12559.222222222223
135.43027621880174,18,226130,12562.777777777777
135.43237338308245,18,226194,12566.333333333334
135.43420280888677,18,226258,12569.888888888889
135.43570208689198,18,226322,12573.444444444445
135.43723608599976,18,226386,12577.0
135.4387653740123,18,226450,12580.555555555555
135.4401170690544,18,226514,12584.111111111111
135.44160465616733,18,226578,12587.666666666666
135.443088803906,18,226642,12591.222222222223
135.44459827197716,18,226706,12594.777777777777
135.44615421211347,18,226770,12598.333333333334
135.4479986280203,18,226834,12601.888888888889
135.4498520749621,18,226898,12605.444444444445
135.45186302578077,18,226962,12609.0
136.1704871649854,18,227026,12612.555555555555
136.1730890609324,18,227090,12616.111111111111
136.17500737914816,18,227154,12619.666666666666
136.17682851478457,18,227218,12623.222222222223
136.1786497621797,18,227282,12626.777777777777
136.18086565798149,18,227346,12630.333333333334
136.18405294790864,18,227410,12633.888888888889
136.1859491057694,18,227474,12637.444444444445
136.18774864217266,18,227538,12641.0
136.18961096880957,18,227602,12644.555555555555
136.19106401596218,18,227666,12648.111111111111
136.19260588521138,18,227730,12651.666666666666
136.19410680280998,18,227794,12655.222222222223
136.19575681490824,18,227858,12658.777777777777
136.19726317282766,18,227922,12662.333333333334
136.19871034985408,18,227986,12665.888888888889
136.20018116710708,18,228050,12669.444444444445
136.20184094877914,18,228114,12673.0
136.92085893684998,18,228178,12676.555555555555
136.92455040104687,18,228242,12680.111111111111
136.92706452403218,18,228306,12683.666666666666
136.9294375241734,18,228370,12687.222222222223
136.93141801515594,18,228434,12690.777777777777
136.9335347278975,18,228498,12694.333333333334
136.93639549100772,18,228562,12697.888888888889
136.94047994399443,18,228626,12701.444444444445
136.94310234999284,18,228690,12705.0
136.94563702493906,18,228754,12708.555555555555
136.94776134798303,18,228818,12712.111111111111
136.94990555290133,18,228882,12715.666666666666
136.95204766700044,18,228946,12719.222222222223
136.95407606801018,18,229010,12722.777777777777
136.9560757689178,18,229074,12726.333333333334
136.9579987381585,18,229138,12729.888888888889
136.95987913478166,18,229202,12733.444444444445
136.96139613399282,18,229266,12737.0
137.66990372585133,18,229330,12740.555555555555
137.67193160718307,18,229394,12744.111111111111
137.6735361381434,18,229458,12747.666666666666
137.67501124506816,18,229522,12751.222222222223
137.6762245860882,18,229586,12754.777777777777
137.67798698088154,18,229650,12758.333333333334
137.6804405930452,18,229714,12761.888888888889
137.68188135884702,18,229778,12765.444444444445
137.68328594509512,18,229842,12769.0
137.68466361006722,18,229906,12772.555555555555
137.6857521268539,18,229970,12776.111111111111
137.68696782784536,18,230034,12779.666666666666
137.68812270788476,18,230098,12783.222222222223
137.6893139667809,18,230162,12786.777777777777
137.69047976704314,18,230226,12790.333333333334
137.69158184481785,18,230290,12793.888888888889
137.69272372405976,18,230354,12797.444444444445
137.69400325603783,18,230418,12801.0
138.42256671609357,18,230482,12804.555555555555
138.42474661115557,18,230546,12808.111111111111
138.42628001980484,18,230610,12811.666666666666
138.42771090613678,18,230674,12815.222222222223
138.42886174609885,18,230738,12818.777777777777
138.4301596591249,18,230802,12822.333333333334
138.43221352109686,18,230866,12825.888888888889
138.43366810679436,18,230930,12829.444444444445
138.43505709199235,18,230994,12833.0
138.43647584784776,18,231058,12836.555555555555
138.43758040713146,18,231122,12840.111111111111
138.4387756572105,18,231186,12843.666666666666
138.43995531694964,18,231250,12847.222222222223
138.4411294059828,18,231314,12850.777777777777
138.44228942599148,18,231378,12854.333333333334
138.44340510386974,18,231442,12857.888888888889
138.44455833313987,18,231506,12861.444444444445
138.44582517491654,18,231570,12865.0
139.17651126906276,18,231634,12868.555555555555
139.17814273992553,18,231698,12872.111111111111
139.17947845393792,18,231762,12875.666666666666
139.18066359404474,18,231826,12879.222222222223
139.18194821709767,18,231890,12882.777777777777
139.18404169008136,18,231954,12886.333333333334
139.1855303971097,18,232018,12889.888888888889
139.1869145417586,18,232082,12893.444444444445
139.188254006207,18,232146,12897.0
139.18945434689522,18,232210,12900.555555555555
139.19053516397253,18,232274,12904.111111111111
139.19169723289087,18,232338,12907.666666666666
139.19286506297067,18,232402,12911.222222222223
139.19404081301764,18,232466,12914.777777777777
139.19525945419446,18,232530,12918.333333333334
139.1965489462018,18,232594,12921.888888888889
139.1977034760639,18,232658,12925.444444444445
139.19882767414674,18,232722,12929.0
139.93121894076467,18,232786,12932.555555555555
139.93281044112518,18,232850,12936.111111111111
139.9342530881986,18,232914,12939.666666666666
139.93553652986884,18,232978,12943.222222222223
139.93679420184344,18,233042,12946.777777777777
139.93971716612577,18,233106,12950.333333333334
139.9412197638303,18,233170,12953.888888888889
139.94261071877554,18,233234,12957.444444444445
139.9439570531249,18,233298,12961.0
139.94519084505737,18,233362,12964.555555555555
139.94627859210595,18,233426,12968.111111111111
139.9474830031395,18,233490,12971.666666666666
139.94865671219304,18,233554,12975.222222222223
139.94984945189208,18,233618,12978.777777777777
139.95102924201638,18,233682,12982.333333333334
139.95215279096738,18,233746,12985.888888888889
139.95333112077788,18,233810,12989.444444444445
139.95453653112054,18,233874,12993.0
140.68693271791562,18,233938,12996.555555555555
140.68887769710273,18,234002,13000.111111111111
140.69045207696036,18,234066,13003.666666666666
140.69194934517145,18,234130,13007.222222222223
140.6932149170898,18,234194,13010.777777777777
140.69505711412057,18,234258,13014.333333333334
140.69765568897128,18,234322,13017.888888888889
140.69914789684117,18,234386,13021.444444444445
140.70056858286262,18,234450,13025.0
140.7019823291339,18,234514,13028.555555555555
140.70309955719858,18,234578,13032.111111111111
140.7043159478344,18,234642,13035.666666666666
140.70553986914456,18,234706,13039.222222222223
140.70673927897587,18,234770,13042.777777777777
140.70792941981927,18,234834,13046.333333333334
140.70906058792025,18,234898,13049.888888888889
140.710220717825,18,234962,13053.444444444445
140.71136503713205,18,235026,13057.0
141.4433046518825,18,235090,13060.555555555555
141.4454833068885,18,235154,13064.111111111111
141.44703175593168,18,235218,13067.666666666666
141.44848934281617,18,235282,13071.222222222223
141.44990421878174,18,235346,13074.777777777777
141.45167695404962,18,235410,13078.333333333334
141.45425154920667,18,235474,13081.888888888889
141.45563603378832,18,235538,13085.444444444445
141.45688343513757,18,235602,13089.0
141.4582482399419,18,235666,13092.555555555555
141.45938356919214,18,235730,13096.111111111111
141.4606480509974,18,235794,13099.666666666666
141.46188861178234,18,235858,13103.222222222223
141.4631087030284,18,235922,13106.777777777777
141.46430677408352,18,235986,13110.333333333334
141.46546461293474,18,236050,13113.888888888889
141.46663221204653,18,236114,13117.444444444445
141.46794108580798,18,236178,13121.0
142.20243083499372,18,236242,13124.555555555555
142.2046924419701,18,236306,13128.111111111111
142.20619878079742,18,236370,13131.666666666666
142.20763299707323,18,236434,13135.222222222223
142.20890783891082,18,236498,13138.777777777777
142.2101427698508,18,236562,13142.333333333334
142.211856354028,18,236626,13145.888888888889
142.21437294781208,18,236690,13149.444444444445
142.21589492587373,18,236754,13153.0
142.21737970411777,18,236818,13156.555555555555
142.21857233392075,18,236882,13160.111111111111
142.2198659167625,18,236946,13163.666666666666
142.22113230917603,18,237010,13167.222222222223
142.2223645299673,18,237074,13170.777777777777
142.22357198083773,18,237138,13174.333333333334
142.22471629921347,18,237202,13177.888888888889
142.22588180890307,18,237266,13181.444444444445
142.2270305082202,18,237330,13185.0
142.96195212798193,18,237394,13188.555555555555
142.96416276413947,18,237458,13192.111111111111
142.9658223260194,18,237522,13195.666666666666
142.96731940377504,18,237586,13199.222222222223
142.96877952106297,18,237650,13202.777777777777
142.97063827794045,18,237714,13206.333333333334
142.97334268689156,18,237778,13209.888888888889
142.97489845613018,18,237842,13213.444444444445
142.9763408228755,18,237906,13217.0
142.9777926490642,18,237970,13220.555555555555
142.97894282918423,18,238034,13224.111111111111
142.98023782204837,18,238098,13227.666666666666
142.98148038284853,18,238162,13231.222222222223
142.98269657418132,18,238226,13234.777777777777
142.98390243388712,18,238290,13238.333333333334
142.98505009291694,18,238354,13241.888888888889
142.9862219528295,18,238418,13245.444444444445
142.98745934385806,18,238482,13249.0
143.72164143621922,18,238546,13252.555555555555
143.7238125409931,18,238610,13256.111111111111
143.72538049984723,18,238674,13259.666666666666
143.72685945779085,18,238738,13263.222222222223
143.72833949513733,18,238802,13266.777777777777
143.73017233191058,18,238866,13270.333333333334
143.73275107704103,18,238930,13273.888888888889
143.7342557851225,18,238994,13277.444444444445
143.73568464117125,18,239058,13281.0
143.73710767691955,18,239122,13284.555555555555
143.73823722591624,18,239186,13288.111111111111
143.7394793969579,18,239250,13291.666666666666
143.74068204779178,18,239314,13295.222222222223
143.74189579905942,18,239378,13298.777777777777
143.7430942589417,18,239442,13302.333333333334
143.74427107907832,18,239506,13305.888888888889
143.74548749998212,18,239570,13309.444444444445
143.74665968911722,18,239634,13313.0
144.2823414937593,18,239637,13313.166666666666
144.2823414937593,18,239637,13313.166666666666
145.23411996476352,17,226385,13316.764705882353
145.2365860082209,17,226449,13320.529411764706
145.23814522707835,17,226513,13324.29411764706
145.23962608492002,17,226577,13328.058823529413
145.24091134779155,17,226641,13331.823529411764
145.24216527910903,17,226705,13335.588235294117
145.24389798287302,17,226769,13339.35294117647
145.2463442850858,17,226833,13343.117647058823
145.2478838241659,17,226897,13346.882352941177
145.2493887618184,17,226961,13350.64705882353
145.25059669278562,17,227025,13354.411764705883
145.2519028559327,17,227089,13358.176470588236
145.25320855900645,17,227153,13361.941176470587
145.254414498806,17,227217,13365.70588235294
145.2555917687714,17,227281,13369.470588235294
145.2567810700275,17,227345,13373.235294117647
145.25795107893646,17,227409,13377.0
145.99507966497913,17,227473,13380.764705882353
145.99757092818618,17,227537,13384.529411764706
145.99889748217538,17,227601,13388.29411764706
146.0002779169008,17,227665,13392.058823529413
146.00155313918367,17,227729,13395.823529411764
146.0033166827634,17,227793,13399.588235294117
146.0050826179795,17,227857,13403.35294117647
146.00764396321028,17,227921,13407.117647058823
146.0091940020211,17,227985,13410.882352941177
146.01072256080806,17,228049,13414.64705882353
146.0119278919883,17,228113,13418.411764705883
146.01323733385652,17,228177,13422.176470588236
146.01456789812073,17,228241,13425.941176470587
146.01577617879957,17,228305,13429.70588235294
146.0169715587981,17,228369,13433.470588235294
146.01820192998275,17,228433,13437.235294117647
146.0193978608586,17,228497,13441.0
146.75712654180825,17,228561,13444.764705882353
146.75943236984313,17,228625,13448.529411764706
146.76102729002014,17,228689,13452.29411764706
146.76237022411078,17,228753,13456.058823529413
146.76359453517944,17,228817,13459.823529411764
146.76542113209143,17,228881,13463.588235294117
146.76796587603167,17,228945,13467.35294117647
146.7694474630989,17,229009,13471.117647058823
146.77086275909096,17,229073,13474.882352941177
146.77232175599784,17,229137,13478.64705882353
146.7734850361012,17,229201,13482.411764705883
146.77475068811327,17,229265,13486.176470588236
146.77600295981392,17,229329,13489.941176470587
146.7772260401398,17,229393,13493.70588235294
146.77839430002496,17,229457,13497.470588235294
146.77960433112457,17,229521,13501.235294117647
146.7808380620554,17,229585,13505.0
147.5205782437697,17,229649,13508.764705882353
147.52281949995086,17,229713,13512.529411764706
147.52444674214348,17,229777,13516.29411764706
147.52597435982898,17,229841,13520.058823529413
147.52745539788157,17,229905,13523.823529411764
147.52932358486578,17,229969,13527.588235294117
147.5319376308471,17,230033,13531.35294117647
147.53341710893437,17,230097,13535.117647058823
147.53484159521759,17,230161,13538.882352941177
147.5363347628154,17,230225,13542.64705882353
147.53754981281236,17,230289,13546.411764705883
147.53881648508832,17,230353,13550.176470588236
147.54007258685306,17,230417,13553.941176470587
147.5412945379503,17,230481,13557.70588235294
147.54248291812837,17,230545,13561.470588235294
147.54368671914563,17,230609,13565.235294117647
147.54493851121515,17,230673,13569.0
148.00883614690974,17,230714,13571.411764705883
148.00883614690974,17,230714,13571.411764705883
148.2848811270669,16,217168,13573.0
148.28706760285422,16,217232,13577.0
148.2886747829616,16,217296,13581.0
148.29017299087718,16,217360,13585.0
148.29166926909238,16,217424,13589.0
148.2935766368173,16,217488,13593.0
148.29514126712456,16,217552,13597.0
148.2975476179272,16,217616,13601.0
148.29903768608347,16,217680,13605.0
148.30059308512136,16,217744,13609.0
148.30188270797953,16,217808,13613.0
148.30316771008074,16,217872,13617.0
148.3045200938359,16,217936,13621.0
148.30575343593955,16,218000,13625.0
148.30695504602045,16,218064,13629.0
148.30816773697734,16,218128,13633.0
149.0505721559748,16,218192,13637.0
149.05282102292404,16,218256,13641.0
149.05417304718867,16,218320,13645.0
149.05552060110494,16,218384,13649.0
149.05672725196928,16,218448,13653.0
149.0587094319053,16,218512,13657.0
149.06027652183548,16,218576,13661.0
149.06266434211284,16,218640,13665.0
149.06415111012757,16,218704,13669.0
149.06568978913128,16,218768,13673.0
149.0669654509984,16,218832,13677.0
149.06824555294588,16,218896,13681.0
149.06959463795647,16,218960,13685.0
149.07082532905042,16,219024,13689.0
149.0720167788677,16,219088,13693.0
149.07322040898725,16,219152,13697.0
149.8178754951805,16,219216,13701.0
149.82002598885447,16,219280,13705.0
149.82162396004423,16,219344,13709.0
149.82299724407494,16,219408,13713.0
149.82421151502058,16,219472,13717.0
149.82601994089782,16,219536,13721.0
149.828472152818,16,219600,13725.0
149.82988966908306,16,219664,13729.0
149.83129692496732,16,219728,13733.0
149.83277671178803,16,219792,13737.0
149.83394554210827,16,219856,13741.0
149.8352282838896,16,219920,13745.0
149.83650018600747,16,219984,13749.0
149.837729007937,16,220048,13753.0
149.83890585694462,16,220112,13757.0
149.84011323796585,16,220176,13761.0
150.58633190300316,16,220240,13765.0
150.58839580509812,16,220304,13769.0
150.58997697615996,16,220368,13773.0
150.5914598130621,16,220432,13777.0
150.59276360599324,16,220496,13781.0
150.59449661988765,16,220560,13785.0
150.59685782017186,16,220624,13789.0
150.5983638977632,16,220688,13793.0
150.5997996837832,16,220752,13797.0
150.60126297082752,16,220816,13801.0
150.60243651084602,16,220880,13805.0
150.60372472414747,16,220944,13809.0
150.6049896958284,16,221008,13813.0
150.60622627707198,16,221072,13817.0
150.60741274710745,16,221136,13821.0
150.6086433478631,16,221200,13825.0
151.3551281602122,16,221264,13829.0
151.35723955277354,16,221328,13833.0
151.35885374387726,16,221392,13837.0
151.3603828428313,16,221456,13841.0
151.3617487079464,16,221520,13845.0
151.36349653219804,16,221584,13849.0
151.36589677305892,16,221648,13853.0
151.36740626115352,16,221712,13857.0
151.3689118688926,16,221776,13861.0
151.37039373721927,16,221840,13865.0
151.3715853667818,16,221904,13869.0
151.3728762487881,16,221968,13873.0
151.37416118197143,16,222032,13877.0
151.3754004240036,16,222096,13881.0
151.3766093440354,16,222160,13885.0
151.37782970489934,16,222224,13889.0
152.12646747101098,16,222288,13893.0
152.12825724715367,16,222352,13897.0
152.12983901705593,16,222416,13901.0
152.13134921481833,16,222480,13905.0
152.1326773678884,16,222544,13909.0
152.13535134587437,16,222608,13913.0
152.136868765112,16,222672,13917.0
152.13836331199855,16,222736,13921.0
152.13971879705787,16,222800,13925.0
152.1411860040389,16,222864,13929.0
152.14236168377101,16,222928,13933.0
152.1436707470566,16,222992,13937.0
152.14494591904804,16,223056,13941.0
152.1462193611078,16,223120,13945.0
152.1474208617583,16,223184,13949.0
152.14867201307788,16,223248,13953.0
152.89963017916307,16,223312,13957.0
152.9014392341487,16,223376,13961.0
152.9030109741725,16,223440,13965.0
152.9044764409773,16,223504,13969.0
152.90579764498398,16,223568,13973.0
152.90831362782046,16,223632,13977.0
152.90984855685383,16,223696,13981.0
152.9113434148021,16,223760,13985.0
152.91271435003728,16,223824,13989.0
152.91403290303424,16,223888,13993.0
152.91519251279533,16,223952,13997.0
152.91645174380392,16,224016,14001.0
152.9177257171832,16,224080,14005.0
152.91897779796273,16,224144,14009.0
152.92018084879965,16,224208,14013.0
152.92143305996433,16,224272,14017.0
153.67193108377978,16,224336,14021.0
153.6740147760138,16,224400,14025.0
153.67561536701396,16,224464,14029.0
153.67708811396733,16,224528,14033.0
153.67840581806377,16,224592,14037.0
153.68021850381047,16,224656,14041.0
153.68262603413314,16,224720,14045.0
153.68421548511833,16,224784,14049.0
153.685720812995,16,224848,14053.0
153.6872291509062,16,224912,14057.0
153.68842051085085,16,224976,14061.0
153.68974974518642,16,225040,14065.0
153.69104227796197,16,225104,14069.0
153.69229911919683,16,225168,14073.0
153.69352434994653,16,225232,14077.0
153.69476734194905,16,225296,14081.0
154.44544227980077,16,225360,14085.0
154.4475700338371,16,225424,14089.0
154.44924185611308,16,225488,14093.0
154.45075179403648,16,225552,14097.0
154.4520821077749,16,225616,14101.0
154.45386228291318,16,225680,14105.0
154.4562187618576,16,225744,14109.0
154.45780551293865,16,225808,14113.0
154.45934429205954,16,225872,14117.0
154.4608545000665,16,225936,14121.0
154.46203640988097,16,226000,14125.0
154.46334561286494,16,226064,14129.0
154.4646640662104,16,226128,14133.0
154.46592532796785,16,226192,14137.0
154.46712981909513,16,226256,14141.0
154.46837365999818,16,226320,14145.0
154.9646703270264,16,226363,14147.6875
154.9646703270264,16,226363,14147.6875
155.22006731387228,15,212239,14149.266666666666
155.2221474358812,15,212303,14153.533333333333
155.22376455692574,15,212367,14157.8
155.22526690503582,15,212431,14162.066666666668
155.22661376884207,15,212495,14166.333333333334
155.22837956389412,15,212559,14170.6
155.2306988928467,15,212623,14174.866666666667
155.23220904078335,15,212687,14179.133333333333
155.2337649408728,15,212751,14183.4
155.2349625308998,15,212815,14187.666666666666
155.2362862941809,15,212879,14191.933333333332
155.2375954380259,15,212943,14196.2
155.23886191891506,15,213007,14200.466666666667
155.24007595982403,15,213071,14204.733333333334
155.24132651183754,15,213135,14209.0
155.99362778989598,15,213199,14213.266666666666
155.99574280390516,15,213263,14217.533333333333
155.99735031509772,15,213327,14221.8
155.99885135283694,15,213391,14226.066666666668
156.00018649594858,15,213455,14230.333333333334
156.00201186304912,15,213519,14234.6
156.00436027208343,15,213583,14238.866666666667
156.00588641082868,15,213647,14243.133333333333
156.007409858983,15,213711,14247.4
156.00865410082042,15,213775,14251.666666666666
156.0099807549268,15,213839,14255.933333333332
156.01128189684823,15,213903,14260.2
156.01255602017045,15,213967,14264.466666666667
156.01377891097218,15,214031,14268.733333333334
156.01503665186465,15,214095,14273.0
156.76794042577967,15,214159,14277.266666666666
156.77005206001922,15,214223,14281.533333333333
156.77172185201198,15,214287,14285.8
156.77322618989274,15,214351,14290.066666666668
156.77457104390487,15,214415,14294.333333333334
156.7764214607887,15,214479,14298.6
156.77874875999987,15,214543,14302.866666666667
156.78026447817683,15,214607,14307.133333333333
156.78180737700313,15,214671,14311.4
156.783013088163,15,214735,14315.666666666666
156.7843744121492,15,214799,14319.933333333332
156.78569704620168,15,214863,14324.2
156.78697163797915,15,214927,14328.466666666667
156.78820195887238,15,214991,14332.733333333334
156.78947869176045,15,215055,14337.0
157.54381349217147,15,215119,14341.266666666666
157.54592353478074,15,215183,14345.533333333333
157.54763847775757,15,215247,14349.8
157.54916219692677,15,215311,14354.066666666668
157.5505207912065,15,215375,14358.333333333334
157.55234915716574,15,215439,14362.6
157.55477302893996,15,215503,14366.866666666667
157.55617650412023,15,215567,14371.133333333333
157.55763998208568,15,215631,14375.4
157.55898406496271,15,215695,14379.666666666666
157.560272147879,15,215759,14383.933333333332
157.56171219516546,15,215823,14388.2
157.56301172683015,15,215887,14392.466666666667
157.56424738885835,15,215951,14396.733333333334
157.56552671082318,15,216015,14401.0
157.72504461975768,15,216030,14402.0
157.72504461975768,15,216030,14402.0
158.32039435394108,14,201678,14405.57142857143
158.32250346802175,14,201742,14410.142857142857
158.3241314990446,14,201806,14414.714285714286
158.32564278692007,14,201870,14419.285714285714
158.32702220184729,14,201934,14423.857142857143
158.3288140478544,14,201998,14428.42857142857
158.33116533700377,14,202062,14433.0
158.33263093419373,14,202126,14437.57142857143
158.33387349592522,14,202190,14442.142857142857
158.33540795510635,14,202254,14446.714285714286
158.3369408538565,14,202318,14451.285714285714
158.33835541876033,14,202382,14455.857142857143
158.33959754090756,14,202446,14460.42857142857
158.3408647729084,14,202510,14465.0
159.0957565959543,14,202574,14469.57142857143
159.09790155105293,14,202638,14474.142857142857
159.09955094289035,14,202702,14478.714285714286
159.10106301121414,14,202766,14483.285714285714
159.1024383250624,14,202830,14487.857142857143
159.10426303185523,14,202894,14492.42857142857
159.10657310998067,14,202958,14497.0
159.10804306715727,14,203022,14501.57142857143
159.10928611876443,14,203086,14506.142857142857
159.11083543812856,14,203150,14510.714285714286
159.11236599693075,14,203214,14515.285714285714
159.11376052210107,14,203278,14519.857142857143
159.11500602401793,14,203342,14524.42857142857
159.116270435974,14,203406,14529.0
159.872724999208,14,203470,14533.57142857143
159.8748861742206,14,203534,14538.142857142857
159.8765848269686,14,203598,14542.714285714286
159.87810829514638,14,203662,14547.285714285714
159.87948960019276,14,203726,14551.857142857143
159.8813016260974,14,203790,14556.42857142857
159.88367901695892,14,203854,14561.0
159.88516052393243,14,203918,14565.57142857143
159.8864194760099,14,203982,14570.142857142857
159.88798956619576,14,204046,14574.714285714286
159.8895379351452,14,204110,14579.285714285714
159.89093933999538,14,204174,14583.857142857143
159.89218028215691,14,204238,14588.42857142857
159.893456753809,14,204302,14593.0
160.65028458693996,14,204366,14597.57142857143
160.6523577189073,14,204430,14602.142857142857
160.65403741085902,14,204494,14606.714285714286
160.65571174398065,14,204558,14611.285714285714
160.657259572763,14,204622,14615.857142857143
160.65902168815956,14,204686,14620.42857142857
160.66131797619164,14,204750,14625.0
160.66279001301154,14,204814,14629.57142857143
160.66415113816038,14,204878,14634.142857142857
160.66553700296208,14,204942,14638.714285714286
160.6669753692113,14,205006,14643.285714285714
160.66829521209002,14,205070,14647.857142857143
160.66956767486408,14,205134,14652.42857142857
160.67085689678788,14,205198,14657.0
161.42965946998447,14,205262,14661.57142857143
161.43175373319536,14,205326,14666.142857142857
161.43339700391516,14,205390,14670.714285714286
161.43503365619108,14,205454,14675.285714285714
161.43660853616893,14,205518,14679.857142857143
161.43835370987654,14,205582,14684.42857142857
161.44064119784161,14,205646,14689.0
161.44207346392795,14,205710,14693.57142857143
161.4434102079831,14,205774,14698.142857142857
161.44484792416915,14,205838,14702.714285714286
161.44627693016082,14,205902,14707.285714285714
161.44760556379333,14,205966,14711.857142857143
161.44885381590575,14,206030,14716.42857142857
161.45013460796326,14,206094,14721.0
162.2093498809263,14,206158,14725.57142857143
162.21136227203533,14,206222,14730.142857142857
162.21303536416963,14,206286,14734.714285714286
162.2146915961057,14,206350,14739.285714285714
162.2163140368648,14,206414,14743.857142857143
162.21809731191024,14,206478,14748.42857142857
162.22043886221945,14,206542,14753.0
162.22187538817525,14,206606,14757.57142857143
162.22314286977053,14,206670,14762.142857142857
162.22461125720292,14,206734,14766.714285714286
162.22604992380366,14,206798,14771.285714285714
162.2273773071356,14,206862,14775.857142857143
162.22864369908348,14,206926,14780.42857142857
162.22993810195476,14,206990,14785.0
162.9898755531758,14,207054,14789.57142857143
162.99189815390855,14,207118,14794.142857142857
162.99357693688944,14,207182,14798.714285714286
162.9952275888063,14,207246,14803.285714285714
162.99686700012535,14,207310,14807.857142857143
162.99863249482587,14,207374,14812.42857142857
163.00095177302137,14,207438,14817.0
163.00239248992875,14,207502,14821.57142857143
163.00367427291349,14,207566,14826.142857142857
163.00511454883963,14,207630,14830.714285714286
163.0065957759507,14,207694,14835.285714285714
163.00792588992044,14,207758,14839.857142857143
163.00918416213244,14,207822,14844.42857142857
163.01048231497407,14,207886,14849.0
163.77302395179868,14,207950,14853.57142857143
163.77505446318537,14,208014,14858.142857142857
163.77674033585936,14,208078,14862.714285714286
163.77839019708335,14,208142,14867.285714285714
163.78002903889865,14,208206,14871.857142857143
163.78180525405332,14,208270,14876.42857142857
163.78410555189475,14,208334,14881.0
163.78558406000957,14,208398,14885.57142857143
163.78685847204179,14,208462,14890.142857142857
163.7882972578518,14,208526,14894.714285714286
163.78975621517748,14,208590,14899.285714285714
163.79111487977207,14,208654,14903.857142857143
163.79238473204896,14,208718,14908.42857142857
163.79370151506737,14,208782,14913.0
164.55723330704495,14,208846,14917.57142857143
164.55930309882388,14,208910,14922.142857142857
164.56100324215367,14,208974,14926.714285714286
164.56268141511828,14,209038,14931.285714285714
164.56431725621223,14,209102,14935.857142857143
164.56609743088484,14,209166,14940.42857142857
164.5684454110451,14,209230,14945.0
164.5699094380252,14,209294,14949.57142857143
164.57121281092986,14,209358,14954.142857142857
164.57267241785303,14,209422,14958.714285714286
164.574133194983,14,209486,14963.285714285714
164.57548706885427,14,209550,14967.857142857143
164.57678597187623,14,209614,14972.42857142857
164.5780962249264,14,209678,14977.0
165.3422501720488,14,209742,14981.57142857143
165.34434285620227,14,209806,14986.142857142857
165.34605269879103,14,209870,14990.714285714286
165.34774568211287,14,209934,14995.285714285714
165.34939489280805,14,209998,14999.857142857143
165.35120034916326,14,210062,15004.42857142857
165.35355072887614,14,210126,15009.0
165.35498380521312,14,210190,15013.57142857143
165.3563074581325,14,210254,15018.142857142857
165.35779298609123,14,210318,15022.714285714286
165.3592540831305,14,210382,15027.285714285714
165.36061125714332,14,210446,15031.857142857143
165.3618915299885,14,210510,15036.42857142857
165.36320255277678,14,210574,15041.0
166.1277862410061,14,210638,15045.57142857143
166.12986227404326,14,210702,15050.142857142857
166.13158287713304,14,210766,15054.714285714286
166.13326465012506,14,210830,15059.285714285714
166.1349207321182,14,210894,15063.857142857143
166.13671925710514,14,210958,15068.42857142857
166.13904929580167,14,211022,15073.0
166.1405105930753,14,211086,15077.57142857143
166.14183760713786,14,211150,15082.142857142857
166.14329570392147,14,211214,15086.714285714286
166.14479383220896,14,211278,15091.285714285714
166.14614424621686,14,211342,15095.857142857143
166.14743928890675,14,211406,15100.42857142857
166.14875920210034,14,211470,15105.0
166.91557188611478,14,211534,15109.57142857143
166.91761281806976,14,211598,15114.142857142857
166.91931963106617,14,211662,15118.714285714286
166.92101299390197,14,211726,15123.285714285714
166.92270391713828,14,211790,15127.857142857143
166.92450173199177,14,211854,15132.42857142857
166.92683739215136,14,211918,15137.0
166.9282798380591,14,211982,15141.57142857143
166.92961939191446,14,212046,15146.142857142857
166.93108973884955,14,212110,15150.714285714286
166.93257361697033,14,212174,15155.285714285714
166.9339540619403,14,212238,15159.857142857143
166.93525016494095,14,212302,15164.42857142857
166.93658737791702,14,212366,15169.0
167.70506192510948,14,212430,15173.57142857143
167.70712588680908,14,212494,15178.142857142857
167.70883090095595,14,212558,15182.714285714286
167.71052795276046,14,212622,15187.285714285714
167.71217952482402,14,212686,15191.857142857143
167.71398172108456,14,212750,15196.42857142857
167.7163346298039,14,212814,15201.0
167.71778856683522,14,212878,15205.57142857143
167.71918575186282,14,212942,15210.142857142857
167.72060640808195,14,213006,15214.714285714286
167.72197708301246,14,213070,15219.285714285714
167.7233335277997,14,213134,15223.857142857143
167.72466372093186,14,213198,15228.42857142857
167.72600110480562,14,213262,15233.0
168.4972852631472,14,213326,15237.57142857143
168.49936569482088,14,213390,15242.142857142857
168.50108901876956,14,213454,15246.714285714286
168.5027989721857,14,213518,15251.285714285714
168.50447848485783,14,213582,15255.857142857143
168.50629069982097,14,213646,15260.42857142857
168.50865510012954,14,213710,15265.0
168.51011935714632,14,213774,15269.57142857143
168.51153974421322,14,213838,15274.142857142857
168.51295958878472,14,213902,15278.714285714286
168.51434601517394,14,213966,15283.285714285714
168.5157182989642,14,214030,15287.857142857143
168.51702275220305,14,214094,15292.42857142857
168.51838012691587,14,214158,15297.0
169.140475186985,14,214210,15300.714285714286
169.140475186985,14,214210,15300.714285714286
169.28927721409127,13,198925,15301.923076923076
169.29136061714962,13,198989,15306.846153846154
169.29297550814226,13,199053,15311.76923076923
169.29443109501153,13,199117,15316.692307692309
169.2958287000656,13,199181,15321.615384615385
169.2976004150696,13,199245,15326.538461538461
169.2997251888737,13,199309,15331.461538461539
169.30121299577877,13,199373,15336.384615384615
169.30285243783146,13,199437,15341.307692307691
169.30448278877884,13,199501,15346.23076923077
169.30595963681117,13,199565,15351.153846153846
169.3072698400356,13,199629,15356.076923076924
169.30862090410665,13,199693,15361.0
169.6704534748569,13,199724,15363.384615384615
169.6704534748569,13,199724,15363.384615384615
169.68290627980605,12,184364,15363.666666666666
169.68290627980605,12,184364,15363.666666666666
170.07545352820307,11,169035,15366.818181818182
170.07759142201394,11,169099,15372.636363636364
170.07920055277646,11,169163,15378.454545454546
170.08066010987386,11,169227,15384.272727272728
170.08206317620352,11,169291,15390.09090909091
170.08389292191714,11,169355,15395.90909090909
170.08583142096177,11,169419,15401.727272727272
170.0873358589597,11,169483,15407.545454545454
170.08893552981317,11,169547,15413.363636363636
170.0903482157737,11,169611,15419.181818181818
170.091725459788,11,169675,15425.0
170.8593620848842,11,169739,15430.818181818182
170.86152157001197,11,169803,15436.636363636364
170.86316045094281,11,169867,15442.454545454546
170.86462189815938,11,169931,15448.272727272728
170.86602449417114,11,169995,15454.09090909091
170.86782769998536,11,170059,15459.90909090909
170.8698007701896,11,170123,15465.727272727272
170.87130256788805,11,170187,15471.545454545454
170.87290286784992,11,170251,15477.363636363636
170.87431702390313,11,170315,15483.181818181818
170.87568829907104,11,170379,15489.0
171.64420274505392,11,170443,15494.818181818182
171.64637746009976,11,170507,15500.636363636364
171.64802887197584,11,170571,15506.454545454546
171.64952221978456,11,170635,15512.272727272728
171.65093016577885,11,170699,15518.09090909091
171.65273764077574,11,170763,15523.90909090909
171.6547154020518,11,170827,15529.727272727272
171.65625518979505,11,170891,15535.545454545454
171.65786374080926,11,170955,15541.363636363636
171.65927867684513,11,171019,15547.181818181818
171.66066055186093,11,171083,15553.0
171.72911454504356,11,171090,15553.636363636364
171.72911454504356,11,171090,15553.636363636364
172.42676491802558,10,155594,15559.4
172.42894977284595,10,155658,15565.8
172.43071726802737,10,155722,15572.2
172.4324741018936,10,155786,15578.6
172.43413698393852,10,155850,15585.0
172.43576541589573,10,155914,15591.4
172.4377607558854,10,155978,15597.8
172.43958154181018,10,156042,15604.2
172.4409341472201,10,156106,15610.6
172.4423050507903,10,156170,15617.0
173.21132165985182,10,156234,15623.4
173.21351631591097,10,156298,15629.8
173.2152993408963,10,156362,15636.2
173.21705169603229,10,156426,15642.6
173.2187267378904,10,156490,15649.0
173.2205121330917,10,156554,15655.4
173.22245742194355,10,156618,15661.8
173.2242588577792,10,156682,15668.2
173.22564945276827,10,156746,15674.6
173.2270256280899,10,156810,15681.0
173.99685152806342,10,156874,15687.4
173.99897833215073,10,156938,15693.8
174.00075164576992,10,157002,15700.2
174.00260856421664,10,157066,15706.6
174.0042585749179,10,157130,15713.0
174.00607752101496,10,157194,15719.4
174.0080237709917,10,157258,15725.8
174.0098127759993,10,157322,15732.2
174.0112015111372,10,157386,15738.6
174.01261597685516,10,157450,15745.0
174.78383859200403,10,157514,15751.4
174.78600268717855,10,157578,15757.8
174.78776570083573,10,157642,15764.2
174.7896375991404,10,157706,15770.6
174.79130765097216,10,157770,15777.0
174.79314466705546,10,157834,15783.4
174.7951429481618,10,157898,15789.8
174.79694509413093,10,157962,15796.2
174.79830945795402,10,158026,15802.6
174.79972925409675,10,158090,15809.0
175.571472492069,10,158154,15815.4
175.5736304470338,10,158218,15821.8
175.57537224097177,10,158282,15828.2
175.5773162501864,10,158346,15834.6
175.57898895302787,10,158410,15841.0
175.58083980018273,10,158474,15847.4
175.58284319983795,10,158538,15853.8
175.58467671694234,10,158602,15860.2
175.5860512908548,10,158666,15866.6
175.5874396469444,10,158730,15873.0
176.3608815879561,10,158794,15879.4
176.36311650415882,10,158858,15885.8
176.3649057787843,10,158922,15892.2
176.3667764570564,10,158986,15898.6
176.36844322877005,10,159050,15905.0
176.3703045961447,10,159114,15911.4
176.3723465781659,10,159178,15917.8
176.37420365493745,10,159242,15924.2
176.37561584077775,10,159306,15930.6
176.37700750585645,10,159370,15937.0
177.14583510020748,10,159433,15943.3
177.14583510020748,10,159433,15943.3
177.1478829011321,9,143496,15944.0
177.1478829011321,9,143496,15944.0
177.14972638804466,8,127559,15944.875
177.14972638804466,8,127559,15944.875
177.15228196280077,7,111622,15946.0
177.15228196280077,7,111622,15946.0
177.1539967758581,6,95685,15947.5
177.1539967758581,6,95685,15947.5
177.1556658190675,5,79748,15949.6
177.1556658190675,5,79748,15949.6
177.1570408931002,4,63811,15952.75
177.1570408931002,4,63811,15952.75
177.15863278415054,3,47874,15958.0
177.15863278415054,3,47874,15958.0
177.16040507797152,2,31937,15968.5
177.16040507797152,2,31937,15968.5
177.1621045419015,1,16000,16000.0
177.1621045419015,1,16000,16000.0
